timestamp=2026-07-29 21:19:48
+------------------------------------------------------------------------------------------------+
| npu-smi 25.2.3                   Version: 25.2.3                                               |
+---------------------------+---------------+----------------------------------------------------+
| NPU   Name                | Health        | Power(W)    Temp(C)           Hugepages-Usage(page)|
| Chip                      | Bus-Id        | AICore(%)   Memory-Usage(MB)  HBM-Usage(MB)        |
+===========================+===============+====================================================+
| 0     910B4-1             | OK            | 91.7        34                0    / 0             |
| 0                         | 0000:C1:00.0  | 0           0    / 0          3422 / 65536         |
+===========================+===============+====================================================+
| 1     910B4-1             | OK            | 89.9        32                0    / 0             |
| 0                         | 0000:C2:00.0  | 0           0    / 0          3414 / 65536         |
+===========================+===============+====================================================+
| 2     910B4-1             | OK            | 85.0        32                0    / 0             |
| 0                         | 0000:81:00.0  | 0           0    / 0          3410 / 65536         |
+===========================+===============+====================================================+
| 3     910B4-1             | OK            | 89.1        33                0    / 0             |
| 0                         | 0000:82:00.0  | 0           0    / 0          3413 / 65536         |
+===========================+===============+====================================================+
| 4     910B4-1             | OK            | 92.3        37                0    / 0             |
| 0                         | 0000:01:00.0  | 0           0    / 0          58804/ 65536         |
+===========================+===============+====================================================+
| 5     910B4-1             | OK            | 87.0        38                0    / 0             |
| 0                         | 0000:02:00.0  | 0           0    / 0          58539/ 65536         |
+===========================+===============+====================================================+
| 6     910B4-1             | OK            | 90.7        36                0    / 0             |
| 0                         | 0000:41:00.0  | 0           0    / 0          59874/ 65536         |
+===========================+===============+====================================================+
| 7     910B4-1             | OK            | 90.3        36                0    / 0             |
| 0                         | 0000:42:00.0  | 0           0    / 0          59876/ 65536         |
+===========================+===============+====================================================+
+---------------------------+---------------+----------------------------------------------------+
| NPU     Chip              | Process id    | Process name             | Process memory(MB)      |
+===========================+===============+====================================================+
| No running processes found in NPU 0                                                            |
+===========================+===============+====================================================+
| No running processes found in NPU 1                                                            |
+===========================+===============+====================================================+
| No running processes found in NPU 2                                                            |
+===========================+===============+====================================================+
| No running processes found in NPU 3                                                            |
+===========================+===============+====================================================+
| 4       0                 | 3107012       | VLLMWorker               | 55437                   |
+===========================+===============+====================================================+
| 5       0                 | 3107007       | VLLMWorker               | 55175                   |
+===========================+===============+====================================================+
| 6       0                 | 3107008       | VLLMWorker               | 56515                   |
+===========================+===============+====================================================+
| 7       0                 | 3107009       | VLLMWorker               | 56517                   |
+===========================+===============+====================================================+
timestamp=2026-07-29 21:19:52
+------------------------------------------------------------------------------------------------+
| npu-smi 25.2.3                   Version: 25.2.3                                               |
+---------------------------+---------------+----------------------------------------------------+
| NPU   Name                | Health        | Power(W)    Temp(C)           Hugepages-Usage(page)|
| Chip                      | Bus-Id        | AICore(%)   Memory-Usage(MB)  HBM-Usage(MB)        |
+===========================+===============+====================================================+
| 0     910B4-1             | OK            | 91.6        34                0    / 0             |
| 0                         | 0000:C1:00.0  | 0           0    / 0          3422 / 65536         |
+===========================+===============+====================================================+
| 1     910B4-1             | OK            | 89.7        32                0    / 0             |
| 0                         | 0000:C2:00.0  | 0           0    / 0          3414 / 65536         |
+===========================+===============+====================================================+
| 2     910B4-1             | OK            | 85.0        32                0    / 0             |
| 0                         | 0000:81:00.0  | 0           0    / 0          3411 / 65536         |
+===========================+===============+====================================================+
| 3     910B4-1             | OK            | 89.2        33                0    / 0             |
| 0                         | 0000:82:00.0  | 0           0    / 0          3413 / 65536         |
+===========================+===============+====================================================+
| 4     910B4-1             | OK            | 92.2        37                0    / 0             |
| 0                         | 0000:01:00.0  | 0           0    / 0          58804/ 65536         |
+===========================+===============+====================================================+
| 5     910B4-1             | OK            | 87.0        38                0    / 0             |
| 0                         | 0000:02:00.0  | 0           0    / 0          58538/ 65536         |
+===========================+===============+====================================================+
| 6     910B4-1             | OK            | 90.8        36                0    / 0             |
| 0                         | 0000:41:00.0  | 0           0    / 0          59873/ 65536         |
+===========================+===============+====================================================+
| 7     910B4-1             | OK            | 90.2        37                0    / 0             |
| 0                         | 0000:42:00.0  | 0           0    / 0          59876/ 65536         |
+===========================+===============+====================================================+
+---------------------------+---------------+----------------------------------------------------+
| NPU     Chip              | Process id    | Process name             | Process memory(MB)      |
+===========================+===============+====================================================+
| No running processes found in NPU 0                                                            |
+===========================+===============+====================================================+
| No running processes found in NPU 1                                                            |
+===========================+===============+====================================================+
| No running processes found in NPU 2                                                            |
+===========================+===============+====================================================+
| No running processes found in NPU 3                                                            |
+===========================+===============+====================================================+
| 4       0                 | 3107012       | VLLMWorker               | 55437                   |
+===========================+===============+====================================================+
| 5       0                 | 3107007       | VLLMWorker               | 55175                   |
+===========================+===============+====================================================+
| 6       0                 | 3107008       | VLLMWorker               | 56515                   |
+===========================+===============+====================================================+
| 7       0                 | 3107009       | VLLMWorker               | 56517                   |
+===========================+===============+====================================================+
timestamp=2026-07-29 21:19:56
+------------------------------------------------------------------------------------------------+
| npu-smi 25.2.3                   Version: 25.2.3                                               |
+---------------------------+---------------+----------------------------------------------------+
| NPU   Name                | Health        | Power(W)    Temp(C)           Hugepages-Usage(page)|
| Chip                      | Bus-Id        | AICore(%)   Memory-Usage(MB)  HBM-Usage(MB)        |
+===========================+===============+====================================================+
| 0     910B4-1             | OK            | 91.5        33                0    / 0             |
| 0                         | 0000:C1:00.0  | 0           0    / 0          3422 / 65536         |
+===========================+===============+====================================================+
| 1     910B4-1             | OK            | 89.8        32                0    / 0             |
| 0                         | 0000:C2:00.0  | 0           0    / 0          3414 / 65536         |
+===========================+===============+====================================================+
| 2     910B4-1             | OK            | 85.1        32                0    / 0             |
| 0                         | 0000:81:00.0  | 0           0    / 0          3411 / 65536         |
+===========================+===============+====================================================+
| 3     910B4-1             | OK            | 89.2        33                0    / 0             |
| 0                         | 0000:82:00.0  | 0           0    / 0          3413 / 65536         |
+===========================+===============+====================================================+
| 4     910B4-1             | OK            | 92.2        37                0    / 0             |
| 0                         | 0000:01:00.0  | 0           0    / 0          58804/ 65536         |
+===========================+===============+====================================================+
| 5     910B4-1             | OK            | 87.0        38                0    / 0             |
| 0                         | 0000:02:00.0  | 0           0    / 0          58539/ 65536         |
+===========================+===============+====================================================+
| 6     910B4-1             | OK            | 90.7        35                0    / 0             |
| 0                         | 0000:41:00.0  | 0           0    / 0          59874/ 65536         |
+===========================+===============+====================================================+
| 7     910B4-1             | OK            | 90.4        37                0    / 0             |
| 0                         | 0000:42:00.0  | 0           0    / 0          59876/ 65536         |
+===========================+===============+====================================================+
+---------------------------+---------------+----------------------------------------------------+
| NPU     Chip              | Process id    | Process name             | Process memory(MB)      |
+===========================+===============+====================================================+
| No running processes found in NPU 0                                                            |
+===========================+===============+====================================================+
| No running processes found in NPU 1                                                            |
+===========================+===============+====================================================+
| No running processes found in NPU 2                                                            |
+===========================+===============+====================================================+
| No running processes found in NPU 3                                                            |
+===========================+===============+====================================================+
| 4       0                 | 3107012       | VLLMWorker               | 55437                   |
+===========================+===============+====================================================+
| 5       0                 | 3107007       | VLLMWorker               | 55175                   |
+===========================+===============+====================================================+
| 6       0                 | 3107008       | VLLMWorker               | 56515                   |
+===========================+===============+====================================================+
| 7       0                 | 3107009       | VLLMWorker               | 56517                   |
+===========================+===============+====================================================+
timestamp=2026-07-29 21:20:00
+------------------------------------------------------------------------------------------------+
| npu-smi 25.2.3                   Version: 25.2.3                                               |
+---------------------------+---------------+----------------------------------------------------+
| NPU   Name                | Health        | Power(W)    Temp(C)           Hugepages-Usage(page)|
| Chip                      | Bus-Id        | AICore(%)   Memory-Usage(MB)  HBM-Usage(MB)        |
+===========================+===============+====================================================+
| 0     910B4-1             | OK            | 91.7        34                0    / 0             |
| 0                         | 0000:C1:00.0  | 0           0    / 0          3421 / 65536         |
+===========================+===============+====================================================+
| 1     910B4-1             | OK            | 89.8        32                0    / 0             |
| 0                         | 0000:C2:00.0  | 0           0    / 0          3414 / 65536         |
+===========================+===============+====================================================+
| 2     910B4-1             | OK            | 85.1        32                0    / 0             |
| 0                         | 0000:81:00.0  | 0           0    / 0          3410 / 65536         |
+===========================+===============+====================================================+
| 3     910B4-1             | OK            | 89.2        33                0    / 0             |
| 0                         | 0000:82:00.0  | 0           0    / 0          3413 / 65536         |
+===========================+===============+====================================================+
| 4     910B4-1             | OK            | 92.3        37                0    / 0             |
| 0                         | 0000:01:00.0  | 0           0    / 0          58804/ 65536         |
+===========================+===============+====================================================+
| 5     910B4-1             | OK            | 87.1        38                0    / 0             |
| 0                         | 0000:02:00.0  | 0           0    / 0          58539/ 65536         |
+===========================+===============+====================================================+
| 6     910B4-1             | OK            | 90.7        36                0    / 0             |
| 0                         | 0000:41:00.0  | 0           0    / 0          59873/ 65536         |
+===========================+===============+====================================================+
| 7     910B4-1             | OK            | 90.2        36                0    / 0             |
| 0                         | 0000:42:00.0  | 0           0    / 0          59875/ 65536         |
+===========================+===============+====================================================+
+---------------------------+---------------+----------------------------------------------------+
| NPU     Chip              | Process id    | Process name             | Process memory(MB)      |
+===========================+===============+====================================================+
| No running processes found in NPU 0                                                            |
+===========================+===============+====================================================+
| No running processes found in NPU 1                                                            |
+===========================+===============+====================================================+
| No running processes found in NPU 2                                                            |
+===========================+===============+====================================================+
| No running processes found in NPU 3                                                            |
+===========================+===============+====================================================+
| 4       0                 | 3107012       | VLLMWorker               | 55437                   |
+===========================+===============+====================================================+
| 5       0                 | 3107007       | VLLMWorker               | 55175                   |
+===========================+===============+====================================================+
| 6       0                 | 3107008       | VLLMWorker               | 56515                   |
+===========================+===============+====================================================+
| 7       0                 | 3107009       | VLLMWorker               | 56517                   |
+===========================+===============+====================================================+
timestamp=2026-07-29 21:20:05
+------------------------------------------------------------------------------------------------+
| npu-smi 25.2.3                   Version: 25.2.3                                               |
+---------------------------+---------------+----------------------------------------------------+
| NPU   Name                | Health        | Power(W)    Temp(C)           Hugepages-Usage(page)|
| Chip                      | Bus-Id        | AICore(%)   Memory-Usage(MB)  HBM-Usage(MB)        |
+===========================+===============+====================================================+
| 0     910B4-1             | OK            | 91.6        34                0    / 0             |
| 0                         | 0000:C1:00.0  | 0           0    / 0          3422 / 65536         |
+===========================+===============+====================================================+
| 1     910B4-1             | OK            | 89.8        32                0    / 0             |
| 0                         | 0000:C2:00.0  | 0           0    / 0          3414 / 65536         |
+===========================+===============+====================================================+
| 2     910B4-1             | OK            | 85.1        32                0    / 0             |
| 0                         | 0000:81:00.0  | 0           0    / 0          3411 / 65536         |
+===========================+===============+====================================================+
| 3     910B4-1             | OK            | 89.2        33                0    / 0             |
| 0                         | 0000:82:00.0  | 0           0    / 0          3413 / 65536         |
+===========================+===============+====================================================+
| 4     910B4-1             | OK            | 92.3        37                0    / 0             |
| 0                         | 0000:01:00.0  | 0           0    / 0          58804/ 65536         |
+===========================+===============+====================================================+
| 5     910B4-1             | OK            | 87.0        38                0    / 0             |
| 0                         | 0000:02:00.0  | 0           0    / 0          58539/ 65536         |
+===========================+===============+====================================================+
| 6     910B4-1             | OK            | 90.7        36                0    / 0             |
| 0                         | 0000:41:00.0  | 0           0    / 0          59874/ 65536         |
+===========================+===============+====================================================+
| 7     910B4-1             | OK            | 90.3        37                0    / 0             |
| 0                         | 0000:42:00.0  | 0           0    / 0          59876/ 65536         |
+===========================+===============+====================================================+
+---------------------------+---------------+----------------------------------------------------+
| NPU     Chip              | Process id    | Process name             | Process memory(MB)      |
+===========================+===============+====================================================+
| No running processes found in NPU 0                                                            |
+===========================+===============+====================================================+
| No running processes found in NPU 1                                                            |
+===========================+===============+====================================================+
| No running processes found in NPU 2                                                            |
+===========================+===============+====================================================+
| No running processes found in NPU 3                                                            |
+===========================+===============+====================================================+
| 4       0                 | 3107012       | VLLMWorker               | 55437                   |
+===========================+===============+====================================================+
| 5       0                 | 3107007       | VLLMWorker               | 55175                   |
+===========================+===============+====================================================+
| 6       0                 | 3107008       | VLLMWorker               | 56515                   |
+===========================+===============+====================================================+
| 7       0                 | 3107009       | VLLMWorker               | 56517                   |
+===========================+===============+====================================================+
timestamp=2026-07-29 21:20:09
+------------------------------------------------------------------------------------------------+
| npu-smi 25.2.3                   Version: 25.2.3                                               |
+---------------------------+---------------+----------------------------------------------------+
| NPU   Name                | Health        | Power(W)    Temp(C)           Hugepages-Usage(page)|
| Chip                      | Bus-Id        | AICore(%)   Memory-Usage(MB)  HBM-Usage(MB)        |
+===========================+===============+====================================================+
| 0     910B4-1             | OK            | 91.6        34                0    / 0             |
| 0                         | 0000:C1:00.0  | 0           0    / 0          3422 / 65536         |
+===========================+===============+====================================================+
| 1     910B4-1             | OK            | 89.8        32                0    / 0             |
| 0                         | 0000:C2:00.0  | 0           0    / 0          3414 / 65536         |
+===========================+===============+====================================================+
| 2     910B4-1             | OK            | 85.0        32                0    / 0             |
| 0                         | 0000:81:00.0  | 0           0    / 0          3410 / 65536         |
+===========================+===============+====================================================+
| 3     910B4-1             | OK            | 89.2        33                0    / 0             |
| 0                         | 0000:82:00.0  | 0           0    / 0          3413 / 65536         |
+===========================+===============+====================================================+
| 4     910B4-1             | OK            | 92.2        37                0    / 0             |
| 0                         | 0000:01:00.0  | 0           0    / 0          58804/ 65536         |
+===========================+===============+====================================================+
| 5     910B4-1             | OK            | 86.9        38                0    / 0             |
| 0                         | 0000:02:00.0  | 0           0    / 0          58539/ 65536         |
+===========================+===============+====================================================+
| 6     910B4-1             | OK            | 90.8        36                0    / 0             |
| 0                         | 0000:41:00.0  | 0           0    / 0          59874/ 65536         |
+===========================+===============+====================================================+
| 7     910B4-1             | OK            | 90.3        37                0    / 0             |
| 0                         | 0000:42:00.0  | 0           0    / 0          59876/ 65536         |
+===========================+===============+====================================================+
+---------------------------+---------------+----------------------------------------------------+
| NPU     Chip              | Process id    | Process name             | Process memory(MB)      |
+===========================+===============+====================================================+
| No running processes found in NPU 0                                                            |
+===========================+===============+====================================================+
| No running processes found in NPU 1                                                            |
+===========================+===============+====================================================+
| No running processes found in NPU 2                                                            |
+===========================+===============+====================================================+
| No running processes found in NPU 3                                                            |
+===========================+===============+====================================================+
| 4       0                 | 3107012       | VLLMWorker               | 55437                   |
+===========================+===============+====================================================+
| 5       0                 | 3107007       | VLLMWorker               | 55175                   |
+===========================+===============+====================================================+
| 6       0                 | 3107008       | VLLMWorker               | 56515                   |
+===========================+===============+====================================================+
| 7       0                 | 3107009       | VLLMWorker               | 56517                   |
+===========================+===============+====================================================+
timestamp=2026-07-29 21:20:13
+------------------------------------------------------------------------------------------------+
| npu-smi 25.2.3                   Version: 25.2.3                                               |
+---------------------------+---------------+----------------------------------------------------+
| NPU   Name                | Health        | Power(W)    Temp(C)           Hugepages-Usage(page)|
| Chip                      | Bus-Id        | AICore(%)   Memory-Usage(MB)  HBM-Usage(MB)        |
+===========================+===============+====================================================+
| 0     910B4-1             | OK            | 91.9        34                0    / 0             |
| 0                         | 0000:C1:00.0  | 0           0    / 0          3422 / 65536         |
+===========================+===============+====================================================+
| 1     910B4-1             | OK            | 89.8        31                0    / 0             |
| 0                         | 0000:C2:00.0  | 0           0    / 0          3414 / 65536         |
+===========================+===============+====================================================+
| 2     910B4-1             | OK            | 85.0        32                0    / 0             |
| 0                         | 0000:81:00.0  | 0           0    / 0          3411 / 65536         |
+===========================+===============+====================================================+
| 3     910B4-1             | OK            | 89.2        32                0    / 0             |
| 0                         | 0000:82:00.0  | 0           0    / 0          3413 / 65536         |
+===========================+===============+====================================================+
| 4     910B4-1             | OK            | 92.2        37                0    / 0             |
| 0                         | 0000:01:00.0  | 0           0    / 0          58804/ 65536         |
+===========================+===============+====================================================+
| 5     910B4-1             | OK            | 87.0        38                0    / 0             |
| 0                         | 0000:02:00.0  | 0           0    / 0          58539/ 65536         |
+===========================+===============+====================================================+
| 6     910B4-1             | OK            | 90.7        36                0    / 0             |
| 0                         | 0000:41:00.0  | 0           0    / 0          59873/ 65536         |
+===========================+===============+====================================================+
| 7     910B4-1             | OK            | 90.4        36                0    / 0             |
| 0                         | 0000:42:00.0  | 0           0    / 0          59876/ 65536         |
+===========================+===============+====================================================+
+---------------------------+---------------+----------------------------------------------------+
| NPU     Chip              | Process id    | Process name             | Process memory(MB)      |
+===========================+===============+====================================================+
| No running processes found in NPU 0                                                            |
+===========================+===============+====================================================+
| No running processes found in NPU 1                                                            |
+===========================+===============+====================================================+
| No running processes found in NPU 2                                                            |
+===========================+===============+====================================================+
| No running processes found in NPU 3                                                            |
+===========================+===============+====================================================+
| 4       0                 | 3107012       | VLLMWorker               | 55437                   |
+===========================+===============+====================================================+
| 5       0                 | 3107007       | VLLMWorker               | 55175                   |
+===========================+===============+====================================================+
| 6       0                 | 3107008       | VLLMWorker               | 56515                   |
+===========================+===============+====================================================+
| 7       0                 | 3107009       | VLLMWorker               | 56517                   |
+===========================+===============+====================================================+
timestamp=2026-07-29 21:20:17
+------------------------------------------------------------------------------------------------+
| npu-smi 25.2.3                   Version: 25.2.3                                               |
+---------------------------+---------------+----------------------------------------------------+
| NPU   Name                | Health        | Power(W)    Temp(C)           Hugepages-Usage(page)|
| Chip                      | Bus-Id        | AICore(%)   Memory-Usage(MB)  HBM-Usage(MB)        |
+===========================+===============+====================================================+
| 0     910B4-1             | OK            | 91.8        34                0    / 0             |
| 0                         | 0000:C1:00.0  | 0           0    / 0          3422 / 65536         |
+===========================+===============+====================================================+
| 1     910B4-1             | OK            | 89.8        32                0    / 0             |
| 0                         | 0000:C2:00.0  | 0           0    / 0          3414 / 65536         |
+===========================+===============+====================================================+
| 2     910B4-1             | OK            | 85.1        32                0    / 0             |
| 0                         | 0000:81:00.0  | 0           0    / 0          3411 / 65536         |
+===========================+===============+====================================================+
| 3     910B4-1             | OK            | 89.1        33                0    / 0             |
| 0                         | 0000:82:00.0  | 0           0    / 0          3413 / 65536         |
+===========================+===============+====================================================+
| 4     910B4-1             | OK            | 92.3        37                0    / 0             |
| 0                         | 0000:01:00.0  | 0           0    / 0          58804/ 65536         |
+===========================+===============+====================================================+
| 5     910B4-1             | OK            | 87.2        38                0    / 0             |
| 0                         | 0000:02:00.0  | 0           0    / 0          58539/ 65536         |
+===========================+===============+====================================================+
| 6     910B4-1             | OK            | 90.7        36                0    / 0             |
| 0                         | 0000:41:00.0  | 0           0    / 0          59874/ 65536         |
+===========================+===============+====================================================+
| 7     910B4-1             | OK            | 90.3        36                0    / 0             |
| 0                         | 0000:42:00.0  | 0           0    / 0          59875/ 65536         |
+===========================+===============+====================================================+
+---------------------------+---------------+----------------------------------------------------+
| NPU     Chip              | Process id    | Process name             | Process memory(MB)      |
+===========================+===============+====================================================+
| No running processes found in NPU 0                                                            |
+===========================+===============+====================================================+
| No running processes found in NPU 1                                                            |
+===========================+===============+====================================================+
| No running processes found in NPU 2                                                            |
+===========================+===============+====================================================+
| No running processes found in NPU 3                                                            |
+===========================+===============+====================================================+
| 4       0                 | 3107012       | VLLMWorker               | 55437                   |
+===========================+===============+====================================================+
| 5       0                 | 3107007       | VLLMWorker               | 55175                   |
+===========================+===============+====================================================+
| 6       0                 | 3107008       | VLLMWorker               | 56515                   |
+===========================+===============+====================================================+
| 7       0                 | 3107009       | VLLMWorker               | 56517                   |
+===========================+===============+====================================================+
timestamp=2026-07-29 21:20:21
+------------------------------------------------------------------------------------------------+
| npu-smi 25.2.3                   Version: 25.2.3                                               |
+---------------------------+---------------+----------------------------------------------------+
| NPU   Name                | Health        | Power(W)    Temp(C)           Hugepages-Usage(page)|
| Chip                      | Bus-Id        | AICore(%)   Memory-Usage(MB)  HBM-Usage(MB)        |
+===========================+===============+====================================================+
| 0     910B4-1             | OK            | 91.6        33                0    / 0             |
| 0                         | 0000:C1:00.0  | 0           0    / 0          3422 / 65536         |
+===========================+===============+====================================================+
| 1     910B4-1             | OK            | 89.9        31                0    / 0             |
| 0                         | 0000:C2:00.0  | 0           0    / 0          3414 / 65536         |
+===========================+===============+====================================================+
| 2     910B4-1             | OK            | 85.1        32                0    / 0             |
| 0                         | 0000:81:00.0  | 0           0    / 0          3411 / 65536         |
+===========================+===============+====================================================+
| 3     910B4-1             | OK            | 89.1        33                0    / 0             |
| 0                         | 0000:82:00.0  | 0           0    / 0          3413 / 65536         |
+===========================+===============+====================================================+
| 4     910B4-1             | OK            | 92.2        37                0    / 0             |
| 0                         | 0000:01:00.0  | 0           0    / 0          58804/ 65536         |
+===========================+===============+====================================================+
| 5     910B4-1             | OK            | 87.1        38                0    / 0             |
| 0                         | 0000:02:00.0  | 0           0    / 0          58538/ 65536         |
+===========================+===============+====================================================+
| 6     910B4-1             | OK            | 90.7        36                0    / 0             |
| 0                         | 0000:41:00.0  | 0           0    / 0          59873/ 65536         |
+===========================+===============+====================================================+
| 7     910B4-1             | OK            | 90.2        37                0    / 0             |
| 0                         | 0000:42:00.0  | 0           0    / 0          59876/ 65536         |
+===========================+===============+====================================================+
+---------------------------+---------------+----------------------------------------------------+
| NPU     Chip              | Process id    | Process name             | Process memory(MB)      |
+===========================+===============+====================================================+
| No running processes found in NPU 0                                                            |
+===========================+===============+====================================================+
| No running processes found in NPU 1                                                            |
+===========================+===============+====================================================+
| No running processes found in NPU 2                                                            |
+===========================+===============+====================================================+
| No running processes found in NPU 3                                                            |
+===========================+===============+====================================================+
| 4       0                 | 3107012       | VLLMWorker               | 55437                   |
+===========================+===============+====================================================+
| 5       0                 | 3107007       | VLLMWorker               | 55175                   |
+===========================+===============+====================================================+
| 6       0                 | 3107008       | VLLMWorker               | 56515                   |
+===========================+===============+====================================================+
| 7       0                 | 3107009       | VLLMWorker               | 56517                   |
+===========================+===============+====================================================+
timestamp=2026-07-29 21:20:26
+------------------------------------------------------------------------------------------------+
| npu-smi 25.2.3                   Version: 25.2.3                                               |
+---------------------------+---------------+----------------------------------------------------+
| NPU   Name                | Health        | Power(W)    Temp(C)           Hugepages-Usage(page)|
| Chip                      | Bus-Id        | AICore(%)   Memory-Usage(MB)  HBM-Usage(MB)        |
+===========================+===============+====================================================+
| 0     910B4-1             | OK            | 91.6        34                0    / 0             |
| 0                         | 0000:C1:00.0  | 0           0    / 0          3422 / 65536         |
+===========================+===============+====================================================+
| 1     910B4-1             | OK            | 89.8        32                0    / 0             |
| 0                         | 0000:C2:00.0  | 0           0    / 0          3414 / 65536         |
+===========================+===============+====================================================+
| 2     910B4-1             | OK            | 85.1        32                0    / 0             |
| 0                         | 0000:81:00.0  | 0           0    / 0          3411 / 65536         |
+===========================+===============+====================================================+
| 3     910B4-1             | OK            | 89.1        32                0    / 0             |
| 0                         | 0000:82:00.0  | 0           0    / 0          3413 / 65536         |
+===========================+===============+====================================================+
| 4     910B4-1             | OK            | 92.3        37                0    / 0             |
| 0                         | 0000:01:00.0  | 0           0    / 0          58804/ 65536         |
+===========================+===============+====================================================+
| 5     910B4-1             | OK            | 87.0        38                0    / 0             |
| 0                         | 0000:02:00.0  | 0           0    / 0          58539/ 65536         |
+===========================+===============+====================================================+
| 6     910B4-1             | OK            | 90.7        35                0    / 0             |
| 0                         | 0000:41:00.0  | 0           0    / 0          59874/ 65536         |
+===========================+===============+====================================================+
| 7     910B4-1             | OK            | 90.4        36                0    / 0             |
| 0                         | 0000:42:00.0  | 0           0    / 0          59876/ 65536         |
+===========================+===============+====================================================+
+---------------------------+---------------+----------------------------------------------------+
| NPU     Chip              | Process id    | Process name             | Process memory(MB)      |
+===========================+===============+====================================================+
| No running processes found in NPU 0                                                            |
+===========================+===============+====================================================+
| No running processes found in NPU 1                                                            |
+===========================+===============+====================================================+
| No running processes found in NPU 2                                                            |
+===========================+===============+====================================================+
| No running processes found in NPU 3                                                            |
+===========================+===============+====================================================+
| 4       0                 | 3107012       | VLLMWorker               | 55437                   |
+===========================+===============+====================================================+
| 5       0                 | 3107007       | VLLMWorker               | 55175                   |
+===========================+===============+====================================================+
| 6       0                 | 3107008       | VLLMWorker               | 56515                   |
+===========================+===============+====================================================+
| 7       0                 | 3107009       | VLLMWorker               | 56517                   |
+===========================+===============+====================================================+
timestamp=2026-07-29 21:20:30
+------------------------------------------------------------------------------------------------+
| npu-smi 25.2.3                   Version: 25.2.3                                               |
+---------------------------+---------------+----------------------------------------------------+
| NPU   Name                | Health        | Power(W)    Temp(C)           Hugepages-Usage(page)|
| Chip                      | Bus-Id        | AICore(%)   Memory-Usage(MB)  HBM-Usage(MB)        |
+===========================+===============+====================================================+
| 0     910B4-1             | OK            | 91.7        34                0    / 0             |
| 0                         | 0000:C1:00.0  | 0           0    / 0          3421 / 65536         |
+===========================+===============+====================================================+
| 1     910B4-1             | OK            | 89.8        32                0    / 0             |
| 0                         | 0000:C2:00.0  | 0           0    / 0          3413 / 65536         |
+===========================+===============+====================================================+
| 2     910B4-1             | OK            | 85.1        32                0    / 0             |
| 0                         | 0000:81:00.0  | 0           0    / 0          3410 / 65536         |
+===========================+===============+====================================================+
| 3     910B4-1             | OK            | 89.1        33                0    / 0             |
| 0                         | 0000:82:00.0  | 0           0    / 0          3413 / 65536         |
+===========================+===============+====================================================+
| 4     910B4-1             | OK            | 92.2        37                0    / 0             |
| 0                         | 0000:01:00.0  | 0           0    / 0          58804/ 65536         |
+===========================+===============+====================================================+
| 5     910B4-1             | OK            | 87.1        38                0    / 0             |
| 0                         | 0000:02:00.0  | 0           0    / 0          58539/ 65536         |
+===========================+===============+====================================================+
| 6     910B4-1             | OK            | 90.8        35                0    / 0             |
| 0                         | 0000:41:00.0  | 0           0    / 0          59874/ 65536         |
+===========================+===============+====================================================+
| 7     910B4-1             | OK            | 90.4        37                0    / 0             |
| 0                         | 0000:42:00.0  | 0           0    / 0          59875/ 65536         |
+===========================+===============+====================================================+
+---------------------------+---------------+----------------------------------------------------+
| NPU     Chip              | Process id    | Process name             | Process memory(MB)      |
+===========================+===============+====================================================+
| No running processes found in NPU 0                                                            |
+===========================+===============+====================================================+
| No running processes found in NPU 1                                                            |
+===========================+===============+====================================================+
| No running processes found in NPU 2                                                            |
+===========================+===============+====================================================+
| No running processes found in NPU 3                                                            |
+===========================+===============+====================================================+
| 4       0                 | 3107012       | VLLMWorker               | 55437                   |
+===========================+===============+====================================================+
| 5       0                 | 3107007       | VLLMWorker               | 55175                   |
+===========================+===============+====================================================+
| 6       0                 | 3107008       | VLLMWorker               | 56515                   |
+===========================+===============+====================================================+
| 7       0                 | 3107009       | VLLMWorker               | 56517                   |
+===========================+===============+====================================================+
timestamp=2026-07-29 21:20:34
+------------------------------------------------------------------------------------------------+
| npu-smi 25.2.3                   Version: 25.2.3                                               |
+---------------------------+---------------+----------------------------------------------------+
| NPU   Name                | Health        | Power(W)    Temp(C)           Hugepages-Usage(page)|
| Chip                      | Bus-Id        | AICore(%)   Memory-Usage(MB)  HBM-Usage(MB)        |
+===========================+===============+====================================================+
| 0     910B4-1             | OK            | 91.6        34                0    / 0             |
| 0                         | 0000:C1:00.0  | 0           0    / 0          3422 / 65536         |
+===========================+===============+====================================================+
| 1     910B4-1             | OK            | 89.7        32                0    / 0             |
| 0                         | 0000:C2:00.0  | 0           0    / 0          3414 / 65536         |
+===========================+===============+====================================================+
| 2     910B4-1             | OK            | 85.0        32                0    / 0             |
| 0                         | 0000:81:00.0  | 0           0    / 0          3411 / 65536         |
+===========================+===============+====================================================+
| 3     910B4-1             | OK            | 89.1        33                0    / 0             |
| 0                         | 0000:82:00.0  | 0           0    / 0          3413 / 65536         |
+===========================+===============+====================================================+
| 4     910B4-1             | OK            | 92.2        37                0    / 0             |
| 0                         | 0000:01:00.0  | 0           0    / 0          58804/ 65536         |
+===========================+===============+====================================================+
| 5     910B4-1             | OK            | 87.0        38                0    / 0             |
| 0                         | 0000:02:00.0  | 0           0    / 0          58539/ 65536         |
+===========================+===============+====================================================+
| 6     910B4-1             | OK            | 90.6        35                0    / 0             |
| 0                         | 0000:41:00.0  | 0           0    / 0          59874/ 65536         |
+===========================+===============+====================================================+
| 7     910B4-1             | OK            | 90.2        37                0    / 0             |
| 0                         | 0000:42:00.0  | 0           0    / 0          59876/ 65536         |
+===========================+===============+====================================================+
+---------------------------+---------------+----------------------------------------------------+
| NPU     Chip              | Process id    | Process name             | Process memory(MB)      |
+===========================+===============+====================================================+
| No running processes found in NPU 0                                                            |
+===========================+===============+====================================================+
| No running processes found in NPU 1                                                            |
+===========================+===============+====================================================+
| No running processes found in NPU 2                                                            |
+===========================+===============+====================================================+
| No running processes found in NPU 3                                                            |
+===========================+===============+====================================================+
| 4       0                 | 3107012       | VLLMWorker               | 55437                   |
+===========================+===============+====================================================+
| 5       0                 | 3107007       | VLLMWorker               | 55175                   |
+===========================+===============+====================================================+
| 6       0                 | 3107008       | VLLMWorker               | 56515                   |
+===========================+===============+====================================================+
| 7       0                 | 3107009       | VLLMWorker               | 56517                   |
+===========================+===============+====================================================+
timestamp=2026-07-29 21:20:38
+------------------------------------------------------------------------------------------------+
| npu-smi 25.2.3                   Version: 25.2.3                                               |
+---------------------------+---------------+----------------------------------------------------+
| NPU   Name                | Health        | Power(W)    Temp(C)           Hugepages-Usage(page)|
| Chip                      | Bus-Id        | AICore(%)   Memory-Usage(MB)  HBM-Usage(MB)        |
+===========================+===============+====================================================+
| 0     910B4-1             | OK            | 91.5        33                0    / 0             |
| 0                         | 0000:C1:00.0  | 0           0    / 0          3422 / 65536         |
+===========================+===============+====================================================+
| 1     910B4-1             | OK            | 89.8        32                0    / 0             |
| 0                         | 0000:C2:00.0  | 0           0    / 0          3414 / 65536         |
+===========================+===============+====================================================+
| 2     910B4-1             | OK            | 85.1        32                0    / 0             |
| 0                         | 0000:81:00.0  | 0           0    / 0          3410 / 65536         |
+===========================+===============+====================================================+
| 3     910B4-1             | OK            | 89.2        33                0    / 0             |
| 0                         | 0000:82:00.0  | 0           0    / 0          3413 / 65536         |
+===========================+===============+====================================================+
| 4     910B4-1             | OK            | 92.2        37                0    / 0             |
| 0                         | 0000:01:00.0  | 0           0    / 0          58804/ 65536         |
+===========================+===============+====================================================+
| 5     910B4-1             | OK            | 87.0        38                0    / 0             |
| 0                         | 0000:02:00.0  | 0           0    / 0          58539/ 65536         |
+===========================+===============+====================================================+
| 6     910B4-1             | OK            | 90.8        36                0    / 0             |
| 0                         | 0000:41:00.0  | 0           0    / 0          59874/ 65536         |
+===========================+===============+====================================================+
| 7     910B4-1             | OK            | 90.2        37                0    / 0             |
| 0                         | 0000:42:00.0  | 0           0    / 0          59876/ 65536         |
+===========================+===============+====================================================+
+---------------------------+---------------+----------------------------------------------------+
| NPU     Chip              | Process id    | Process name             | Process memory(MB)      |
+===========================+===============+====================================================+
| No running processes found in NPU 0                                                            |
+===========================+===============+====================================================+
| No running processes found in NPU 1                                                            |
+===========================+===============+====================================================+
| No running processes found in NPU 2                                                            |
+===========================+===============+====================================================+
| No running processes found in NPU 3                                                            |
+===========================+===============+====================================================+
| 4       0                 | 3107012       | VLLMWorker               | 55437                   |
+===========================+===============+====================================================+
| 5       0                 | 3107007       | VLLMWorker               | 55175                   |
+===========================+===============+====================================================+
| 6       0                 | 3107008       | VLLMWorker               | 56515                   |
+===========================+===============+====================================================+
| 7       0                 | 3107009       | VLLMWorker               | 56517                   |
+===========================+===============+====================================================+
timestamp=2026-07-29 21:20:42
+------------------------------------------------------------------------------------------------+
| npu-smi 25.2.3                   Version: 25.2.3                                               |
+---------------------------+---------------+----------------------------------------------------+
| NPU   Name                | Health        | Power(W)    Temp(C)           Hugepages-Usage(page)|
| Chip                      | Bus-Id        | AICore(%)   Memory-Usage(MB)  HBM-Usage(MB)        |
+===========================+===============+====================================================+
| 0     910B4-1             | OK            | 91.5        33                0    / 0             |
| 0                         | 0000:C1:00.0  | 0           0    / 0          3422 / 65536         |
+===========================+===============+====================================================+
| 1     910B4-1             | OK            | 89.6        32                0    / 0             |
| 0                         | 0000:C2:00.0  | 0           0    / 0          3414 / 65536         |
+===========================+===============+====================================================+
| 2     910B4-1             | OK            | 84.9        32                0    / 0             |
| 0                         | 0000:81:00.0  | 0           0    / 0          3411 / 65536         |
+===========================+===============+====================================================+
| 3     910B4-1             | OK            | 89.2        33                0    / 0             |
| 0                         | 0000:82:00.0  | 0           0    / 0          3413 / 65536         |
+===========================+===============+====================================================+
| 4     910B4-1             | OK            | 92.2        37                0    / 0             |
| 0                         | 0000:01:00.0  | 0           0    / 0          58804/ 65536         |
+===========================+===============+====================================================+
| 5     910B4-1             | OK            | 87.1        38                0    / 0             |
| 0                         | 0000:02:00.0  | 0           0    / 0          58539/ 65536         |
+===========================+===============+====================================================+
| 6     910B4-1             | OK            | 90.7        36                0    / 0             |
| 0                         | 0000:41:00.0  | 0           0    / 0          59873/ 65536         |
+===========================+===============+====================================================+
| 7     910B4-1             | OK            | 90.3        37                0    / 0             |
| 0                         | 0000:42:00.0  | 0           0    / 0          59876/ 65536         |
+===========================+===============+====================================================+
+---------------------------+---------------+----------------------------------------------------+
| NPU     Chip              | Process id    | Process name             | Process memory(MB)      |
+===========================+===============+====================================================+
| No running processes found in NPU 0                                                            |
+===========================+===============+====================================================+
| No running processes found in NPU 1                                                            |
+===========================+===============+====================================================+
| No running processes found in NPU 2                                                            |
+===========================+===============+====================================================+
| No running processes found in NPU 3                                                            |
+===========================+===============+====================================================+
| 4       0                 | 3107012       | VLLMWorker               | 55437                   |
+===========================+===============+====================================================+
| 5       0                 | 3107007       | VLLMWorker               | 55175                   |
+===========================+===============+====================================================+
| 6       0                 | 3107008       | VLLMWorker               | 56515                   |
+===========================+===============+====================================================+
| 7       0                 | 3107009       | VLLMWorker               | 56517                   |
+===========================+===============+====================================================+
timestamp=2026-07-29 21:20:47
+------------------------------------------------------------------------------------------------+
| npu-smi 25.2.3                   Version: 25.2.3                                               |
+---------------------------+---------------+----------------------------------------------------+
| NPU   Name                | Health        | Power(W)    Temp(C)           Hugepages-Usage(page)|
| Chip                      | Bus-Id        | AICore(%)   Memory-Usage(MB)  HBM-Usage(MB)        |
+===========================+===============+====================================================+
| 0     910B4-1             | OK            | 91.6        34                0    / 0             |
| 0                         | 0000:C1:00.0  | 0           0    / 0          3422 / 65536         |
+===========================+===============+====================================================+
| 1     910B4-1             | OK            | 89.8        31                0    / 0             |
| 0                         | 0000:C2:00.0  | 0           0    / 0          3414 / 65536         |
+===========================+===============+====================================================+
| 2     910B4-1             | OK            | 85.0        32                0    / 0             |
| 0                         | 0000:81:00.0  | 0           0    / 0          3411 / 65536         |
+===========================+===============+====================================================+
| 3     910B4-1             | OK            | 89.1        32                0    / 0             |
| 0                         | 0000:82:00.0  | 0           0    / 0          3413 / 65536         |
+===========================+===============+====================================================+
| 4     910B4-1             | OK            | 92.2        36                0    / 0             |
| 0                         | 0000:01:00.0  | 0           0    / 0          58804/ 65536         |
+===========================+===============+====================================================+
| 5     910B4-1             | OK            | 87.0        38                0    / 0             |
| 0                         | 0000:02:00.0  | 0           0    / 0          58539/ 65536         |
+===========================+===============+====================================================+
| 6     910B4-1             | OK            | 90.7        35                0    / 0             |
| 0                         | 0000:41:00.0  | 0           0    / 0          59874/ 65536         |
+===========================+===============+====================================================+
| 7     910B4-1             | OK            | 90.1        37                0    / 0             |
| 0                         | 0000:42:00.0  | 0           0    / 0          59876/ 65536         |
+===========================+===============+====================================================+
+---------------------------+---------------+----------------------------------------------------+
| NPU     Chip              | Process id    | Process name             | Process memory(MB)      |
+===========================+===============+====================================================+
| No running processes found in NPU 0                                                            |
+===========================+===============+====================================================+
| No running processes found in NPU 1                                                            |
+===========================+===============+====================================================+
| No running processes found in NPU 2                                                            |
+===========================+===============+====================================================+
| No running processes found in NPU 3                                                            |
+===========================+===============+====================================================+
| 4       0                 | 3107012       | VLLMWorker               | 55437                   |
+===========================+===============+====================================================+
| 5       0                 | 3107007       | VLLMWorker               | 55175                   |
+===========================+===============+====================================================+
| 6       0                 | 3107008       | VLLMWorker               | 56515                   |
+===========================+===============+====================================================+
| 7       0                 | 3107009       | VLLMWorker               | 56517                   |
+===========================+===============+====================================================+
timestamp=2026-07-29 21:20:51
+------------------------------------------------------------------------------------------------+
| npu-smi 25.2.3                   Version: 25.2.3                                               |
+---------------------------+---------------+----------------------------------------------------+
| NPU   Name                | Health        | Power(W)    Temp(C)           Hugepages-Usage(page)|
| Chip                      | Bus-Id        | AICore(%)   Memory-Usage(MB)  HBM-Usage(MB)        |
+===========================+===============+====================================================+
| 0     910B4-1             | OK            | 91.7        34                0    / 0             |
| 0                         | 0000:C1:00.0  | 0           0    / 0          3422 / 65536         |
+===========================+===============+====================================================+
| 1     910B4-1             | OK            | 89.7        32                0    / 0             |
| 0                         | 0000:C2:00.0  | 0           0    / 0          3414 / 65536         |
+===========================+===============+====================================================+
| 2     910B4-1             | OK            | 85.1        32                0    / 0             |
| 0                         | 0000:81:00.0  | 0           0    / 0          3410 / 65536         |
+===========================+===============+====================================================+
| 3     910B4-1             | OK            | 89.2        33                0    / 0             |
| 0                         | 0000:82:00.0  | 0           0    / 0          3413 / 65536         |
+===========================+===============+====================================================+
| 4     910B4-1             | OK            | 92.3        37                0    / 0             |
| 0                         | 0000:01:00.0  | 0           0    / 0          58804/ 65536         |
+===========================+===============+====================================================+
| 5     910B4-1             | OK            | 87.0        38                0    / 0             |
| 0                         | 0000:02:00.0  | 0           0    / 0          58539/ 65536         |
+===========================+===============+====================================================+
| 6     910B4-1             | OK            | 90.6        35                0    / 0             |
| 0                         | 0000:41:00.0  | 0           0    / 0          59873/ 65536         |
+===========================+===============+====================================================+
| 7     910B4-1             | OK            | 90.3        36                0    / 0             |
| 0                         | 0000:42:00.0  | 0           0    / 0          59875/ 65536         |
+===========================+===============+====================================================+
+---------------------------+---------------+----------------------------------------------------+
| NPU     Chip              | Process id    | Process name             | Process memory(MB)      |
+===========================+===============+====================================================+
| No running processes found in NPU 0                                                            |
+===========================+===============+====================================================+
| No running processes found in NPU 1                                                            |
+===========================+===============+====================================================+
| No running processes found in NPU 2                                                            |
+===========================+===============+====================================================+
| No running processes found in NPU 3                                                            |
+===========================+===============+====================================================+
| 4       0                 | 3107012       | VLLMWorker               | 55437                   |
+===========================+===============+====================================================+
| 5       0                 | 3107007       | VLLMWorker               | 55175                   |
+===========================+===============+====================================================+
| 6       0                 | 3107008       | VLLMWorker               | 56515                   |
+===========================+===============+====================================================+
| 7       0                 | 3107009       | VLLMWorker               | 56517                   |
+===========================+===============+====================================================+
timestamp=2026-07-29 21:20:55
+------------------------------------------------------------------------------------------------+
| npu-smi 25.2.3                   Version: 25.2.3                                               |
+---------------------------+---------------+----------------------------------------------------+
| NPU   Name                | Health        | Power(W)    Temp(C)           Hugepages-Usage(page)|
| Chip                      | Bus-Id        | AICore(%)   Memory-Usage(MB)  HBM-Usage(MB)        |
+===========================+===============+====================================================+
| 0     910B4-1             | OK            | 91.6        33                0    / 0             |
| 0                         | 0000:C1:00.0  | 0           0    / 0          3422 / 65536         |
+===========================+===============+====================================================+
| 1     910B4-1             | OK            | 89.8        32                0    / 0             |
| 0                         | 0000:C2:00.0  | 0           0    / 0          3414 / 65536         |
+===========================+===============+====================================================+
| 2     910B4-1             | OK            | 85.1        32                0    / 0             |
| 0                         | 0000:81:00.0  | 0           0    / 0          3411 / 65536         |
+===========================+===============+====================================================+
| 3     910B4-1             | OK            | 89.1        32                0    / 0             |
| 0                         | 0000:82:00.0  | 0           0    / 0          3413 / 65536         |
+===========================+===============+====================================================+
| 4     910B4-1             | OK            | 92.2        37                0    / 0             |
| 0                         | 0000:01:00.0  | 0           0    / 0          58804/ 65536         |
+===========================+===============+====================================================+
| 5     910B4-1             | OK            | 86.9        37                0    / 0             |
| 0                         | 0000:02:00.0  | 0           0    / 0          58539/ 65536         |
+===========================+===============+====================================================+
| 6     910B4-1             | OK            | 90.7        36                0    / 0             |
| 0                         | 0000:41:00.0  | 0           0    / 0          59874/ 65536         |
+===========================+===============+====================================================+
| 7     910B4-1             | OK            | 90.4        36                0    / 0             |
| 0                         | 0000:42:00.0  | 0           0    / 0          59876/ 65536         |
+===========================+===============+====================================================+
+---------------------------+---------------+----------------------------------------------------+
| NPU     Chip              | Process id    | Process name             | Process memory(MB)      |
+===========================+===============+====================================================+
| No running processes found in NPU 0                                                            |
+===========================+===============+====================================================+
| No running processes found in NPU 1                                                            |
+===========================+===============+====================================================+
| No running processes found in NPU 2                                                            |
+===========================+===============+====================================================+
| No running processes found in NPU 3                                                            |
+===========================+===============+====================================================+
| 4       0                 | 3107012       | VLLMWorker               | 55437                   |
+===========================+===============+====================================================+
| 5       0                 | 3107007       | VLLMWorker               | 55175                   |
+===========================+===============+====================================================+
| 6       0                 | 3107008       | VLLMWorker               | 56515                   |
+===========================+===============+====================================================+
| 7       0                 | 3107009       | VLLMWorker               | 56517                   |
+===========================+===============+====================================================+
timestamp=2026-07-29 21:20:59
+------------------------------------------------------------------------------------------------+
| npu-smi 25.2.3                   Version: 25.2.3                                               |
+---------------------------+---------------+----------------------------------------------------+
| NPU   Name                | Health        | Power(W)    Temp(C)           Hugepages-Usage(page)|
| Chip                      | Bus-Id        | AICore(%)   Memory-Usage(MB)  HBM-Usage(MB)        |
+===========================+===============+====================================================+
| 0     910B4-1             | OK            | 91.7        34                0    / 0             |
| 0                         | 0000:C1:00.0  | 0           0    / 0          3422 / 65536         |
+===========================+===============+====================================================+
| 1     910B4-1             | OK            | 89.8        32                0    / 0             |
| 0                         | 0000:C2:00.0  | 0           0    / 0          3414 / 65536         |
+===========================+===============+====================================================+
| 2     910B4-1             | OK            | 85.0        32                0    / 0             |
| 0                         | 0000:81:00.0  | 0           0    / 0          3410 / 65536         |
+===========================+===============+====================================================+
| 3     910B4-1             | OK            | 89.1        33                0    / 0             |
| 0                         | 0000:82:00.0  | 0           0    / 0          3413 / 65536         |
+===========================+===============+====================================================+
| 4     910B4-1             | OK            | 92.2        37                0    / 0             |
| 0                         | 0000:01:00.0  | 0           0    / 0          58804/ 65536         |
+===========================+===============+====================================================+
| 5     910B4-1             | OK            | 86.9        38                0    / 0             |
| 0                         | 0000:02:00.0  | 0           0    / 0          58539/ 65536         |
+===========================+===============+====================================================+
| 6     910B4-1             | OK            | 90.6        36                0    / 0             |
| 0                         | 0000:41:00.0  | 0           0    / 0          59874/ 65536         |
+===========================+===============+====================================================+
| 7     910B4-1             | OK            | 90.3        37                0    / 0             |
| 0                         | 0000:42:00.0  | 0           0    / 0          59876/ 65536         |
+===========================+===============+====================================================+
+---------------------------+---------------+----------------------------------------------------+
| NPU     Chip              | Process id    | Process name             | Process memory(MB)      |
+===========================+===============+====================================================+
| No running processes found in NPU 0                                                            |
+===========================+===============+====================================================+
| No running processes found in NPU 1                                                            |
+===========================+===============+====================================================+
| No running processes found in NPU 2                                                            |
+===========================+===============+====================================================+
| No running processes found in NPU 3                                                            |
+===========================+===============+====================================================+
| 4       0                 | 3107012       | VLLMWorker               | 55437                   |
+===========================+===============+====================================================+
| 5       0                 | 3107007       | VLLMWorker               | 55175                   |
+===========================+===============+====================================================+
| 6       0                 | 3107008       | VLLMWorker               | 56515                   |
+===========================+===============+====================================================+
| 7       0                 | 3107009       | VLLMWorker               | 56517                   |
+===========================+===============+====================================================+
timestamp=2026-07-29 21:21:03
+------------------------------------------------------------------------------------------------+
| npu-smi 25.2.3                   Version: 25.2.3                                               |
+---------------------------+---------------+----------------------------------------------------+
| NPU   Name                | Health        | Power(W)    Temp(C)           Hugepages-Usage(page)|
| Chip                      | Bus-Id        | AICore(%)   Memory-Usage(MB)  HBM-Usage(MB)        |
+===========================+===============+====================================================+
| 0     910B4-1             | OK            | 91.5        34                0    / 0             |
| 0                         | 0000:C1:00.0  | 0           0    / 0          3422 / 65536         |
+===========================+===============+====================================================+
| 1     910B4-1             | OK            | 89.8        31                0    / 0             |
| 0                         | 0000:C2:00.0  | 0           0    / 0          3414 / 65536         |
+===========================+===============+====================================================+
| 2     910B4-1             | OK            | 85.0        32                0    / 0             |
| 0                         | 0000:81:00.0  | 0           0    / 0          3411 / 65536         |
+===========================+===============+====================================================+
| 3     910B4-1             | OK            | 89.1        33                0    / 0             |
| 0                         | 0000:82:00.0  | 0           0    / 0          3413 / 65536         |
+===========================+===============+====================================================+
| 4     910B4-1             | OK            | 92.3        37                0    / 0             |
| 0                         | 0000:01:00.0  | 0           0    / 0          58804/ 65536         |
+===========================+===============+====================================================+
| 5     910B4-1             | OK            | 87.0        38                0    / 0             |
| 0                         | 0000:02:00.0  | 0           0    / 0          58539/ 65536         |
+===========================+===============+====================================================+
| 6     910B4-1             | OK            | 90.7        35                0    / 0             |
| 0                         | 0000:41:00.0  | 0           0    / 0          59873/ 65536         |
+===========================+===============+====================================================+
| 7     910B4-1             | OK            | 90.2        36                0    / 0             |
| 0                         | 0000:42:00.0  | 0           0    / 0          59876/ 65536         |
+===========================+===============+====================================================+
+---------------------------+---------------+----------------------------------------------------+
| NPU     Chip              | Process id    | Process name             | Process memory(MB)      |
+===========================+===============+====================================================+
| No running processes found in NPU 0                                                            |
+===========================+===============+====================================================+
| No running processes found in NPU 1                                                            |
+===========================+===============+====================================================+
| No running processes found in NPU 2                                                            |
+===========================+===============+====================================================+
| No running processes found in NPU 3                                                            |
+===========================+===============+====================================================+
| 4       0                 | 3107012       | VLLMWorker               | 55437                   |
+===========================+===============+====================================================+
| 5       0                 | 3107007       | VLLMWorker               | 55175                   |
+===========================+===============+====================================================+
| 6       0                 | 3107008       | VLLMWorker               | 56515                   |
+===========================+===============+====================================================+
| 7       0                 | 3107009       | VLLMWorker               | 56517                   |
+===========================+===============+====================================================+
timestamp=2026-07-29 21:21:08
+------------------------------------------------------------------------------------------------+
| npu-smi 25.2.3                   Version: 25.2.3                                               |
+---------------------------+---------------+----------------------------------------------------+
| NPU   Name                | Health        | Power(W)    Temp(C)           Hugepages-Usage(page)|
| Chip                      | Bus-Id        | AICore(%)   Memory-Usage(MB)  HBM-Usage(MB)        |
+===========================+===============+====================================================+
| 0     910B4-1             | OK            | 91.6        34                0    / 0             |
| 0                         | 0000:C1:00.0  | 0           0    / 0          3422 / 65536         |
+===========================+===============+====================================================+
| 1     910B4-1             | OK            | 89.9        32                0    / 0             |
| 0                         | 0000:C2:00.0  | 0           0    / 0          3414 / 65536         |
+===========================+===============+====================================================+
| 2     910B4-1             | OK            | 84.9        32                0    / 0             |
| 0                         | 0000:81:00.0  | 0           0    / 0          3410 / 65536         |
+===========================+===============+====================================================+
| 3     910B4-1             | OK            | 89.1        33                0    / 0             |
| 0                         | 0000:82:00.0  | 0           0    / 0          3413 / 65536         |
+===========================+===============+====================================================+
| 4     910B4-1             | OK            | 92.1        37                0    / 0             |
| 0                         | 0000:01:00.0  | 0           0    / 0          58804/ 65536         |
+===========================+===============+====================================================+
| 5     910B4-1             | OK            | 87.0        38                0    / 0             |
| 0                         | 0000:02:00.0  | 0           0    / 0          58539/ 65536         |
+===========================+===============+====================================================+
| 6     910B4-1             | OK            | 90.7        36                0    / 0             |
| 0                         | 0000:41:00.0  | 0           0    / 0          59874/ 65536         |
+===========================+===============+====================================================+
| 7     910B4-1             | OK            | 90.2        36                0    / 0             |
| 0                         | 0000:42:00.0  | 0           0    / 0          59875/ 65536         |
+===========================+===============+====================================================+
+---------------------------+---------------+----------------------------------------------------+
| NPU     Chip              | Process id    | Process name             | Process memory(MB)      |
+===========================+===============+====================================================+
| No running processes found in NPU 0                                                            |
+===========================+===============+====================================================+
| No running processes found in NPU 1                                                            |
+===========================+===============+====================================================+
| No running processes found in NPU 2                                                            |
+===========================+===============+====================================================+
| No running processes found in NPU 3                                                            |
+===========================+===============+====================================================+
| 4       0                 | 3107012       | VLLMWorker               | 55437                   |
+===========================+===============+====================================================+
| 5       0                 | 3107007       | VLLMWorker               | 55175                   |
+===========================+===============+====================================================+
| 6       0                 | 3107008       | VLLMWorker               | 56515                   |
+===========================+===============+====================================================+
| 7       0                 | 3107009       | VLLMWorker               | 56517                   |
+===========================+===============+====================================================+
timestamp=2026-07-29 21:21:12
+------------------------------------------------------------------------------------------------+
| npu-smi 25.2.3                   Version: 25.2.3                                               |
+---------------------------+---------------+----------------------------------------------------+
| NPU   Name                | Health        | Power(W)    Temp(C)           Hugepages-Usage(page)|
| Chip                      | Bus-Id        | AICore(%)   Memory-Usage(MB)  HBM-Usage(MB)        |
+===========================+===============+====================================================+
| 0     910B4-1             | OK            | 91.4        34                0    / 0             |
| 0                         | 0000:C1:00.0  | 0           0    / 0          3422 / 65536         |
+===========================+===============+====================================================+
| 1     910B4-1             | OK            | 89.7        32                0    / 0             |
| 0                         | 0000:C2:00.0  | 0           0    / 0          3414 / 65536         |
+===========================+===============+====================================================+
| 2     910B4-1             | OK            | 85.1        32                0    / 0             |
| 0                         | 0000:81:00.0  | 0           0    / 0          3411 / 65536         |
+===========================+===============+====================================================+
| 3     910B4-1             | OK            | 89.3        33                0    / 0             |
| 0                         | 0000:82:00.0  | 0           0    / 0          3413 / 65536         |
+===========================+===============+====================================================+
| 4     910B4-1             | OK            | 92.2        36                0    / 0             |
| 0                         | 0000:01:00.0  | 0           0    / 0          58804/ 65536         |
+===========================+===============+====================================================+
| 5     910B4-1             | OK            | 87.0        38                0    / 0             |
| 0                         | 0000:02:00.0  | 0           0    / 0          58538/ 65536         |
+===========================+===============+====================================================+
| 6     910B4-1             | OK            | 90.6        36                0    / 0             |
| 0                         | 0000:41:00.0  | 0           0    / 0          59873/ 65536         |
+===========================+===============+====================================================+
| 7     910B4-1             | OK            | 90.3        36                0    / 0             |
| 0                         | 0000:42:00.0  | 0           0    / 0          59876/ 65536         |
+===========================+===============+====================================================+
+---------------------------+---------------+----------------------------------------------------+
| NPU     Chip              | Process id    | Process name             | Process memory(MB)      |
+===========================+===============+====================================================+
| No running processes found in NPU 0                                                            |
+===========================+===============+====================================================+
| No running processes found in NPU 1                                                            |
+===========================+===============+====================================================+
| No running processes found in NPU 2                                                            |
+===========================+===============+====================================================+
| No running processes found in NPU 3                                                            |
+===========================+===============+====================================================+
| 4       0                 | 3107012       | VLLMWorker               | 55437                   |
+===========================+===============+====================================================+
| 5       0                 | 3107007       | VLLMWorker               | 55175                   |
+===========================+===============+====================================================+
| 6       0                 | 3107008       | VLLMWorker               | 56515                   |
+===========================+===============+====================================================+
| 7       0                 | 3107009       | VLLMWorker               | 56517                   |
+===========================+===============+====================================================+
timestamp=2026-07-29 21:21:16
+------------------------------------------------------------------------------------------------+
| npu-smi 25.2.3                   Version: 25.2.3                                               |
+---------------------------+---------------+----------------------------------------------------+
| NPU   Name                | Health        | Power(W)    Temp(C)           Hugepages-Usage(page)|
| Chip                      | Bus-Id        | AICore(%)   Memory-Usage(MB)  HBM-Usage(MB)        |
+===========================+===============+====================================================+
| 0     910B4-1             | OK            | 91.6        33                0    / 0             |
| 0                         | 0000:C1:00.0  | 0           0    / 0          3422 / 65536         |
+===========================+===============+====================================================+
| 1     910B4-1             | OK            | 89.7        31                0    / 0             |
| 0                         | 0000:C2:00.0  | 0           0    / 0          3414 / 65536         |
+===========================+===============+====================================================+
| 2     910B4-1             | OK            | 84.9        32                0    / 0             |
| 0                         | 0000:81:00.0  | 0           0    / 0          3411 / 65536         |
+===========================+===============+====================================================+
| 3     910B4-1             | OK            | 89.1        33                0    / 0             |
| 0                         | 0000:82:00.0  | 0           0    / 0          3413 / 65536         |
+===========================+===============+====================================================+
| 4     910B4-1             | OK            | 92.2        37                0    / 0             |
| 0                         | 0000:01:00.0  | 0           0    / 0          58804/ 65536         |
+===========================+===============+====================================================+
| 5     910B4-1             | OK            | 87.0        38                0    / 0             |
| 0                         | 0000:02:00.0  | 0           0    / 0          58539/ 65536         |
+===========================+===============+====================================================+
| 6     910B4-1             | OK            | 90.6        36                0    / 0             |
| 0                         | 0000:41:00.0  | 0           0    / 0          59874/ 65536         |
+===========================+===============+====================================================+
| 7     910B4-1             | OK            | 90.2        37                0    / 0             |
| 0                         | 0000:42:00.0  | 0           0    / 0          59876/ 65536         |
+===========================+===============+====================================================+
+---------------------------+---------------+----------------------------------------------------+
| NPU     Chip              | Process id    | Process name             | Process memory(MB)      |
+===========================+===============+====================================================+
| No running processes found in NPU 0                                                            |
+===========================+===============+====================================================+
| No running processes found in NPU 1                                                            |
+===========================+===============+====================================================+
| No running processes found in NPU 2                                                            |
+===========================+===============+====================================================+
| No running processes found in NPU 3                                                            |
+===========================+===============+====================================================+
| 4       0                 | 3107012       | VLLMWorker               | 55437                   |
+===========================+===============+====================================================+
| 5       0                 | 3107007       | VLLMWorker               | 55175                   |
+===========================+===============+====================================================+
| 6       0                 | 3107008       | VLLMWorker               | 56515                   |
+===========================+===============+====================================================+
| 7       0                 | 3107009       | VLLMWorker               | 56517                   |
+===========================+===============+====================================================+
timestamp=2026-07-29 21:21:20
+------------------------------------------------------------------------------------------------+
| npu-smi 25.2.3                   Version: 25.2.3                                               |
+---------------------------+---------------+----------------------------------------------------+
| NPU   Name                | Health        | Power(W)    Temp(C)           Hugepages-Usage(page)|
| Chip                      | Bus-Id        | AICore(%)   Memory-Usage(MB)  HBM-Usage(MB)        |
+===========================+===============+====================================================+
| 0     910B4-1             | OK            | 91.6        33                0    / 0             |
| 0                         | 0000:C1:00.0  | 0           0    / 0          3421 / 65536         |
+===========================+===============+====================================================+
| 1     910B4-1             | OK            | 89.7        32                0    / 0             |
| 0                         | 0000:C2:00.0  | 0           0    / 0          3413 / 65536         |
+===========================+===============+====================================================+
| 2     910B4-1             | OK            | 85.1        32                0    / 0             |
| 0                         | 0000:81:00.0  | 0           0    / 0          3410 / 65536         |
+===========================+===============+====================================================+
| 3     910B4-1             | OK            | 89.0        33                0    / 0             |
| 0                         | 0000:82:00.0  | 0           0    / 0          3413 / 65536         |
+===========================+===============+====================================================+
| 4     910B4-1             | OK            | 92.1        37                0    / 0             |
| 0                         | 0000:01:00.0  | 0           0    / 0          58804/ 65536         |
+===========================+===============+====================================================+
| 5     910B4-1             | OK            | 87.0        38                0    / 0             |
| 0                         | 0000:02:00.0  | 0           0    / 0          58539/ 65536         |
+===========================+===============+====================================================+
| 6     910B4-1             | OK            | 90.7        36                0    / 0             |
| 0                         | 0000:41:00.0  | 0           0    / 0          59873/ 65536         |
+===========================+===============+====================================================+
| 7     910B4-1             | OK            | 90.2        36                0    / 0             |
| 0                         | 0000:42:00.0  | 0           0    / 0          59875/ 65536         |
+===========================+===============+====================================================+
+---------------------------+---------------+----------------------------------------------------+
| NPU     Chip              | Process id    | Process name             | Process memory(MB)      |
+===========================+===============+====================================================+
| No running processes found in NPU 0                                                            |
+===========================+===============+====================================================+
| No running processes found in NPU 1                                                            |
+===========================+===============+====================================================+
| No running processes found in NPU 2                                                            |
+===========================+===============+====================================================+
| No running processes found in NPU 3                                                            |
+===========================+===============+====================================================+
| 4       0                 | 3107012       | VLLMWorker               | 55437                   |
+===========================+===============+====================================================+
| 5       0                 | 3107007       | VLLMWorker               | 55175                   |
+===========================+===============+====================================================+
| 6       0                 | 3107008       | VLLMWorker               | 56515                   |
+===========================+===============+====================================================+
| 7       0                 | 3107009       | VLLMWorker               | 56517                   |
+===========================+===============+====================================================+
timestamp=2026-07-29 21:21:24
+------------------------------------------------------------------------------------------------+
| npu-smi 25.2.3                   Version: 25.2.3                                               |
+---------------------------+---------------+----------------------------------------------------+
| NPU   Name                | Health        | Power(W)    Temp(C)           Hugepages-Usage(page)|
| Chip                      | Bus-Id        | AICore(%)   Memory-Usage(MB)  HBM-Usage(MB)        |
+===========================+===============+====================================================+
| 0     910B4-1             | OK            | 91.7        33                0    / 0             |
| 0                         | 0000:C1:00.0  | 0           0    / 0          3422 / 65536         |
+===========================+===============+====================================================+
| 1     910B4-1             | OK            | 89.7        32                0    / 0             |
| 0                         | 0000:C2:00.0  | 0           0    / 0          3414 / 65536         |
+===========================+===============+====================================================+
| 2     910B4-1             | OK            | 85.0        32                0    / 0             |
| 0                         | 0000:81:00.0  | 0           0    / 0          3411 / 65536         |
+===========================+===============+====================================================+
| 3     910B4-1             | OK            | 89.1        33                0    / 0             |
| 0                         | 0000:82:00.0  | 0           0    / 0          3413 / 65536         |
+===========================+===============+====================================================+
| 4     910B4-1             | OK            | 92.3        37                0    / 0             |
| 0                         | 0000:01:00.0  | 0           0    / 0          58804/ 65536         |
+===========================+===============+====================================================+
| 5     910B4-1             | OK            | 87.0        38                0    / 0             |
| 0                         | 0000:02:00.0  | 0           0    / 0          58539/ 65536         |
+===========================+===============+====================================================+
| 6     910B4-1             | OK            | 90.8        36                0    / 0             |
| 0                         | 0000:41:00.0  | 0           0    / 0          59874/ 65536         |
+===========================+===============+====================================================+
| 7     910B4-1             | OK            | 90.3        36                0    / 0             |
| 0                         | 0000:42:00.0  | 0           0    / 0          59876/ 65536         |
+===========================+===============+====================================================+
+---------------------------+---------------+----------------------------------------------------+
| NPU     Chip              | Process id    | Process name             | Process memory(MB)      |
+===========================+===============+====================================================+
| No running processes found in NPU 0                                                            |
+===========================+===============+====================================================+
| No running processes found in NPU 1                                                            |
+===========================+===============+====================================================+
| No running processes found in NPU 2                                                            |
+===========================+===============+====================================================+
| No running processes found in NPU 3                                                            |
+===========================+===============+====================================================+
| 4       0                 | 3107012       | VLLMWorker               | 55437                   |
+===========================+===============+====================================================+
| 5       0                 | 3107007       | VLLMWorker               | 55175                   |
+===========================+===============+====================================================+
| 6       0                 | 3107008       | VLLMWorker               | 56515                   |
+===========================+===============+====================================================+
| 7       0                 | 3107009       | VLLMWorker               | 56517                   |
+===========================+===============+====================================================+
timestamp=2026-07-29 21:21:29
+------------------------------------------------------------------------------------------------+
| npu-smi 25.2.3                   Version: 25.2.3                                               |
+---------------------------+---------------+----------------------------------------------------+
| NPU   Name                | Health        | Power(W)    Temp(C)           Hugepages-Usage(page)|
| Chip                      | Bus-Id        | AICore(%)   Memory-Usage(MB)  HBM-Usage(MB)        |
+===========================+===============+====================================================+
| 0     910B4-1             | OK            | 91.7        34                0    / 0             |
| 0                         | 0000:C1:00.0  | 0           0    / 0          3422 / 65536         |
+===========================+===============+====================================================+
| 1     910B4-1             | OK            | 89.7        32                0    / 0             |
| 0                         | 0000:C2:00.0  | 0           0    / 0          3414 / 65536         |
+===========================+===============+====================================================+
| 2     910B4-1             | OK            | 85.1        32                0    / 0             |
| 0                         | 0000:81:00.0  | 0           0    / 0          3410 / 65536         |
+===========================+===============+====================================================+
| 3     910B4-1             | OK            | 89.1        33                0    / 0             |
| 0                         | 0000:82:00.0  | 0           0    / 0          3413 / 65536         |
+===========================+===============+====================================================+
| 4     910B4-1             | OK            | 92.2        37                0    / 0             |
| 0                         | 0000:01:00.0  | 0           0    / 0          58804/ 65536         |
+===========================+===============+====================================================+
| 5     910B4-1             | OK            | 87.0        37                0    / 0             |
| 0                         | 0000:02:00.0  | 0           0    / 0          58539/ 65536         |
+===========================+===============+====================================================+
| 6     910B4-1             | OK            | 90.8        36                0    / 0             |
| 0                         | 0000:41:00.0  | 0           0    / 0          59874/ 65536         |
+===========================+===============+====================================================+
| 7     910B4-1             | OK            | 90.4        36                0    / 0             |
| 0                         | 0000:42:00.0  | 0           0    / 0          59876/ 65536         |
+===========================+===============+====================================================+
+---------------------------+---------------+----------------------------------------------------+
| NPU     Chip              | Process id    | Process name             | Process memory(MB)      |
+===========================+===============+====================================================+
| No running processes found in NPU 0                                                            |
+===========================+===============+====================================================+
| No running processes found in NPU 1                                                            |
+===========================+===============+====================================================+
| No running processes found in NPU 2                                                            |
+===========================+===============+====================================================+
| No running processes found in NPU 3                                                            |
+===========================+===============+====================================================+
| 4       0                 | 3107012       | VLLMWorker               | 55437                   |
+===========================+===============+====================================================+
| 5       0                 | 3107007       | VLLMWorker               | 55175                   |
+===========================+===============+====================================================+
| 6       0                 | 3107008       | VLLMWorker               | 56515                   |
+===========================+===============+====================================================+
| 7       0                 | 3107009       | VLLMWorker               | 56517                   |
+===========================+===============+====================================================+
timestamp=2026-07-29 21:21:33
+------------------------------------------------------------------------------------------------+
| npu-smi 25.2.3                   Version: 25.2.3                                               |
+---------------------------+---------------+----------------------------------------------------+
| NPU   Name                | Health        | Power(W)    Temp(C)           Hugepages-Usage(page)|
| Chip                      | Bus-Id        | AICore(%)   Memory-Usage(MB)  HBM-Usage(MB)        |
+===========================+===============+====================================================+
| 0     910B4-1             | OK            | 91.7        34                0    / 0             |
| 0                         | 0000:C1:00.0  | 0           0    / 0          3422 / 65536         |
+===========================+===============+====================================================+
| 1     910B4-1             | OK            | 89.9        32                0    / 0             |
| 0                         | 0000:C2:00.0  | 0           0    / 0          3414 / 65536         |
+===========================+===============+====================================================+
| 2     910B4-1             | OK            | 85.0        32                0    / 0             |
| 0                         | 0000:81:00.0  | 0           0    / 0          3411 / 65536         |
+===========================+===============+====================================================+
| 3     910B4-1             | OK            | 89.1        33                0    / 0             |
| 0                         | 0000:82:00.0  | 0           0    / 0          3413 / 65536         |
+===========================+===============+====================================================+
| 4     910B4-1             | OK            | 92.2        37                0    / 0             |
| 0                         | 0000:01:00.0  | 0           0    / 0          58804/ 65536         |
+===========================+===============+====================================================+
| 5     910B4-1             | OK            | 86.9        38                0    / 0             |
| 0                         | 0000:02:00.0  | 0           0    / 0          58539/ 65536         |
+===========================+===============+====================================================+
| 6     910B4-1             | OK            | 90.7        36                0    / 0             |
| 0                         | 0000:41:00.0  | 0           0    / 0          59873/ 65536         |
+===========================+===============+====================================================+
| 7     910B4-1             | OK            | 90.1        37                0    / 0             |
| 0                         | 0000:42:00.0  | 0           0    / 0          59876/ 65536         |
+===========================+===============+====================================================+
+---------------------------+---------------+----------------------------------------------------+
| NPU     Chip              | Process id    | Process name             | Process memory(MB)      |
+===========================+===============+====================================================+
| No running processes found in NPU 0                                                            |
+===========================+===============+====================================================+
| No running processes found in NPU 1                                                            |
+===========================+===============+====================================================+
| No running processes found in NPU 2                                                            |
+===========================+===============+====================================================+
| No running processes found in NPU 3                                                            |
+===========================+===============+====================================================+
| 4       0                 | 3107012       | VLLMWorker               | 55437                   |
+===========================+===============+====================================================+
| 5       0                 | 3107007       | VLLMWorker               | 55175                   |
+===========================+===============+====================================================+
| 6       0                 | 3107008       | VLLMWorker               | 56515                   |
+===========================+===============+====================================================+
| 7       0                 | 3107009       | VLLMWorker               | 56517                   |
+===========================+===============+====================================================+
timestamp=2026-07-29 21:21:37
+------------------------------------------------------------------------------------------------+
| npu-smi 25.2.3                   Version: 25.2.3                                               |
+---------------------------+---------------+----------------------------------------------------+
| NPU   Name                | Health        | Power(W)    Temp(C)           Hugepages-Usage(page)|
| Chip                      | Bus-Id        | AICore(%)   Memory-Usage(MB)  HBM-Usage(MB)        |
+===========================+===============+====================================================+
| 0     910B4-1             | OK            | 91.7        33                0    / 0             |
| 0                         | 0000:C1:00.0  | 0           0    / 0          3422 / 65536         |
+===========================+===============+====================================================+
| 1     910B4-1             | OK            | 89.7        32                0    / 0             |
| 0                         | 0000:C2:00.0  | 0           0    / 0          3414 / 65536         |
+===========================+===============+====================================================+
| 2     910B4-1             | OK            | 85.1        32                0    / 0             |
| 0                         | 0000:81:00.0  | 0           0    / 0          3411 / 65536         |
+===========================+===============+====================================================+
| 3     910B4-1             | OK            | 89.2        33                0    / 0             |
| 0                         | 0000:82:00.0  | 0           0    / 0          3413 / 65536         |
+===========================+===============+====================================================+
| 4     910B4-1             | OK            | 92.3        37                0    / 0             |
| 0                         | 0000:01:00.0  | 0           0    / 0          58804/ 65536         |
+===========================+===============+====================================================+
| 5     910B4-1             | OK            | 87.0        38                0    / 0             |
| 0                         | 0000:02:00.0  | 0           0    / 0          58539/ 65536         |
+===========================+===============+====================================================+
| 6     910B4-1             | OK            | 90.6        35                0    / 0             |
| 0                         | 0000:41:00.0  | 0           0    / 0          59874/ 65536         |
+===========================+===============+====================================================+
| 7     910B4-1             | OK            | 90.4        36                0    / 0             |
| 0                         | 0000:42:00.0  | 0           0    / 0          59875/ 65536         |
+===========================+===============+====================================================+
+---------------------------+---------------+----------------------------------------------------+
| NPU     Chip              | Process id    | Process name             | Process memory(MB)      |
+===========================+===============+====================================================+
| No running processes found in NPU 0                                                            |
+===========================+===============+====================================================+
| No running processes found in NPU 1                                                            |
+===========================+===============+====================================================+
| No running processes found in NPU 2                                                            |
+===========================+===============+====================================================+
| No running processes found in NPU 3                                                            |
+===========================+===============+====================================================+
| 4       0                 | 3107012       | VLLMWorker               | 55437                   |
+===========================+===============+====================================================+
| 5       0                 | 3107007       | VLLMWorker               | 55175                   |
+===========================+===============+====================================================+
| 6       0                 | 3107008       | VLLMWorker               | 56515                   |
+===========================+===============+====================================================+
| 7       0                 | 3107009       | VLLMWorker               | 56517                   |
+===========================+===============+====================================================+
timestamp=2026-07-29 21:21:41
+------------------------------------------------------------------------------------------------+
| npu-smi 25.2.3                   Version: 25.2.3                                               |
+---------------------------+---------------+----------------------------------------------------+
| NPU   Name                | Health        | Power(W)    Temp(C)           Hugepages-Usage(page)|
| Chip                      | Bus-Id        | AICore(%)   Memory-Usage(MB)  HBM-Usage(MB)        |
+===========================+===============+====================================================+
| 0     910B4-1             | OK            | 91.4        33                0    / 0             |
| 0                         | 0000:C1:00.0  | 0           0    / 0          3422 / 65536         |
+===========================+===============+====================================================+
| 1     910B4-1             | OK            | 89.7        31                0    / 0             |
| 0                         | 0000:C2:00.0  | 0           0    / 0          3414 / 65536         |
+===========================+===============+====================================================+
| 2     910B4-1             | OK            | 85.1        32                0    / 0             |
| 0                         | 0000:81:00.0  | 0           0    / 0          3411 / 65536         |
+===========================+===============+====================================================+
| 3     910B4-1             | OK            | 89.1        33                0    / 0             |
| 0                         | 0000:82:00.0  | 0           0    / 0          3413 / 65536         |
+===========================+===============+====================================================+
| 4     910B4-1             | OK            | 92.2        37                0    / 0             |
| 0                         | 0000:01:00.0  | 0           0    / 0          58804/ 65536         |
+===========================+===============+====================================================+
| 5     910B4-1             | OK            | 87.1        38                0    / 0             |
| 0                         | 0000:02:00.0  | 0           0    / 0          58538/ 65536         |
+===========================+===============+====================================================+
| 6     910B4-1             | OK            | 90.7        36                0    / 0             |
| 0                         | 0000:41:00.0  | 0           0    / 0          59873/ 65536         |
+===========================+===============+====================================================+
| 7     910B4-1             | OK            | 90.4        37                0    / 0             |
| 0                         | 0000:42:00.0  | 0           0    / 0          59876/ 65536         |
+===========================+===============+====================================================+
+---------------------------+---------------+----------------------------------------------------+
| NPU     Chip              | Process id    | Process name             | Process memory(MB)      |
+===========================+===============+====================================================+
| No running processes found in NPU 0                                                            |
+===========================+===============+====================================================+
| No running processes found in NPU 1                                                            |
+===========================+===============+====================================================+
| No running processes found in NPU 2                                                            |
+===========================+===============+====================================================+
| No running processes found in NPU 3                                                            |
+===========================+===============+====================================================+
| 4       0                 | 3107012       | VLLMWorker               | 55437                   |
+===========================+===============+====================================================+
| 5       0                 | 3107007       | VLLMWorker               | 55175                   |
+===========================+===============+====================================================+
| 6       0                 | 3107008       | VLLMWorker               | 56515                   |
+===========================+===============+====================================================+
| 7       0                 | 3107009       | VLLMWorker               | 56517                   |
+===========================+===============+====================================================+
timestamp=2026-07-29 21:21:45
+------------------------------------------------------------------------------------------------+
| npu-smi 25.2.3                   Version: 25.2.3                                               |
+---------------------------+---------------+----------------------------------------------------+
| NPU   Name                | Health        | Power(W)    Temp(C)           Hugepages-Usage(page)|
| Chip                      | Bus-Id        | AICore(%)   Memory-Usage(MB)  HBM-Usage(MB)        |
+===========================+===============+====================================================+
| 0     910B4-1             | OK            | 91.5        34                0    / 0             |
| 0                         | 0000:C1:00.0  | 0           0    / 0          3422 / 65536         |
+===========================+===============+====================================================+
| 1     910B4-1             | OK            | 89.9        32                0    / 0             |
| 0                         | 0000:C2:00.0  | 0           0    / 0          3414 / 65536         |
+===========================+===============+====================================================+
| 2     910B4-1             | OK            | 85.0        32                0    / 0             |
| 0                         | 0000:81:00.0  | 0           0    / 0          3411 / 65536         |
+===========================+===============+====================================================+
| 3     910B4-1             | OK            | 89.1        33                0    / 0             |
| 0                         | 0000:82:00.0  | 0           0    / 0          3413 / 65536         |
+===========================+===============+====================================================+
| 4     910B4-1             | OK            | 92.3        37                0    / 0             |
| 0                         | 0000:01:00.0  | 0           0    / 0          58804/ 65536         |
+===========================+===============+====================================================+
| 5     910B4-1             | OK            | 87.1        38                0    / 0             |
| 0                         | 0000:02:00.0  | 0           0    / 0          58539/ 65536         |
+===========================+===============+====================================================+
| 6     910B4-1             | OK            | 90.7        35                0    / 0             |
| 0                         | 0000:41:00.0  | 0           0    / 0          59874/ 65536         |
+===========================+===============+====================================================+
| 7     910B4-1             | OK            | 90.3        36                0    / 0             |
| 0                         | 0000:42:00.0  | 0           0    / 0          59876/ 65536         |
+===========================+===============+====================================================+
+---------------------------+---------------+----------------------------------------------------+
| NPU     Chip              | Process id    | Process name             | Process memory(MB)      |
+===========================+===============+====================================================+
| No running processes found in NPU 0                                                            |
+===========================+===============+====================================================+
| No running processes found in NPU 1                                                            |
+===========================+===============+====================================================+
| No running processes found in NPU 2                                                            |
+===========================+===============+====================================================+
| No running processes found in NPU 3                                                            |
+===========================+===============+====================================================+
| 4       0                 | 3107012       | VLLMWorker               | 55437                   |
+===========================+===============+====================================================+
| 5       0                 | 3107007       | VLLMWorker               | 55175                   |
+===========================+===============+====================================================+
| 6       0                 | 3107008       | VLLMWorker               | 56515                   |
+===========================+===============+====================================================+
| 7       0                 | 3107009       | VLLMWorker               | 56517                   |
+===========================+===============+====================================================+
timestamp=2026-07-29 21:21:50
+------------------------------------------------------------------------------------------------+
| npu-smi 25.2.3                   Version: 25.2.3                                               |
+---------------------------+---------------+----------------------------------------------------+
| NPU   Name                | Health        | Power(W)    Temp(C)           Hugepages-Usage(page)|
| Chip                      | Bus-Id        | AICore(%)   Memory-Usage(MB)  HBM-Usage(MB)        |
+===========================+===============+====================================================+
| 0     910B4-1             | OK            | 91.7        34                0    / 0             |
| 0                         | 0000:C1:00.0  | 0           0    / 0          3422 / 65536         |
+===========================+===============+====================================================+
| 1     910B4-1             | OK            | 89.8        32                0    / 0             |
| 0                         | 0000:C2:00.0  | 0           0    / 0          3413 / 65536         |
+===========================+===============+====================================================+
| 2     910B4-1             | OK            | 85.0        32                0    / 0             |
| 0                         | 0000:81:00.0  | 0           0    / 0          3410 / 65536         |
+===========================+===============+====================================================+
| 3     910B4-1             | OK            | 89.1        33                0    / 0             |
| 0                         | 0000:82:00.0  | 0           0    / 0          3413 / 65536         |
+===========================+===============+====================================================+
| 4     910B4-1             | OK            | 92.3        37                0    / 0             |
| 0                         | 0000:01:00.0  | 0           0    / 0          58804/ 65536         |
+===========================+===============+====================================================+
| 5     910B4-1             | OK            | 87.0        38                0    / 0             |
| 0                         | 0000:02:00.0  | 0           0    / 0          58539/ 65536         |
+===========================+===============+====================================================+
| 6     910B4-1             | OK            | 90.6        36                0    / 0             |
| 0                         | 0000:41:00.0  | 0           0    / 0          59874/ 65536         |
+===========================+===============+====================================================+
| 7     910B4-1             | OK            | 90.4        36                0    / 0             |
| 0                         | 0000:42:00.0  | 0           0    / 0          59875/ 65536         |
+===========================+===============+====================================================+
+---------------------------+---------------+----------------------------------------------------+
| NPU     Chip              | Process id    | Process name             | Process memory(MB)      |
+===========================+===============+====================================================+
| No running processes found in NPU 0                                                            |
+===========================+===============+====================================================+
| No running processes found in NPU 1                                                            |
+===========================+===============+====================================================+
| No running processes found in NPU 2                                                            |
+===========================+===============+====================================================+
| No running processes found in NPU 3                                                            |
+===========================+===============+====================================================+
| 4       0                 | 3107012       | VLLMWorker               | 55437                   |
+===========================+===============+====================================================+
| 5       0                 | 3107007       | VLLMWorker               | 55175                   |
+===========================+===============+====================================================+
| 6       0                 | 3107008       | VLLMWorker               | 56515                   |
+===========================+===============+====================================================+
| 7       0                 | 3107009       | VLLMWorker               | 56517                   |
+===========================+===============+====================================================+
timestamp=2026-07-29 21:21:54
+------------------------------------------------------------------------------------------------+
| npu-smi 25.2.3                   Version: 25.2.3                                               |
+---------------------------+---------------+----------------------------------------------------+
| NPU   Name                | Health        | Power(W)    Temp(C)           Hugepages-Usage(page)|
| Chip                      | Bus-Id        | AICore(%)   Memory-Usage(MB)  HBM-Usage(MB)        |
+===========================+===============+====================================================+
| 0     910B4-1             | OK            | 91.6        34                0    / 0             |
| 0                         | 0000:C1:00.0  | 0           0    / 0          3422 / 65536         |
+===========================+===============+====================================================+
| 1     910B4-1             | OK            | 89.9        31                0    / 0             |
| 0                         | 0000:C2:00.0  | 0           0    / 0          3414 / 65536         |
+===========================+===============+====================================================+
| 2     910B4-1             | OK            | 85.0        32                0    / 0             |
| 0                         | 0000:81:00.0  | 0           0    / 0          3411 / 65536         |
+===========================+===============+====================================================+
| 3     910B4-1             | OK            | 89.2        33                0    / 0             |
| 0                         | 0000:82:00.0  | 0           0    / 0          3413 / 65536         |
+===========================+===============+====================================================+
| 4     910B4-1             | OK            | 92.2        37                0    / 0             |
| 0                         | 0000:01:00.0  | 0           0    / 0          58804/ 65536         |
+===========================+===============+====================================================+
| 5     910B4-1             | OK            | 87.0        38                0    / 0             |
| 0                         | 0000:02:00.0  | 0           0    / 0          58539/ 65536         |
+===========================+===============+====================================================+
| 6     910B4-1             | OK            | 90.6        35                0    / 0             |
| 0                         | 0000:41:00.0  | 0           0    / 0          59874/ 65536         |
+===========================+===============+====================================================+
| 7     910B4-1             | OK            | 90.2        37                0    / 0             |
| 0                         | 0000:42:00.0  | 0           0    / 0          59876/ 65536         |
+===========================+===============+====================================================+
+---------------------------+---------------+----------------------------------------------------+
| NPU     Chip              | Process id    | Process name             | Process memory(MB)      |
+===========================+===============+====================================================+
| No running processes found in NPU 0                                                            |
+===========================+===============+====================================================+
| No running processes found in NPU 1                                                            |
+===========================+===============+====================================================+
| No running processes found in NPU 2                                                            |
+===========================+===============+====================================================+
| No running processes found in NPU 3                                                            |
+===========================+===============+====================================================+
| 4       0                 | 3107012       | VLLMWorker               | 55437                   |
+===========================+===============+====================================================+
| 5       0                 | 3107007       | VLLMWorker               | 55175                   |
+===========================+===============+====================================================+
| 6       0                 | 3107008       | VLLMWorker               | 56515                   |
+===========================+===============+====================================================+
| 7       0                 | 3107009       | VLLMWorker               | 56517                   |
+===========================+===============+====================================================+
timestamp=2026-07-29 21:21:58
+------------------------------------------------------------------------------------------------+
| npu-smi 25.2.3                   Version: 25.2.3                                               |
+---------------------------+---------------+----------------------------------------------------+
| NPU   Name                | Health        | Power(W)    Temp(C)           Hugepages-Usage(page)|
| Chip                      | Bus-Id        | AICore(%)   Memory-Usage(MB)  HBM-Usage(MB)        |
+===========================+===============+====================================================+
| 0     910B4-1             | OK            | 91.6        33                0    / 0             |
| 0                         | 0000:C1:00.0  | 0           0    / 0          3422 / 65536         |
+===========================+===============+====================================================+
| 1     910B4-1             | OK            | 89.9        32                0    / 0             |
| 0                         | 0000:C2:00.0  | 0           0    / 0          3414 / 65536         |
+===========================+===============+====================================================+
| 2     910B4-1             | OK            | 85.1        32                0    / 0             |
| 0                         | 0000:81:00.0  | 0           0    / 0          3410 / 65536         |
+===========================+===============+====================================================+
| 3     910B4-1             | OK            | 89.2        33                0    / 0             |
| 0                         | 0000:82:00.0  | 0           0    / 0          3413 / 65536         |
+===========================+===============+====================================================+
| 4     910B4-1             | OK            | 92.3        37                0    / 0             |
| 0                         | 0000:01:00.0  | 0           0    / 0          58804/ 65536         |
+===========================+===============+====================================================+
| 5     910B4-1             | OK            | 87.1        38                0    / 0             |
| 0                         | 0000:02:00.0  | 0           0    / 0          58539/ 65536         |
+===========================+===============+====================================================+
| 6     910B4-1             | OK            | 90.9        36                0    / 0             |
| 0                         | 0000:41:00.0  | 0           0    / 0          59874/ 65536         |
+===========================+===============+====================================================+
| 7     910B4-1             | OK            | 90.3        36                0    / 0             |
| 0                         | 0000:42:00.0  | 0           0    / 0          59875/ 65536         |
+===========================+===============+====================================================+
+---------------------------+---------------+----------------------------------------------------+
| NPU     Chip              | Process id    | Process name             | Process memory(MB)      |
+===========================+===============+====================================================+
| No running processes found in NPU 0                                                            |
+===========================+===============+====================================================+
| No running processes found in NPU 1                                                            |
+===========================+===============+====================================================+
| No running processes found in NPU 2                                                            |
+===========================+===============+====================================================+
| No running processes found in NPU 3                                                            |
+===========================+===============+====================================================+
| 4       0                 | 3107012       | VLLMWorker               | 55437                   |
+===========================+===============+====================================================+
| 5       0                 | 3107007       | VLLMWorker               | 55175                   |
+===========================+===============+====================================================+
| 6       0                 | 3107008       | VLLMWorker               | 56515                   |
+===========================+===============+====================================================+
| 7       0                 | 3107009       | VLLMWorker               | 56517                   |
+===========================+===============+====================================================+
timestamp=2026-07-29 21:22:02
+------------------------------------------------------------------------------------------------+
| npu-smi 25.2.3                   Version: 25.2.3                                               |
+---------------------------+---------------+----------------------------------------------------+
| NPU   Name                | Health        | Power(W)    Temp(C)           Hugepages-Usage(page)|
| Chip                      | Bus-Id        | AICore(%)   Memory-Usage(MB)  HBM-Usage(MB)        |
+===========================+===============+====================================================+
| 0     910B4-1             | OK            | 91.5        34                0    / 0             |
| 0                         | 0000:C1:00.0  | 0           0    / 0          3422 / 65536         |
+===========================+===============+====================================================+
| 1     910B4-1             | OK            | 89.9        31                0    / 0             |
| 0                         | 0000:C2:00.0  | 0           0    / 0          3414 / 65536         |
+===========================+===============+====================================================+
| 2     910B4-1             | OK            | 85.0        32                0    / 0             |
| 0                         | 0000:81:00.0  | 0           0    / 0          3411 / 65536         |
+===========================+===============+====================================================+
| 3     910B4-1             | OK            | 89.1        33                0    / 0             |
| 0                         | 0000:82:00.0  | 0           0    / 0          3413 / 65536         |
+===========================+===============+====================================================+
| 4     910B4-1             | OK            | 92.2        37                0    / 0             |
| 0                         | 0000:01:00.0  | 0           0    / 0          58804/ 65536         |
+===========================+===============+====================================================+
| 5     910B4-1             | OK            | 87.2        38                0    / 0             |
| 0                         | 0000:02:00.0  | 0           0    / 0          58539/ 65536         |
+===========================+===============+====================================================+
| 6     910B4-1             | OK            | 90.7        36                0    / 0             |
| 0                         | 0000:41:00.0  | 0           0    / 0          59873/ 65536         |
+===========================+===============+====================================================+
| 7     910B4-1             | OK            | 90.3        37                0    / 0             |
| 0                         | 0000:42:00.0  | 0           0    / 0          59876/ 65536         |
+===========================+===============+====================================================+
+---------------------------+---------------+----------------------------------------------------+
| NPU     Chip              | Process id    | Process name             | Process memory(MB)      |
+===========================+===============+====================================================+
| No running processes found in NPU 0                                                            |
+===========================+===============+====================================================+
| No running processes found in NPU 1                                                            |
+===========================+===============+====================================================+
| No running processes found in NPU 2                                                            |
+===========================+===============+====================================================+
| No running processes found in NPU 3                                                            |
+===========================+===============+====================================================+
| 4       0                 | 3107012       | VLLMWorker               | 55437                   |
+===========================+===============+====================================================+
| 5       0                 | 3107007       | VLLMWorker               | 55175                   |
+===========================+===============+====================================================+
| 6       0                 | 3107008       | VLLMWorker               | 56515                   |
+===========================+===============+====================================================+
| 7       0                 | 3107009       | VLLMWorker               | 56517                   |
+===========================+===============+====================================================+
timestamp=2026-07-29 21:22:06
+------------------------------------------------------------------------------------------------+
| npu-smi 25.2.3                   Version: 25.2.3                                               |
+---------------------------+---------------+----------------------------------------------------+
| NPU   Name                | Health        | Power(W)    Temp(C)           Hugepages-Usage(page)|
| Chip                      | Bus-Id        | AICore(%)   Memory-Usage(MB)  HBM-Usage(MB)        |
+===========================+===============+====================================================+
| 0     910B4-1             | OK            | 91.6        34                0    / 0             |
| 0                         | 0000:C1:00.0  | 0           0    / 0          3422 / 65536         |
+===========================+===============+====================================================+
| 1     910B4-1             | OK            | 89.7        32                0    / 0             |
| 0                         | 0000:C2:00.0  | 0           0    / 0          3414 / 65536         |
+===========================+===============+====================================================+
| 2     910B4-1             | OK            | 85.0        32                0    / 0             |
| 0                         | 0000:81:00.0  | 0           0    / 0          3411 / 65536         |
+===========================+===============+====================================================+
| 3     910B4-1             | OK            | 89.3        33                0    / 0             |
| 0                         | 0000:82:00.0  | 0           0    / 0          3413 / 65536         |
+===========================+===============+====================================================+
| 4     910B4-1             | OK            | 92.4        37                0    / 0             |
| 0                         | 0000:01:00.0  | 0           0    / 0          58804/ 65536         |
+===========================+===============+====================================================+
| 5     910B4-1             | OK            | 87.1        38                0    / 0             |
| 0                         | 0000:02:00.0  | 0           0    / 0          58539/ 65536         |
+===========================+===============+====================================================+
| 6     910B4-1             | OK            | 90.6        36                0    / 0             |
| 0                         | 0000:41:00.0  | 0           0    / 0          59874/ 65536         |
+===========================+===============+====================================================+
| 7     910B4-1             | OK            | 90.2        36                0    / 0             |
| 0                         | 0000:42:00.0  | 0           0    / 0          59876/ 65536         |
+===========================+===============+====================================================+
+---------------------------+---------------+----------------------------------------------------+
| NPU     Chip              | Process id    | Process name             | Process memory(MB)      |
+===========================+===============+====================================================+
| No running processes found in NPU 0                                                            |
+===========================+===============+====================================================+
| No running processes found in NPU 1                                                            |
+===========================+===============+====================================================+
| No running processes found in NPU 2                                                            |
+===========================+===============+====================================================+
| No running processes found in NPU 3                                                            |
+===========================+===============+====================================================+
| 4       0                 | 3107012       | VLLMWorker               | 55437                   |
+===========================+===============+====================================================+
| 5       0                 | 3107007       | VLLMWorker               | 55175                   |
+===========================+===============+====================================================+
| 6       0                 | 3107008       | VLLMWorker               | 56515                   |
+===========================+===============+====================================================+
| 7       0                 | 3107009       | VLLMWorker               | 56517                   |
+===========================+===============+====================================================+
timestamp=2026-07-29 21:22:11
+------------------------------------------------------------------------------------------------+
| npu-smi 25.2.3                   Version: 25.2.3                                               |
+---------------------------+---------------+----------------------------------------------------+
| NPU   Name                | Health        | Power(W)    Temp(C)           Hugepages-Usage(page)|
| Chip                      | Bus-Id        | AICore(%)   Memory-Usage(MB)  HBM-Usage(MB)        |
+===========================+===============+====================================================+
| 0     910B4-1             | OK            | 91.8        34                0    / 0             |
| 0                         | 0000:C1:00.0  | 0           0    / 0          3422 / 65536         |
+===========================+===============+====================================================+
| 1     910B4-1             | OK            | 90.0        32                0    / 0             |
| 0                         | 0000:C2:00.0  | 0           0    / 0          3414 / 65536         |
+===========================+===============+====================================================+
| 2     910B4-1             | OK            | 85.1        32                0    / 0             |
| 0                         | 0000:81:00.0  | 0           0    / 0          3410 / 65536         |
+===========================+===============+====================================================+
| 3     910B4-1             | OK            | 89.1        33                0    / 0             |
| 0                         | 0000:82:00.0  | 0           0    / 0          3413 / 65536         |
+===========================+===============+====================================================+
| 4     910B4-1             | OK            | 92.4        37                0    / 0             |
| 0                         | 0000:01:00.0  | 0           0    / 0          58804/ 65536         |
+===========================+===============+====================================================+
| 5     910B4-1             | OK            | 87.0        38                0    / 0             |
| 0                         | 0000:02:00.0  | 0           0    / 0          58539/ 65536         |
+===========================+===============+====================================================+
| 6     910B4-1             | OK            | 90.7        36                0    / 0             |
| 0                         | 0000:41:00.0  | 0           0    / 0          59873/ 65536         |
+===========================+===============+====================================================+
| 7     910B4-1             | OK            | 90.2        37                0    / 0             |
| 0                         | 0000:42:00.0  | 0           0    / 0          59875/ 65536         |
+===========================+===============+====================================================+
+---------------------------+---------------+----------------------------------------------------+
| NPU     Chip              | Process id    | Process name             | Process memory(MB)      |
+===========================+===============+====================================================+
| No running processes found in NPU 0                                                            |
+===========================+===============+====================================================+
| No running processes found in NPU 1                                                            |
+===========================+===============+====================================================+
| No running processes found in NPU 2                                                            |
+===========================+===============+====================================================+
| No running processes found in NPU 3                                                            |
+===========================+===============+====================================================+
| 4       0                 | 3107012       | VLLMWorker               | 55437                   |
+===========================+===============+====================================================+
| 5       0                 | 3107007       | VLLMWorker               | 55175                   |
+===========================+===============+====================================================+
| 6       0                 | 3107008       | VLLMWorker               | 56515                   |
+===========================+===============+====================================================+
| 7       0                 | 3107009       | VLLMWorker               | 56517                   |
+===========================+===============+====================================================+
timestamp=2026-07-29 21:22:15
+------------------------------------------------------------------------------------------------+
| npu-smi 25.2.3                   Version: 25.2.3                                               |
+---------------------------+---------------+----------------------------------------------------+
| NPU   Name                | Health        | Power(W)    Temp(C)           Hugepages-Usage(page)|
| Chip                      | Bus-Id        | AICore(%)   Memory-Usage(MB)  HBM-Usage(MB)        |
+===========================+===============+====================================================+
| 0     910B4-1             | OK            | 91.8        34                0    / 0             |
| 0                         | 0000:C1:00.0  | 0           0    / 0          3422 / 65536         |
+===========================+===============+====================================================+
| 1     910B4-1             | OK            | 89.8        32                0    / 0             |
| 0                         | 0000:C2:00.0  | 0           0    / 0          3414 / 65536         |
+===========================+===============+====================================================+
| 2     910B4-1             | OK            | 85.1        32                0    / 0             |
| 0                         | 0000:81:00.0  | 0           0    / 0          3411 / 65536         |
+===========================+===============+====================================================+
| 3     910B4-1             | OK            | 89.1        33                0    / 0             |
| 0                         | 0000:82:00.0  | 0           0    / 0          3413 / 65536         |
+===========================+===============+====================================================+
| 4     910B4-1             | OK            | 92.3        37                0    / 0             |
| 0                         | 0000:01:00.0  | 0           0    / 0          58804/ 65536         |
+===========================+===============+====================================================+
| 5     910B4-1             | OK            | 87.1        38                0    / 0             |
| 0                         | 0000:02:00.0  | 0           0    / 0          58539/ 65536         |
+===========================+===============+====================================================+
| 6     910B4-1             | OK            | 90.7        36                0    / 0             |
| 0                         | 0000:41:00.0  | 0           0    / 0          59874/ 65536         |
+===========================+===============+====================================================+
| 7     910B4-1             | OK            | 90.3        36                0    / 0             |
| 0                         | 0000:42:00.0  | 0           0    / 0          59876/ 65536         |
+===========================+===============+====================================================+
+---------------------------+---------------+----------------------------------------------------+
| NPU     Chip              | Process id    | Process name             | Process memory(MB)      |
+===========================+===============+====================================================+
| No running processes found in NPU 0                                                            |
+===========================+===============+====================================================+
| No running processes found in NPU 1                                                            |
+===========================+===============+====================================================+
| No running processes found in NPU 2                                                            |
+===========================+===============+====================================================+
| No running processes found in NPU 3                                                            |
+===========================+===============+====================================================+
| 4       0                 | 3107012       | VLLMWorker               | 55437                   |
+===========================+===============+====================================================+
| 5       0                 | 3107007       | VLLMWorker               | 55175                   |
+===========================+===============+====================================================+
| 6       0                 | 3107008       | VLLMWorker               | 56515                   |
+===========================+===============+====================================================+
| 7       0                 | 3107009       | VLLMWorker               | 56517                   |
+===========================+===============+====================================================+
timestamp=2026-07-29 21:22:19
+------------------------------------------------------------------------------------------------+
| npu-smi 25.2.3                   Version: 25.2.3                                               |
+---------------------------+---------------+----------------------------------------------------+
| NPU   Name                | Health        | Power(W)    Temp(C)           Hugepages-Usage(page)|
| Chip                      | Bus-Id        | AICore(%)   Memory-Usage(MB)  HBM-Usage(MB)        |
+===========================+===============+====================================================+
| 0     910B4-1             | OK            | 91.8        34                0    / 0             |
| 0                         | 0000:C1:00.0  | 0           0    / 0          3422 / 65536         |
+===========================+===============+====================================================+
| 1     910B4-1             | OK            | 89.6        32                0    / 0             |
| 0                         | 0000:C2:00.0  | 0           0    / 0          3414 / 65536         |
+===========================+===============+====================================================+
| 2     910B4-1             | OK            | 85.1        32                0    / 0             |
| 0                         | 0000:81:00.0  | 0           0    / 0          3410 / 65536         |
+===========================+===============+====================================================+
| 3     910B4-1             | OK            | 89.1        33                0    / 0             |
| 0                         | 0000:82:00.0  | 0           0    / 0          3413 / 65536         |
+===========================+===============+====================================================+
| 4     910B4-1             | OK            | 92.3        37                0    / 0             |
| 0                         | 0000:01:00.0  | 0           0    / 0          58804/ 65536         |
+===========================+===============+====================================================+
| 5     910B4-1             | OK            | 87.0        38                0    / 0             |
| 0                         | 0000:02:00.0  | 0           0    / 0          58539/ 65536         |
+===========================+===============+====================================================+
| 6     910B4-1             | OK            | 90.7        36                0    / 0             |
| 0                         | 0000:41:00.0  | 0           0    / 0          59874/ 65536         |
+===========================+===============+====================================================+
| 7     910B4-1             | OK            | 90.3        37                0    / 0             |
| 0                         | 0000:42:00.0  | 0           0    / 0          59876/ 65536         |
+===========================+===============+====================================================+
+---------------------------+---------------+----------------------------------------------------+
| NPU     Chip              | Process id    | Process name             | Process memory(MB)      |
+===========================+===============+====================================================+
| No running processes found in NPU 0                                                            |
+===========================+===============+====================================================+
| No running processes found in NPU 1                                                            |
+===========================+===============+====================================================+
| No running processes found in NPU 2                                                            |
+===========================+===============+====================================================+
| No running processes found in NPU 3                                                            |
+===========================+===============+====================================================+
| 4       0                 | 3107012       | VLLMWorker               | 55437                   |
+===========================+===============+====================================================+
| 5       0                 | 3107007       | VLLMWorker               | 55175                   |
+===========================+===============+====================================================+
| 6       0                 | 3107008       | VLLMWorker               | 56515                   |
+===========================+===============+====================================================+
| 7       0                 | 3107009       | VLLMWorker               | 56517                   |
+===========================+===============+====================================================+
timestamp=2026-07-29 21:22:23
+------------------------------------------------------------------------------------------------+
| npu-smi 25.2.3                   Version: 25.2.3                                               |
+---------------------------+---------------+----------------------------------------------------+
| NPU   Name                | Health        | Power(W)    Temp(C)           Hugepages-Usage(page)|
| Chip                      | Bus-Id        | AICore(%)   Memory-Usage(MB)  HBM-Usage(MB)        |
+===========================+===============+====================================================+
| 0     910B4-1             | OK            | 91.6        34                0    / 0             |
| 0                         | 0000:C1:00.0  | 0           0    / 0          3423 / 65536         |
+===========================+===============+====================================================+
| 1     910B4-1             | OK            | 89.8        31                0    / 0             |
| 0                         | 0000:C2:00.0  | 0           0    / 0          3414 / 65536         |
+===========================+===============+====================================================+
| 2     910B4-1             | OK            | 85.1        32                0    / 0             |
| 0                         | 0000:81:00.0  | 0           0    / 0          3411 / 65536         |
+===========================+===============+====================================================+
| 3     910B4-1             | OK            | 89.1        33                0    / 0             |
| 0                         | 0000:82:00.0  | 0           0    / 0          3413 / 65536         |
+===========================+===============+====================================================+
| 4     910B4-1             | OK            | 92.2        37                0    / 0             |
| 0                         | 0000:01:00.0  | 0           0    / 0          58804/ 65536         |
+===========================+===============+====================================================+
| 5     910B4-1             | OK            | 87.0        38                0    / 0             |
| 0                         | 0000:02:00.0  | 0           0    / 0          58539/ 65536         |
+===========================+===============+====================================================+
| 6     910B4-1             | OK            | 90.7        36                0    / 0             |
| 0                         | 0000:41:00.0  | 0           0    / 0          59873/ 65536         |
+===========================+===============+====================================================+
| 7     910B4-1             | OK            | 90.2        37                0    / 0             |
| 0                         | 0000:42:00.0  | 0           0    / 0          59876/ 65536         |
+===========================+===============+====================================================+
+---------------------------+---------------+----------------------------------------------------+
| NPU     Chip              | Process id    | Process name             | Process memory(MB)      |
+===========================+===============+====================================================+
| No running processes found in NPU 0                                                            |
+===========================+===============+====================================================+
| No running processes found in NPU 1                                                            |
+===========================+===============+====================================================+
| No running processes found in NPU 2                                                            |
+===========================+===============+====================================================+
| No running processes found in NPU 3                                                            |
+===========================+===============+====================================================+
| 4       0                 | 3107012       | VLLMWorker               | 55437                   |
+===========================+===============+====================================================+
| 5       0                 | 3107007       | VLLMWorker               | 55175                   |
+===========================+===============+====================================================+
| 6       0                 | 3107008       | VLLMWorker               | 56515                   |
+===========================+===============+====================================================+
| 7       0                 | 3107009       | VLLMWorker               | 56517                   |
+===========================+===============+====================================================+
timestamp=2026-07-29 21:22:27
+------------------------------------------------------------------------------------------------+
| npu-smi 25.2.3                   Version: 25.2.3                                               |
+---------------------------+---------------+----------------------------------------------------+
| NPU   Name                | Health        | Power(W)    Temp(C)           Hugepages-Usage(page)|
| Chip                      | Bus-Id        | AICore(%)   Memory-Usage(MB)  HBM-Usage(MB)        |
+===========================+===============+====================================================+
| 0     910B4-1             | OK            | 91.7        34                0    / 0             |
| 0                         | 0000:C1:00.0  | 0           0    / 0          3422 / 65536         |
+===========================+===============+====================================================+
| 1     910B4-1             | OK            | 89.9        32                0    / 0             |
| 0                         | 0000:C2:00.0  | 0           0    / 0          3414 / 65536         |
+===========================+===============+====================================================+
| 2     910B4-1             | OK            | 85.1        32                0    / 0             |
| 0                         | 0000:81:00.0  | 0           0    / 0          3411 / 65536         |
+===========================+===============+====================================================+
| 3     910B4-1             | OK            | 89.1        33                0    / 0             |
| 0                         | 0000:82:00.0  | 0           0    / 0          3413 / 65536         |
+===========================+===============+====================================================+
| 4     910B4-1             | OK            | 92.3        37                0    / 0             |
| 0                         | 0000:01:00.0  | 0           0    / 0          58804/ 65536         |
+===========================+===============+====================================================+
| 5     910B4-1             | OK            | 86.9        38                0    / 0             |
| 0                         | 0000:02:00.0  | 0           0    / 0          58539/ 65536         |
+===========================+===============+====================================================+
| 6     910B4-1             | OK            | 90.7        36                0    / 0             |
| 0                         | 0000:41:00.0  | 0           0    / 0          59874/ 65536         |
+===========================+===============+====================================================+
| 7     910B4-1             | OK            | 90.2        37                0    / 0             |
| 0                         | 0000:42:00.0  | 0           0    / 0          59875/ 65536         |
+===========================+===============+====================================================+
+---------------------------+---------------+----------------------------------------------------+
| NPU     Chip              | Process id    | Process name             | Process memory(MB)      |
+===========================+===============+====================================================+
| No running processes found in NPU 0                                                            |
+===========================+===============+====================================================+
| No running processes found in NPU 1                                                            |
+===========================+===============+====================================================+
| No running processes found in NPU 2                                                            |
+===========================+===============+====================================================+
| No running processes found in NPU 3                                                            |
+===========================+===============+====================================================+
| 4       0                 | 3107012       | VLLMWorker               | 55437                   |
+===========================+===============+====================================================+
| 5       0                 | 3107007       | VLLMWorker               | 55175                   |
+===========================+===============+====================================================+
| 6       0                 | 3107008       | VLLMWorker               | 56515                   |
+===========================+===============+====================================================+
| 7       0                 | 3107009       | VLLMWorker               | 56517                   |
+===========================+===============+====================================================+
timestamp=2026-07-29 21:22:32
+------------------------------------------------------------------------------------------------+
| npu-smi 25.2.3                   Version: 25.2.3                                               |
+---------------------------+---------------+----------------------------------------------------+
| NPU   Name                | Health        | Power(W)    Temp(C)           Hugepages-Usage(page)|
| Chip                      | Bus-Id        | AICore(%)   Memory-Usage(MB)  HBM-Usage(MB)        |
+===========================+===============+====================================================+
| 0     910B4-1             | OK            | 91.8        34                0    / 0             |
| 0                         | 0000:C1:00.0  | 0           0    / 0          3422 / 65536         |
+===========================+===============+====================================================+
| 1     910B4-1             | OK            | 89.7        32                0    / 0             |
| 0                         | 0000:C2:00.0  | 0           0    / 0          3414 / 65536         |
+===========================+===============+====================================================+
| 2     910B4-1             | OK            | 85.1        32                0    / 0             |
| 0                         | 0000:81:00.0  | 0           0    / 0          3411 / 65536         |
+===========================+===============+====================================================+
| 3     910B4-1             | OK            | 89.1        33                0    / 0             |
| 0                         | 0000:82:00.0  | 0           0    / 0          3413 / 65536         |
+===========================+===============+====================================================+
| 4     910B4-1             | OK            | 92.3        37                0    / 0             |
| 0                         | 0000:01:00.0  | 0           0    / 0          58804/ 65536         |
+===========================+===============+====================================================+
| 5     910B4-1             | OK            | 87.0        38                0    / 0             |
| 0                         | 0000:02:00.0  | 0           0    / 0          58538/ 65536         |
+===========================+===============+====================================================+
| 6     910B4-1             | OK            | 90.8        35                0    / 0             |
| 0                         | 0000:41:00.0  | 0           0    / 0          59873/ 65536         |
+===========================+===============+====================================================+
| 7     910B4-1             | OK            | 90.2        37                0    / 0             |
| 0                         | 0000:42:00.0  | 0           0    / 0          59876/ 65536         |
+===========================+===============+====================================================+
+---------------------------+---------------+----------------------------------------------------+
| NPU     Chip              | Process id    | Process name             | Process memory(MB)      |
+===========================+===============+====================================================+
| No running processes found in NPU 0                                                            |
+===========================+===============+====================================================+
| No running processes found in NPU 1                                                            |
+===========================+===============+====================================================+
| No running processes found in NPU 2                                                            |
+===========================+===============+====================================================+
| No running processes found in NPU 3                                                            |
+===========================+===============+====================================================+
| 4       0                 | 3107012       | VLLMWorker               | 55437                   |
+===========================+===============+====================================================+
| 5       0                 | 3107007       | VLLMWorker               | 55175                   |
+===========================+===============+====================================================+
| 6       0                 | 3107008       | VLLMWorker               | 56515                   |
+===========================+===============+====================================================+
| 7       0                 | 3107009       | VLLMWorker               | 56517                   |
+===========================+===============+====================================================+
timestamp=2026-07-29 21:22:36
+------------------------------------------------------------------------------------------------+
| npu-smi 25.2.3                   Version: 25.2.3                                               |
+---------------------------+---------------+----------------------------------------------------+
| NPU   Name                | Health        | Power(W)    Temp(C)           Hugepages-Usage(page)|
| Chip                      | Bus-Id        | AICore(%)   Memory-Usage(MB)  HBM-Usage(MB)        |
+===========================+===============+====================================================+
| 0     910B4-1             | OK            | 91.6        34                0    / 0             |
| 0                         | 0000:C1:00.0  | 0           0    / 0          3422 / 65536         |
+===========================+===============+====================================================+
| 1     910B4-1             | OK            | 89.7        32                0    / 0             |
| 0                         | 0000:C2:00.0  | 0           0    / 0          3414 / 65536         |
+===========================+===============+====================================================+
| 2     910B4-1             | OK            | 85.0        32                0    / 0             |
| 0                         | 0000:81:00.0  | 0           0    / 0          3411 / 65536         |
+===========================+===============+====================================================+
| 3     910B4-1             | OK            | 89.1        33                0    / 0             |
| 0                         | 0000:82:00.0  | 0           0    / 0          3413 / 65536         |
+===========================+===============+====================================================+
| 4     910B4-1             | OK            | 92.3        37                0    / 0             |
| 0                         | 0000:01:00.0  | 0           0    / 0          58804/ 65536         |
+===========================+===============+====================================================+
| 5     910B4-1             | OK            | 87.2        38                0    / 0             |
| 0                         | 0000:02:00.0  | 0           0    / 0          58539/ 65536         |
+===========================+===============+====================================================+
| 6     910B4-1             | OK            | 90.6        36                0    / 0             |
| 0                         | 0000:41:00.0  | 0           0    / 0          59874/ 65536         |
+===========================+===============+====================================================+
| 7     910B4-1             | OK            | 90.2        37                0    / 0             |
| 0                         | 0000:42:00.0  | 0           0    / 0          59876/ 65536         |
+===========================+===============+====================================================+
+---------------------------+---------------+----------------------------------------------------+
| NPU     Chip              | Process id    | Process name             | Process memory(MB)      |
+===========================+===============+====================================================+
| No running processes found in NPU 0                                                            |
+===========================+===============+====================================================+
| No running processes found in NPU 1                                                            |
+===========================+===============+====================================================+
| No running processes found in NPU 2                                                            |
+===========================+===============+====================================================+
| No running processes found in NPU 3                                                            |
+===========================+===============+====================================================+
| 4       0                 | 3107012       | VLLMWorker               | 55437                   |
+===========================+===============+====================================================+
| 5       0                 | 3107007       | VLLMWorker               | 55175                   |
+===========================+===============+====================================================+
| 6       0                 | 3107008       | VLLMWorker               | 56515                   |
+===========================+===============+====================================================+
| 7       0                 | 3107009       | VLLMWorker               | 56517                   |
+===========================+===============+====================================================+
timestamp=2026-07-29 21:22:40
+------------------------------------------------------------------------------------------------+
| npu-smi 25.2.3                   Version: 25.2.3                                               |
+---------------------------+---------------+----------------------------------------------------+
| NPU   Name                | Health        | Power(W)    Temp(C)           Hugepages-Usage(page)|
| Chip                      | Bus-Id        | AICore(%)   Memory-Usage(MB)  HBM-Usage(MB)        |
+===========================+===============+====================================================+
| 0     910B4-1             | OK            | 91.8        33                0    / 0             |
| 0                         | 0000:C1:00.0  | 0           0    / 0          3422 / 65536         |
+===========================+===============+====================================================+
| 1     910B4-1             | OK            | 89.8        32                0    / 0             |
| 0                         | 0000:C2:00.0  | 0           0    / 0          3413 / 65536         |
+===========================+===============+====================================================+
| 2     910B4-1             | OK            | 85.1        32                0    / 0             |
| 0                         | 0000:81:00.0  | 0           0    / 0          3410 / 65536         |
+===========================+===============+====================================================+
| 3     910B4-1             | OK            | 89.2        33                0    / 0             |
| 0                         | 0000:82:00.0  | 0           0    / 0          3413 / 65536         |
+===========================+===============+====================================================+
| 4     910B4-1             | OK            | 92.2        37                0    / 0             |
| 0                         | 0000:01:00.0  | 0           0    / 0          58804/ 65536         |
+===========================+===============+====================================================+
| 5     910B4-1             | OK            | 87.0        38                0    / 0             |
| 0                         | 0000:02:00.0  | 0           0    / 0          58539/ 65536         |
+===========================+===============+====================================================+
| 6     910B4-1             | OK            | 90.7        36                0    / 0             |
| 0                         | 0000:41:00.0  | 0           0    / 0          59874/ 65536         |
+===========================+===============+====================================================+
| 7     910B4-1             | OK            | 90.3        37                0    / 0             |
| 0                         | 0000:42:00.0  | 0           0    / 0          59875/ 65536         |
+===========================+===============+====================================================+
+---------------------------+---------------+----------------------------------------------------+
| NPU     Chip              | Process id    | Process name             | Process memory(MB)      |
+===========================+===============+====================================================+
| No running processes found in NPU 0                                                            |
+===========================+===============+====================================================+
| No running processes found in NPU 1                                                            |
+===========================+===============+====================================================+
| No running processes found in NPU 2                                                            |
+===========================+===============+====================================================+
| No running processes found in NPU 3                                                            |
+===========================+===============+====================================================+
| 4       0                 | 3107012       | VLLMWorker               | 55437                   |
+===========================+===============+====================================================+
| 5       0                 | 3107007       | VLLMWorker               | 55175                   |
+===========================+===============+====================================================+
| 6       0                 | 3107008       | VLLMWorker               | 56515                   |
+===========================+===============+====================================================+
| 7       0                 | 3107009       | VLLMWorker               | 56517                   |
+===========================+===============+====================================================+
timestamp=2026-07-29 21:22:44
+------------------------------------------------------------------------------------------------+
| npu-smi 25.2.3                   Version: 25.2.3                                               |
+---------------------------+---------------+----------------------------------------------------+
| NPU   Name                | Health        | Power(W)    Temp(C)           Hugepages-Usage(page)|
| Chip                      | Bus-Id        | AICore(%)   Memory-Usage(MB)  HBM-Usage(MB)        |
+===========================+===============+====================================================+
| 0     910B4-1             | OK            | 91.6        34                0    / 0             |
| 0                         | 0000:C1:00.0  | 0           0    / 0          3422 / 65536         |
+===========================+===============+====================================================+
| 1     910B4-1             | OK            | 89.7        32                0    / 0             |
| 0                         | 0000:C2:00.0  | 0           0    / 0          3414 / 65536         |
+===========================+===============+====================================================+
| 2     910B4-1             | OK            | 85.1        32                0    / 0             |
| 0                         | 0000:81:00.0  | 0           0    / 0          3411 / 65536         |
+===========================+===============+====================================================+
| 3     910B4-1             | OK            | 89.1        32                0    / 0             |
| 0                         | 0000:82:00.0  | 0           0    / 0          3413 / 65536         |
+===========================+===============+====================================================+
| 4     910B4-1             | OK            | 92.4        37                0    / 0             |
| 0                         | 0000:01:00.0  | 0           0    / 0          58803/ 65536         |
+===========================+===============+====================================================+
| 5     910B4-1             | OK            | 87.1        38                0    / 0             |
| 0                         | 0000:02:00.0  | 0           0    / 0          58539/ 65536         |
+===========================+===============+====================================================+
| 6     910B4-1             | OK            | 90.9        36                0    / 0             |
| 0                         | 0000:41:00.0  | 0           0    / 0          59874/ 65536         |
+===========================+===============+====================================================+
| 7     910B4-1             | OK            | 90.3        37                0    / 0             |
| 0                         | 0000:42:00.0  | 0           0    / 0          59876/ 65536         |
+===========================+===============+====================================================+
+---------------------------+---------------+----------------------------------------------------+
| NPU     Chip              | Process id    | Process name             | Process memory(MB)      |
+===========================+===============+====================================================+
| No running processes found in NPU 0                                                            |
+===========================+===============+====================================================+
| No running processes found in NPU 1                                                            |
+===========================+===============+====================================================+
| No running processes found in NPU 2                                                            |
+===========================+===============+====================================================+
| No running processes found in NPU 3                                                            |
+===========================+===============+====================================================+
| 4       0                 | 3107012       | VLLMWorker               | 55437                   |
+===========================+===============+====================================================+
| 5       0                 | 3107007       | VLLMWorker               | 55175                   |
+===========================+===============+====================================================+
| 6       0                 | 3107008       | VLLMWorker               | 56515                   |
+===========================+===============+====================================================+
| 7       0                 | 3107009       | VLLMWorker               | 56517                   |
+===========================+===============+====================================================+
timestamp=2026-07-29 21:22:48
+------------------------------------------------------------------------------------------------+
| npu-smi 25.2.3                   Version: 25.2.3                                               |
+---------------------------+---------------+----------------------------------------------------+
| NPU   Name                | Health        | Power(W)    Temp(C)           Hugepages-Usage(page)|
| Chip                      | Bus-Id        | AICore(%)   Memory-Usage(MB)  HBM-Usage(MB)        |
+===========================+===============+====================================================+
| 0     910B4-1             | OK            | 91.7        33                0    / 0             |
| 0                         | 0000:C1:00.0  | 0           0    / 0          3422 / 65536         |
+===========================+===============+====================================================+
| 1     910B4-1             | OK            | 89.7        31                0    / 0             |
| 0                         | 0000:C2:00.0  | 0           0    / 0          3414 / 65536         |
+===========================+===============+====================================================+
| 2     910B4-1             | OK            | 85.0        32                0    / 0             |
| 0                         | 0000:81:00.0  | 0           0    / 0          3410 / 65536         |
+===========================+===============+====================================================+
| 3     910B4-1             | OK            | 89.2        33                0    / 0             |
| 0                         | 0000:82:00.0  | 0           0    / 0          3413 / 65536         |
+===========================+===============+====================================================+
| 4     910B4-1             | OK            | 92.2        37                0    / 0             |
| 0                         | 0000:01:00.0  | 0           0    / 0          58804/ 65536         |
+===========================+===============+====================================================+
| 5     910B4-1             | OK            | 87.0        38                0    / 0             |
| 0                         | 0000:02:00.0  | 0           0    / 0          58539/ 65536         |
+===========================+===============+====================================================+
| 6     910B4-1             | OK            | 90.7        35                0    / 0             |
| 0                         | 0000:41:00.0  | 0           0    / 0          59874/ 65536         |
+===========================+===============+====================================================+
| 7     910B4-1             | OK            | 90.2        37                0    / 0             |
| 0                         | 0000:42:00.0  | 0           0    / 0          59875/ 65536         |
+===========================+===============+====================================================+
+---------------------------+---------------+----------------------------------------------------+
| NPU     Chip              | Process id    | Process name             | Process memory(MB)      |
+===========================+===============+====================================================+
| No running processes found in NPU 0                                                            |
+===========================+===============+====================================================+
| No running processes found in NPU 1                                                            |
+===========================+===============+====================================================+
| No running processes found in NPU 2                                                            |
+===========================+===============+====================================================+
| No running processes found in NPU 3                                                            |
+===========================+===============+====================================================+
| 4       0                 | 3107012       | VLLMWorker               | 55437                   |
+===========================+===============+====================================================+
| 5       0                 | 3107007       | VLLMWorker               | 55175                   |
+===========================+===============+====================================================+
| 6       0                 | 3107008       | VLLMWorker               | 56515                   |
+===========================+===============+====================================================+
| 7       0                 | 3107009       | VLLMWorker               | 56517                   |
+===========================+===============+====================================================+
timestamp=2026-07-29 21:22:53
+------------------------------------------------------------------------------------------------+
| npu-smi 25.2.3                   Version: 25.2.3                                               |
+---------------------------+---------------+----------------------------------------------------+
| NPU   Name                | Health        | Power(W)    Temp(C)           Hugepages-Usage(page)|
| Chip                      | Bus-Id        | AICore(%)   Memory-Usage(MB)  HBM-Usage(MB)        |
+===========================+===============+====================================================+
| 0     910B4-1             | OK            | 91.6        34                0    / 0             |
| 0                         | 0000:C1:00.0  | 0           0    / 0          3422 / 65536         |
+===========================+===============+====================================================+
| 1     910B4-1             | OK            | 89.7        31                0    / 0             |
| 0                         | 0000:C2:00.0  | 0           0    / 0          3414 / 65536         |
+===========================+===============+====================================================+
| 2     910B4-1             | OK            | 85.0        32                0    / 0             |
| 0                         | 0000:81:00.0  | 0           0    / 0          3411 / 65536         |
+===========================+===============+====================================================+
| 3     910B4-1             | OK            | 89.0        33                0    / 0             |
| 0                         | 0000:82:00.0  | 0           0    / 0          3413 / 65536         |
+===========================+===============+====================================================+
| 4     910B4-1             | OK            | 92.3        37                0    / 0             |
| 0                         | 0000:01:00.0  | 0           0    / 0          58804/ 65536         |
+===========================+===============+====================================================+
| 5     910B4-1             | OK            | 87.0        38                0    / 0             |
| 0                         | 0000:02:00.0  | 0           0    / 0          58539/ 65536         |
+===========================+===============+====================================================+
| 6     910B4-1             | OK            | 90.6        36                0    / 0             |
| 0                         | 0000:41:00.0  | 0           0    / 0          59873/ 65536         |
+===========================+===============+====================================================+
| 7     910B4-1             | OK            | 90.3        37                0    / 0             |
| 0                         | 0000:42:00.0  | 0           0    / 0          59876/ 65536         |
+===========================+===============+====================================================+
+---------------------------+---------------+----------------------------------------------------+
| NPU     Chip              | Process id    | Process name             | Process memory(MB)      |
+===========================+===============+====================================================+
| No running processes found in NPU 0                                                            |
+===========================+===============+====================================================+
| No running processes found in NPU 1                                                            |
+===========================+===============+====================================================+
| No running processes found in NPU 2                                                            |
+===========================+===============+====================================================+
| No running processes found in NPU 3                                                            |
+===========================+===============+====================================================+
| 4       0                 | 3107012       | VLLMWorker               | 55437                   |
+===========================+===============+====================================================+
| 5       0                 | 3107007       | VLLMWorker               | 55175                   |
+===========================+===============+====================================================+
| 6       0                 | 3107008       | VLLMWorker               | 56515                   |
+===========================+===============+====================================================+
| 7       0                 | 3107009       | VLLMWorker               | 56517                   |
+===========================+===============+====================================================+
timestamp=2026-07-29 21:22:57
+------------------------------------------------------------------------------------------------+
| npu-smi 25.2.3                   Version: 25.2.3                                               |
+---------------------------+---------------+----------------------------------------------------+
| NPU   Name                | Health        | Power(W)    Temp(C)           Hugepages-Usage(page)|
| Chip                      | Bus-Id        | AICore(%)   Memory-Usage(MB)  HBM-Usage(MB)        |
+===========================+===============+====================================================+
| 0     910B4-1             | OK            | 91.6        34                0    / 0             |
| 0                         | 0000:C1:00.0  | 0           0    / 0          3422 / 65536         |
+===========================+===============+====================================================+
| 1     910B4-1             | OK            | 89.7        32                0    / 0             |
| 0                         | 0000:C2:00.0  | 0           0    / 0          3414 / 65536         |
+===========================+===============+====================================================+
| 2     910B4-1             | OK            | 85.1        32                0    / 0             |
| 0                         | 0000:81:00.0  | 0           0    / 0          3411 / 65536         |
+===========================+===============+====================================================+
| 3     910B4-1             | OK            | 89.1        33                0    / 0             |
| 0                         | 0000:82:00.0  | 0           0    / 0          3413 / 65536         |
+===========================+===============+====================================================+
| 4     910B4-1             | OK            | 92.3        37                0    / 0             |
| 0                         | 0000:01:00.0  | 0           0    / 0          58804/ 65536         |
+===========================+===============+====================================================+
| 5     910B4-1             | OK            | 87.2        38                0    / 0             |
| 0                         | 0000:02:00.0  | 0           0    / 0          58539/ 65536         |
+===========================+===============+====================================================+
| 6     910B4-1             | OK            | 90.9        35                0    / 0             |
| 0                         | 0000:41:00.0  | 0           0    / 0          59874/ 65536         |
+===========================+===============+====================================================+
| 7     910B4-1             | OK            | 90.3        37                0    / 0             |
| 0                         | 0000:42:00.0  | 0           0    / 0          59875/ 65536         |
+===========================+===============+====================================================+
+---------------------------+---------------+----------------------------------------------------+
| NPU     Chip              | Process id    | Process name             | Process memory(MB)      |
+===========================+===============+====================================================+
| No running processes found in NPU 0                                                            |
+===========================+===============+====================================================+
| No running processes found in NPU 1                                                            |
+===========================+===============+====================================================+
| No running processes found in NPU 2                                                            |
+===========================+===============+====================================================+
| No running processes found in NPU 3                                                            |
+===========================+===============+====================================================+
| 4       0                 | 3107012       | VLLMWorker               | 55437                   |
+===========================+===============+====================================================+
| 5       0                 | 3107007       | VLLMWorker               | 55175                   |
+===========================+===============+====================================================+
| 6       0                 | 3107008       | VLLMWorker               | 56515                   |
+===========================+===============+====================================================+
| 7       0                 | 3107009       | VLLMWorker               | 56517                   |
+===========================+===============+====================================================+
timestamp=2026-07-29 21:23:01
+------------------------------------------------------------------------------------------------+
| npu-smi 25.2.3                   Version: 25.2.3                                               |
+---------------------------+---------------+----------------------------------------------------+
| NPU   Name                | Health        | Power(W)    Temp(C)           Hugepages-Usage(page)|
| Chip                      | Bus-Id        | AICore(%)   Memory-Usage(MB)  HBM-Usage(MB)        |
+===========================+===============+====================================================+
| 0     910B4-1             | OK            | 91.6        34                0    / 0             |
| 0                         | 0000:C1:00.0  | 0           0    / 0          3422 / 65536         |
+===========================+===============+====================================================+
| 1     910B4-1             | OK            | 89.8        32                0    / 0             |
| 0                         | 0000:C2:00.0  | 0           0    / 0          3414 / 65536         |
+===========================+===============+====================================================+
| 2     910B4-1             | OK            | 85.1        32                0    / 0             |
| 0                         | 0000:81:00.0  | 0           0    / 0          3410 / 65536         |
+===========================+===============+====================================================+
| 3     910B4-1             | OK            | 89.2        33                0    / 0             |
| 0                         | 0000:82:00.0  | 0           0    / 0          3413 / 65536         |
+===========================+===============+====================================================+
| 4     910B4-1             | OK            | 92.3        37                0    / 0             |
| 0                         | 0000:01:00.0  | 0           0    / 0          58804/ 65536         |
+===========================+===============+====================================================+
| 5     910B4-1             | OK            | 86.9        38                0    / 0             |
| 0                         | 0000:02:00.0  | 0           0    / 0          58539/ 65536         |
+===========================+===============+====================================================+
| 6     910B4-1             | OK            | 90.6        36                0    / 0             |
| 0                         | 0000:41:00.0  | 0           0    / 0          59873/ 65536         |
+===========================+===============+====================================================+
| 7     910B4-1             | OK            | 90.3        36                0    / 0             |
| 0                         | 0000:42:00.0  | 0           0    / 0          59876/ 65536         |
+===========================+===============+====================================================+
+---------------------------+---------------+----------------------------------------------------+
| NPU     Chip              | Process id    | Process name             | Process memory(MB)      |
+===========================+===============+====================================================+
| No running processes found in NPU 0                                                            |
+===========================+===============+====================================================+
| No running processes found in NPU 1                                                            |
+===========================+===============+====================================================+
| No running processes found in NPU 2                                                            |
+===========================+===============+====================================================+
| No running processes found in NPU 3                                                            |
+===========================+===============+====================================================+
| 4       0                 | 3107012       | VLLMWorker               | 55437                   |
+===========================+===============+====================================================+
| 5       0                 | 3107007       | VLLMWorker               | 55175                   |
+===========================+===============+====================================================+
| 6       0                 | 3107008       | VLLMWorker               | 56515                   |
+===========================+===============+====================================================+
| 7       0                 | 3107009       | VLLMWorker               | 56517                   |
+===========================+===============+====================================================+
timestamp=2026-07-29 21:23:05
+------------------------------------------------------------------------------------------------+
| npu-smi 25.2.3                   Version: 25.2.3                                               |
+---------------------------+---------------+----------------------------------------------------+
| NPU   Name                | Health        | Power(W)    Temp(C)           Hugepages-Usage(page)|
| Chip                      | Bus-Id        | AICore(%)   Memory-Usage(MB)  HBM-Usage(MB)        |
+===========================+===============+====================================================+
| 0     910B4-1             | OK            | 91.6        34                0    / 0             |
| 0                         | 0000:C1:00.0  | 0           0    / 0          3422 / 65536         |
+===========================+===============+====================================================+
| 1     910B4-1             | OK            | 89.9        32                0    / 0             |
| 0                         | 0000:C2:00.0  | 0           0    / 0          3414 / 65536         |
+===========================+===============+====================================================+
| 2     910B4-1             | OK            | 85.0        32                0    / 0             |
| 0                         | 0000:81:00.0  | 0           0    / 0          3411 / 65536         |
+===========================+===============+====================================================+
| 3     910B4-1             | OK            | 89.2        33                0    / 0             |
| 0                         | 0000:82:00.0  | 0           0    / 0          3413 / 65536         |
+===========================+===============+====================================================+
| 4     910B4-1             | OK            | 92.3        37                0    / 0             |
| 0                         | 0000:01:00.0  | 0           0    / 0          58804/ 65536         |
+===========================+===============+====================================================+
| 5     910B4-1             | OK            | 87.1        38                0    / 0             |
| 0                         | 0000:02:00.0  | 0           0    / 0          58539/ 65536         |
+===========================+===============+====================================================+
| 6     910B4-1             | OK            | 90.7        35                0    / 0             |
| 0                         | 0000:41:00.0  | 0           0    / 0          59874/ 65536         |
+===========================+===============+====================================================+
| 7     910B4-1             | OK            | 90.3        36                0    / 0             |
| 0                         | 0000:42:00.0  | 0           0    / 0          59876/ 65536         |
+===========================+===============+====================================================+
+---------------------------+---------------+----------------------------------------------------+
| NPU     Chip              | Process id    | Process name             | Process memory(MB)      |
+===========================+===============+====================================================+
| No running processes found in NPU 0                                                            |
+===========================+===============+====================================================+
| No running processes found in NPU 1                                                            |
+===========================+===============+====================================================+
| No running processes found in NPU 2                                                            |
+===========================+===============+====================================================+
| No running processes found in NPU 3                                                            |
+===========================+===============+====================================================+
| 4       0                 | 3107012       | VLLMWorker               | 55437                   |
+===========================+===============+====================================================+
| 5       0                 | 3107007       | VLLMWorker               | 55175                   |
+===========================+===============+====================================================+
| 6       0                 | 3107008       | VLLMWorker               | 56515                   |
+===========================+===============+====================================================+
| 7       0                 | 3107009       | VLLMWorker               | 56517                   |
+===========================+===============+====================================================+
timestamp=2026-07-29 21:23:10
+------------------------------------------------------------------------------------------------+
| npu-smi 25.2.3                   Version: 25.2.3                                               |
+---------------------------+---------------+----------------------------------------------------+
| NPU   Name                | Health        | Power(W)    Temp(C)           Hugepages-Usage(page)|
| Chip                      | Bus-Id        | AICore(%)   Memory-Usage(MB)  HBM-Usage(MB)        |
+===========================+===============+====================================================+
| 0     910B4-1             | OK            | 91.9        34                0    / 0             |
| 0                         | 0000:C1:00.0  | 0           0    / 0          3422 / 65536         |
+===========================+===============+====================================================+
| 1     910B4-1             | OK            | 89.7        31                0    / 0             |
| 0                         | 0000:C2:00.0  | 0           0    / 0          3413 / 65536         |
+===========================+===============+====================================================+
| 2     910B4-1             | OK            | 85.1        32                0    / 0             |
| 0                         | 0000:81:00.0  | 0           0    / 0          3410 / 65536         |
+===========================+===============+====================================================+
| 3     910B4-1             | OK            | 89.2        33                0    / 0             |
| 0                         | 0000:82:00.0  | 0           0    / 0          3413 / 65536         |
+===========================+===============+====================================================+
| 4     910B4-1             | OK            | 92.3        37                0    / 0             |
| 0                         | 0000:01:00.0  | 0           0    / 0          58804/ 65536         |
+===========================+===============+====================================================+
| 5     910B4-1             | OK            | 87.1        38                0    / 0             |
| 0                         | 0000:02:00.0  | 0           0    / 0          58539/ 65536         |
+===========================+===============+====================================================+
| 6     910B4-1             | OK            | 90.7        35                0    / 0             |
| 0                         | 0000:41:00.0  | 0           0    / 0          59874/ 65536         |
+===========================+===============+====================================================+
| 7     910B4-1             | OK            | 90.3        36                0    / 0             |
| 0                         | 0000:42:00.0  | 0           0    / 0          59876/ 65536         |
+===========================+===============+====================================================+
+---------------------------+---------------+----------------------------------------------------+
| NPU     Chip              | Process id    | Process name             | Process memory(MB)      |
+===========================+===============+====================================================+
| No running processes found in NPU 0                                                            |
+===========================+===============+====================================================+
| No running processes found in NPU 1                                                            |
+===========================+===============+====================================================+
| No running processes found in NPU 2                                                            |
+===========================+===============+====================================================+
| No running processes found in NPU 3                                                            |
+===========================+===============+====================================================+
| 4       0                 | 3107012       | VLLMWorker               | 55437                   |
+===========================+===============+====================================================+
| 5       0                 | 3107007       | VLLMWorker               | 55175                   |
+===========================+===============+====================================================+
| 6       0                 | 3107008       | VLLMWorker               | 56515                   |
+===========================+===============+====================================================+
| 7       0                 | 3107009       | VLLMWorker               | 56517                   |
+===========================+===============+====================================================+
timestamp=2026-07-29 21:23:14
+------------------------------------------------------------------------------------------------+
| npu-smi 25.2.3                   Version: 25.2.3                                               |
+---------------------------+---------------+----------------------------------------------------+
| NPU   Name                | Health        | Power(W)    Temp(C)           Hugepages-Usage(page)|
| Chip                      | Bus-Id        | AICore(%)   Memory-Usage(MB)  HBM-Usage(MB)        |
+===========================+===============+====================================================+
| 0     910B4-1             | OK            | 91.6        33                0    / 0             |
| 0                         | 0000:C1:00.0  | 0           0    / 0          3422 / 65536         |
+===========================+===============+====================================================+
| 1     910B4-1             | OK            | 89.8        32                0    / 0             |
| 0                         | 0000:C2:00.0  | 0           0    / 0          3414 / 65536         |
+===========================+===============+====================================================+
| 2     910B4-1             | OK            | 85.1        32                0    / 0             |
| 0                         | 0000:81:00.0  | 0           0    / 0          3411 / 65536         |
+===========================+===============+====================================================+
| 3     910B4-1             | OK            | 89.2        33                0    / 0             |
| 0                         | 0000:82:00.0  | 0           0    / 0          3413 / 65536         |
+===========================+===============+====================================================+
| 4     910B4-1             | OK            | 92.2        37                0    / 0             |
| 0                         | 0000:01:00.0  | 0           0    / 0          58804/ 65536         |
+===========================+===============+====================================================+
| 5     910B4-1             | OK            | 87.0        38                0    / 0             |
| 0                         | 0000:02:00.0  | 0           0    / 0          58539/ 65536         |
+===========================+===============+====================================================+
| 6     910B4-1             | OK            | 90.7        36                0    / 0             |
| 0                         | 0000:41:00.0  | 0           0    / 0          59873/ 65536         |
+===========================+===============+====================================================+
| 7     910B4-1             | OK            | 90.2        36                0    / 0             |
| 0                         | 0000:42:00.0  | 0           0    / 0          59876/ 65536         |
+===========================+===============+====================================================+
+---------------------------+---------------+----------------------------------------------------+
| NPU     Chip              | Process id    | Process name             | Process memory(MB)      |
+===========================+===============+====================================================+
| No running processes found in NPU 0                                                            |
+===========================+===============+====================================================+
| No running processes found in NPU 1                                                            |
+===========================+===============+====================================================+
| No running processes found in NPU 2                                                            |
+===========================+===============+====================================================+
| No running processes found in NPU 3                                                            |
+===========================+===============+====================================================+
| 4       0                 | 3107012       | VLLMWorker               | 55437                   |
+===========================+===============+====================================================+
| 5       0                 | 3107007       | VLLMWorker               | 55175                   |
+===========================+===============+====================================================+
| 6       0                 | 3107008       | VLLMWorker               | 56515                   |
+===========================+===============+====================================================+
| 7       0                 | 3107009       | VLLMWorker               | 56517                   |
+===========================+===============+====================================================+
timestamp=2026-07-29 21:23:18
+------------------------------------------------------------------------------------------------+
| npu-smi 25.2.3                   Version: 25.2.3                                               |
+---------------------------+---------------+----------------------------------------------------+
| NPU   Name                | Health        | Power(W)    Temp(C)           Hugepages-Usage(page)|
| Chip                      | Bus-Id        | AICore(%)   Memory-Usage(MB)  HBM-Usage(MB)        |
+===========================+===============+====================================================+
| 0     910B4-1             | OK            | 91.6        33                0    / 0             |
| 0                         | 0000:C1:00.0  | 0           0    / 0          3422 / 65536         |
+===========================+===============+====================================================+
| 1     910B4-1             | OK            | 89.8        32                0    / 0             |
| 0                         | 0000:C2:00.0  | 0           0    / 0          3414 / 65536         |
+===========================+===============+====================================================+
| 2     910B4-1             | OK            | 85.1        32                0    / 0             |
| 0                         | 0000:81:00.0  | 0           0    / 0          3411 / 65536         |
+===========================+===============+====================================================+
| 3     910B4-1             | OK            | 89.2        33                0    / 0             |
| 0                         | 0000:82:00.0  | 0           0    / 0          3413 / 65536         |
+===========================+===============+====================================================+
| 4     910B4-1             | OK            | 92.3        37                0    / 0             |
| 0                         | 0000:01:00.0  | 0           0    / 0          58804/ 65536         |
+===========================+===============+====================================================+
| 5     910B4-1             | OK            | 87.0        38                0    / 0             |
| 0                         | 0000:02:00.0  | 0           0    / 0          58539/ 65536         |
+===========================+===============+====================================================+
| 6     910B4-1             | OK            | 90.7        35                0    / 0             |
| 0                         | 0000:41:00.0  | 0           0    / 0          59874/ 65536         |
+===========================+===============+====================================================+
| 7     910B4-1             | OK            | 90.3        37                0    / 0             |
| 0                         | 0000:42:00.0  | 0           0    / 0          59875/ 65536         |
+===========================+===============+====================================================+
+---------------------------+---------------+----------------------------------------------------+
| NPU     Chip              | Process id    | Process name             | Process memory(MB)      |
+===========================+===============+====================================================+
| No running processes found in NPU 0                                                            |
+===========================+===============+====================================================+
| No running processes found in NPU 1                                                            |
+===========================+===============+====================================================+
| No running processes found in NPU 2                                                            |
+===========================+===============+====================================================+
| No running processes found in NPU 3                                                            |
+===========================+===============+====================================================+
| 4       0                 | 3107012       | VLLMWorker               | 55437                   |
+===========================+===============+====================================================+
| 5       0                 | 3107007       | VLLMWorker               | 55175                   |
+===========================+===============+====================================================+
| 6       0                 | 3107008       | VLLMWorker               | 56515                   |
+===========================+===============+====================================================+
| 7       0                 | 3107009       | VLLMWorker               | 56517                   |
+===========================+===============+====================================================+
timestamp=2026-07-29 21:23:22
+------------------------------------------------------------------------------------------------+
| npu-smi 25.2.3                   Version: 25.2.3                                               |
+---------------------------+---------------+----------------------------------------------------+
| NPU   Name                | Health        | Power(W)    Temp(C)           Hugepages-Usage(page)|
| Chip                      | Bus-Id        | AICore(%)   Memory-Usage(MB)  HBM-Usage(MB)        |
+===========================+===============+====================================================+
| 0     910B4-1             | OK            | 91.7        33                0    / 0             |
| 0                         | 0000:C1:00.0  | 0           0    / 0          3422 / 65536         |
+===========================+===============+====================================================+
| 1     910B4-1             | OK            | 89.8        31                0    / 0             |
| 0                         | 0000:C2:00.0  | 0           0    / 0          3414 / 65536         |
+===========================+===============+====================================================+
| 2     910B4-1             | OK            | 85.0        32                0    / 0             |
| 0                         | 0000:81:00.0  | 0           0    / 0          3411 / 65536         |
+===========================+===============+====================================================+
| 3     910B4-1             | OK            | 89.1        32                0    / 0             |
| 0                         | 0000:82:00.0  | 0           0    / 0          3413 / 65536         |
+===========================+===============+====================================================+
| 4     910B4-1             | OK            | 92.3        37                0    / 0             |
| 0                         | 0000:01:00.0  | 0           0    / 0          58804/ 65536         |
+===========================+===============+====================================================+
| 5     910B4-1             | OK            | 87.1        38                0    / 0             |
| 0                         | 0000:02:00.0  | 0           0    / 0          58539/ 65536         |
+===========================+===============+====================================================+
| 6     910B4-1             | OK            | 90.7        36                0    / 0             |
| 0                         | 0000:41:00.0  | 0           0    / 0          59873/ 65536         |
+===========================+===============+====================================================+
| 7     910B4-1             | OK            | 90.3        36                0    / 0             |
| 0                         | 0000:42:00.0  | 0           0    / 0          59876/ 65536         |
+===========================+===============+====================================================+
+---------------------------+---------------+----------------------------------------------------+
| NPU     Chip              | Process id    | Process name             | Process memory(MB)      |
+===========================+===============+====================================================+
| No running processes found in NPU 0                                                            |
+===========================+===============+====================================================+
| No running processes found in NPU 1                                                            |
+===========================+===============+====================================================+
| No running processes found in NPU 2                                                            |
+===========================+===============+====================================================+
| No running processes found in NPU 3                                                            |
+===========================+===============+====================================================+
| 4       0                 | 3107012       | VLLMWorker               | 55437                   |
+===========================+===============+====================================================+
| 5       0                 | 3107007       | VLLMWorker               | 55175                   |
+===========================+===============+====================================================+
| 6       0                 | 3107008       | VLLMWorker               | 56515                   |
+===========================+===============+====================================================+
| 7       0                 | 3107009       | VLLMWorker               | 56517                   |
+===========================+===============+====================================================+
timestamp=2026-07-29 21:23:26
+------------------------------------------------------------------------------------------------+
| npu-smi 25.2.3                   Version: 25.2.3                                               |
+---------------------------+---------------+----------------------------------------------------+
| NPU   Name                | Health        | Power(W)    Temp(C)           Hugepages-Usage(page)|
| Chip                      | Bus-Id        | AICore(%)   Memory-Usage(MB)  HBM-Usage(MB)        |
+===========================+===============+====================================================+
| 0     910B4-1             | OK            | 91.6        34                0    / 0             |
| 0                         | 0000:C1:00.0  | 0           0    / 0          3422 / 65536         |
+===========================+===============+====================================================+
| 1     910B4-1             | OK            | 89.7        32                0    / 0             |
| 0                         | 0000:C2:00.0  | 0           0    / 0          3414 / 65536         |
+===========================+===============+====================================================+
| 2     910B4-1             | OK            | 85.0        32                0    / 0             |
| 0                         | 0000:81:00.0  | 0           0    / 0          3411 / 65536         |
+===========================+===============+====================================================+
| 3     910B4-1             | OK            | 89.3        33                0    / 0             |
| 0                         | 0000:82:00.0  | 0           0    / 0          3413 / 65536         |
+===========================+===============+====================================================+
| 4     910B4-1             | OK            | 92.4        37                0    / 0             |
| 0                         | 0000:01:00.0  | 0           0    / 0          58804/ 65536         |
+===========================+===============+====================================================+
| 5     910B4-1             | OK            | 86.9        38                0    / 0             |
| 0                         | 0000:02:00.0  | 0           0    / 0          58539/ 65536         |
+===========================+===============+====================================================+
| 6     910B4-1             | OK            | 90.6        35                0    / 0             |
| 0                         | 0000:41:00.0  | 0           0    / 0          59874/ 65536         |
+===========================+===============+====================================================+
| 7     910B4-1             | OK            | 90.2        37                0    / 0             |
| 0                         | 0000:42:00.0  | 0           0    / 0          59876/ 65536         |
+===========================+===============+====================================================+
+---------------------------+---------------+----------------------------------------------------+
| NPU     Chip              | Process id    | Process name             | Process memory(MB)      |
+===========================+===============+====================================================+
| No running processes found in NPU 0                                                            |
+===========================+===============+====================================================+
| No running processes found in NPU 1                                                            |
+===========================+===============+====================================================+
| No running processes found in NPU 2                                                            |
+===========================+===============+====================================================+
| No running processes found in NPU 3                                                            |
+===========================+===============+====================================================+
| 4       0                 | 3107012       | VLLMWorker               | 55437                   |
+===========================+===============+====================================================+
| 5       0                 | 3107007       | VLLMWorker               | 55175                   |
+===========================+===============+====================================================+
| 6       0                 | 3107008       | VLLMWorker               | 56515                   |
+===========================+===============+====================================================+
| 7       0                 | 3107009       | VLLMWorker               | 56517                   |
+===========================+===============+====================================================+
timestamp=2026-07-29 21:23:31
+------------------------------------------------------------------------------------------------+
| npu-smi 25.2.3                   Version: 25.2.3                                               |
+---------------------------+---------------+----------------------------------------------------+
| NPU   Name                | Health        | Power(W)    Temp(C)           Hugepages-Usage(page)|
| Chip                      | Bus-Id        | AICore(%)   Memory-Usage(MB)  HBM-Usage(MB)        |
+===========================+===============+====================================================+
| 0     910B4-1             | OK            | 91.9        34                0    / 0             |
| 0                         | 0000:C1:00.0  | 0           0    / 0          3422 / 65536         |
+===========================+===============+====================================================+
| 1     910B4-1             | OK            | 89.8        31                0    / 0             |
| 0                         | 0000:C2:00.0  | 0           0    / 0          3414 / 65536         |
+===========================+===============+====================================================+
| 2     910B4-1             | OK            | 85.0        32                0    / 0             |
| 0                         | 0000:81:00.0  | 0           0    / 0          3410 / 65536         |
+===========================+===============+====================================================+
| 3     910B4-1             | OK            | 89.1        33                0    / 0             |
| 0                         | 0000:82:00.0  | 0           0    / 0          3413 / 65536         |
+===========================+===============+====================================================+
| 4     910B4-1             | OK            | 92.2        37                0    / 0             |
| 0                         | 0000:01:00.0  | 0           0    / 0          58804/ 65536         |
+===========================+===============+====================================================+
| 5     910B4-1             | OK            | 87.0        38                0    / 0             |
| 0                         | 0000:02:00.0  | 0           0    / 0          58539/ 65536         |
+===========================+===============+====================================================+
| 6     910B4-1             | OK            | 90.7        36                0    / 0             |
| 0                         | 0000:41:00.0  | 0           0    / 0          59874/ 65536         |
+===========================+===============+====================================================+
| 7     910B4-1             | OK            | 90.3        36                0    / 0             |
| 0                         | 0000:42:00.0  | 0           0    / 0          59876/ 65536         |
+===========================+===============+====================================================+
+---------------------------+---------------+----------------------------------------------------+
| NPU     Chip              | Process id    | Process name             | Process memory(MB)      |
+===========================+===============+====================================================+
| No running processes found in NPU 0                                                            |
+===========================+===============+====================================================+
| No running processes found in NPU 1                                                            |
+===========================+===============+====================================================+
| No running processes found in NPU 2                                                            |
+===========================+===============+====================================================+
| No running processes found in NPU 3                                                            |
+===========================+===============+====================================================+
| 4       0                 | 3107012       | VLLMWorker               | 55437                   |
+===========================+===============+====================================================+
| 5       0                 | 3107007       | VLLMWorker               | 55175                   |
+===========================+===============+====================================================+
| 6       0                 | 3107008       | VLLMWorker               | 56515                   |
+===========================+===============+====================================================+
| 7       0                 | 3107009       | VLLMWorker               | 56517                   |
+===========================+===============+====================================================+
timestamp=2026-07-29 21:23:35
+------------------------------------------------------------------------------------------------+
| npu-smi 25.2.3                   Version: 25.2.3                                               |
+---------------------------+---------------+----------------------------------------------------+
| NPU   Name                | Health        | Power(W)    Temp(C)           Hugepages-Usage(page)|
| Chip                      | Bus-Id        | AICore(%)   Memory-Usage(MB)  HBM-Usage(MB)        |
+===========================+===============+====================================================+
| 0     910B4-1             | OK            | 91.4        34                0    / 0             |
| 0                         | 0000:C1:00.0  | 0           0    / 0          3422 / 65536         |
+===========================+===============+====================================================+
| 1     910B4-1             | OK            | 89.8        32                0    / 0             |
| 0                         | 0000:C2:00.0  | 0           0    / 0          3414 / 65536         |
+===========================+===============+====================================================+
| 2     910B4-1             | OK            | 85.2        32                0    / 0             |
| 0                         | 0000:81:00.0  | 0           0    / 0          3411 / 65536         |
+===========================+===============+====================================================+
| 3     910B4-1             | OK            | 89.2        33                0    / 0             |
| 0                         | 0000:82:00.0  | 0           0    / 0          3413 / 65536         |
+===========================+===============+====================================================+
| 4     910B4-1             | OK            | 92.3        37                0    / 0             |
| 0                         | 0000:01:00.0  | 0           0    / 0          58803/ 65536         |
+===========================+===============+====================================================+
| 5     910B4-1             | OK            | 87.0        38                0    / 0             |
| 0                         | 0000:02:00.0  | 0           0    / 0          58539/ 65536         |
+===========================+===============+====================================================+
| 6     910B4-1             | OK            | 90.7        36                0    / 0             |
| 0                         | 0000:41:00.0  | 0           0    / 0          59874/ 65536         |
+===========================+===============+====================================================+
| 7     910B4-1             | OK            | 90.2        36                0    / 0             |
| 0                         | 0000:42:00.0  | 0           0    / 0          59876/ 65536         |
+===========================+===============+====================================================+
+---------------------------+---------------+----------------------------------------------------+
| NPU     Chip              | Process id    | Process name             | Process memory(MB)      |
+===========================+===============+====================================================+
| No running processes found in NPU 0                                                            |
+===========================+===============+====================================================+
| No running processes found in NPU 1                                                            |
+===========================+===============+====================================================+
| No running processes found in NPU 2                                                            |
+===========================+===============+====================================================+
| No running processes found in NPU 3                                                            |
+===========================+===============+====================================================+
| 4       0                 | 3107012       | VLLMWorker               | 55437                   |
+===========================+===============+====================================================+
| 5       0                 | 3107007       | VLLMWorker               | 55175                   |
+===========================+===============+====================================================+
| 6       0                 | 3107008       | VLLMWorker               | 56515                   |
+===========================+===============+====================================================+
| 7       0                 | 3107009       | VLLMWorker               | 56517                   |
+===========================+===============+====================================================+
timestamp=2026-07-29 21:23:39
+------------------------------------------------------------------------------------------------+
| npu-smi 25.2.3                   Version: 25.2.3                                               |
+---------------------------+---------------+----------------------------------------------------+
| NPU   Name                | Health        | Power(W)    Temp(C)           Hugepages-Usage(page)|
| Chip                      | Bus-Id        | AICore(%)   Memory-Usage(MB)  HBM-Usage(MB)        |
+===========================+===============+====================================================+
| 0     910B4-1             | OK            | 91.8        34                0    / 0             |
| 0                         | 0000:C1:00.0  | 0           0    / 0          3422 / 65536         |
+===========================+===============+====================================================+
| 1     910B4-1             | OK            | 89.8        32                0    / 0             |
| 0                         | 0000:C2:00.0  | 0           0    / 0          3414 / 65536         |
+===========================+===============+====================================================+
| 2     910B4-1             | OK            | 86.2        32                0    / 0             |
| 0                         | 0000:81:00.0  | 0           0    / 0          3464 / 65536         |
+===========================+===============+====================================================+
| 3     910B4-1             | OK            | 89.1        33                0    / 0             |
| 0                         | 0000:82:00.0  | 0           0    / 0          3413 / 65536         |
+===========================+===============+====================================================+
| 4     910B4-1             | OK            | 92.2        37                0    / 0             |
| 0                         | 0000:01:00.0  | 0           0    / 0          58804/ 65536         |
+===========================+===============+====================================================+
| 5     910B4-1             | OK            | 87.1        38                0    / 0             |
| 0                         | 0000:02:00.0  | 0           0    / 0          58539/ 65536         |
+===========================+===============+====================================================+
| 6     910B4-1             | OK            | 90.6        36                0    / 0             |
| 0                         | 0000:41:00.0  | 0           0    / 0          59874/ 65536         |
+===========================+===============+====================================================+
| 7     910B4-1             | OK            | 90.2        36                0    / 0             |
| 0                         | 0000:42:00.0  | 0           0    / 0          59875/ 65536         |
+===========================+===============+====================================================+
+---------------------------+---------------+----------------------------------------------------+
| NPU     Chip              | Process id    | Process name             | Process memory(MB)      |
+===========================+===============+====================================================+
| No running processes found in NPU 0                                                            |
+===========================+===============+====================================================+
| No running processes found in NPU 1                                                            |
+===========================+===============+====================================================+
| 2       0                 | 8121          | rayWorkerDict            | 105                     |
+===========================+===============+====================================================+
| No running processes found in NPU 3                                                            |
+===========================+===============+====================================================+
| 4       0                 | 3107012       | VLLMWorker               | 55437                   |
+===========================+===============+====================================================+
| 5       0                 | 3107007       | VLLMWorker               | 55175                   |
+===========================+===============+====================================================+
| 6       0                 | 3107008       | VLLMWorker               | 56515                   |
+===========================+===============+====================================================+
| 7       0                 | 3107009       | VLLMWorker               | 56517                   |
+===========================+===============+====================================================+
timestamp=2026-07-29 21:23:43
+------------------------------------------------------------------------------------------------+
| npu-smi 25.2.3                   Version: 25.2.3                                               |
+---------------------------+---------------+----------------------------------------------------+
| NPU   Name                | Health        | Power(W)    Temp(C)           Hugepages-Usage(page)|
| Chip                      | Bus-Id        | AICore(%)   Memory-Usage(MB)  HBM-Usage(MB)        |
+===========================+===============+====================================================+
| 0     910B4-1             | OK            | 91.7        33                0    / 0             |
| 0                         | 0000:C1:00.0  | 0           0    / 0          3422 / 65536         |
+===========================+===============+====================================================+
| 1     910B4-1             | OK            | 89.7        32                0    / 0             |
| 0                         | 0000:C2:00.0  | 0           0    / 0          3414 / 65536         |
+===========================+===============+====================================================+
| 2     910B4-1             | OK            | 85.0        32                0    / 0             |
| 0                         | 0000:81:00.0  | 0           0    / 0          3464 / 65536         |
+===========================+===============+====================================================+
| 3     910B4-1             | OK            | 89.0        32                0    / 0             |
| 0                         | 0000:82:00.0  | 0           0    / 0          3413 / 65536         |
+===========================+===============+====================================================+
| 4     910B4-1             | OK            | 92.2        37                0    / 0             |
| 0                         | 0000:01:00.0  | 0           0    / 0          58804/ 65536         |
+===========================+===============+====================================================+
| 5     910B4-1             | OK            | 87.0        38                0    / 0             |
| 0                         | 0000:02:00.0  | 0           0    / 0          58539/ 65536         |
+===========================+===============+====================================================+
| 6     910B4-1             | OK            | 90.8        35                0    / 0             |
| 0                         | 0000:41:00.0  | 0           0    / 0          59873/ 65536         |
+===========================+===============+====================================================+
| 7     910B4-1             | OK            | 90.2        36                0    / 0             |
| 0                         | 0000:42:00.0  | 0           0    / 0          59876/ 65536         |
+===========================+===============+====================================================+
+---------------------------+---------------+----------------------------------------------------+
| NPU     Chip              | Process id    | Process name             | Process memory(MB)      |
+===========================+===============+====================================================+
| No running processes found in NPU 0                                                            |
+===========================+===============+====================================================+
| No running processes found in NPU 1                                                            |
+===========================+===============+====================================================+
| 2       0                 | 8121          | rayWorkerDict            | 105                     |
+===========================+===============+====================================================+
| No running processes found in NPU 3                                                            |
+===========================+===============+====================================================+
| 4       0                 | 3107012       | VLLMWorker               | 55437                   |
+===========================+===============+====================================================+
| 5       0                 | 3107007       | VLLMWorker               | 55175                   |
+===========================+===============+====================================================+
| 6       0                 | 3107008       | VLLMWorker               | 56515                   |
+===========================+===============+====================================================+
| 7       0                 | 3107009       | VLLMWorker               | 56517                   |
+===========================+===============+====================================================+
timestamp=2026-07-29 21:23:48
+------------------------------------------------------------------------------------------------+
| npu-smi 25.2.3                   Version: 25.2.3                                               |
+---------------------------+---------------+----------------------------------------------------+
| NPU   Name                | Health        | Power(W)    Temp(C)           Hugepages-Usage(page)|
| Chip                      | Bus-Id        | AICore(%)   Memory-Usage(MB)  HBM-Usage(MB)        |
+===========================+===============+====================================================+
| 0     910B4-1             | OK            | 91.7        34                0    / 0             |
| 0                         | 0000:C1:00.0  | 0           0    / 0          3422 / 65536         |
+===========================+===============+====================================================+
| 1     910B4-1             | OK            | 89.6        32                0    / 0             |
| 0                         | 0000:C2:00.0  | 0           0    / 0          3414 / 65536         |
+===========================+===============+====================================================+
| 2     910B4-1             | OK            | 92.9        32                0    / 0             |
| 0                         | 0000:81:00.0  | 0           0    / 0          9064 / 65536         |
+===========================+===============+====================================================+
| 3     910B4-1             | OK            | 89.1        33                0    / 0             |
| 0                         | 0000:82:00.0  | 0           0    / 0          3413 / 65536         |
+===========================+===============+====================================================+
| 4     910B4-1             | OK            | 92.1        37                0    / 0             |
| 0                         | 0000:01:00.0  | 0           0    / 0          58804/ 65536         |
+===========================+===============+====================================================+
| 5     910B4-1             | OK            | 87.0        38                0    / 0             |
| 0                         | 0000:02:00.0  | 0           0    / 0          58539/ 65536         |
+===========================+===============+====================================================+
| 6     910B4-1             | OK            | 90.6        35                0    / 0             |
| 0                         | 0000:41:00.0  | 0           0    / 0          59874/ 65536         |
+===========================+===============+====================================================+
| 7     910B4-1             | OK            | 90.3        36                0    / 0             |
| 0                         | 0000:42:00.0  | 0           0    / 0          59875/ 65536         |
+===========================+===============+====================================================+
+---------------------------+---------------+----------------------------------------------------+
| NPU     Chip              | Process id    | Process name             | Process memory(MB)      |
+===========================+===============+====================================================+
| No running processes found in NPU 0                                                            |
+===========================+===============+====================================================+
| No running processes found in NPU 1                                                            |
+===========================+===============+====================================================+
| 2       0                 | 8121          | rayWorkerDict            | 5705                    |
+===========================+===============+====================================================+
| No running processes found in NPU 3                                                            |
+===========================+===============+====================================================+
| 4       0                 | 3107012       | VLLMWorker               | 55437                   |
+===========================+===============+====================================================+
| 5       0                 | 3107007       | VLLMWorker               | 55175                   |
+===========================+===============+====================================================+
| 6       0                 | 3107008       | VLLMWorker               | 56515                   |
+===========================+===============+====================================================+
| 7       0                 | 3107009       | VLLMWorker               | 56517                   |
+===========================+===============+====================================================+
timestamp=2026-07-29 21:23:52
+------------------------------------------------------------------------------------------------+
| npu-smi 25.2.3                   Version: 25.2.3                                               |
+---------------------------+---------------+----------------------------------------------------+
| NPU   Name                | Health        | Power(W)    Temp(C)           Hugepages-Usage(page)|
| Chip                      | Bus-Id        | AICore(%)   Memory-Usage(MB)  HBM-Usage(MB)        |
+===========================+===============+====================================================+
| 0     910B4-1             | OK            | 91.7        34                0    / 0             |
| 0                         | 0000:C1:00.0  | 0           0    / 0          3422 / 65536         |
+===========================+===============+====================================================+
| 1     910B4-1             | OK            | 89.7        32                0    / 0             |
| 0                         | 0000:C2:00.0  | 0           0    / 0          3414 / 65536         |
+===========================+===============+====================================================+
| 2     910B4-1             | OK            | 92.8        32                0    / 0             |
| 0                         | 0000:81:00.0  | 0           0    / 0          19738/ 65536         |
+===========================+===============+====================================================+
| 3     910B4-1             | OK            | 89.1        33                0    / 0             |
| 0                         | 0000:82:00.0  | 0           0    / 0          3413 / 65536         |
+===========================+===============+====================================================+
| 4     910B4-1             | OK            | 92.2        37                0    / 0             |
| 0                         | 0000:01:00.0  | 0           0    / 0          58804/ 65536         |
+===========================+===============+====================================================+
| 5     910B4-1             | OK            | 86.9        38                0    / 0             |
| 0                         | 0000:02:00.0  | 0           0    / 0          58539/ 65536         |
+===========================+===============+====================================================+
| 6     910B4-1             | OK            | 90.6        36                0    / 0             |
| 0                         | 0000:41:00.0  | 0           0    / 0          59874/ 65536         |
+===========================+===============+====================================================+
| 7     910B4-1             | OK            | 90.2        36                0    / 0             |
| 0                         | 0000:42:00.0  | 0           0    / 0          59876/ 65536         |
+===========================+===============+====================================================+
+---------------------------+---------------+----------------------------------------------------+
| NPU     Chip              | Process id    | Process name             | Process memory(MB)      |
+===========================+===============+====================================================+
| No running processes found in NPU 0                                                            |
+===========================+===============+====================================================+
| No running processes found in NPU 1                                                            |
+===========================+===============+====================================================+
| 2       0                 | 8121          | rayWorkerDict            | 16379                   |
+===========================+===============+====================================================+
| No running processes found in NPU 3                                                            |
+===========================+===============+====================================================+
| 4       0                 | 3107012       | VLLMWorker               | 55437                   |
+===========================+===============+====================================================+
| 5       0                 | 3107007       | VLLMWorker               | 55175                   |
+===========================+===============+====================================================+
| 6       0                 | 3107008       | VLLMWorker               | 56515                   |
+===========================+===============+====================================================+
| 7       0                 | 3107009       | VLLMWorker               | 56517                   |
+===========================+===============+====================================================+
timestamp=2026-07-29 21:23:56
+------------------------------------------------------------------------------------------------+
| npu-smi 25.2.3                   Version: 25.2.3                                               |
+---------------------------+---------------+----------------------------------------------------+
| NPU   Name                | Health        | Power(W)    Temp(C)           Hugepages-Usage(page)|
| Chip                      | Bus-Id        | AICore(%)   Memory-Usage(MB)  HBM-Usage(MB)        |
+===========================+===============+====================================================+
| 0     910B4-1             | OK            | 91.7        34                0    / 0             |
| 0                         | 0000:C1:00.0  | 0           0    / 0          3422 / 65536         |
+===========================+===============+====================================================+
| 1     910B4-1             | OK            | 89.8        32                0    / 0             |
| 0                         | 0000:C2:00.0  | 0           0    / 0          3414 / 65536         |
+===========================+===============+====================================================+
| 2     910B4-1             | OK            | 93.1        32                0    / 0             |
| 0                         | 0000:81:00.0  | 0           0    / 0          21236/ 65536         |
+===========================+===============+====================================================+
| 3     910B4-1             | OK            | 89.1        33                0    / 0             |
| 0                         | 0000:82:00.0  | 0           0    / 0          3413 / 65536         |
+===========================+===============+====================================================+
| 4     910B4-1             | OK            | 92.1        37                0    / 0             |
| 0                         | 0000:01:00.0  | 0           0    / 0          58804/ 65536         |
+===========================+===============+====================================================+
| 5     910B4-1             | OK            | 87.0        38                0    / 0             |
| 0                         | 0000:02:00.0  | 0           0    / 0          58539/ 65536         |
+===========================+===============+====================================================+
| 6     910B4-1             | OK            | 90.7        36                0    / 0             |
| 0                         | 0000:41:00.0  | 0           0    / 0          59874/ 65536         |
+===========================+===============+====================================================+
| 7     910B4-1             | OK            | 90.3        37                0    / 0             |
| 0                         | 0000:42:00.0  | 0           0    / 0          59876/ 65536         |
+===========================+===============+====================================================+
+---------------------------+---------------+----------------------------------------------------+
| NPU     Chip              | Process id    | Process name             | Process memory(MB)      |
+===========================+===============+====================================================+
| No running processes found in NPU 0                                                            |
+===========================+===============+====================================================+
| No running processes found in NPU 1                                                            |
+===========================+===============+====================================================+
| 2       0                 | 8121          | rayWorkerDict            | 17877                   |
+===========================+===============+====================================================+
| No running processes found in NPU 3                                                            |
+===========================+===============+====================================================+
| 4       0                 | 3107012       | VLLMWorker               | 55437                   |
+===========================+===============+====================================================+
| 5       0                 | 3107007       | VLLMWorker               | 55175                   |
+===========================+===============+====================================================+
| 6       0                 | 3107008       | VLLMWorker               | 56515                   |
+===========================+===============+====================================================+
| 7       0                 | 3107009       | VLLMWorker               | 56517                   |
+===========================+===============+====================================================+
timestamp=2026-07-29 21:24:00
+------------------------------------------------------------------------------------------------+
| npu-smi 25.2.3                   Version: 25.2.3                                               |
+---------------------------+---------------+----------------------------------------------------+
| NPU   Name                | Health        | Power(W)    Temp(C)           Hugepages-Usage(page)|
| Chip                      | Bus-Id        | AICore(%)   Memory-Usage(MB)  HBM-Usage(MB)        |
+===========================+===============+====================================================+
| 0     910B4-1             | OK            | 91.8        34                0    / 0             |
| 0                         | 0000:C1:00.0  | 0           0    / 0          3422 / 65536         |
+===========================+===============+====================================================+
| 1     910B4-1             | OK            | 89.8        31                0    / 0             |
| 0                         | 0000:C2:00.0  | 0           0    / 0          3413 / 65536         |
+===========================+===============+====================================================+
| 2     910B4-1             | OK            | 93.5        32                0    / 0             |
| 0                         | 0000:81:00.0  | 0           0    / 0          21236/ 65536         |
+===========================+===============+====================================================+
| 3     910B4-1             | OK            | 89.2        33                0    / 0             |
| 0                         | 0000:82:00.0  | 0           0    / 0          3413 / 65536         |
+===========================+===============+====================================================+
| 4     910B4-1             | OK            | 92.2        37                0    / 0             |
| 0                         | 0000:01:00.0  | 0           0    / 0          58804/ 65536         |
+===========================+===============+====================================================+
| 5     910B4-1             | OK            | 87.0        38                0    / 0             |
| 0                         | 0000:02:00.0  | 0           0    / 0          58539/ 65536         |
+===========================+===============+====================================================+
| 6     910B4-1             | OK            | 90.6        36                0    / 0             |
| 0                         | 0000:41:00.0  | 0           0    / 0          59873/ 65536         |
+===========================+===============+====================================================+
| 7     910B4-1             | OK            | 90.2        36                0    / 0             |
| 0                         | 0000:42:00.0  | 0           0    / 0          59875/ 65536         |
+===========================+===============+====================================================+
+---------------------------+---------------+----------------------------------------------------+
| NPU     Chip              | Process id    | Process name             | Process memory(MB)      |
+===========================+===============+====================================================+
| No running processes found in NPU 0                                                            |
+===========================+===============+====================================================+
| No running processes found in NPU 1                                                            |
+===========================+===============+====================================================+
| 2       0                 | 8121          | rayWorkerDict            | 17877                   |
+===========================+===============+====================================================+
| No running processes found in NPU 3                                                            |
+===========================+===============+====================================================+
| 4       0                 | 3107012       | VLLMWorker               | 55437                   |
+===========================+===============+====================================================+
| 5       0                 | 3107007       | VLLMWorker               | 55175                   |
+===========================+===============+====================================================+
| 6       0                 | 3107008       | VLLMWorker               | 56515                   |
+===========================+===============+====================================================+
| 7       0                 | 3107009       | VLLMWorker               | 56517                   |
+===========================+===============+====================================================+
timestamp=2026-07-29 21:24:04
+------------------------------------------------------------------------------------------------+
| npu-smi 25.2.3                   Version: 25.2.3                                               |
+---------------------------+---------------+----------------------------------------------------+
| NPU   Name                | Health        | Power(W)    Temp(C)           Hugepages-Usage(page)|
| Chip                      | Bus-Id        | AICore(%)   Memory-Usage(MB)  HBM-Usage(MB)        |
+===========================+===============+====================================================+
| 0     910B4-1             | OK            | 91.7        33                0    / 0             |
| 0                         | 0000:C1:00.0  | 0           0    / 0          3422 / 65536         |
+===========================+===============+====================================================+
| 1     910B4-1             | OK            | 89.7        32                0    / 0             |
| 0                         | 0000:C2:00.0  | 0           0    / 0          3414 / 65536         |
+===========================+===============+====================================================+
| 2     910B4-1             | OK            | 92.5        32                0    / 0             |
| 0                         | 0000:81:00.0  | 0           0    / 0          21236/ 65536         |
+===========================+===============+====================================================+
| 3     910B4-1             | OK            | 89.3        33                0    / 0             |
| 0                         | 0000:82:00.0  | 0           0    / 0          3413 / 65536         |
+===========================+===============+====================================================+
| 4     910B4-1             | OK            | 92.2        37                0    / 0             |
| 0                         | 0000:01:00.0  | 0           0    / 0          58803/ 65536         |
+===========================+===============+====================================================+
| 5     910B4-1             | OK            | 87.0        38                0    / 0             |
| 0                         | 0000:02:00.0  | 0           0    / 0          58539/ 65536         |
+===========================+===============+====================================================+
| 6     910B4-1             | OK            | 90.9        35                0    / 0             |
| 0                         | 0000:41:00.0  | 0           0    / 0          59874/ 65536         |
+===========================+===============+====================================================+
| 7     910B4-1             | OK            | 90.2        36                0    / 0             |
| 0                         | 0000:42:00.0  | 0           0    / 0          59876/ 65536         |
+===========================+===============+====================================================+
+---------------------------+---------------+----------------------------------------------------+
| NPU     Chip              | Process id    | Process name             | Process memory(MB)      |
+===========================+===============+====================================================+
| No running processes found in NPU 0                                                            |
+===========================+===============+====================================================+
| No running processes found in NPU 1                                                            |
+===========================+===============+====================================================+
| 2       0                 | 8121          | rayWorkerDict            | 17877                   |
+===========================+===============+====================================================+
| No running processes found in NPU 3                                                            |
+===========================+===============+====================================================+
| 4       0                 | 3107012       | VLLMWorker               | 55437                   |
+===========================+===============+====================================================+
| 5       0                 | 3107007       | VLLMWorker               | 55175                   |
+===========================+===============+====================================================+
| 6       0                 | 3107008       | VLLMWorker               | 56515                   |
+===========================+===============+====================================================+
| 7       0                 | 3107009       | VLLMWorker               | 56517                   |
+===========================+===============+====================================================+
timestamp=2026-07-29 21:24:09
+------------------------------------------------------------------------------------------------+
| npu-smi 25.2.3                   Version: 25.2.3                                               |
+---------------------------+---------------+----------------------------------------------------+
| NPU   Name                | Health        | Power(W)    Temp(C)           Hugepages-Usage(page)|
| Chip                      | Bus-Id        | AICore(%)   Memory-Usage(MB)  HBM-Usage(MB)        |
+===========================+===============+====================================================+
| 0     910B4-1             | OK            | 91.5        34                0    / 0             |
| 0                         | 0000:C1:00.0  | 0           0    / 0          3422 / 65536         |
+===========================+===============+====================================================+
| 1     910B4-1             | OK            | 89.7        32                0    / 0             |
| 0                         | 0000:C2:00.0  | 0           0    / 0          3414 / 65536         |
+===========================+===============+====================================================+
| 2     910B4-1             | OK            | 85.1        32                0    / 0             |
| 0                         | 0000:81:00.0  | 0           0    / 0          21236/ 65536         |
+===========================+===============+====================================================+
| 3     910B4-1             | OK            | 89.0        33                0    / 0             |
| 0                         | 0000:82:00.0  | 0           0    / 0          3413 / 65536         |
+===========================+===============+====================================================+
| 4     910B4-1             | OK            | 92.4        37                0    / 0             |
| 0                         | 0000:01:00.0  | 0           0    / 0          58804/ 65536         |
+===========================+===============+====================================================+
| 5     910B4-1             | OK            | 87.0        38                0    / 0             |
| 0                         | 0000:02:00.0  | 0           0    / 0          58539/ 65536         |
+===========================+===============+====================================================+
| 6     910B4-1             | OK            | 90.7        36                0    / 0             |
| 0                         | 0000:41:00.0  | 0           0    / 0          59874/ 65536         |
+===========================+===============+====================================================+
| 7     910B4-1             | OK            | 90.3        36                0    / 0             |
| 0                         | 0000:42:00.0  | 0           0    / 0          59875/ 65536         |
+===========================+===============+====================================================+
+---------------------------+---------------+----------------------------------------------------+
| NPU     Chip              | Process id    | Process name             | Process memory(MB)      |
+===========================+===============+====================================================+
| No running processes found in NPU 0                                                            |
+===========================+===============+====================================================+
| No running processes found in NPU 1                                                            |
+===========================+===============+====================================================+
| 2       0                 | 8121          | rayWorkerDict            | 17877                   |
+===========================+===============+====================================================+
| No running processes found in NPU 3                                                            |
+===========================+===============+====================================================+
| 4       0                 | 3107012       | VLLMWorker               | 55437                   |
+===========================+===============+====================================================+
| 5       0                 | 3107007       | VLLMWorker               | 55175                   |
+===========================+===============+====================================================+
| 6       0                 | 3107008       | VLLMWorker               | 56515                   |
+===========================+===============+====================================================+
| 7       0                 | 3107009       | VLLMWorker               | 56517                   |
+===========================+===============+====================================================+
timestamp=2026-07-29 21:24:13
+------------------------------------------------------------------------------------------------+
| npu-smi 25.2.3                   Version: 25.2.3                                               |
+---------------------------+---------------+----------------------------------------------------+
| NPU   Name                | Health        | Power(W)    Temp(C)           Hugepages-Usage(page)|
| Chip                      | Bus-Id        | AICore(%)   Memory-Usage(MB)  HBM-Usage(MB)        |
+===========================+===============+====================================================+
| 0     910B4-1             | OK            | 91.5        34                0    / 0             |
| 0                         | 0000:C1:00.0  | 0           0    / 0          3422 / 65536         |
+===========================+===============+====================================================+
| 1     910B4-1             | OK            | 89.6        32                0    / 0             |
| 0                         | 0000:C2:00.0  | 0           0    / 0          3414 / 65536         |
+===========================+===============+====================================================+
| 2     910B4-1             | OK            | 85.1        32                0    / 0             |
| 0                         | 0000:81:00.0  | 0           0    / 0          21236/ 65536         |
+===========================+===============+====================================================+
| 3     910B4-1             | OK            | 89.2        33                0    / 0             |
| 0                         | 0000:82:00.0  | 0           0    / 0          3413 / 65536         |
+===========================+===============+====================================================+
| 4     910B4-1             | OK            | 92.3        37                0    / 0             |
| 0                         | 0000:01:00.0  | 0           0    / 0          58804/ 65536         |
+===========================+===============+====================================================+
| 5     910B4-1             | OK            | 87.1        38                0    / 0             |
| 0                         | 0000:02:00.0  | 0           0    / 0          58539/ 65536         |
+===========================+===============+====================================================+
| 6     910B4-1             | OK            | 90.6        36                0    / 0             |
| 0                         | 0000:41:00.0  | 0           0    / 0          59873/ 65536         |
+===========================+===============+====================================================+
| 7     910B4-1             | OK            | 90.2        36                0    / 0             |
| 0                         | 0000:42:00.0  | 0           0    / 0          59876/ 65536         |
+===========================+===============+====================================================+
+---------------------------+---------------+----------------------------------------------------+
| NPU     Chip              | Process id    | Process name             | Process memory(MB)      |
+===========================+===============+====================================================+
| No running processes found in NPU 0                                                            |
+===========================+===============+====================================================+
| No running processes found in NPU 1                                                            |
+===========================+===============+====================================================+
| 2       0                 | 8121          | rayWorkerDict            | 17877                   |
+===========================+===============+====================================================+
| No running processes found in NPU 3                                                            |
+===========================+===============+====================================================+
| 4       0                 | 3107012       | VLLMWorker               | 55437                   |
+===========================+===============+====================================================+
| 5       0                 | 3107007       | VLLMWorker               | 55175                   |
+===========================+===============+====================================================+
| 6       0                 | 3107008       | VLLMWorker               | 56515                   |
+===========================+===============+====================================================+
| 7       0                 | 3107009       | VLLMWorker               | 56517                   |
+===========================+===============+====================================================+
timestamp=2026-07-29 21:24:17
+------------------------------------------------------------------------------------------------+
| npu-smi 25.2.3                   Version: 25.2.3                                               |
+---------------------------+---------------+----------------------------------------------------+
| NPU   Name                | Health        | Power(W)    Temp(C)           Hugepages-Usage(page)|
| Chip                      | Bus-Id        | AICore(%)   Memory-Usage(MB)  HBM-Usage(MB)        |
+===========================+===============+====================================================+
| 0     910B4-1             | OK            | 91.9        33                0    / 0             |
| 0                         | 0000:C1:00.0  | 0           0    / 0          3422 / 65536         |
+===========================+===============+====================================================+
| 1     910B4-1             | OK            | 89.6        32                0    / 0             |
| 0                         | 0000:C2:00.0  | 0           0    / 0          3414 / 65536         |
+===========================+===============+====================================================+
| 2     910B4-1             | OK            | 85.1        32                0    / 0             |
| 0                         | 0000:81:00.0  | 0           0    / 0          21236/ 65536         |
+===========================+===============+====================================================+
| 3     910B4-1             | OK            | 89.0        33                0    / 0             |
| 0                         | 0000:82:00.0  | 0           0    / 0          3413 / 65536         |
+===========================+===============+====================================================+
| 4     910B4-1             | OK            | 92.3        37                0    / 0             |
| 0                         | 0000:01:00.0  | 0           0    / 0          58804/ 65536         |
+===========================+===============+====================================================+
| 5     910B4-1             | OK            | 87.1        38                0    / 0             |
| 0                         | 0000:02:00.0  | 0           0    / 0          58539/ 65536         |
+===========================+===============+====================================================+
| 6     910B4-1             | OK            | 90.7        36                0    / 0             |
| 0                         | 0000:41:00.0  | 0           0    / 0          59874/ 65536         |
+===========================+===============+====================================================+
| 7     910B4-1             | OK            | 90.3        36                0    / 0             |
| 0                         | 0000:42:00.0  | 0           0    / 0          59876/ 65536         |
+===========================+===============+====================================================+
+---------------------------+---------------+----------------------------------------------------+
| NPU     Chip              | Process id    | Process name             | Process memory(MB)      |
+===========================+===============+====================================================+
| No running processes found in NPU 0                                                            |
+===========================+===============+====================================================+
| No running processes found in NPU 1                                                            |
+===========================+===============+====================================================+
| 2       0                 | 8121          | rayWorkerDict            | 17877                   |
+===========================+===============+====================================================+
| No running processes found in NPU 3                                                            |
+===========================+===============+====================================================+
| 4       0                 | 3107012       | VLLMWorker               | 55437                   |
+===========================+===============+====================================================+
| 5       0                 | 3107007       | VLLMWorker               | 55175                   |
+===========================+===============+====================================================+
| 6       0                 | 3107008       | VLLMWorker               | 56515                   |
+===========================+===============+====================================================+
| 7       0                 | 3107009       | VLLMWorker               | 56517                   |
+===========================+===============+====================================================+
timestamp=2026-07-29 21:24:21
+------------------------------------------------------------------------------------------------+
| npu-smi 25.2.3                   Version: 25.2.3                                               |
+---------------------------+---------------+----------------------------------------------------+
| NPU   Name                | Health        | Power(W)    Temp(C)           Hugepages-Usage(page)|
| Chip                      | Bus-Id        | AICore(%)   Memory-Usage(MB)  HBM-Usage(MB)        |
+===========================+===============+====================================================+
| 0     910B4-1             | OK            | 91.7        34                0    / 0             |
| 0                         | 0000:C1:00.0  | 0           0    / 0          3422 / 65536         |
+===========================+===============+====================================================+
| 1     910B4-1             | OK            | 89.8        31                0    / 0             |
| 0                         | 0000:C2:00.0  | 0           0    / 0          3414 / 65536         |
+===========================+===============+====================================================+
| 2     910B4-1             | OK            | 85.1        32                0    / 0             |
| 0                         | 0000:81:00.0  | 0           0    / 0          21236/ 65536         |
+===========================+===============+====================================================+
| 3     910B4-1             | OK            | 89.1        32                0    / 0             |
| 0                         | 0000:82:00.0  | 0           0    / 0          3413 / 65536         |
+===========================+===============+====================================================+
| 4     910B4-1             | OK            | 92.4        37                0    / 0             |
| 0                         | 0000:01:00.0  | 0           0    / 0          58804/ 65536         |
+===========================+===============+====================================================+
| 5     910B4-1             | OK            | 87.1        38                0    / 0             |
| 0                         | 0000:02:00.0  | 0           0    / 0          58539/ 65536         |
+===========================+===============+====================================================+
| 6     910B4-1             | OK            | 90.7        35                0    / 0             |
| 0                         | 0000:41:00.0  | 0           0    / 0          59874/ 65536         |
+===========================+===============+====================================================+
| 7     910B4-1             | OK            | 90.6        36                0    / 0             |
| 0                         | 0000:42:00.0  | 0           0    / 0          59876/ 65536         |
+===========================+===============+====================================================+
+---------------------------+---------------+----------------------------------------------------+
| NPU     Chip              | Process id    | Process name             | Process memory(MB)      |
+===========================+===============+====================================================+
| No running processes found in NPU 0                                                            |
+===========================+===============+====================================================+
| No running processes found in NPU 1                                                            |
+===========================+===============+====================================================+
| 2       0                 | 8121          | rayWorkerDict            | 17877                   |
+===========================+===============+====================================================+
| No running processes found in NPU 3                                                            |
+===========================+===============+====================================================+
| 4       0                 | 3107012       | VLLMWorker               | 55437                   |
+===========================+===============+====================================================+
| 5       0                 | 3107007       | VLLMWorker               | 55175                   |
+===========================+===============+====================================================+
| 6       0                 | 3107008       | VLLMWorker               | 56515                   |
+===========================+===============+====================================================+
| 7       0                 | 3107009       | VLLMWorker               | 56517                   |
+===========================+===============+====================================================+
timestamp=2026-07-29 21:24:25
+------------------------------------------------------------------------------------------------+
| npu-smi 25.2.3                   Version: 25.2.3                                               |
+---------------------------+---------------+----------------------------------------------------+
| NPU   Name                | Health        | Power(W)    Temp(C)           Hugepages-Usage(page)|
| Chip                      | Bus-Id        | AICore(%)   Memory-Usage(MB)  HBM-Usage(MB)        |
+===========================+===============+====================================================+
| 0     910B4-1             | OK            | 91.5        34                0    / 0             |
| 0                         | 0000:C1:00.0  | 0           0    / 0          3422 / 65536         |
+===========================+===============+====================================================+
| 1     910B4-1             | OK            | 89.9        31                0    / 0             |
| 0                         | 0000:C2:00.0  | 0           0    / 0          3414 / 65536         |
+===========================+===============+====================================================+
| 2     910B4-1             | OK            | 85.2        32                0    / 0             |
| 0                         | 0000:81:00.0  | 0           0    / 0          19380/ 65536         |
+===========================+===============+====================================================+
| 3     910B4-1             | OK            | 89.2        33                0    / 0             |
| 0                         | 0000:82:00.0  | 0           0    / 0          3413 / 65536         |
+===========================+===============+====================================================+
| 4     910B4-1             | OK            | 92.4        37                0    / 0             |
| 0                         | 0000:01:00.0  | 0           0    / 0          58804/ 65536         |
+===========================+===============+====================================================+
| 5     910B4-1             | OK            | 87.0        38                0    / 0             |
| 0                         | 0000:02:00.0  | 0           0    / 0          58539/ 65536         |
+===========================+===============+====================================================+
| 6     910B4-1             | OK            | 90.5        36                0    / 0             |
| 0                         | 0000:41:00.0  | 0           0    / 0          59874/ 65536         |
+===========================+===============+====================================================+
| 7     910B4-1             | OK            | 90.3        36                0    / 0             |
| 0                         | 0000:42:00.0  | 0           0    / 0          59876/ 65536         |
+===========================+===============+====================================================+
+---------------------------+---------------+----------------------------------------------------+
| NPU     Chip              | Process id    | Process name             | Process memory(MB)      |
+===========================+===============+====================================================+
| No running processes found in NPU 0                                                            |
+===========================+===============+====================================================+
| No running processes found in NPU 1                                                            |
+===========================+===============+====================================================+
| 2       0                 | 8121          | rayWorkerDict            | 16021                   |
+===========================+===============+====================================================+
| No running processes found in NPU 3                                                            |
+===========================+===============+====================================================+
| 4       0                 | 3107012       | VLLMWorker               | 55437                   |
+===========================+===============+====================================================+
| 5       0                 | 3107007       | VLLMWorker               | 55175                   |
+===========================+===============+====================================================+
| 6       0                 | 3107008       | VLLMWorker               | 56515                   |
+===========================+===============+====================================================+
| 7       0                 | 3107009       | VLLMWorker               | 56517                   |
+===========================+===============+====================================================+
timestamp=2026-07-29 21:24:30
+------------------------------------------------------------------------------------------------+
| npu-smi 25.2.3                   Version: 25.2.3                                               |
+---------------------------+---------------+----------------------------------------------------+
| NPU   Name                | Health        | Power(W)    Temp(C)           Hugepages-Usage(page)|
| Chip                      | Bus-Id        | AICore(%)   Memory-Usage(MB)  HBM-Usage(MB)        |
+===========================+===============+====================================================+
| 0     910B4-1             | OK            | 91.7        34                0    / 0             |
| 0                         | 0000:C1:00.0  | 0           0    / 0          3422 / 65536         |
+===========================+===============+====================================================+
| 1     910B4-1             | OK            | 89.6        32                0    / 0             |
| 0                         | 0000:C2:00.0  | 0           0    / 0          3414 / 65536         |
+===========================+===============+====================================================+
| 2     910B4-1             | OK            | 85.2        32                0    / 0             |
| 0                         | 0000:81:00.0  | 0           0    / 0          19380/ 65536         |
+===========================+===============+====================================================+
| 3     910B4-1             | OK            | 89.2        33                0    / 0             |
| 0                         | 0000:82:00.0  | 0           0    / 0          3413 / 65536         |
+===========================+===============+====================================================+
| 4     910B4-1             | OK            | 92.1        37                0    / 0             |
| 0                         | 0000:01:00.0  | 0           0    / 0          58804/ 65536         |
+===========================+===============+====================================================+
| 5     910B4-1             | OK            | 87.1        38                0    / 0             |
| 0                         | 0000:02:00.0  | 0           0    / 0          58539/ 65536         |
+===========================+===============+====================================================+
| 6     910B4-1             | OK            | 90.8        36                0    / 0             |
| 0                         | 0000:41:00.0  | 0           0    / 0          59874/ 65536         |
+===========================+===============+====================================================+
| 7     910B4-1             | OK            | 90.1        36                0    / 0             |
| 0                         | 0000:42:00.0  | 0           0    / 0          59875/ 65536         |
+===========================+===============+====================================================+
+---------------------------+---------------+----------------------------------------------------+
| NPU     Chip              | Process id    | Process name             | Process memory(MB)      |
+===========================+===============+====================================================+
| No running processes found in NPU 0                                                            |
+===========================+===============+====================================================+
| No running processes found in NPU 1                                                            |
+===========================+===============+====================================================+
| 2       0                 | 8121          | rayWorkerDict            | 16021                   |
+===========================+===============+====================================================+
| No running processes found in NPU 3                                                            |
+===========================+===============+====================================================+
| 4       0                 | 3107012       | VLLMWorker               | 55437                   |
+===========================+===============+====================================================+
| 5       0                 | 3107007       | VLLMWorker               | 55175                   |
+===========================+===============+====================================================+
| 6       0                 | 3107008       | VLLMWorker               | 56515                   |
+===========================+===============+====================================================+
| 7       0                 | 3107009       | VLLMWorker               | 56517                   |
+===========================+===============+====================================================+
timestamp=2026-07-29 21:24:34
+------------------------------------------------------------------------------------------------+
| npu-smi 25.2.3                   Version: 25.2.3                                               |
+---------------------------+---------------+----------------------------------------------------+
| NPU   Name                | Health        | Power(W)    Temp(C)           Hugepages-Usage(page)|
| Chip                      | Bus-Id        | AICore(%)   Memory-Usage(MB)  HBM-Usage(MB)        |
+===========================+===============+====================================================+
| 0     910B4-1             | OK            | 91.6        34                0    / 0             |
| 0                         | 0000:C1:00.0  | 0           0    / 0          3422 / 65536         |
+===========================+===============+====================================================+
| 1     910B4-1             | OK            | 89.8        32                0    / 0             |
| 0                         | 0000:C2:00.0  | 0           0    / 0          3414 / 65536         |
+===========================+===============+====================================================+
| 2     910B4-1             | OK            | 85.2        32                0    / 0             |
| 0                         | 0000:81:00.0  | 0           0    / 0          19380/ 65536         |
+===========================+===============+====================================================+
| 3     910B4-1             | OK            | 89.2        33                0    / 0             |
| 0                         | 0000:82:00.0  | 0           0    / 0          3413 / 65536         |
+===========================+===============+====================================================+
| 4     910B4-1             | OK            | 92.3        37                0    / 0             |
| 0                         | 0000:01:00.0  | 0           0    / 0          58804/ 65536         |
+===========================+===============+====================================================+
| 5     910B4-1             | OK            | 87.1        38                0    / 0             |
| 0                         | 0000:02:00.0  | 0           0    / 0          58539/ 65536         |
+===========================+===============+====================================================+
| 6     910B4-1             | OK            | 90.6        36                0    / 0             |
| 0                         | 0000:41:00.0  | 0           0    / 0          59873/ 65536         |
+===========================+===============+====================================================+
| 7     910B4-1             | OK            | 90.3        36                0    / 0             |
| 0                         | 0000:42:00.0  | 0           0    / 0          59876/ 65536         |
+===========================+===============+====================================================+
+---------------------------+---------------+----------------------------------------------------+
| NPU     Chip              | Process id    | Process name             | Process memory(MB)      |
+===========================+===============+====================================================+
| No running processes found in NPU 0                                                            |
+===========================+===============+====================================================+
| No running processes found in NPU 1                                                            |
+===========================+===============+====================================================+
| 2       0                 | 8121          | rayWorkerDict            | 16021                   |
+===========================+===============+====================================================+
| No running processes found in NPU 3                                                            |
+===========================+===============+====================================================+
| 4       0                 | 3107012       | VLLMWorker               | 55437                   |
+===========================+===============+====================================================+
| 5       0                 | 3107007       | VLLMWorker               | 55175                   |
+===========================+===============+====================================================+
| 6       0                 | 3107008       | VLLMWorker               | 56515                   |
+===========================+===============+====================================================+
| 7       0                 | 3107009       | VLLMWorker               | 56517                   |
+===========================+===============+====================================================+
timestamp=2026-07-29 21:24:38
+------------------------------------------------------------------------------------------------+
| npu-smi 25.2.3                   Version: 25.2.3                                               |
+---------------------------+---------------+----------------------------------------------------+
| NPU   Name                | Health        | Power(W)    Temp(C)           Hugepages-Usage(page)|
| Chip                      | Bus-Id        | AICore(%)   Memory-Usage(MB)  HBM-Usage(MB)        |
+===========================+===============+====================================================+
| 0     910B4-1             | OK            | 91.5        33                0    / 0             |
| 0                         | 0000:C1:00.0  | 0           0    / 0          3422 / 65536         |
+===========================+===============+====================================================+
| 1     910B4-1             | OK            | 89.6        32                0    / 0             |
| 0                         | 0000:C2:00.0  | 0           0    / 0          3414 / 65536         |
+===========================+===============+====================================================+
| 2     910B4-1             | OK            | 85.1        32                0    / 0             |
| 0                         | 0000:81:00.0  | 0           0    / 0          19380/ 65536         |
+===========================+===============+====================================================+
| 3     910B4-1             | OK            | 89.2        32                0    / 0             |
| 0                         | 0000:82:00.0  | 0           0    / 0          3413 / 65536         |
+===========================+===============+====================================================+
| 4     910B4-1             | OK            | 92.2        37                0    / 0             |
| 0                         | 0000:01:00.0  | 0           0    / 0          58804/ 65536         |
+===========================+===============+====================================================+
| 5     910B4-1             | OK            | 87.0        38                0    / 0             |
| 0                         | 0000:02:00.0  | 0           0    / 0          58539/ 65536         |
+===========================+===============+====================================================+
| 6     910B4-1             | OK            | 90.6        35                0    / 0             |
| 0                         | 0000:41:00.0  | 0           0    / 0          59874/ 65536         |
+===========================+===============+====================================================+
| 7     910B4-1             | OK            | 90.2        36                0    / 0             |
| 0                         | 0000:42:00.0  | 0           0    / 0          59875/ 65536         |
+===========================+===============+====================================================+
+---------------------------+---------------+----------------------------------------------------+
| NPU     Chip              | Process id    | Process name             | Process memory(MB)      |
+===========================+===============+====================================================+
| No running processes found in NPU 0                                                            |
+===========================+===============+====================================================+
| No running processes found in NPU 1                                                            |
+===========================+===============+====================================================+
| 2       0                 | 8121          | rayWorkerDict            | 16021                   |
+===========================+===============+====================================================+
| No running processes found in NPU 3                                                            |
+===========================+===============+====================================================+
| 4       0                 | 3107012       | VLLMWorker               | 55437                   |
+===========================+===============+====================================================+
| 5       0                 | 3107007       | VLLMWorker               | 55175                   |
+===========================+===============+====================================================+
| 6       0                 | 3107008       | VLLMWorker               | 56515                   |
+===========================+===============+====================================================+
| 7       0                 | 3107009       | VLLMWorker               | 56517                   |
+===========================+===============+====================================================+
timestamp=2026-07-29 21:24:42
+------------------------------------------------------------------------------------------------+
| npu-smi 25.2.3                   Version: 25.2.3                                               |
+---------------------------+---------------+----------------------------------------------------+
| NPU   Name                | Health        | Power(W)    Temp(C)           Hugepages-Usage(page)|
| Chip                      | Bus-Id        | AICore(%)   Memory-Usage(MB)  HBM-Usage(MB)        |
+===========================+===============+====================================================+
| 0     910B4-1             | OK            | 91.8        34                0    / 0             |
| 0                         | 0000:C1:00.0  | 0           0    / 0          3422 / 65536         |
+===========================+===============+====================================================+
| 1     910B4-1             | OK            | 89.8        32                0    / 0             |
| 0                         | 0000:C2:00.0  | 0           0    / 0          3414 / 65536         |
+===========================+===============+====================================================+
| 2     910B4-1             | OK            | 85.0        32                0    / 0             |
| 0                         | 0000:81:00.0  | 0           0    / 0          19380/ 65536         |
+===========================+===============+====================================================+
| 3     910B4-1             | OK            | 89.1        33                0    / 0             |
| 0                         | 0000:82:00.0  | 0           0    / 0          3413 / 65536         |
+===========================+===============+====================================================+
| 4     910B4-1             | OK            | 92.3        37                0    / 0             |
| 0                         | 0000:01:00.0  | 0           0    / 0          58804/ 65536         |
+===========================+===============+====================================================+
| 5     910B4-1             | OK            | 87.1        38                0    / 0             |
| 0                         | 0000:02:00.0  | 0           0    / 0          58539/ 65536         |
+===========================+===============+====================================================+
| 6     910B4-1             | OK            | 90.7        36                0    / 0             |
| 0                         | 0000:41:00.0  | 0           0    / 0          59874/ 65536         |
+===========================+===============+====================================================+
| 7     910B4-1             | OK            | 90.2        37                0    / 0             |
| 0                         | 0000:42:00.0  | 0           0    / 0          59876/ 65536         |
+===========================+===============+====================================================+
+---------------------------+---------------+----------------------------------------------------+
| NPU     Chip              | Process id    | Process name             | Process memory(MB)      |
+===========================+===============+====================================================+
| No running processes found in NPU 0                                                            |
+===========================+===============+====================================================+
| No running processes found in NPU 1                                                            |
+===========================+===============+====================================================+
| 2       0                 | 8121          | rayWorkerDict            | 16021                   |
+===========================+===============+====================================================+
| No running processes found in NPU 3                                                            |
+===========================+===============+====================================================+
| 4       0                 | 3107012       | VLLMWorker               | 55437                   |
+===========================+===============+====================================================+
| 5       0                 | 3107007       | VLLMWorker               | 55175                   |
+===========================+===============+====================================================+
| 6       0                 | 3107008       | VLLMWorker               | 56515                   |
+===========================+===============+====================================================+
| 7       0                 | 3107009       | VLLMWorker               | 56517                   |
+===========================+===============+====================================================+
timestamp=2026-07-29 21:24:46
+------------------------------------------------------------------------------------------------+
| npu-smi 25.2.3                   Version: 25.2.3                                               |
+---------------------------+---------------+----------------------------------------------------+
| NPU   Name                | Health        | Power(W)    Temp(C)           Hugepages-Usage(page)|
| Chip                      | Bus-Id        | AICore(%)   Memory-Usage(MB)  HBM-Usage(MB)        |
+===========================+===============+====================================================+
| 0     910B4-1             | OK            | 91.6        34                0    / 0             |
| 0                         | 0000:C1:00.0  | 0           0    / 0          3422 / 65536         |
+===========================+===============+====================================================+
| 1     910B4-1             | OK            | 89.7        32                0    / 0             |
| 0                         | 0000:C2:00.0  | 0           0    / 0          3414 / 65536         |
+===========================+===============+====================================================+
| 2     910B4-1             | OK            | 85.1        32                0    / 0             |
| 0                         | 0000:81:00.0  | 0           0    / 0          19380/ 65536         |
+===========================+===============+====================================================+
| 3     910B4-1             | OK            | 89.0        33                0    / 0             |
| 0                         | 0000:82:00.0  | 0           0    / 0          3413 / 65536         |
+===========================+===============+====================================================+
| 4     910B4-1             | OK            | 92.3        37                0    / 0             |
| 0                         | 0000:01:00.0  | 0           0    / 0          58804/ 65536         |
+===========================+===============+====================================================+
| 5     910B4-1             | OK            | 86.9        38                0    / 0             |
| 0                         | 0000:02:00.0  | 0           0    / 0          58539/ 65536         |
+===========================+===============+====================================================+
| 6     910B4-1             | OK            | 90.7        36                0    / 0             |
| 0                         | 0000:41:00.0  | 0           0    / 0          59874/ 65536         |
+===========================+===============+====================================================+
| 7     910B4-1             | OK            | 90.1        36                0    / 0             |
| 0                         | 0000:42:00.0  | 0           0    / 0          59876/ 65536         |
+===========================+===============+====================================================+
+---------------------------+---------------+----------------------------------------------------+
| NPU     Chip              | Process id    | Process name             | Process memory(MB)      |
+===========================+===============+====================================================+
| No running processes found in NPU 0                                                            |
+===========================+===============+====================================================+
| No running processes found in NPU 1                                                            |
+===========================+===============+====================================================+
| 2       0                 | 8121          | rayWorkerDict            | 16021                   |
+===========================+===============+====================================================+
| No running processes found in NPU 3                                                            |
+===========================+===============+====================================================+
| 4       0                 | 3107012       | VLLMWorker               | 55437                   |
+===========================+===============+====================================================+
| 5       0                 | 3107007       | VLLMWorker               | 55175                   |
+===========================+===============+====================================================+
| 6       0                 | 3107008       | VLLMWorker               | 56515                   |
+===========================+===============+====================================================+
| 7       0                 | 3107009       | VLLMWorker               | 56517                   |
+===========================+===============+====================================================+
timestamp=2026-07-29 21:24:51
+------------------------------------------------------------------------------------------------+
| npu-smi 25.2.3                   Version: 25.2.3                                               |
+---------------------------+---------------+----------------------------------------------------+
| NPU   Name                | Health        | Power(W)    Temp(C)           Hugepages-Usage(page)|
| Chip                      | Bus-Id        | AICore(%)   Memory-Usage(MB)  HBM-Usage(MB)        |
+===========================+===============+====================================================+
| 0     910B4-1             | OK            | 91.5        34                0    / 0             |
| 0                         | 0000:C1:00.0  | 0           0    / 0          3422 / 65536         |
+===========================+===============+====================================================+
| 1     910B4-1             | OK            | 89.9        32                0    / 0             |
| 0                         | 0000:C2:00.0  | 0           0    / 0          3414 / 65536         |
+===========================+===============+====================================================+
| 2     910B4-1             | OK            | 85.1        32                0    / 0             |
| 0                         | 0000:81:00.0  | 0           0    / 0          19380/ 65536         |
+===========================+===============+====================================================+
| 3     910B4-1             | OK            | 89.1        33                0    / 0             |
| 0                         | 0000:82:00.0  | 0           0    / 0          3413 / 65536         |
+===========================+===============+====================================================+
| 4     910B4-1             | OK            | 92.1        37                0    / 0             |
| 0                         | 0000:01:00.0  | 0           0    / 0          58804/ 65536         |
+===========================+===============+====================================================+
| 5     910B4-1             | OK            | 87.0        38                0    / 0             |
| 0                         | 0000:02:00.0  | 0           0    / 0          58539/ 65536         |
+===========================+===============+====================================================+
| 6     910B4-1             | OK            | 90.6        35                0    / 0             |
| 0                         | 0000:41:00.0  | 0           0    / 0          59873/ 65536         |
+===========================+===============+====================================================+
| 7     910B4-1             | OK            | 90.2        36                0    / 0             |
| 0                         | 0000:42:00.0  | 0           0    / 0          59875/ 65536         |
+===========================+===============+====================================================+
+---------------------------+---------------+----------------------------------------------------+
| NPU     Chip              | Process id    | Process name             | Process memory(MB)      |
+===========================+===============+====================================================+
| No running processes found in NPU 0                                                            |
+===========================+===============+====================================================+
| No running processes found in NPU 1                                                            |
+===========================+===============+====================================================+
| 2       0                 | 8121          | rayWorkerDict            | 16021                   |
+===========================+===============+====================================================+
| No running processes found in NPU 3                                                            |
+===========================+===============+====================================================+
| 4       0                 | 3107012       | VLLMWorker               | 55437                   |
+===========================+===============+====================================================+
| 5       0                 | 3107007       | VLLMWorker               | 55175                   |
+===========================+===============+====================================================+
| 6       0                 | 3107008       | VLLMWorker               | 56515                   |
+===========================+===============+====================================================+
| 7       0                 | 3107009       | VLLMWorker               | 56517                   |
+===========================+===============+====================================================+
timestamp=2026-07-29 21:24:55
+------------------------------------------------------------------------------------------------+
| npu-smi 25.2.3                   Version: 25.2.3                                               |
+---------------------------+---------------+----------------------------------------------------+
| NPU   Name                | Health        | Power(W)    Temp(C)           Hugepages-Usage(page)|
| Chip                      | Bus-Id        | AICore(%)   Memory-Usage(MB)  HBM-Usage(MB)        |
+===========================+===============+====================================================+
| 0     910B4-1             | OK            | 91.6        34                0    / 0             |
| 0                         | 0000:C1:00.0  | 0           0    / 0          3422 / 65536         |
+===========================+===============+====================================================+
| 1     910B4-1             | OK            | 89.7        32                0    / 0             |
| 0                         | 0000:C2:00.0  | 0           0    / 0          3414 / 65536         |
+===========================+===============+====================================================+
| 2     910B4-1             | OK            | 85.1        32                0    / 0             |
| 0                         | 0000:81:00.0  | 0           0    / 0          19380/ 65536         |
+===========================+===============+====================================================+
| 3     910B4-1             | OK            | 89.1        32                0    / 0             |
| 0                         | 0000:82:00.0  | 0           0    / 0          3413 / 65536         |
+===========================+===============+====================================================+
| 4     910B4-1             | OK            | 92.3        37                0    / 0             |
| 0                         | 0000:01:00.0  | 0           0    / 0          58803/ 65536         |
+===========================+===============+====================================================+
| 5     910B4-1             | OK            | 87.0        38                0    / 0             |
| 0                         | 0000:02:00.0  | 0           0    / 0          58539/ 65536         |
+===========================+===============+====================================================+
| 6     910B4-1             | OK            | 90.7        35                0    / 0             |
| 0                         | 0000:41:00.0  | 0           0    / 0          59874/ 65536         |
+===========================+===============+====================================================+
| 7     910B4-1             | OK            | 90.2        36                0    / 0             |
| 0                         | 0000:42:00.0  | 0           0    / 0          59876/ 65536         |
+===========================+===============+====================================================+
+---------------------------+---------------+----------------------------------------------------+
| NPU     Chip              | Process id    | Process name             | Process memory(MB)      |
+===========================+===============+====================================================+
| No running processes found in NPU 0                                                            |
+===========================+===============+====================================================+
| No running processes found in NPU 1                                                            |
+===========================+===============+====================================================+
| 2       0                 | 8121          | rayWorkerDict            | 16021                   |
+===========================+===============+====================================================+
| No running processes found in NPU 3                                                            |
+===========================+===============+====================================================+
| 4       0                 | 3107012       | VLLMWorker               | 55437                   |
+===========================+===============+====================================================+
| 5       0                 | 3107007       | VLLMWorker               | 55175                   |
+===========================+===============+====================================================+
| 6       0                 | 3107008       | VLLMWorker               | 56515                   |
+===========================+===============+====================================================+
| 7       0                 | 3107009       | VLLMWorker               | 56517                   |
+===========================+===============+====================================================+
timestamp=2026-07-29 21:24:59
+------------------------------------------------------------------------------------------------+
| npu-smi 25.2.3                   Version: 25.2.3                                               |
+---------------------------+---------------+----------------------------------------------------+
| NPU   Name                | Health        | Power(W)    Temp(C)           Hugepages-Usage(page)|
| Chip                      | Bus-Id        | AICore(%)   Memory-Usage(MB)  HBM-Usage(MB)        |
+===========================+===============+====================================================+
| 0     910B4-1             | OK            | 91.6        34                0    / 0             |
| 0                         | 0000:C1:00.0  | 0           0    / 0          3422 / 65536         |
+===========================+===============+====================================================+
| 1     910B4-1             | OK            | 89.8        32                0    / 0             |
| 0                         | 0000:C2:00.0  | 0           0    / 0          3414 / 65536         |
+===========================+===============+====================================================+
| 2     910B4-1             | OK            | 85.1        32                0    / 0             |
| 0                         | 0000:81:00.0  | 0           0    / 0          19380/ 65536         |
+===========================+===============+====================================================+
| 3     910B4-1             | OK            | 89.2        33                0    / 0             |
| 0                         | 0000:82:00.0  | 0           0    / 0          3413 / 65536         |
+===========================+===============+====================================================+
| 4     910B4-1             | OK            | 92.4        37                0    / 0             |
| 0                         | 0000:01:00.0  | 0           0    / 0          58804/ 65536         |
+===========================+===============+====================================================+
| 5     910B4-1             | OK            | 87.0        38                0    / 0             |
| 0                         | 0000:02:00.0  | 0           0    / 0          58539/ 65536         |
+===========================+===============+====================================================+
| 6     910B4-1             | OK            | 90.7        35                0    / 0             |
| 0                         | 0000:41:00.0  | 0           0    / 0          59874/ 65536         |
+===========================+===============+====================================================+
| 7     910B4-1             | OK            | 90.2        36                0    / 0             |
| 0                         | 0000:42:00.0  | 0           0    / 0          59875/ 65536         |
+===========================+===============+====================================================+
+---------------------------+---------------+----------------------------------------------------+
| NPU     Chip              | Process id    | Process name             | Process memory(MB)      |
+===========================+===============+====================================================+
| No running processes found in NPU 0                                                            |
+===========================+===============+====================================================+
| No running processes found in NPU 1                                                            |
+===========================+===============+====================================================+
| 2       0                 | 8121          | rayWorkerDict            | 16021                   |
+===========================+===============+====================================================+
| No running processes found in NPU 3                                                            |
+===========================+===============+====================================================+
| 4       0                 | 3107012       | VLLMWorker               | 55437                   |
+===========================+===============+====================================================+
| 5       0                 | 3107007       | VLLMWorker               | 55175                   |
+===========================+===============+====================================================+
| 6       0                 | 3107008       | VLLMWorker               | 56515                   |
+===========================+===============+====================================================+
| 7       0                 | 3107009       | VLLMWorker               | 56517                   |
+===========================+===============+====================================================+
timestamp=2026-07-29 21:25:03
+------------------------------------------------------------------------------------------------+
| npu-smi 25.2.3                   Version: 25.2.3                                               |
+---------------------------+---------------+----------------------------------------------------+
| NPU   Name                | Health        | Power(W)    Temp(C)           Hugepages-Usage(page)|
| Chip                      | Bus-Id        | AICore(%)   Memory-Usage(MB)  HBM-Usage(MB)        |
+===========================+===============+====================================================+
| 0     910B4-1             | OK            | 91.6        34                0    / 0             |
| 0                         | 0000:C1:00.0  | 0           0    / 0          3422 / 65536         |
+===========================+===============+====================================================+
| 1     910B4-1             | OK            | 89.9        31                0    / 0             |
| 0                         | 0000:C2:00.0  | 0           0    / 0          3414 / 65536         |
+===========================+===============+====================================================+
| 2     910B4-1             | OK            | 85.2        32                0    / 0             |
| 0                         | 0000:81:00.0  | 0           0    / 0          19380/ 65536         |
+===========================+===============+====================================================+
| 3     910B4-1             | OK            | 89.1        32                0    / 0             |
| 0                         | 0000:82:00.0  | 0           0    / 0          3413 / 65536         |
+===========================+===============+====================================================+
| 4     910B4-1             | OK            | 92.3        37                0    / 0             |
| 0                         | 0000:01:00.0  | 0           0    / 0          58804/ 65536         |
+===========================+===============+====================================================+
| 5     910B4-1             | OK            | 87.0        38                0    / 0             |
| 0                         | 0000:02:00.0  | 0           0    / 0          58539/ 65536         |
+===========================+===============+====================================================+
| 6     910B4-1             | OK            | 90.7        36                0    / 0             |
| 0                         | 0000:41:00.0  | 0           0    / 0          59873/ 65536         |
+===========================+===============+====================================================+
| 7     910B4-1             | OK            | 90.2        36                0    / 0             |
| 0                         | 0000:42:00.0  | 0           0    / 0          59876/ 65536         |
+===========================+===============+====================================================+
+---------------------------+---------------+----------------------------------------------------+
| NPU     Chip              | Process id    | Process name             | Process memory(MB)      |
+===========================+===============+====================================================+
| No running processes found in NPU 0                                                            |
+===========================+===============+====================================================+
| No running processes found in NPU 1                                                            |
+===========================+===============+====================================================+
| 2       0                 | 8121          | rayWorkerDict            | 16021                   |
+===========================+===============+====================================================+
| No running processes found in NPU 3                                                            |
+===========================+===============+====================================================+
| 4       0                 | 3107012       | VLLMWorker               | 55437                   |
+===========================+===============+====================================================+
| 5       0                 | 3107007       | VLLMWorker               | 55175                   |
+===========================+===============+====================================================+
| 6       0                 | 3107008       | VLLMWorker               | 56515                   |
+===========================+===============+====================================================+
| 7       0                 | 3107009       | VLLMWorker               | 56517                   |
+===========================+===============+====================================================+
timestamp=2026-07-29 21:25:07
+------------------------------------------------------------------------------------------------+
| npu-smi 25.2.3                   Version: 25.2.3                                               |
+---------------------------+---------------+----------------------------------------------------+
| NPU   Name                | Health        | Power(W)    Temp(C)           Hugepages-Usage(page)|
| Chip                      | Bus-Id        | AICore(%)   Memory-Usage(MB)  HBM-Usage(MB)        |
+===========================+===============+====================================================+
| 0     910B4-1             | OK            | 91.6        34                0    / 0             |
| 0                         | 0000:C1:00.0  | 0           0    / 0          3422 / 65536         |
+===========================+===============+====================================================+
| 1     910B4-1             | OK            | 89.7        32                0    / 0             |
| 0                         | 0000:C2:00.0  | 0           0    / 0          3414 / 65536         |
+===========================+===============+====================================================+
| 2     910B4-1             | OK            | 85.1        32                0    / 0             |
| 0                         | 0000:81:00.0  | 0           0    / 0          19380/ 65536         |
+===========================+===============+====================================================+
| 3     910B4-1             | OK            | 89.1        33                0    / 0             |
| 0                         | 0000:82:00.0  | 0           0    / 0          3413 / 65536         |
+===========================+===============+====================================================+
| 4     910B4-1             | OK            | 92.2        37                0    / 0             |
| 0                         | 0000:01:00.0  | 0           0    / 0          58804/ 65536         |
+===========================+===============+====================================================+
| 5     910B4-1             | OK            | 87.0        38                0    / 0             |
| 0                         | 0000:02:00.0  | 0           0    / 0          58539/ 65536         |
+===========================+===============+====================================================+
| 6     910B4-1             | OK            | 90.7        35                0    / 0             |
| 0                         | 0000:41:00.0  | 0           0    / 0          59874/ 65536         |
+===========================+===============+====================================================+
| 7     910B4-1             | OK            | 90.3        36                0    / 0             |
| 0                         | 0000:42:00.0  | 0           0    / 0          59875/ 65536         |
+===========================+===============+====================================================+
+---------------------------+---------------+----------------------------------------------------+
| NPU     Chip              | Process id    | Process name             | Process memory(MB)      |
+===========================+===============+====================================================+
| No running processes found in NPU 0                                                            |
+===========================+===============+====================================================+
| No running processes found in NPU 1                                                            |
+===========================+===============+====================================================+
| 2       0                 | 8121          | rayWorkerDict            | 16021                   |
+===========================+===============+====================================================+
| No running processes found in NPU 3                                                            |
+===========================+===============+====================================================+
| 4       0                 | 3107012       | VLLMWorker               | 55437                   |
+===========================+===============+====================================================+
| 5       0                 | 3107007       | VLLMWorker               | 55175                   |
+===========================+===============+====================================================+
| 6       0                 | 3107008       | VLLMWorker               | 56515                   |
+===========================+===============+====================================================+
| 7       0                 | 3107009       | VLLMWorker               | 56517                   |
+===========================+===============+====================================================+
timestamp=2026-07-29 21:25:12
+------------------------------------------------------------------------------------------------+
| npu-smi 25.2.3                   Version: 25.2.3                                               |
+---------------------------+---------------+----------------------------------------------------+
| NPU   Name                | Health        | Power(W)    Temp(C)           Hugepages-Usage(page)|
| Chip                      | Bus-Id        | AICore(%)   Memory-Usage(MB)  HBM-Usage(MB)        |
+===========================+===============+====================================================+
| 0     910B4-1             | OK            | 91.5        34                0    / 0             |
| 0                         | 0000:C1:00.0  | 0           0    / 0          3422 / 65536         |
+===========================+===============+====================================================+
| 1     910B4-1             | OK            | 89.8        32                0    / 0             |
| 0                         | 0000:C2:00.0  | 0           0    / 0          3414 / 65536         |
+===========================+===============+====================================================+
| 2     910B4-1             | OK            | 85.2        32                0    / 0             |
| 0                         | 0000:81:00.0  | 0           0    / 0          19380/ 65536         |
+===========================+===============+====================================================+
| 3     910B4-1             | OK            | 89.1        33                0    / 0             |
| 0                         | 0000:82:00.0  | 0           0    / 0          3413 / 65536         |
+===========================+===============+====================================================+
| 4     910B4-1             | OK            | 92.3        37                0    / 0             |
| 0                         | 0000:01:00.0  | 0           0    / 0          58804/ 65536         |
+===========================+===============+====================================================+
| 5     910B4-1             | OK            | 87.1        38                0    / 0             |
| 0                         | 0000:02:00.0  | 0           0    / 0          58538/ 65536         |
+===========================+===============+====================================================+
| 6     910B4-1             | OK            | 90.7        36                0    / 0             |
| 0                         | 0000:41:00.0  | 0           0    / 0          59873/ 65536         |
+===========================+===============+====================================================+
| 7     910B4-1             | OK            | 90.3        37                0    / 0             |
| 0                         | 0000:42:00.0  | 0           0    / 0          59876/ 65536         |
+===========================+===============+====================================================+
+---------------------------+---------------+----------------------------------------------------+
| NPU     Chip              | Process id    | Process name             | Process memory(MB)      |
+===========================+===============+====================================================+
| No running processes found in NPU 0                                                            |
+===========================+===============+====================================================+
| No running processes found in NPU 1                                                            |
+===========================+===============+====================================================+
| 2       0                 | 8121          | rayWorkerDict            | 16021                   |
+===========================+===============+====================================================+
| No running processes found in NPU 3                                                            |
+===========================+===============+====================================================+
| 4       0                 | 3107012       | VLLMWorker               | 55437                   |
+===========================+===============+====================================================+
| 5       0                 | 3107007       | VLLMWorker               | 55175                   |
+===========================+===============+====================================================+
| 6       0                 | 3107008       | VLLMWorker               | 56515                   |
+===========================+===============+====================================================+
| 7       0                 | 3107009       | VLLMWorker               | 56517                   |
+===========================+===============+====================================================+
timestamp=2026-07-29 21:25:16
+------------------------------------------------------------------------------------------------+
| npu-smi 25.2.3                   Version: 25.2.3                                               |
+---------------------------+---------------+----------------------------------------------------+
| NPU   Name                | Health        | Power(W)    Temp(C)           Hugepages-Usage(page)|
| Chip                      | Bus-Id        | AICore(%)   Memory-Usage(MB)  HBM-Usage(MB)        |
+===========================+===============+====================================================+
| 0     910B4-1             | OK            | 91.5        33                0    / 0             |
| 0                         | 0000:C1:00.0  | 0           0    / 0          3422 / 65536         |
+===========================+===============+====================================================+
| 1     910B4-1             | OK            | 89.7        32                0    / 0             |
| 0                         | 0000:C2:00.0  | 0           0    / 0          3414 / 65536         |
+===========================+===============+====================================================+
| 2     910B4-1             | OK            | 85.1        32                0    / 0             |
| 0                         | 0000:81:00.0  | 0           0    / 0          19380/ 65536         |
+===========================+===============+====================================================+
| 3     910B4-1             | OK            | 89.1        33                0    / 0             |
| 0                         | 0000:82:00.0  | 0           0    / 0          3413 / 65536         |
+===========================+===============+====================================================+
| 4     910B4-1             | OK            | 92.2        37                0    / 0             |
| 0                         | 0000:01:00.0  | 0           0    / 0          58804/ 65536         |
+===========================+===============+====================================================+
| 5     910B4-1             | OK            | 87.0        38                0    / 0             |
| 0                         | 0000:02:00.0  | 0           0    / 0          58539/ 65536         |
+===========================+===============+====================================================+
| 6     910B4-1             | OK            | 90.7        36                0    / 0             |
| 0                         | 0000:41:00.0  | 0           0    / 0          59874/ 65536         |
+===========================+===============+====================================================+
| 7     910B4-1             | OK            | 90.3        36                0    / 0             |
| 0                         | 0000:42:00.0  | 0           0    / 0          59876/ 65536         |
+===========================+===============+====================================================+
+---------------------------+---------------+----------------------------------------------------+
| NPU     Chip              | Process id    | Process name             | Process memory(MB)      |
+===========================+===============+====================================================+
| No running processes found in NPU 0                                                            |
+===========================+===============+====================================================+
| No running processes found in NPU 1                                                            |
+===========================+===============+====================================================+
| 2       0                 | 8121          | rayWorkerDict            | 16021                   |
+===========================+===============+====================================================+
| No running processes found in NPU 3                                                            |
+===========================+===============+====================================================+
| 4       0                 | 3107012       | VLLMWorker               | 55437                   |
+===========================+===============+====================================================+
| 5       0                 | 3107007       | VLLMWorker               | 55175                   |
+===========================+===============+====================================================+
| 6       0                 | 3107008       | VLLMWorker               | 56515                   |
+===========================+===============+====================================================+
| 7       0                 | 3107009       | VLLMWorker               | 56517                   |
+===========================+===============+====================================================+
timestamp=2026-07-29 21:25:20
+------------------------------------------------------------------------------------------------+
| npu-smi 25.2.3                   Version: 25.2.3                                               |
+---------------------------+---------------+----------------------------------------------------+
| NPU   Name                | Health        | Power(W)    Temp(C)           Hugepages-Usage(page)|
| Chip                      | Bus-Id        | AICore(%)   Memory-Usage(MB)  HBM-Usage(MB)        |
+===========================+===============+====================================================+
| 0     910B4-1             | OK            | 91.4        33                0    / 0             |
| 0                         | 0000:C1:00.0  | 0           0    / 0          3422 / 65536         |
+===========================+===============+====================================================+
| 1     910B4-1             | OK            | 89.8        31                0    / 0             |
| 0                         | 0000:C2:00.0  | 0           0    / 0          3414 / 65536         |
+===========================+===============+====================================================+
| 2     910B4-1             | OK            | 85.1        32                0    / 0             |
| 0                         | 0000:81:00.0  | 0           0    / 0          19380/ 65536         |
+===========================+===============+====================================================+
| 3     910B4-1             | OK            | 89.1        33                0    / 0             |
| 0                         | 0000:82:00.0  | 0           0    / 0          3413 / 65536         |
+===========================+===============+====================================================+
| 4     910B4-1             | OK            | 92.3        37                0    / 0             |
| 0                         | 0000:01:00.0  | 0           0    / 0          58804/ 65536         |
+===========================+===============+====================================================+
| 5     910B4-1             | OK            | 87.0        38                0    / 0             |
| 0                         | 0000:02:00.0  | 0           0    / 0          58539/ 65536         |
+===========================+===============+====================================================+
| 6     910B4-1             | OK            | 90.8        36                0    / 0             |
| 0                         | 0000:41:00.0  | 0           0    / 0          59874/ 65536         |
+===========================+===============+====================================================+
| 7     910B4-1             | OK            | 90.4        37                0    / 0             |
| 0                         | 0000:42:00.0  | 0           0    / 0          59875/ 65536         |
+===========================+===============+====================================================+
+---------------------------+---------------+----------------------------------------------------+
| NPU     Chip              | Process id    | Process name             | Process memory(MB)      |
+===========================+===============+====================================================+
| No running processes found in NPU 0                                                            |
+===========================+===============+====================================================+
| No running processes found in NPU 1                                                            |
+===========================+===============+====================================================+
| 2       0                 | 8121          | rayWorkerDict            | 16021                   |
+===========================+===============+====================================================+
| No running processes found in NPU 3                                                            |
+===========================+===============+====================================================+
| 4       0                 | 3107012       | VLLMWorker               | 55437                   |
+===========================+===============+====================================================+
| 5       0                 | 3107007       | VLLMWorker               | 55175                   |
+===========================+===============+====================================================+
| 6       0                 | 3107008       | VLLMWorker               | 56515                   |
+===========================+===============+====================================================+
| 7       0                 | 3107009       | VLLMWorker               | 56517                   |
+===========================+===============+====================================================+
timestamp=2026-07-29 21:25:24
+------------------------------------------------------------------------------------------------+
| npu-smi 25.2.3                   Version: 25.2.3                                               |
+---------------------------+---------------+----------------------------------------------------+
| NPU   Name                | Health        | Power(W)    Temp(C)           Hugepages-Usage(page)|
| Chip                      | Bus-Id        | AICore(%)   Memory-Usage(MB)  HBM-Usage(MB)        |
+===========================+===============+====================================================+
| 0     910B4-1             | OK            | 91.6        34                0    / 0             |
| 0                         | 0000:C1:00.0  | 0           0    / 0          3422 / 65536         |
+===========================+===============+====================================================+
| 1     910B4-1             | OK            | 89.7        32                0    / 0             |
| 0                         | 0000:C2:00.0  | 0           0    / 0          3414 / 65536         |
+===========================+===============+====================================================+
| 2     910B4-1             | OK            | 85.2        32                0    / 0             |
| 0                         | 0000:81:00.0  | 0           0    / 0          19380/ 65536         |
+===========================+===============+====================================================+
| 3     910B4-1             | OK            | 89.1        33                0    / 0             |
| 0                         | 0000:82:00.0  | 0           0    / 0          3413 / 65536         |
+===========================+===============+====================================================+
| 4     910B4-1             | OK            | 92.2        37                0    / 0             |
| 0                         | 0000:01:00.0  | 0           0    / 0          58803/ 65536         |
+===========================+===============+====================================================+
| 5     910B4-1             | OK            | 87.0        38                0    / 0             |
| 0                         | 0000:02:00.0  | 0           0    / 0          58539/ 65536         |
+===========================+===============+====================================================+
| 6     910B4-1             | OK            | 90.8        36                0    / 0             |
| 0                         | 0000:41:00.0  | 0           0    / 0          59874/ 65536         |
+===========================+===============+====================================================+
| 7     910B4-1             | OK            | 90.2        36                0    / 0             |
| 0                         | 0000:42:00.0  | 0           0    / 0          59876/ 65536         |
+===========================+===============+====================================================+
+---------------------------+---------------+----------------------------------------------------+
| NPU     Chip              | Process id    | Process name             | Process memory(MB)      |
+===========================+===============+====================================================+
| No running processes found in NPU 0                                                            |
+===========================+===============+====================================================+
| No running processes found in NPU 1                                                            |
+===========================+===============+====================================================+
| 2       0                 | 8121          | rayWorkerDict            | 16021                   |
+===========================+===============+====================================================+
| No running processes found in NPU 3                                                            |
+===========================+===============+====================================================+
| 4       0                 | 3107012       | VLLMWorker               | 55437                   |
+===========================+===============+====================================================+
| 5       0                 | 3107007       | VLLMWorker               | 55175                   |
+===========================+===============+====================================================+
| 6       0                 | 3107008       | VLLMWorker               | 56515                   |
+===========================+===============+====================================================+
| 7       0                 | 3107009       | VLLMWorker               | 56517                   |
+===========================+===============+====================================================+
timestamp=2026-07-29 21:25:28
+------------------------------------------------------------------------------------------------+
| npu-smi 25.2.3                   Version: 25.2.3                                               |
+---------------------------+---------------+----------------------------------------------------+
| NPU   Name                | Health        | Power(W)    Temp(C)           Hugepages-Usage(page)|
| Chip                      | Bus-Id        | AICore(%)   Memory-Usage(MB)  HBM-Usage(MB)        |
+===========================+===============+====================================================+
| 0     910B4-1             | OK            | 91.5        33                0    / 0             |
| 0                         | 0000:C1:00.0  | 0           0    / 0          3422 / 65536         |
+===========================+===============+====================================================+
| 1     910B4-1             | OK            | 89.7        32                0    / 0             |
| 0                         | 0000:C2:00.0  | 0           0    / 0          3414 / 65536         |
+===========================+===============+====================================================+
| 2     910B4-1             | OK            | 85.1        32                0    / 0             |
| 0                         | 0000:81:00.0  | 0           0    / 0          19380/ 65536         |
+===========================+===============+====================================================+
| 3     910B4-1             | OK            | 89.2        33                0    / 0             |
| 0                         | 0000:82:00.0  | 0           0    / 0          3413 / 65536         |
+===========================+===============+====================================================+
| 4     910B4-1             | OK            | 92.1        37                0    / 0             |
| 0                         | 0000:01:00.0  | 0           0    / 0          58804/ 65536         |
+===========================+===============+====================================================+
| 5     910B4-1             | OK            | 87.0        38                0    / 0             |
| 0                         | 0000:02:00.0  | 0           0    / 0          58539/ 65536         |
+===========================+===============+====================================================+
| 6     910B4-1             | OK            | 90.8        36                0    / 0             |
| 0                         | 0000:41:00.0  | 0           0    / 0          59874/ 65536         |
+===========================+===============+====================================================+
| 7     910B4-1             | OK            | 90.1        36                0    / 0             |
| 0                         | 0000:42:00.0  | 0           0    / 0          59875/ 65536         |
+===========================+===============+====================================================+
+---------------------------+---------------+----------------------------------------------------+
| NPU     Chip              | Process id    | Process name             | Process memory(MB)      |
+===========================+===============+====================================================+
| No running processes found in NPU 0                                                            |
+===========================+===============+====================================================+
| No running processes found in NPU 1                                                            |
+===========================+===============+====================================================+
| 2       0                 | 8121          | rayWorkerDict            | 16021                   |
+===========================+===============+====================================================+
| No running processes found in NPU 3                                                            |
+===========================+===============+====================================================+
| 4       0                 | 3107012       | VLLMWorker               | 55437                   |
+===========================+===============+====================================================+
| 5       0                 | 3107007       | VLLMWorker               | 55175                   |
+===========================+===============+====================================================+
| 6       0                 | 3107008       | VLLMWorker               | 56515                   |
+===========================+===============+====================================================+
| 7       0                 | 3107009       | VLLMWorker               | 56517                   |
+===========================+===============+====================================================+
timestamp=2026-07-29 21:25:33
+------------------------------------------------------------------------------------------------+
| npu-smi 25.2.3                   Version: 25.2.3                                               |
+---------------------------+---------------+----------------------------------------------------+
| NPU   Name                | Health        | Power(W)    Temp(C)           Hugepages-Usage(page)|
| Chip                      | Bus-Id        | AICore(%)   Memory-Usage(MB)  HBM-Usage(MB)        |
+===========================+===============+====================================================+
| 0     910B4-1             | OK            | 91.6        34                0    / 0             |
| 0                         | 0000:C1:00.0  | 0           0    / 0          3422 / 65536         |
+===========================+===============+====================================================+
| 1     910B4-1             | OK            | 89.7        32                0    / 0             |
| 0                         | 0000:C2:00.0  | 0           0    / 0          3414 / 65536         |
+===========================+===============+====================================================+
| 2     910B4-1             | OK            | 85.0        32                0    / 0             |
| 0                         | 0000:81:00.0  | 0           0    / 0          19380/ 65536         |
+===========================+===============+====================================================+
| 3     910B4-1             | OK            | 89.1        33                0    / 0             |
| 0                         | 0000:82:00.0  | 0           0    / 0          3413 / 65536         |
+===========================+===============+====================================================+
| 4     910B4-1             | OK            | 92.3        37                0    / 0             |
| 0                         | 0000:01:00.0  | 0           0    / 0          58804/ 65536         |
+===========================+===============+====================================================+
| 5     910B4-1             | OK            | 87.0        38                0    / 0             |
| 0                         | 0000:02:00.0  | 0           0    / 0          58539/ 65536         |
+===========================+===============+====================================================+
| 6     910B4-1             | OK            | 90.6        35                0    / 0             |
| 0                         | 0000:41:00.0  | 0           0    / 0          59873/ 65536         |
+===========================+===============+====================================================+
| 7     910B4-1             | OK            | 90.4        36                0    / 0             |
| 0                         | 0000:42:00.0  | 0           0    / 0          59876/ 65536         |
+===========================+===============+====================================================+
+---------------------------+---------------+----------------------------------------------------+
| NPU     Chip              | Process id    | Process name             | Process memory(MB)      |
+===========================+===============+====================================================+
| No running processes found in NPU 0                                                            |
+===========================+===============+====================================================+
| No running processes found in NPU 1                                                            |
+===========================+===============+====================================================+
| 2       0                 | 8121          | rayWorkerDict            | 16021                   |
+===========================+===============+====================================================+
| No running processes found in NPU 3                                                            |
+===========================+===============+====================================================+
| 4       0                 | 3107012       | VLLMWorker               | 55437                   |
+===========================+===============+====================================================+
| 5       0                 | 3107007       | VLLMWorker               | 55175                   |
+===========================+===============+====================================================+
| 6       0                 | 3107008       | VLLMWorker               | 56515                   |
+===========================+===============+====================================================+
| 7       0                 | 3107009       | VLLMWorker               | 56517                   |
+===========================+===============+====================================================+
timestamp=2026-07-29 21:25:37
+------------------------------------------------------------------------------------------------+
| npu-smi 25.2.3                   Version: 25.2.3                                               |
+---------------------------+---------------+----------------------------------------------------+
| NPU   Name                | Health        | Power(W)    Temp(C)           Hugepages-Usage(page)|
| Chip                      | Bus-Id        | AICore(%)   Memory-Usage(MB)  HBM-Usage(MB)        |
+===========================+===============+====================================================+
| 0     910B4-1             | OK            | 91.6        34                0    / 0             |
| 0                         | 0000:C1:00.0  | 0           0    / 0          3422 / 65536         |
+===========================+===============+====================================================+
| 1     910B4-1             | OK            | 89.8        32                0    / 0             |
| 0                         | 0000:C2:00.0  | 0           0    / 0          3414 / 65536         |
+===========================+===============+====================================================+
| 2     910B4-1             | OK            | 85.1        32                0    / 0             |
| 0                         | 0000:81:00.0  | 0           0    / 0          19380/ 65536         |
+===========================+===============+====================================================+
| 3     910B4-1             | OK            | 89.2        33                0    / 0             |
| 0                         | 0000:82:00.0  | 0           0    / 0          3413 / 65536         |
+===========================+===============+====================================================+
| 4     910B4-1             | OK            | 92.3        37                0    / 0             |
| 0                         | 0000:01:00.0  | 0           0    / 0          58804/ 65536         |
+===========================+===============+====================================================+
| 5     910B4-1             | OK            | 87.0        38                0    / 0             |
| 0                         | 0000:02:00.0  | 0           0    / 0          58539/ 65536         |
+===========================+===============+====================================================+
| 6     910B4-1             | OK            | 90.6        36                0    / 0             |
| 0                         | 0000:41:00.0  | 0           0    / 0          59874/ 65536         |
+===========================+===============+====================================================+
| 7     910B4-1             | OK            | 90.4        36                0    / 0             |
| 0                         | 0000:42:00.0  | 0           0    / 0          59876/ 65536         |
+===========================+===============+====================================================+
+---------------------------+---------------+----------------------------------------------------+
| NPU     Chip              | Process id    | Process name             | Process memory(MB)      |
+===========================+===============+====================================================+
| No running processes found in NPU 0                                                            |
+===========================+===============+====================================================+
| No running processes found in NPU 1                                                            |
+===========================+===============+====================================================+
| 2       0                 | 8121          | rayWorkerDict            | 16021                   |
+===========================+===============+====================================================+
| No running processes found in NPU 3                                                            |
+===========================+===============+====================================================+
| 4       0                 | 3107012       | VLLMWorker               | 55437                   |
+===========================+===============+====================================================+
| 5       0                 | 3107007       | VLLMWorker               | 55175                   |
+===========================+===============+====================================================+
| 6       0                 | 3107008       | VLLMWorker               | 56515                   |
+===========================+===============+====================================================+
| 7       0                 | 3107009       | VLLMWorker               | 56517                   |
+===========================+===============+====================================================+
timestamp=2026-07-29 21:25:41
+------------------------------------------------------------------------------------------------+
| npu-smi 25.2.3                   Version: 25.2.3                                               |
+---------------------------+---------------+----------------------------------------------------+
| NPU   Name                | Health        | Power(W)    Temp(C)           Hugepages-Usage(page)|
| Chip                      | Bus-Id        | AICore(%)   Memory-Usage(MB)  HBM-Usage(MB)        |
+===========================+===============+====================================================+
| 0     910B4-1             | OK            | 91.7        34                0    / 0             |
| 0                         | 0000:C1:00.0  | 0           0    / 0          3422 / 65536         |
+===========================+===============+====================================================+
| 1     910B4-1             | OK            | 89.7        32                0    / 0             |
| 0                         | 0000:C2:00.0  | 0           0    / 0          3414 / 65536         |
+===========================+===============+====================================================+
| 2     910B4-1             | OK            | 92.4        32                0    / 0             |
| 0                         | 0000:81:00.0  | 0           0    / 0          19437/ 65536         |
+===========================+===============+====================================================+
| 3     910B4-1             | OK            | 89.1        33                0    / 0             |
| 0                         | 0000:82:00.0  | 0           0    / 0          3413 / 65536         |
+===========================+===============+====================================================+
| 4     910B4-1             | OK            | 92.3        37                0    / 0             |
| 0                         | 0000:01:00.0  | 0           0    / 0          58804/ 65536         |
+===========================+===============+====================================================+
| 5     910B4-1             | OK            | 87.1        38                0    / 0             |
| 0                         | 0000:02:00.0  | 0           0    / 0          58539/ 65536         |
+===========================+===============+====================================================+
| 6     910B4-1             | OK            | 90.7        36                0    / 0             |
| 0                         | 0000:41:00.0  | 0           0    / 0          59873/ 65536         |
+===========================+===============+====================================================+
| 7     910B4-1             | OK            | 90.1        36                0    / 0             |
| 0                         | 0000:42:00.0  | 0           0    / 0          59876/ 65536         |
+===========================+===============+====================================================+
+---------------------------+---------------+----------------------------------------------------+
| NPU     Chip              | Process id    | Process name             | Process memory(MB)      |
+===========================+===============+====================================================+
| No running processes found in NPU 0                                                            |
+===========================+===============+====================================================+
| No running processes found in NPU 1                                                            |
+===========================+===============+====================================================+
| 2       0                 | 16129         | python3                  | 109                     |
| 2       0                 | 8121          | rayWorkerDict            | 16021                   |
+===========================+===============+====================================================+
| No running processes found in NPU 3                                                            |
+===========================+===============+====================================================+
| 4       0                 | 3107012       | VLLMWorker               | 55437                   |
+===========================+===============+====================================================+
| 5       0                 | 3107007       | VLLMWorker               | 55175                   |
+===========================+===============+====================================================+
| 6       0                 | 3107008       | VLLMWorker               | 56515                   |
+===========================+===============+====================================================+
| 7       0                 | 3107009       | VLLMWorker               | 56517                   |
+===========================+===============+====================================================+
timestamp=2026-07-29 21:25:45
+------------------------------------------------------------------------------------------------+
| npu-smi 25.2.3                   Version: 25.2.3                                               |
+---------------------------+---------------+----------------------------------------------------+
| NPU   Name                | Health        | Power(W)    Temp(C)           Hugepages-Usage(page)|
| Chip                      | Bus-Id        | AICore(%)   Memory-Usage(MB)  HBM-Usage(MB)        |
+===========================+===============+====================================================+
| 0     910B4-1             | OK            | 91.7        34                0    / 0             |
| 0                         | 0000:C1:00.0  | 0           0    / 0          3422 / 65536         |
+===========================+===============+====================================================+
| 1     910B4-1             | OK            | 89.7        32                0    / 0             |
| 0                         | 0000:C2:00.0  | 0           0    / 0          3414 / 65536         |
+===========================+===============+====================================================+
| 2     910B4-1             | OK            | 91.8        32                0    / 0             |
| 0                         | 0000:81:00.0  | 0           0    / 0          19491/ 65536         |
+===========================+===============+====================================================+
| 3     910B4-1             | OK            | 89.2        33                0    / 0             |
| 0                         | 0000:82:00.0  | 0           0    / 0          3413 / 65536         |
+===========================+===============+====================================================+
| 4     910B4-1             | OK            | 92.2        37                0    / 0             |
| 0                         | 0000:01:00.0  | 0           0    / 0          58803/ 65536         |
+===========================+===============+====================================================+
| 5     910B4-1             | OK            | 87.0        38                0    / 0             |
| 0                         | 0000:02:00.0  | 0           0    / 0          58539/ 65536         |
+===========================+===============+====================================================+
| 6     910B4-1             | OK            | 90.7        36                0    / 0             |
| 0                         | 0000:41:00.0  | 0           0    / 0          59874/ 65536         |
+===========================+===============+====================================================+
| 7     910B4-1             | OK            | 90.4        36                0    / 0             |
| 0                         | 0000:42:00.0  | 0           0    / 0          59876/ 65536         |
+===========================+===============+====================================================+
+---------------------------+---------------+----------------------------------------------------+
| NPU     Chip              | Process id    | Process name             | Process memory(MB)      |
+===========================+===============+====================================================+
| No running processes found in NPU 0                                                            |
+===========================+===============+====================================================+
| No running processes found in NPU 1                                                            |
+===========================+===============+====================================================+
| 2       0                 | 16129         | python3                  | 163                     |
| 2       0                 | 8121          | rayWorkerDict            | 16021                   |
+===========================+===============+====================================================+
| No running processes found in NPU 3                                                            |
+===========================+===============+====================================================+
| 4       0                 | 3107012       | VLLMWorker               | 55437                   |
+===========================+===============+====================================================+
| 5       0                 | 3107007       | VLLMWorker               | 55175                   |
+===========================+===============+====================================================+
| 6       0                 | 3107008       | VLLMWorker               | 56515                   |
+===========================+===============+====================================================+
| 7       0                 | 3107009       | VLLMWorker               | 56517                   |
+===========================+===============+====================================================+
timestamp=2026-07-29 21:25:49
+------------------------------------------------------------------------------------------------+
| npu-smi 25.2.3                   Version: 25.2.3                                               |
+---------------------------+---------------+----------------------------------------------------+
| NPU   Name                | Health        | Power(W)    Temp(C)           Hugepages-Usage(page)|
| Chip                      | Bus-Id        | AICore(%)   Memory-Usage(MB)  HBM-Usage(MB)        |
+===========================+===============+====================================================+
| 0     910B4-1             | OK            | 91.5        33                0    / 0             |
| 0                         | 0000:C1:00.0  | 0           0    / 0          3422 / 65536         |
+===========================+===============+====================================================+
| 1     910B4-1             | OK            | 89.7        31                0    / 0             |
| 0                         | 0000:C2:00.0  | 0           0    / 0          3414 / 65536         |
+===========================+===============+====================================================+
| 2     910B4-1             | OK            | 85.2        32                0    / 0             |
| 0                         | 0000:81:00.0  | 0           0    / 0          27496/ 65536         |
+===========================+===============+====================================================+
| 3     910B4-1             | OK            | 89.2        33                0    / 0             |
| 0                         | 0000:82:00.0  | 0           0    / 0          3413 / 65536         |
+===========================+===============+====================================================+
| 4     910B4-1             | OK            | 92.2        37                0    / 0             |
| 0                         | 0000:01:00.0  | 0           0    / 0          58804/ 65536         |
+===========================+===============+====================================================+
| 5     910B4-1             | OK            | 87.0        38                0    / 0             |
| 0                         | 0000:02:00.0  | 0           0    / 0          58539/ 65536         |
+===========================+===============+====================================================+
| 6     910B4-1             | OK            | 90.7        36                0    / 0             |
| 0                         | 0000:41:00.0  | 0           0    / 0          59874/ 65536         |
+===========================+===============+====================================================+
| 7     910B4-1             | OK            | 90.2        36                0    / 0             |
| 0                         | 0000:42:00.0  | 0           0    / 0          59875/ 65536         |
+===========================+===============+====================================================+
+---------------------------+---------------+----------------------------------------------------+
| NPU     Chip              | Process id    | Process name             | Process memory(MB)      |
+===========================+===============+====================================================+
| No running processes found in NPU 0                                                            |
+===========================+===============+====================================================+
| No running processes found in NPU 1                                                            |
+===========================+===============+====================================================+
| 2       0                 | 16129         | python3                  | 8167                    |
| 2       0                 | 8121          | rayWorkerDict            | 16021                   |
+===========================+===============+====================================================+
| No running processes found in NPU 3                                                            |
+===========================+===============+====================================================+
| 4       0                 | 3107012       | VLLMWorker               | 55437                   |
+===========================+===============+====================================================+
| 5       0                 | 3107007       | VLLMWorker               | 55175                   |
+===========================+===============+====================================================+
| 6       0                 | 3107008       | VLLMWorker               | 56515                   |
+===========================+===============+====================================================+
| 7       0                 | 3107009       | VLLMWorker               | 56517                   |
+===========================+===============+====================================================+
timestamp=2026-07-29 21:25:54
+------------------------------------------------------------------------------------------------+
| npu-smi 25.2.3                   Version: 25.2.3                                               |
+---------------------------+---------------+----------------------------------------------------+
| NPU   Name                | Health        | Power(W)    Temp(C)           Hugepages-Usage(page)|
| Chip                      | Bus-Id        | AICore(%)   Memory-Usage(MB)  HBM-Usage(MB)        |
+===========================+===============+====================================================+
| 0     910B4-1             | OK            | 91.5        34                0    / 0             |
| 0                         | 0000:C1:00.0  | 0           0    / 0          3422 / 65536         |
+===========================+===============+====================================================+
| 1     910B4-1             | OK            | 89.8        31                0    / 0             |
| 0                         | 0000:C2:00.0  | 0           0    / 0          3414 / 65536         |
+===========================+===============+====================================================+
| 2     910B4-1             | OK            | 85.2        32                0    / 0             |
| 0                         | 0000:81:00.0  | 0           0    / 0          27496/ 65536         |
+===========================+===============+====================================================+
| 3     910B4-1             | OK            | 89.1        33                0    / 0             |
| 0                         | 0000:82:00.0  | 0           0    / 0          3413 / 65536         |
+===========================+===============+====================================================+
| 4     910B4-1             | OK            | 92.3        37                0    / 0             |
| 0                         | 0000:01:00.0  | 0           0    / 0          58804/ 65536         |
+===========================+===============+====================================================+
| 5     910B4-1             | OK            | 87.1        38                0    / 0             |
| 0                         | 0000:02:00.0  | 0           0    / 0          58539/ 65536         |
+===========================+===============+====================================================+
| 6     910B4-1             | OK            | 90.7        35                0    / 0             |
| 0                         | 0000:41:00.0  | 0           0    / 0          59873/ 65536         |
+===========================+===============+====================================================+
| 7     910B4-1             | OK            | 90.2        36                0    / 0             |
| 0                         | 0000:42:00.0  | 0           0    / 0          59876/ 65536         |
+===========================+===============+====================================================+
+---------------------------+---------------+----------------------------------------------------+
| NPU     Chip              | Process id    | Process name             | Process memory(MB)      |
+===========================+===============+====================================================+
| No running processes found in NPU 0                                                            |
+===========================+===============+====================================================+
| No running processes found in NPU 1                                                            |
+===========================+===============+====================================================+
| 2       0                 | 16129         | python3                  | 8167                    |
| 2       0                 | 8121          | rayWorkerDict            | 16021                   |
+===========================+===============+====================================================+
| No running processes found in NPU 3                                                            |
+===========================+===============+====================================================+
| 4       0                 | 3107012       | VLLMWorker               | 55437                   |
+===========================+===============+====================================================+
| 5       0                 | 3107007       | VLLMWorker               | 55175                   |
+===========================+===============+====================================================+
| 6       0                 | 3107008       | VLLMWorker               | 56515                   |
+===========================+===============+====================================================+
| 7       0                 | 3107009       | VLLMWorker               | 56517                   |
+===========================+===============+====================================================+
timestamp=2026-07-29 21:25:58
+------------------------------------------------------------------------------------------------+
| npu-smi 25.2.3                   Version: 25.2.3                                               |
+---------------------------+---------------+----------------------------------------------------+
| NPU   Name                | Health        | Power(W)    Temp(C)           Hugepages-Usage(page)|
| Chip                      | Bus-Id        | AICore(%)   Memory-Usage(MB)  HBM-Usage(MB)        |
+===========================+===============+====================================================+
| 0     910B4-1             | OK            | 91.7        33                0    / 0             |
| 0                         | 0000:C1:00.0  | 0           0    / 0          3422 / 65536         |
+===========================+===============+====================================================+
| 1     910B4-1             | OK            | 89.7        32                0    / 0             |
| 0                         | 0000:C2:00.0  | 0           0    / 0          3414 / 65536         |
+===========================+===============+====================================================+
| 2     910B4-1             | OK            | 85.1        32                0    / 0             |
| 0                         | 0000:81:00.0  | 0           0    / 0          27495/ 65536         |
+===========================+===============+====================================================+
| 3     910B4-1             | OK            | 89.1        33                0    / 0             |
| 0                         | 0000:82:00.0  | 0           0    / 0          3413 / 65536         |
+===========================+===============+====================================================+
| 4     910B4-1             | OK            | 92.2        37                0    / 0             |
| 0                         | 0000:01:00.0  | 0           0    / 0          58804/ 65536         |
+===========================+===============+====================================================+
| 5     910B4-1             | OK            | 86.9        38                0    / 0             |
| 0                         | 0000:02:00.0  | 0           0    / 0          58539/ 65536         |
+===========================+===============+====================================================+
| 6     910B4-1             | OK            | 90.7        36                0    / 0             |
| 0                         | 0000:41:00.0  | 0           0    / 0          59874/ 65536         |
+===========================+===============+====================================================+
| 7     910B4-1             | OK            | 90.2        36                0    / 0             |
| 0                         | 0000:42:00.0  | 0           0    / 0          59875/ 65536         |
+===========================+===============+====================================================+
+---------------------------+---------------+----------------------------------------------------+
| NPU     Chip              | Process id    | Process name             | Process memory(MB)      |
+===========================+===============+====================================================+
| No running processes found in NPU 0                                                            |
+===========================+===============+====================================================+
| No running processes found in NPU 1                                                            |
+===========================+===============+====================================================+
| 2       0                 | 16129         | python3                  | 8167                    |
| 2       0                 | 8121          | rayWorkerDict            | 16021                   |
+===========================+===============+====================================================+
| No running processes found in NPU 3                                                            |
+===========================+===============+====================================================+
| 4       0                 | 3107012       | VLLMWorker               | 55437                   |
+===========================+===============+====================================================+
| 5       0                 | 3107007       | VLLMWorker               | 55175                   |
+===========================+===============+====================================================+
| 6       0                 | 3107008       | VLLMWorker               | 56515                   |
+===========================+===============+====================================================+
| 7       0                 | 3107009       | VLLMWorker               | 56517                   |
+===========================+===============+====================================================+
timestamp=2026-07-29 21:26:02
+------------------------------------------------------------------------------------------------+
| npu-smi 25.2.3                   Version: 25.2.3                                               |
+---------------------------+---------------+----------------------------------------------------+
| NPU   Name                | Health        | Power(W)    Temp(C)           Hugepages-Usage(page)|
| Chip                      | Bus-Id        | AICore(%)   Memory-Usage(MB)  HBM-Usage(MB)        |
+===========================+===============+====================================================+
| 0     910B4-1             | OK            | 91.8        34                0    / 0             |
| 0                         | 0000:C1:00.0  | 0           0    / 0          3422 / 65536         |
+===========================+===============+====================================================+
| 1     910B4-1             | OK            | 89.7        32                0    / 0             |
| 0                         | 0000:C2:00.0  | 0           0    / 0          3414 / 65536         |
+===========================+===============+====================================================+
| 2     910B4-1             | OK            | 85.1        32                0    / 0             |
| 0                         | 0000:81:00.0  | 0           0    / 0          27496/ 65536         |
+===========================+===============+====================================================+
| 3     910B4-1             | OK            | 89.1        32                0    / 0             |
| 0                         | 0000:82:00.0  | 0           0    / 0          3413 / 65536         |
+===========================+===============+====================================================+
| 4     910B4-1             | OK            | 92.3        37                0    / 0             |
| 0                         | 0000:01:00.0  | 0           0    / 0          58804/ 65536         |
+===========================+===============+====================================================+
| 5     910B4-1             | OK            | 87.0        38                0    / 0             |
| 0                         | 0000:02:00.0  | 0           0    / 0          58539/ 65536         |
+===========================+===============+====================================================+
| 6     910B4-1             | OK            | 90.6        36                0    / 0             |
| 0                         | 0000:41:00.0  | 0           0    / 0          59874/ 65536         |
+===========================+===============+====================================================+
| 7     910B4-1             | OK            | 90.3        36                0    / 0             |
| 0                         | 0000:42:00.0  | 0           0    / 0          59876/ 65536         |
+===========================+===============+====================================================+
+---------------------------+---------------+----------------------------------------------------+
| NPU     Chip              | Process id    | Process name             | Process memory(MB)      |
+===========================+===============+====================================================+
| No running processes found in NPU 0                                                            |
+===========================+===============+====================================================+
| No running processes found in NPU 1                                                            |
+===========================+===============+====================================================+
| 2       0                 | 16129         | python3                  | 8167                    |
| 2       0                 | 8121          | rayWorkerDict            | 16021                   |
+===========================+===============+====================================================+
| No running processes found in NPU 3                                                            |
+===========================+===============+====================================================+
| 4       0                 | 3107012       | VLLMWorker               | 55437                   |
+===========================+===============+====================================================+
| 5       0                 | 3107007       | VLLMWorker               | 55175                   |
+===========================+===============+====================================================+
| 6       0                 | 3107008       | VLLMWorker               | 56515                   |
+===========================+===============+====================================================+
| 7       0                 | 3107009       | VLLMWorker               | 56517                   |
+===========================+===============+====================================================+
timestamp=2026-07-29 21:26:06
+------------------------------------------------------------------------------------------------+
| npu-smi 25.2.3                   Version: 25.2.3                                               |
+---------------------------+---------------+----------------------------------------------------+
| NPU   Name                | Health        | Power(W)    Temp(C)           Hugepages-Usage(page)|
| Chip                      | Bus-Id        | AICore(%)   Memory-Usage(MB)  HBM-Usage(MB)        |
+===========================+===============+====================================================+
| 0     910B4-1             | OK            | 91.5        34                0    / 0             |
| 0                         | 0000:C1:00.0  | 0           0    / 0          3422 / 65536         |
+===========================+===============+====================================================+
| 1     910B4-1             | OK            | 89.9        32                0    / 0             |
| 0                         | 0000:C2:00.0  | 0           0    / 0          3414 / 65536         |
+===========================+===============+====================================================+
| 2     910B4-1             | OK            | 85.2        32                0    / 0             |
| 0                         | 0000:81:00.0  | 0           0    / 0          27495/ 65536         |
+===========================+===============+====================================================+
| 3     910B4-1             | OK            | 89.2        33                0    / 0             |
| 0                         | 0000:82:00.0  | 0           0    / 0          3413 / 65536         |
+===========================+===============+====================================================+
| 4     910B4-1             | OK            | 92.3        37                0    / 0             |
| 0                         | 0000:01:00.0  | 0           0    / 0          58804/ 65536         |
+===========================+===============+====================================================+
| 5     910B4-1             | OK            | 87.1        38                0    / 0             |
| 0                         | 0000:02:00.0  | 0           0    / 0          58539/ 65536         |
+===========================+===============+====================================================+
| 6     910B4-1             | OK            | 90.6        36                0    / 0             |
| 0                         | 0000:41:00.0  | 0           0    / 0          59874/ 65536         |
+===========================+===============+====================================================+
| 7     910B4-1             | OK            | 90.3        36                0    / 0             |
| 0                         | 0000:42:00.0  | 0           0    / 0          59876/ 65536         |
+===========================+===============+====================================================+
+---------------------------+---------------+----------------------------------------------------+
| NPU     Chip              | Process id    | Process name             | Process memory(MB)      |
+===========================+===============+====================================================+
| No running processes found in NPU 0                                                            |
+===========================+===============+====================================================+
| No running processes found in NPU 1                                                            |
+===========================+===============+====================================================+
| 2       0                 | 16129         | python3                  | 8167                    |
| 2       0                 | 8121          | rayWorkerDict            | 16021                   |
+===========================+===============+====================================================+
| No running processes found in NPU 3                                                            |
+===========================+===============+====================================================+
| 4       0                 | 3107012       | VLLMWorker               | 55437                   |
+===========================+===============+====================================================+
| 5       0                 | 3107007       | VLLMWorker               | 55175                   |
+===========================+===============+====================================================+
| 6       0                 | 3107008       | VLLMWorker               | 56515                   |
+===========================+===============+====================================================+
| 7       0                 | 3107009       | VLLMWorker               | 56517                   |
+===========================+===============+====================================================+
timestamp=2026-07-29 21:26:10
+------------------------------------------------------------------------------------------------+
| npu-smi 25.2.3                   Version: 25.2.3                                               |
+---------------------------+---------------+----------------------------------------------------+
| NPU   Name                | Health        | Power(W)    Temp(C)           Hugepages-Usage(page)|
| Chip                      | Bus-Id        | AICore(%)   Memory-Usage(MB)  HBM-Usage(MB)        |
+===========================+===============+====================================================+
| 0     910B4-1             | OK            | 91.7        34                0    / 0             |
| 0                         | 0000:C1:00.0  | 0           0    / 0          3422 / 65536         |
+===========================+===============+====================================================+
| 1     910B4-1             | OK            | 90.0        32                0    / 0             |
| 0                         | 0000:C2:00.0  | 0           0    / 0          3414 / 65536         |
+===========================+===============+====================================================+
| 2     910B4-1             | OK            | 85.2        32                0    / 0             |
| 0                         | 0000:81:00.0  | 0           0    / 0          27495/ 65536         |
+===========================+===============+====================================================+
| 3     910B4-1             | OK            | 89.2        33                0    / 0             |
| 0                         | 0000:82:00.0  | 0           0    / 0          3413 / 65536         |
+===========================+===============+====================================================+
| 4     910B4-1             | OK            | 92.2        37                0    / 0             |
| 0                         | 0000:01:00.0  | 0           0    / 0          58804/ 65536         |
+===========================+===============+====================================================+
| 5     910B4-1             | OK            | 86.9        38                0    / 0             |
| 0                         | 0000:02:00.0  | 0           0    / 0          58539/ 65536         |
+===========================+===============+====================================================+
| 6     910B4-1             | OK            | 90.6        36                0    / 0             |
| 0                         | 0000:41:00.0  | 0           0    / 0          59873/ 65536         |
+===========================+===============+====================================================+
| 7     910B4-1             | OK            | 90.3        36                0    / 0             |
| 0                         | 0000:42:00.0  | 0           0    / 0          59875/ 65536         |
+===========================+===============+====================================================+
+---------------------------+---------------+----------------------------------------------------+
| NPU     Chip              | Process id    | Process name             | Process memory(MB)      |
+===========================+===============+====================================================+
| No running processes found in NPU 0                                                            |
+===========================+===============+====================================================+
| No running processes found in NPU 1                                                            |
+===========================+===============+====================================================+
| 2       0                 | 16129         | python3                  | 8167                    |
| 2       0                 | 8121          | rayWorkerDict            | 16021                   |
+===========================+===============+====================================================+
| No running processes found in NPU 3                                                            |
+===========================+===============+====================================================+
| 4       0                 | 3107012       | VLLMWorker               | 55437                   |
+===========================+===============+====================================================+
| 5       0                 | 3107007       | VLLMWorker               | 55175                   |
+===========================+===============+====================================================+
| 6       0                 | 3107008       | VLLMWorker               | 56515                   |
+===========================+===============+====================================================+
| 7       0                 | 3107009       | VLLMWorker               | 56517                   |
+===========================+===============+====================================================+
timestamp=2026-07-29 21:26:15
+------------------------------------------------------------------------------------------------+
| npu-smi 25.2.3                   Version: 25.2.3                                               |
+---------------------------+---------------+----------------------------------------------------+
| NPU   Name                | Health        | Power(W)    Temp(C)           Hugepages-Usage(page)|
| Chip                      | Bus-Id        | AICore(%)   Memory-Usage(MB)  HBM-Usage(MB)        |
+===========================+===============+====================================================+
| 0     910B4-1             | OK            | 91.7        34                0    / 0             |
| 0                         | 0000:C1:00.0  | 0           0    / 0          3422 / 65536         |
+===========================+===============+====================================================+
| 1     910B4-1             | OK            | 89.8        32                0    / 0             |
| 0                         | 0000:C2:00.0  | 0           0    / 0          3414 / 65536         |
+===========================+===============+====================================================+
| 2     910B4-1             | OK            | 85.1        32                0    / 0             |
| 0                         | 0000:81:00.0  | 0           0    / 0          27496/ 65536         |
+===========================+===============+====================================================+
| 3     910B4-1             | OK            | 89.1        33                0    / 0             |
| 0                         | 0000:82:00.0  | 0           0    / 0          3413 / 65536         |
+===========================+===============+====================================================+
| 4     910B4-1             | OK            | 92.2        37                0    / 0             |
| 0                         | 0000:01:00.0  | 0           0    / 0          58803/ 65536         |
+===========================+===============+====================================================+
| 5     910B4-1             | OK            | 87.1        38                0    / 0             |
| 0                         | 0000:02:00.0  | 0           0    / 0          58539/ 65536         |
+===========================+===============+====================================================+
| 6     910B4-1             | OK            | 90.6        36                0    / 0             |
| 0                         | 0000:41:00.0  | 0           0    / 0          59874/ 65536         |
+===========================+===============+====================================================+
| 7     910B4-1             | OK            | 90.2        36                0    / 0             |
| 0                         | 0000:42:00.0  | 0           0    / 0          59876/ 65536         |
+===========================+===============+====================================================+
+---------------------------+---------------+----------------------------------------------------+
| NPU     Chip              | Process id    | Process name             | Process memory(MB)      |
+===========================+===============+====================================================+
| No running processes found in NPU 0                                                            |
+===========================+===============+====================================================+
| No running processes found in NPU 1                                                            |
+===========================+===============+====================================================+
| 2       0                 | 16129         | python3                  | 8167                    |
| 2       0                 | 8121          | rayWorkerDict            | 16021                   |
+===========================+===============+====================================================+
| No running processes found in NPU 3                                                            |
+===========================+===============+====================================================+
| 4       0                 | 3107012       | VLLMWorker               | 55437                   |
+===========================+===============+====================================================+
| 5       0                 | 3107007       | VLLMWorker               | 55175                   |
+===========================+===============+====================================================+
| 6       0                 | 3107008       | VLLMWorker               | 56515                   |
+===========================+===============+====================================================+
| 7       0                 | 3107009       | VLLMWorker               | 56517                   |
+===========================+===============+====================================================+
timestamp=2026-07-29 21:26:19
+------------------------------------------------------------------------------------------------+
| npu-smi 25.2.3                   Version: 25.2.3                                               |
+---------------------------+---------------+----------------------------------------------------+
| NPU   Name                | Health        | Power(W)    Temp(C)           Hugepages-Usage(page)|
| Chip                      | Bus-Id        | AICore(%)   Memory-Usage(MB)  HBM-Usage(MB)        |
+===========================+===============+====================================================+
| 0     910B4-1             | OK            | 91.6        34                0    / 0             |
| 0                         | 0000:C1:00.0  | 0           0    / 0          3422 / 65536         |
+===========================+===============+====================================================+
| 1     910B4-1             | OK            | 89.7        32                0    / 0             |
| 0                         | 0000:C2:00.0  | 0           0    / 0          3414 / 65536         |
+===========================+===============+====================================================+
| 2     910B4-1             | OK            | 92.5        32                0    / 0             |
| 0                         | 0000:81:00.0  | 0           0    / 0          27513/ 65536         |
+===========================+===============+====================================================+
| 3     910B4-1             | OK            | 89.1        33                0    / 0             |
| 0                         | 0000:82:00.0  | 0           0    / 0          3413 / 65536         |
+===========================+===============+====================================================+
| 4     910B4-1             | OK            | 92.4        37                0    / 0             |
| 0                         | 0000:01:00.0  | 0           0    / 0          58804/ 65536         |
+===========================+===============+====================================================+
| 5     910B4-1             | OK            | 87.0        38                0    / 0             |
| 0                         | 0000:02:00.0  | 0           0    / 0          58539/ 65536         |
+===========================+===============+====================================================+
| 6     910B4-1             | OK            | 90.6        36                0    / 0             |
| 0                         | 0000:41:00.0  | 0           0    / 0          59874/ 65536         |
+===========================+===============+====================================================+
| 7     910B4-1             | OK            | 90.4        36                0    / 0             |
| 0                         | 0000:42:00.0  | 0           0    / 0          59875/ 65536         |
+===========================+===============+====================================================+
+---------------------------+---------------+----------------------------------------------------+
| NPU     Chip              | Process id    | Process name             | Process memory(MB)      |
+===========================+===============+====================================================+
| No running processes found in NPU 0                                                            |
+===========================+===============+====================================================+
| No running processes found in NPU 1                                                            |
+===========================+===============+====================================================+
| 2       0                 | 16129         | python3                  | 8185                    |
| 2       0                 | 8121          | rayWorkerDict            | 16021                   |
+===========================+===============+====================================================+
| No running processes found in NPU 3                                                            |
+===========================+===============+====================================================+
| 4       0                 | 3107012       | VLLMWorker               | 55437                   |
+===========================+===============+====================================================+
| 5       0                 | 3107007       | VLLMWorker               | 55175                   |
+===========================+===============+====================================================+
| 6       0                 | 3107008       | VLLMWorker               | 56515                   |
+===========================+===============+====================================================+
| 7       0                 | 3107009       | VLLMWorker               | 56517                   |
+===========================+===============+====================================================+
timestamp=2026-07-29 21:26:23
+------------------------------------------------------------------------------------------------+
| npu-smi 25.2.3                   Version: 25.2.3                                               |
+---------------------------+---------------+----------------------------------------------------+
| NPU   Name                | Health        | Power(W)    Temp(C)           Hugepages-Usage(page)|
| Chip                      | Bus-Id        | AICore(%)   Memory-Usage(MB)  HBM-Usage(MB)        |
+===========================+===============+====================================================+
| 0     910B4-1             | OK            | 91.6        34                0    / 0             |
| 0                         | 0000:C1:00.0  | 0           0    / 0          3422 / 65536         |
+===========================+===============+====================================================+
| 1     910B4-1             | OK            | 89.8        32                0    / 0             |
| 0                         | 0000:C2:00.0  | 0           0    / 0          3414 / 65536         |
+===========================+===============+====================================================+
| 2     910B4-1             | OK            | 85.1        32                0    / 0             |
| 0                         | 0000:81:00.0  | 0           0    / 0          27514/ 65536         |
+===========================+===============+====================================================+
| 3     910B4-1             | OK            | 89.2        33                0    / 0             |
| 0                         | 0000:82:00.0  | 0           0    / 0          3413 / 65536         |
+===========================+===============+====================================================+
| 4     910B4-1             | OK            | 92.1        37                0    / 0             |
| 0                         | 0000:01:00.0  | 0           0    / 0          58804/ 65536         |
+===========================+===============+====================================================+
| 5     910B4-1             | OK            | 86.9        38                0    / 0             |
| 0                         | 0000:02:00.0  | 0           0    / 0          58539/ 65536         |
+===========================+===============+====================================================+
| 6     910B4-1             | OK            | 90.6        36                0    / 0             |
| 0                         | 0000:41:00.0  | 0           0    / 0          59873/ 65536         |
+===========================+===============+====================================================+
| 7     910B4-1             | OK            | 90.2        37                0    / 0             |
| 0                         | 0000:42:00.0  | 0           0    / 0          59876/ 65536         |
+===========================+===============+====================================================+
+---------------------------+---------------+----------------------------------------------------+
| NPU     Chip              | Process id    | Process name             | Process memory(MB)      |
+===========================+===============+====================================================+
| No running processes found in NPU 0                                                            |
+===========================+===============+====================================================+
| No running processes found in NPU 1                                                            |
+===========================+===============+====================================================+
| 2       0                 | 16129         | python3                  | 8185                    |
| 2       0                 | 8121          | rayWorkerDict            | 16021                   |
+===========================+===============+====================================================+
| No running processes found in NPU 3                                                            |
+===========================+===============+====================================================+
| 4       0                 | 3107012       | VLLMWorker               | 55437                   |
+===========================+===============+====================================================+
| 5       0                 | 3107007       | VLLMWorker               | 55175                   |
+===========================+===============+====================================================+
| 6       0                 | 3107008       | VLLMWorker               | 56515                   |
+===========================+===============+====================================================+
| 7       0                 | 3107009       | VLLMWorker               | 56517                   |
+===========================+===============+====================================================+
timestamp=2026-07-29 21:26:27
+------------------------------------------------------------------------------------------------+
| npu-smi 25.2.3                   Version: 25.2.3                                               |
+---------------------------+---------------+----------------------------------------------------+
| NPU   Name                | Health        | Power(W)    Temp(C)           Hugepages-Usage(page)|
| Chip                      | Bus-Id        | AICore(%)   Memory-Usage(MB)  HBM-Usage(MB)        |
+===========================+===============+====================================================+
| 0     910B4-1             | OK            | 91.8        34                0    / 0             |
| 0                         | 0000:C1:00.0  | 0           0    / 0          3422 / 65536         |
+===========================+===============+====================================================+
| 1     910B4-1             | OK            | 89.7        32                0    / 0             |
| 0                         | 0000:C2:00.0  | 0           0    / 0          3414 / 65536         |
+===========================+===============+====================================================+
| 2     910B4-1             | OK            | 85.1        32                0    / 0             |
| 0                         | 0000:81:00.0  | 0           0    / 0          27513/ 65536         |
+===========================+===============+====================================================+
| 3     910B4-1             | OK            | 89.2        33                0    / 0             |
| 0                         | 0000:82:00.0  | 0           0    / 0          3413 / 65536         |
+===========================+===============+====================================================+
| 4     910B4-1             | OK            | 92.4        37                0    / 0             |
| 0                         | 0000:01:00.0  | 0           0    / 0          58804/ 65536         |
+===========================+===============+====================================================+
| 5     910B4-1             | OK            | 87.0        38                0    / 0             |
| 0                         | 0000:02:00.0  | 0           0    / 0          58539/ 65536         |
+===========================+===============+====================================================+
| 6     910B4-1             | OK            | 90.7        36                0    / 0             |
| 0                         | 0000:41:00.0  | 0           0    / 0          59874/ 65536         |
+===========================+===============+====================================================+
| 7     910B4-1             | OK            | 90.2        36                0    / 0             |
| 0                         | 0000:42:00.0  | 0           0    / 0          59875/ 65536         |
+===========================+===============+====================================================+
+---------------------------+---------------+----------------------------------------------------+
| NPU     Chip              | Process id    | Process name             | Process memory(MB)      |
+===========================+===============+====================================================+
| No running processes found in NPU 0                                                            |
+===========================+===============+====================================================+
| No running processes found in NPU 1                                                            |
+===========================+===============+====================================================+
| 2       0                 | 16129         | python3                  | 8185                    |
| 2       0                 | 8121          | rayWorkerDict            | 16021                   |
+===========================+===============+====================================================+
| No running processes found in NPU 3                                                            |
+===========================+===============+====================================================+
| 4       0                 | 3107012       | VLLMWorker               | 55437                   |
+===========================+===============+====================================================+
| 5       0                 | 3107007       | VLLMWorker               | 55175                   |
+===========================+===============+====================================================+
| 6       0                 | 3107008       | VLLMWorker               | 56515                   |
+===========================+===============+====================================================+
| 7       0                 | 3107009       | VLLMWorker               | 56517                   |
+===========================+===============+====================================================+
timestamp=2026-07-29 21:26:31
+------------------------------------------------------------------------------------------------+
| npu-smi 25.2.3                   Version: 25.2.3                                               |
+---------------------------+---------------+----------------------------------------------------+
| NPU   Name                | Health        | Power(W)    Temp(C)           Hugepages-Usage(page)|
| Chip                      | Bus-Id        | AICore(%)   Memory-Usage(MB)  HBM-Usage(MB)        |
+===========================+===============+====================================================+
| 0     910B4-1             | OK            | 91.8        33                0    / 0             |
| 0                         | 0000:C1:00.0  | 0           0    / 0          3422 / 65536         |
+===========================+===============+====================================================+
| 1     910B4-1             | OK            | 89.8        31                0    / 0             |
| 0                         | 0000:C2:00.0  | 0           0    / 0          3414 / 65536         |
+===========================+===============+====================================================+
| 2     910B4-1             | OK            | 85.3        32                0    / 0             |
| 0                         | 0000:81:00.0  | 0           0    / 0          27514/ 65536         |
+===========================+===============+====================================================+
| 3     910B4-1             | OK            | 89.0        33                0    / 0             |
| 0                         | 0000:82:00.0  | 0           0    / 0          3413 / 65536         |
+===========================+===============+====================================================+
| 4     910B4-1             | OK            | 92.2        37                0    / 0             |
| 0                         | 0000:01:00.0  | 0           0    / 0          58804/ 65536         |
+===========================+===============+====================================================+
| 5     910B4-1             | OK            | 87.1        38                0    / 0             |
| 0                         | 0000:02:00.0  | 0           0    / 0          58538/ 65536         |
+===========================+===============+====================================================+
| 6     910B4-1             | OK            | 90.7        36                0    / 0             |
| 0                         | 0000:41:00.0  | 0           0    / 0          59873/ 65536         |
+===========================+===============+====================================================+
| 7     910B4-1             | OK            | 90.3        36                0    / 0             |
| 0                         | 0000:42:00.0  | 0           0    / 0          59876/ 65536         |
+===========================+===============+====================================================+
+---------------------------+---------------+----------------------------------------------------+
| NPU     Chip              | Process id    | Process name             | Process memory(MB)      |
+===========================+===============+====================================================+
| No running processes found in NPU 0                                                            |
+===========================+===============+====================================================+
| No running processes found in NPU 1                                                            |
+===========================+===============+====================================================+
| 2       0                 | 16129         | python3                  | 8185                    |
| 2       0                 | 8121          | rayWorkerDict            | 16021                   |
+===========================+===============+====================================================+
| No running processes found in NPU 3                                                            |
+===========================+===============+====================================================+
| 4       0                 | 3107012       | VLLMWorker               | 55437                   |
+===========================+===============+====================================================+
| 5       0                 | 3107007       | VLLMWorker               | 55175                   |
+===========================+===============+====================================================+
| 6       0                 | 3107008       | VLLMWorker               | 56515                   |
+===========================+===============+====================================================+
| 7       0                 | 3107009       | VLLMWorker               | 56517                   |
+===========================+===============+====================================================+
timestamp=2026-07-29 21:26:36
+------------------------------------------------------------------------------------------------+
| npu-smi 25.2.3                   Version: 25.2.3                                               |
+---------------------------+---------------+----------------------------------------------------+
| NPU   Name                | Health        | Power(W)    Temp(C)           Hugepages-Usage(page)|
| Chip                      | Bus-Id        | AICore(%)   Memory-Usage(MB)  HBM-Usage(MB)        |
+===========================+===============+====================================================+
| 0     910B4-1             | OK            | 91.5        34                0    / 0             |
| 0                         | 0000:C1:00.0  | 0           0    / 0          3422 / 65536         |
+===========================+===============+====================================================+
| 1     910B4-1             | OK            | 89.8        32                0    / 0             |
| 0                         | 0000:C2:00.0  | 0           0    / 0          3414 / 65536         |
+===========================+===============+====================================================+
| 2     910B4-1             | OK            | 85.0        32                0    / 0             |
| 0                         | 0000:81:00.0  | 0           0    / 0          27513/ 65536         |
+===========================+===============+====================================================+
| 3     910B4-1             | OK            | 89.2        33                0    / 0             |
| 0                         | 0000:82:00.0  | 0           0    / 0          3413 / 65536         |
+===========================+===============+====================================================+
| 4     910B4-1             | OK            | 92.2        37                0    / 0             |
| 0                         | 0000:01:00.0  | 0           0    / 0          58804/ 65536         |
+===========================+===============+====================================================+
| 5     910B4-1             | OK            | 87.0        37                0    / 0             |
| 0                         | 0000:02:00.0  | 0           0    / 0          58539/ 65536         |
+===========================+===============+====================================================+
| 6     910B4-1             | OK            | 90.7        36                0    / 0             |
| 0                         | 0000:41:00.0  | 0           0    / 0          59874/ 65536         |
+===========================+===============+====================================================+
| 7     910B4-1             | OK            | 90.3        36                0    / 0             |
| 0                         | 0000:42:00.0  | 0           0    / 0          59876/ 65536         |
+===========================+===============+====================================================+
+---------------------------+---------------+----------------------------------------------------+
| NPU     Chip              | Process id    | Process name             | Process memory(MB)      |
+===========================+===============+====================================================+
| No running processes found in NPU 0                                                            |
+===========================+===============+====================================================+
| No running processes found in NPU 1                                                            |
+===========================+===============+====================================================+
| 2       0                 | 16129         | python3                  | 8185                    |
| 2       0                 | 8121          | rayWorkerDict            | 16021                   |
+===========================+===============+====================================================+
| No running processes found in NPU 3                                                            |
+===========================+===============+====================================================+
| 4       0                 | 3107012       | VLLMWorker               | 55437                   |
+===========================+===============+====================================================+
| 5       0                 | 3107007       | VLLMWorker               | 55175                   |
+===========================+===============+====================================================+
| 6       0                 | 3107008       | VLLMWorker               | 56515                   |
+===========================+===============+====================================================+
| 7       0                 | 3107009       | VLLMWorker               | 56517                   |
+===========================+===============+====================================================+
timestamp=2026-07-29 21:26:40
+------------------------------------------------------------------------------------------------+
| npu-smi 25.2.3                   Version: 25.2.3                                               |
+---------------------------+---------------+----------------------------------------------------+
| NPU   Name                | Health        | Power(W)    Temp(C)           Hugepages-Usage(page)|
| Chip                      | Bus-Id        | AICore(%)   Memory-Usage(MB)  HBM-Usage(MB)        |
+===========================+===============+====================================================+
| 0     910B4-1             | OK            | 91.7        34                0    / 0             |
| 0                         | 0000:C1:00.0  | 0           0    / 0          3422 / 65536         |
+===========================+===============+====================================================+
| 1     910B4-1             | OK            | 89.8        32                0    / 0             |
| 0                         | 0000:C2:00.0  | 0           0    / 0          3414 / 65536         |
+===========================+===============+====================================================+
| 2     910B4-1             | OK            | 85.1        32                0    / 0             |
| 0                         | 0000:81:00.0  | 0           0    / 0          27514/ 65536         |
+===========================+===============+====================================================+
| 3     910B4-1             | OK            | 89.1        33                0    / 0             |
| 0                         | 0000:82:00.0  | 0           0    / 0          3413 / 65536         |
+===========================+===============+====================================================+
| 4     910B4-1             | OK            | 92.2        37                0    / 0             |
| 0                         | 0000:01:00.0  | 0           0    / 0          58804/ 65536         |
+===========================+===============+====================================================+
| 5     910B4-1             | OK            | 87.0        38                0    / 0             |
| 0                         | 0000:02:00.0  | 0           0    / 0          58539/ 65536         |
+===========================+===============+====================================================+
| 6     910B4-1             | OK            | 90.7        36                0    / 0             |
| 0                         | 0000:41:00.0  | 0           0    / 0          59874/ 65536         |
+===========================+===============+====================================================+
| 7     910B4-1             | OK            | 90.2        36                0    / 0             |
| 0                         | 0000:42:00.0  | 0           0    / 0          59875/ 65536         |
+===========================+===============+====================================================+
+---------------------------+---------------+----------------------------------------------------+
| NPU     Chip              | Process id    | Process name             | Process memory(MB)      |
+===========================+===============+====================================================+
| No running processes found in NPU 0                                                            |
+===========================+===============+====================================================+
| No running processes found in NPU 1                                                            |
+===========================+===============+====================================================+
| 2       0                 | 16129         | python3                  | 8185                    |
| 2       0                 | 8121          | rayWorkerDict            | 16021                   |
+===========================+===============+====================================================+
| No running processes found in NPU 3                                                            |
+===========================+===============+====================================================+
| 4       0                 | 3107012       | VLLMWorker               | 55437                   |
+===========================+===============+====================================================+
| 5       0                 | 3107007       | VLLMWorker               | 55175                   |
+===========================+===============+====================================================+
| 6       0                 | 3107008       | VLLMWorker               | 56515                   |
+===========================+===============+====================================================+
| 7       0                 | 3107009       | VLLMWorker               | 56517                   |
+===========================+===============+====================================================+
timestamp=2026-07-29 21:26:44
+------------------------------------------------------------------------------------------------+
| npu-smi 25.2.3                   Version: 25.2.3                                               |
+---------------------------+---------------+----------------------------------------------------+
| NPU   Name                | Health        | Power(W)    Temp(C)           Hugepages-Usage(page)|
| Chip                      | Bus-Id        | AICore(%)   Memory-Usage(MB)  HBM-Usage(MB)        |
+===========================+===============+====================================================+
| 0     910B4-1             | OK            | 91.9        34                0    / 0             |
| 0                         | 0000:C1:00.0  | 0           0    / 0          3422 / 65536         |
+===========================+===============+====================================================+
| 1     910B4-1             | OK            | 89.7        32                0    / 0             |
| 0                         | 0000:C2:00.0  | 0           0    / 0          3414 / 65536         |
+===========================+===============+====================================================+
| 2     910B4-1             | OK            | 85.0        32                0    / 0             |
| 0                         | 0000:81:00.0  | 0           0    / 0          27514/ 65536         |
+===========================+===============+====================================================+
| 3     910B4-1             | OK            | 89.0        33                0    / 0             |
| 0                         | 0000:82:00.0  | 0           0    / 0          3413 / 65536         |
+===========================+===============+====================================================+
| 4     910B4-1             | OK            | 92.4        37                0    / 0             |
| 0                         | 0000:01:00.0  | 0           0    / 0          58804/ 65536         |
+===========================+===============+====================================================+
| 5     910B4-1             | OK            | 87.1        38                0    / 0             |
| 0                         | 0000:02:00.0  | 0           0    / 0          58539/ 65536         |
+===========================+===============+====================================================+
| 6     910B4-1             | OK            | 90.7        35                0    / 0             |
| 0                         | 0000:41:00.0  | 0           0    / 0          59873/ 65536         |
+===========================+===============+====================================================+
| 7     910B4-1             | OK            | 90.3        36                0    / 0             |
| 0                         | 0000:42:00.0  | 0           0    / 0          59876/ 65536         |
+===========================+===============+====================================================+
+---------------------------+---------------+----------------------------------------------------+
| NPU     Chip              | Process id    | Process name             | Process memory(MB)      |
+===========================+===============+====================================================+
| No running processes found in NPU 0                                                            |
+===========================+===============+====================================================+
| No running processes found in NPU 1                                                            |
+===========================+===============+====================================================+
| 2       0                 | 16129         | python3                  | 8185                    |
| 2       0                 | 8121          | rayWorkerDict            | 16021                   |
+===========================+===============+====================================================+
| No running processes found in NPU 3                                                            |
+===========================+===============+====================================================+
| 4       0                 | 3107012       | VLLMWorker               | 55437                   |
+===========================+===============+====================================================+
| 5       0                 | 3107007       | VLLMWorker               | 55175                   |
+===========================+===============+====================================================+
| 6       0                 | 3107008       | VLLMWorker               | 56515                   |
+===========================+===============+====================================================+
| 7       0                 | 3107009       | VLLMWorker               | 56517                   |
+===========================+===============+====================================================+
timestamp=2026-07-29 21:26:48
+------------------------------------------------------------------------------------------------+
| npu-smi 25.2.3                   Version: 25.2.3                                               |
+---------------------------+---------------+----------------------------------------------------+
| NPU   Name                | Health        | Power(W)    Temp(C)           Hugepages-Usage(page)|
| Chip                      | Bus-Id        | AICore(%)   Memory-Usage(MB)  HBM-Usage(MB)        |
+===========================+===============+====================================================+
| 0     910B4-1             | OK            | 91.8        34                0    / 0             |
| 0                         | 0000:C1:00.0  | 0           0    / 0          3422 / 65536         |
+===========================+===============+====================================================+
| 1     910B4-1             | OK            | 89.6        32                0    / 0             |
| 0                         | 0000:C2:00.0  | 0           0    / 0          3414 / 65536         |
+===========================+===============+====================================================+
| 2     910B4-1             | OK            | 85.1        32                0    / 0             |
| 0                         | 0000:81:00.0  | 0           0    / 0          27513/ 65536         |
+===========================+===============+====================================================+
| 3     910B4-1             | OK            | 89.1        33                0    / 0             |
| 0                         | 0000:82:00.0  | 0           0    / 0          3413 / 65536         |
+===========================+===============+====================================================+
| 4     910B4-1             | OK            | 92.2        37                0    / 0             |
| 0                         | 0000:01:00.0  | 0           0    / 0          58804/ 65536         |
+===========================+===============+====================================================+
| 5     910B4-1             | OK            | 87.0        38                0    / 0             |
| 0                         | 0000:02:00.0  | 0           0    / 0          58539/ 65536         |
+===========================+===============+====================================================+
| 6     910B4-1             | OK            | 90.6        36                0    / 0             |
| 0                         | 0000:41:00.0  | 0           0    / 0          59874/ 65536         |
+===========================+===============+====================================================+
| 7     910B4-1             | OK            | 90.3        36                0    / 0             |
| 0                         | 0000:42:00.0  | 0           0    / 0          59875/ 65536         |
+===========================+===============+====================================================+
+---------------------------+---------------+----------------------------------------------------+
| NPU     Chip              | Process id    | Process name             | Process memory(MB)      |
+===========================+===============+====================================================+
| No running processes found in NPU 0                                                            |
+===========================+===============+====================================================+
| No running processes found in NPU 1                                                            |
+===========================+===============+====================================================+
| 2       0                 | 16129         | python3                  | 8185                    |
| 2       0                 | 8121          | rayWorkerDict            | 16021                   |
+===========================+===============+====================================================+
| No running processes found in NPU 3                                                            |
+===========================+===============+====================================================+
| 4       0                 | 3107012       | VLLMWorker               | 55437                   |
+===========================+===============+====================================================+
| 5       0                 | 3107007       | VLLMWorker               | 55175                   |
+===========================+===============+====================================================+
| 6       0                 | 3107008       | VLLMWorker               | 56515                   |
+===========================+===============+====================================================+
| 7       0                 | 3107009       | VLLMWorker               | 56517                   |
+===========================+===============+====================================================+
timestamp=2026-07-29 21:26:52
+------------------------------------------------------------------------------------------------+
| npu-smi 25.2.3                   Version: 25.2.3                                               |
+---------------------------+---------------+----------------------------------------------------+
| NPU   Name                | Health        | Power(W)    Temp(C)           Hugepages-Usage(page)|
| Chip                      | Bus-Id        | AICore(%)   Memory-Usage(MB)  HBM-Usage(MB)        |
+===========================+===============+====================================================+
| 0     910B4-1             | OK            | 91.7        34                0    / 0             |
| 0                         | 0000:C1:00.0  | 0           0    / 0          3422 / 65536         |
+===========================+===============+====================================================+
| 1     910B4-1             | OK            | 89.7        32                0    / 0             |
| 0                         | 0000:C2:00.0  | 0           0    / 0          3414 / 65536         |
+===========================+===============+====================================================+
| 2     910B4-1             | OK            | 85.1        32                0    / 0             |
| 0                         | 0000:81:00.0  | 0           0    / 0          27514/ 65536         |
+===========================+===============+====================================================+
| 3     910B4-1             | OK            | 89.0        33                0    / 0             |
| 0                         | 0000:82:00.0  | 0           0    / 0          3413 / 65536         |
+===========================+===============+====================================================+
| 4     910B4-1             | OK            | 92.1        37                0    / 0             |
| 0                         | 0000:01:00.0  | 0           0    / 0          58804/ 65536         |
+===========================+===============+====================================================+
| 5     910B4-1             | OK            | 87.0        37                0    / 0             |
| 0                         | 0000:02:00.0  | 0           0    / 0          58539/ 65536         |
+===========================+===============+====================================================+
| 6     910B4-1             | OK            | 90.7        36                0    / 0             |
| 0                         | 0000:41:00.0  | 0           0    / 0          59874/ 65536         |
+===========================+===============+====================================================+
| 7     910B4-1             | OK            | 90.3        37                0    / 0             |
| 0                         | 0000:42:00.0  | 0           0    / 0          59876/ 65536         |
+===========================+===============+====================================================+
+---------------------------+---------------+----------------------------------------------------+
| NPU     Chip              | Process id    | Process name             | Process memory(MB)      |
+===========================+===============+====================================================+
| No running processes found in NPU 0                                                            |
+===========================+===============+====================================================+
| No running processes found in NPU 1                                                            |
+===========================+===============+====================================================+
| 2       0                 | 16129         | python3                  | 8185                    |
| 2       0                 | 8121          | rayWorkerDict            | 16021                   |
+===========================+===============+====================================================+
| No running processes found in NPU 3                                                            |
+===========================+===============+====================================================+
| 4       0                 | 3107012       | VLLMWorker               | 55437                   |
+===========================+===============+====================================================+
| 5       0                 | 3107007       | VLLMWorker               | 55175                   |
+===========================+===============+====================================================+
| 6       0                 | 3107008       | VLLMWorker               | 56515                   |
+===========================+===============+====================================================+
| 7       0                 | 3107009       | VLLMWorker               | 56517                   |
+===========================+===============+====================================================+
timestamp=2026-07-29 21:26:57
+------------------------------------------------------------------------------------------------+
| npu-smi 25.2.3                   Version: 25.2.3                                               |
+---------------------------+---------------+----------------------------------------------------+
| NPU   Name                | Health        | Power(W)    Temp(C)           Hugepages-Usage(page)|
| Chip                      | Bus-Id        | AICore(%)   Memory-Usage(MB)  HBM-Usage(MB)        |
+===========================+===============+====================================================+
| 0     910B4-1             | OK            | 91.8        34                0    / 0             |
| 0                         | 0000:C1:00.0  | 0           0    / 0          3422 / 65536         |
+===========================+===============+====================================================+
| 1     910B4-1             | OK            | 89.7        32                0    / 0             |
| 0                         | 0000:C2:00.0  | 0           0    / 0          3414 / 65536         |
+===========================+===============+====================================================+
| 2     910B4-1             | OK            | 85.0        32                0    / 0             |
| 0                         | 0000:81:00.0  | 0           0    / 0          27513/ 65536         |
+===========================+===============+====================================================+
| 3     910B4-1             | OK            | 89.2        33                0    / 0             |
| 0                         | 0000:82:00.0  | 0           0    / 0          3413 / 65536         |
+===========================+===============+====================================================+
| 4     910B4-1             | OK            | 92.3        37                0    / 0             |
| 0                         | 0000:01:00.0  | 0           0    / 0          58804/ 65536         |
+===========================+===============+====================================================+
| 5     910B4-1             | OK            | 86.9        37                0    / 0             |
| 0                         | 0000:02:00.0  | 0           0    / 0          58539/ 65536         |
+===========================+===============+====================================================+
| 6     910B4-1             | OK            | 90.7        36                0    / 0             |
| 0                         | 0000:41:00.0  | 0           0    / 0          59874/ 65536         |
+===========================+===============+====================================================+
| 7     910B4-1             | OK            | 90.3        36                0    / 0             |
| 0                         | 0000:42:00.0  | 0           0    / 0          59876/ 65536         |
+===========================+===============+====================================================+
+---------------------------+---------------+----------------------------------------------------+
| NPU     Chip              | Process id    | Process name             | Process memory(MB)      |
+===========================+===============+====================================================+
| No running processes found in NPU 0                                                            |
+===========================+===============+====================================================+
| No running processes found in NPU 1                                                            |
+===========================+===============+====================================================+
| 2       0                 | 16129         | python3                  | 8185                    |
| 2       0                 | 8121          | rayWorkerDict            | 16021                   |
+===========================+===============+====================================================+
| No running processes found in NPU 3                                                            |
+===========================+===============+====================================================+
| 4       0                 | 3107012       | VLLMWorker               | 55437                   |
+===========================+===============+====================================================+
| 5       0                 | 3107007       | VLLMWorker               | 55175                   |
+===========================+===============+====================================================+
| 6       0                 | 3107008       | VLLMWorker               | 56515                   |
+===========================+===============+====================================================+
| 7       0                 | 3107009       | VLLMWorker               | 56517                   |
+===========================+===============+====================================================+
timestamp=2026-07-29 21:27:01
+------------------------------------------------------------------------------------------------+
| npu-smi 25.2.3                   Version: 25.2.3                                               |
+---------------------------+---------------+----------------------------------------------------+
| NPU   Name                | Health        | Power(W)    Temp(C)           Hugepages-Usage(page)|
| Chip                      | Bus-Id        | AICore(%)   Memory-Usage(MB)  HBM-Usage(MB)        |
+===========================+===============+====================================================+
| 0     910B4-1             | OK            | 91.7        34                0    / 0             |
| 0                         | 0000:C1:00.0  | 0           0    / 0          3422 / 65536         |
+===========================+===============+====================================================+
| 1     910B4-1             | OK            | 89.7        31                0    / 0             |
| 0                         | 0000:C2:00.0  | 0           0    / 0          3414 / 65536         |
+===========================+===============+====================================================+
| 2     910B4-1             | OK            | 85.1        32                0    / 0             |
| 0                         | 0000:81:00.0  | 0           0    / 0          27513/ 65536         |
+===========================+===============+====================================================+
| 3     910B4-1             | OK            | 89.1        33                0    / 0             |
| 0                         | 0000:82:00.0  | 0           0    / 0          3413 / 65536         |
+===========================+===============+====================================================+
| 4     910B4-1             | OK            | 92.2        37                0    / 0             |
| 0                         | 0000:01:00.0  | 0           0    / 0          58804/ 65536         |
+===========================+===============+====================================================+
| 5     910B4-1             | OK            | 87.0        38                0    / 0             |
| 0                         | 0000:02:00.0  | 0           0    / 0          58539/ 65536         |
+===========================+===============+====================================================+
| 6     910B4-1             | OK            | 90.6        35                0    / 0             |
| 0                         | 0000:41:00.0  | 0           0    / 0          59873/ 65536         |
+===========================+===============+====================================================+
| 7     910B4-1             | OK            | 90.3        36                0    / 0             |
| 0                         | 0000:42:00.0  | 0           0    / 0          59875/ 65536         |
+===========================+===============+====================================================+
+---------------------------+---------------+----------------------------------------------------+
| NPU     Chip              | Process id    | Process name             | Process memory(MB)      |
+===========================+===============+====================================================+
| No running processes found in NPU 0                                                            |
+===========================+===============+====================================================+
| No running processes found in NPU 1                                                            |
+===========================+===============+====================================================+
| 2       0                 | 16129         | python3                  | 8185                    |
| 2       0                 | 8121          | rayWorkerDict            | 16021                   |
+===========================+===============+====================================================+
| No running processes found in NPU 3                                                            |
+===========================+===============+====================================================+
| 4       0                 | 3107012       | VLLMWorker               | 55437                   |
+===========================+===============+====================================================+
| 5       0                 | 3107007       | VLLMWorker               | 55175                   |
+===========================+===============+====================================================+
| 6       0                 | 3107008       | VLLMWorker               | 56515                   |
+===========================+===============+====================================================+
| 7       0                 | 3107009       | VLLMWorker               | 56517                   |
+===========================+===============+====================================================+
timestamp=2026-07-29 21:27:05
+------------------------------------------------------------------------------------------------+
| npu-smi 25.2.3                   Version: 25.2.3                                               |
+---------------------------+---------------+----------------------------------------------------+
| NPU   Name                | Health        | Power(W)    Temp(C)           Hugepages-Usage(page)|
| Chip                      | Bus-Id        | AICore(%)   Memory-Usage(MB)  HBM-Usage(MB)        |
+===========================+===============+====================================================+
| 0     910B4-1             | OK            | 91.7        34                0    / 0             |
| 0                         | 0000:C1:00.0  | 0           0    / 0          3422 / 65536         |
+===========================+===============+====================================================+
| 1     910B4-1             | OK            | 89.7        32                0    / 0             |
| 0                         | 0000:C2:00.0  | 0           0    / 0          3414 / 65536         |
+===========================+===============+====================================================+
| 2     910B4-1             | OK            | 85.1        32                0    / 0             |
| 0                         | 0000:81:00.0  | 0           0    / 0          27514/ 65536         |
+===========================+===============+====================================================+
| 3     910B4-1             | OK            | 89.2        33                0    / 0             |
| 0                         | 0000:82:00.0  | 0           0    / 0          3413 / 65536         |
+===========================+===============+====================================================+
| 4     910B4-1             | OK            | 92.3        37                0    / 0             |
| 0                         | 0000:01:00.0  | 0           0    / 0          58803/ 65536         |
+===========================+===============+====================================================+
| 5     910B4-1             | OK            | 87.0        38                0    / 0             |
| 0                         | 0000:02:00.0  | 0           0    / 0          58539/ 65536         |
+===========================+===============+====================================================+
| 6     910B4-1             | OK            | 90.7        36                0    / 0             |
| 0                         | 0000:41:00.0  | 0           0    / 0          59874/ 65536         |
+===========================+===============+====================================================+
| 7     910B4-1             | OK            | 90.3        36                0    / 0             |
| 0                         | 0000:42:00.0  | 0           0    / 0          59876/ 65536         |
+===========================+===============+====================================================+
+---------------------------+---------------+----------------------------------------------------+
| NPU     Chip              | Process id    | Process name             | Process memory(MB)      |
+===========================+===============+====================================================+
| No running processes found in NPU 0                                                            |
+===========================+===============+====================================================+
| No running processes found in NPU 1                                                            |
+===========================+===============+====================================================+
| 2       0                 | 16129         | python3                  | 8185                    |
| 2       0                 | 8121          | rayWorkerDict            | 16021                   |
+===========================+===============+====================================================+
| No running processes found in NPU 3                                                            |
+===========================+===============+====================================================+
| 4       0                 | 3107012       | VLLMWorker               | 55437                   |
+===========================+===============+====================================================+
| 5       0                 | 3107007       | VLLMWorker               | 55175                   |
+===========================+===============+====================================================+
| 6       0                 | 3107008       | VLLMWorker               | 56515                   |
+===========================+===============+====================================================+
| 7       0                 | 3107009       | VLLMWorker               | 56517                   |
+===========================+===============+====================================================+
timestamp=2026-07-29 21:27:09
+------------------------------------------------------------------------------------------------+
| npu-smi 25.2.3                   Version: 25.2.3                                               |
+---------------------------+---------------+----------------------------------------------------+
| NPU   Name                | Health        | Power(W)    Temp(C)           Hugepages-Usage(page)|
| Chip                      | Bus-Id        | AICore(%)   Memory-Usage(MB)  HBM-Usage(MB)        |
+===========================+===============+====================================================+
| 0     910B4-1             | OK            | 91.7        34                0    / 0             |
| 0                         | 0000:C1:00.0  | 0           0    / 0          3422 / 65536         |
+===========================+===============+====================================================+
| 1     910B4-1             | OK            | 89.7        32                0    / 0             |
| 0                         | 0000:C2:00.0  | 0           0    / 0          3413 / 65536         |
+===========================+===============+====================================================+
| 2     910B4-1             | OK            | 85.1        32                0    / 0             |
| 0                         | 0000:81:00.0  | 0           0    / 0          27513/ 65536         |
+===========================+===============+====================================================+
| 3     910B4-1             | OK            | 89.1        32                0    / 0             |
| 0                         | 0000:82:00.0  | 0           0    / 0          3413 / 65536         |
+===========================+===============+====================================================+
| 4     910B4-1             | OK            | 92.2        37                0    / 0             |
| 0                         | 0000:01:00.0  | 0           0    / 0          58804/ 65536         |
+===========================+===============+====================================================+
| 5     910B4-1             | OK            | 87.1        37                0    / 0             |
| 0                         | 0000:02:00.0  | 0           0    / 0          58539/ 65536         |
+===========================+===============+====================================================+
| 6     910B4-1             | OK            | 90.6        36                0    / 0             |
| 0                         | 0000:41:00.0  | 0           0    / 0          59874/ 65536         |
+===========================+===============+====================================================+
| 7     910B4-1             | OK            | 90.3        36                0    / 0             |
| 0                         | 0000:42:00.0  | 0           0    / 0          59875/ 65536         |
+===========================+===============+====================================================+
+---------------------------+---------------+----------------------------------------------------+
| NPU     Chip              | Process id    | Process name             | Process memory(MB)      |
+===========================+===============+====================================================+
| No running processes found in NPU 0                                                            |
+===========================+===============+====================================================+
| No running processes found in NPU 1                                                            |
+===========================+===============+====================================================+
| 2       0                 | 16129         | python3                  | 8185                    |
| 2       0                 | 8121          | rayWorkerDict            | 16021                   |
+===========================+===============+====================================================+
| No running processes found in NPU 3                                                            |
+===========================+===============+====================================================+
| 4       0                 | 3107012       | VLLMWorker               | 55437                   |
+===========================+===============+====================================================+
| 5       0                 | 3107007       | VLLMWorker               | 55175                   |
+===========================+===============+====================================================+
| 6       0                 | 3107008       | VLLMWorker               | 56515                   |
+===========================+===============+====================================================+
| 7       0                 | 3107009       | VLLMWorker               | 56517                   |
+===========================+===============+====================================================+
timestamp=2026-07-29 21:27:14
+------------------------------------------------------------------------------------------------+
| npu-smi 25.2.3                   Version: 25.2.3                                               |
+---------------------------+---------------+----------------------------------------------------+
| NPU   Name                | Health        | Power(W)    Temp(C)           Hugepages-Usage(page)|
| Chip                      | Bus-Id        | AICore(%)   Memory-Usage(MB)  HBM-Usage(MB)        |
+===========================+===============+====================================================+
| 0     910B4-1             | OK            | 91.6        34                0    / 0             |
| 0                         | 0000:C1:00.0  | 0           0    / 0          3422 / 65536         |
+===========================+===============+====================================================+
| 1     910B4-1             | OK            | 89.7        32                0    / 0             |
| 0                         | 0000:C2:00.0  | 0           0    / 0          3414 / 65536         |
+===========================+===============+====================================================+
| 2     910B4-1             | OK            | 85.1        32                0    / 0             |
| 0                         | 0000:81:00.0  | 0           0    / 0          27514/ 65536         |
+===========================+===============+====================================================+
| 3     910B4-1             | OK            | 89.1        33                0    / 0             |
| 0                         | 0000:82:00.0  | 0           0    / 0          3413 / 65536         |
+===========================+===============+====================================================+
| 4     910B4-1             | OK            | 92.2        37                0    / 0             |
| 0                         | 0000:01:00.0  | 0           0    / 0          58804/ 65536         |
+===========================+===============+====================================================+
| 5     910B4-1             | OK            | 87.1        38                0    / 0             |
| 0                         | 0000:02:00.0  | 0           0    / 0          58539/ 65536         |
+===========================+===============+====================================================+
| 6     910B4-1             | OK            | 90.8        35                0    / 0             |
| 0                         | 0000:41:00.0  | 0           0    / 0          59874/ 65536         |
+===========================+===============+====================================================+
| 7     910B4-1             | OK            | 90.4        36                0    / 0             |
| 0                         | 0000:42:00.0  | 0           0    / 0          59876/ 65536         |
+===========================+===============+====================================================+
+---------------------------+---------------+----------------------------------------------------+
| NPU     Chip              | Process id    | Process name             | Process memory(MB)      |
+===========================+===============+====================================================+
| No running processes found in NPU 0                                                            |
+===========================+===============+====================================================+
| No running processes found in NPU 1                                                            |
+===========================+===============+====================================================+
| 2       0                 | 16129         | python3                  | 8185                    |
| 2       0                 | 8121          | rayWorkerDict            | 16021                   |
+===========================+===============+====================================================+
| No running processes found in NPU 3                                                            |
+===========================+===============+====================================================+
| 4       0                 | 3107012       | VLLMWorker               | 55437                   |
+===========================+===============+====================================================+
| 5       0                 | 3107007       | VLLMWorker               | 55175                   |
+===========================+===============+====================================================+
| 6       0                 | 3107008       | VLLMWorker               | 56515                   |
+===========================+===============+====================================================+
| 7       0                 | 3107009       | VLLMWorker               | 56517                   |
+===========================+===============+====================================================+
timestamp=2026-07-29 21:27:18
+------------------------------------------------------------------------------------------------+
| npu-smi 25.2.3                   Version: 25.2.3                                               |
+---------------------------+---------------+----------------------------------------------------+
| NPU   Name                | Health        | Power(W)    Temp(C)           Hugepages-Usage(page)|
| Chip                      | Bus-Id        | AICore(%)   Memory-Usage(MB)  HBM-Usage(MB)        |
+===========================+===============+====================================================+
| 0     910B4-1             | OK            | 91.5        34                0    / 0             |
| 0                         | 0000:C1:00.0  | 0           0    / 0          3422 / 65536         |
+===========================+===============+====================================================+
| 1     910B4-1             | OK            | 89.8        32                0    / 0             |
| 0                         | 0000:C2:00.0  | 0           0    / 0          3414 / 65536         |
+===========================+===============+====================================================+
| 2     910B4-1             | OK            | 85.1        32                0    / 0             |
| 0                         | 0000:81:00.0  | 0           0    / 0          27513/ 65536         |
+===========================+===============+====================================================+
| 3     910B4-1             | OK            | 89.2        33                0    / 0             |
| 0                         | 0000:82:00.0  | 0           0    / 0          3413 / 65536         |
+===========================+===============+====================================================+
| 4     910B4-1             | OK            | 92.2        37                0    / 0             |
| 0                         | 0000:01:00.0  | 0           0    / 0          58804/ 65536         |
+===========================+===============+====================================================+
| 5     910B4-1             | OK            | 87.0        38                0    / 0             |
| 0                         | 0000:02:00.0  | 0           0    / 0          58539/ 65536         |
+===========================+===============+====================================================+
| 6     910B4-1             | OK            | 90.7        36                0    / 0             |
| 0                         | 0000:41:00.0  | 0           0    / 0          59874/ 65536         |
+===========================+===============+====================================================+
| 7     910B4-1             | OK            | 90.2        36                0    / 0             |
| 0                         | 0000:42:00.0  | 0           0    / 0          59876/ 65536         |
+===========================+===============+====================================================+
+---------------------------+---------------+----------------------------------------------------+
| NPU     Chip              | Process id    | Process name             | Process memory(MB)      |
+===========================+===============+====================================================+
| No running processes found in NPU 0                                                            |
+===========================+===============+====================================================+
| No running processes found in NPU 1                                                            |
+===========================+===============+====================================================+
| 2       0                 | 16129         | python3                  | 8185                    |
| 2       0                 | 8121          | rayWorkerDict            | 16021                   |
+===========================+===============+====================================================+
| No running processes found in NPU 3                                                            |
+===========================+===============+====================================================+
| 4       0                 | 3107012       | VLLMWorker               | 55437                   |
+===========================+===============+====================================================+
| 5       0                 | 3107007       | VLLMWorker               | 55175                   |
+===========================+===============+====================================================+
| 6       0                 | 3107008       | VLLMWorker               | 56515                   |
+===========================+===============+====================================================+
| 7       0                 | 3107009       | VLLMWorker               | 56517                   |
+===========================+===============+====================================================+
timestamp=2026-07-29 21:27:22
+------------------------------------------------------------------------------------------------+
| npu-smi 25.2.3                   Version: 25.2.3                                               |
+---------------------------+---------------+----------------------------------------------------+
| NPU   Name                | Health        | Power(W)    Temp(C)           Hugepages-Usage(page)|
| Chip                      | Bus-Id        | AICore(%)   Memory-Usage(MB)  HBM-Usage(MB)        |
+===========================+===============+====================================================+
| 0     910B4-1             | OK            | 91.8        34                0    / 0             |
| 0                         | 0000:C1:00.0  | 0           0    / 0          3422 / 65536         |
+===========================+===============+====================================================+
| 1     910B4-1             | OK            | 89.8        32                0    / 0             |
| 0                         | 0000:C2:00.0  | 0           0    / 0          3414 / 65536         |
+===========================+===============+====================================================+
| 2     910B4-1             | OK            | 85.1        32                0    / 0             |
| 0                         | 0000:81:00.0  | 0           0    / 0          27514/ 65536         |
+===========================+===============+====================================================+
| 3     910B4-1             | OK            | 89.2        33                0    / 0             |
| 0                         | 0000:82:00.0  | 0           0    / 0          3413 / 65536         |
+===========================+===============+====================================================+
| 4     910B4-1             | OK            | 92.2        37                0    / 0             |
| 0                         | 0000:01:00.0  | 0           0    / 0          58804/ 65536         |
+===========================+===============+====================================================+
| 5     910B4-1             | OK            | 87.0        38                0    / 0             |
| 0                         | 0000:02:00.0  | 0           0    / 0          58538/ 65536         |
+===========================+===============+====================================================+
| 6     910B4-1             | OK            | 90.6        36                0    / 0             |
| 0                         | 0000:41:00.0  | 0           0    / 0          59873/ 65536         |
+===========================+===============+====================================================+
| 7     910B4-1             | OK            | 90.3        36                0    / 0             |
| 0                         | 0000:42:00.0  | 0           0    / 0          59876/ 65536         |
+===========================+===============+====================================================+
+---------------------------+---------------+----------------------------------------------------+
| NPU     Chip              | Process id    | Process name             | Process memory(MB)      |
+===========================+===============+====================================================+
| No running processes found in NPU 0                                                            |
+===========================+===============+====================================================+
| No running processes found in NPU 1                                                            |
+===========================+===============+====================================================+
| 2       0                 | 16129         | python3                  | 8185                    |
| 2       0                 | 8121          | rayWorkerDict            | 16021                   |
+===========================+===============+====================================================+
| No running processes found in NPU 3                                                            |
+===========================+===============+====================================================+
| 4       0                 | 3107012       | VLLMWorker               | 55437                   |
+===========================+===============+====================================================+
| 5       0                 | 3107007       | VLLMWorker               | 55175                   |
+===========================+===============+====================================================+
| 6       0                 | 3107008       | VLLMWorker               | 56515                   |
+===========================+===============+====================================================+
| 7       0                 | 3107009       | VLLMWorker               | 56517                   |
+===========================+===============+====================================================+
timestamp=2026-07-29 21:27:26
+------------------------------------------------------------------------------------------------+
| npu-smi 25.2.3                   Version: 25.2.3                                               |
+---------------------------+---------------+----------------------------------------------------+
| NPU   Name                | Health        | Power(W)    Temp(C)           Hugepages-Usage(page)|
| Chip                      | Bus-Id        | AICore(%)   Memory-Usage(MB)  HBM-Usage(MB)        |
+===========================+===============+====================================================+
| 0     910B4-1             | OK            | 91.8        34                0    / 0             |
| 0                         | 0000:C1:00.0  | 0           0    / 0          3422 / 65536         |
+===========================+===============+====================================================+
| 1     910B4-1             | OK            | 89.8        32                0    / 0             |
| 0                         | 0000:C2:00.0  | 0           0    / 0          3414 / 65536         |
+===========================+===============+====================================================+
| 2     910B4-1             | OK            | 85.0        32                0    / 0             |
| 0                         | 0000:81:00.0  | 0           0    / 0          27513/ 65536         |
+===========================+===============+====================================================+
| 3     910B4-1             | OK            | 89.0        33                0    / 0             |
| 0                         | 0000:82:00.0  | 0           0    / 0          3413 / 65536         |
+===========================+===============+====================================================+
| 4     910B4-1             | OK            | 92.2        37                0    / 0             |
| 0                         | 0000:01:00.0  | 0           0    / 0          58804/ 65536         |
+===========================+===============+====================================================+
| 5     910B4-1             | OK            | 86.9        38                0    / 0             |
| 0                         | 0000:02:00.0  | 0           0    / 0          58539/ 65536         |
+===========================+===============+====================================================+
| 6     910B4-1             | OK            | 90.6        35                0    / 0             |
| 0                         | 0000:41:00.0  | 0           0    / 0          59874/ 65536         |
+===========================+===============+====================================================+
| 7     910B4-1             | OK            | 90.3        36                0    / 0             |
| 0                         | 0000:42:00.0  | 0           0    / 0          59876/ 65536         |
+===========================+===============+====================================================+
+---------------------------+---------------+----------------------------------------------------+
| NPU     Chip              | Process id    | Process name             | Process memory(MB)      |
+===========================+===============+====================================================+
| No running processes found in NPU 0                                                            |
+===========================+===============+====================================================+
| No running processes found in NPU 1                                                            |
+===========================+===============+====================================================+
| 2       0                 | 16129         | python3                  | 8185                    |
| 2       0                 | 8121          | rayWorkerDict            | 16021                   |
+===========================+===============+====================================================+
| No running processes found in NPU 3                                                            |
+===========================+===============+====================================================+
| 4       0                 | 3107012       | VLLMWorker               | 55437                   |
+===========================+===============+====================================================+
| 5       0                 | 3107007       | VLLMWorker               | 55175                   |
+===========================+===============+====================================================+
| 6       0                 | 3107008       | VLLMWorker               | 56515                   |
+===========================+===============+====================================================+
| 7       0                 | 3107009       | VLLMWorker               | 56517                   |
+===========================+===============+====================================================+
timestamp=2026-07-29 21:27:30
+------------------------------------------------------------------------------------------------+
| npu-smi 25.2.3                   Version: 25.2.3                                               |
+---------------------------+---------------+----------------------------------------------------+
| NPU   Name                | Health        | Power(W)    Temp(C)           Hugepages-Usage(page)|
| Chip                      | Bus-Id        | AICore(%)   Memory-Usage(MB)  HBM-Usage(MB)        |
+===========================+===============+====================================================+
| 0     910B4-1             | OK            | 91.5        34                0    / 0             |
| 0                         | 0000:C1:00.0  | 0           0    / 0          3422 / 65536         |
+===========================+===============+====================================================+
| 1     910B4-1             | OK            | 89.8        32                0    / 0             |
| 0                         | 0000:C2:00.0  | 0           0    / 0          3414 / 65536         |
+===========================+===============+====================================================+
| 2     910B4-1             | OK            | 85.1        32                0    / 0             |
| 0                         | 0000:81:00.0  | 0           0    / 0          27513/ 65536         |
+===========================+===============+====================================================+
| 3     910B4-1             | OK            | 89.1        33                0    / 0             |
| 0                         | 0000:82:00.0  | 0           0    / 0          3413 / 65536         |
+===========================+===============+====================================================+
| 4     910B4-1             | OK            | 92.3        37                0    / 0             |
| 0                         | 0000:01:00.0  | 0           0    / 0          58804/ 65536         |
+===========================+===============+====================================================+
| 5     910B4-1             | OK            | 87.0        38                0    / 0             |
| 0                         | 0000:02:00.0  | 0           0    / 0          58539/ 65536         |
+===========================+===============+====================================================+
| 6     910B4-1             | OK            | 90.7        36                0    / 0             |
| 0                         | 0000:41:00.0  | 0           0    / 0          59873/ 65536         |
+===========================+===============+====================================================+
| 7     910B4-1             | OK            | 90.3        36                0    / 0             |
| 0                         | 0000:42:00.0  | 0           0    / 0          59875/ 65536         |
+===========================+===============+====================================================+
+---------------------------+---------------+----------------------------------------------------+
| NPU     Chip              | Process id    | Process name             | Process memory(MB)      |
+===========================+===============+====================================================+
| No running processes found in NPU 0                                                            |
+===========================+===============+====================================================+
| No running processes found in NPU 1                                                            |
+===========================+===============+====================================================+
| 2       0                 | 16129         | python3                  | 8185                    |
| 2       0                 | 8121          | rayWorkerDict            | 16021                   |
+===========================+===============+====================================================+
| No running processes found in NPU 3                                                            |
+===========================+===============+====================================================+
| 4       0                 | 3107012       | VLLMWorker               | 55437                   |
+===========================+===============+====================================================+
| 5       0                 | 3107007       | VLLMWorker               | 55175                   |
+===========================+===============+====================================================+
| 6       0                 | 3107008       | VLLMWorker               | 56515                   |
+===========================+===============+====================================================+
| 7       0                 | 3107009       | VLLMWorker               | 56517                   |
+===========================+===============+====================================================+
timestamp=2026-07-29 21:27:35
+------------------------------------------------------------------------------------------------+
| npu-smi 25.2.3                   Version: 25.2.3                                               |
+---------------------------+---------------+----------------------------------------------------+
| NPU   Name                | Health        | Power(W)    Temp(C)           Hugepages-Usage(page)|
| Chip                      | Bus-Id        | AICore(%)   Memory-Usage(MB)  HBM-Usage(MB)        |
+===========================+===============+====================================================+
| 0     910B4-1             | OK            | 91.8        33                0    / 0             |
| 0                         | 0000:C1:00.0  | 0           0    / 0          3422 / 65536         |
+===========================+===============+====================================================+
| 1     910B4-1             | OK            | 89.8        32                0    / 0             |
| 0                         | 0000:C2:00.0  | 0           0    / 0          3414 / 65536         |
+===========================+===============+====================================================+
| 2     910B4-1             | OK            | 85.1        32                0    / 0             |
| 0                         | 0000:81:00.0  | 0           0    / 0          27513/ 65536         |
+===========================+===============+====================================================+
| 3     910B4-1             | OK            | 89.1        33                0    / 0             |
| 0                         | 0000:82:00.0  | 0           0    / 0          3413 / 65536         |
+===========================+===============+====================================================+
| 4     910B4-1             | OK            | 92.3        37                0    / 0             |
| 0                         | 0000:01:00.0  | 0           0    / 0          58804/ 65536         |
+===========================+===============+====================================================+
| 5     910B4-1             | OK            | 87.0        38                0    / 0             |
| 0                         | 0000:02:00.0  | 0           0    / 0          58539/ 65536         |
+===========================+===============+====================================================+
| 6     910B4-1             | OK            | 90.7        36                0    / 0             |
| 0                         | 0000:41:00.0  | 0           0    / 0          59874/ 65536         |
+===========================+===============+====================================================+
| 7     910B4-1             | OK            | 90.4        36                0    / 0             |
| 0                         | 0000:42:00.0  | 0           0    / 0          59876/ 65536         |
+===========================+===============+====================================================+
+---------------------------+---------------+----------------------------------------------------+
| NPU     Chip              | Process id    | Process name             | Process memory(MB)      |
+===========================+===============+====================================================+
| No running processes found in NPU 0                                                            |
+===========================+===============+====================================================+
| No running processes found in NPU 1                                                            |
+===========================+===============+====================================================+
| 2       0                 | 16129         | python3                  | 8185                    |
| 2       0                 | 8121          | rayWorkerDict            | 16021                   |
+===========================+===============+====================================================+
| No running processes found in NPU 3                                                            |
+===========================+===============+====================================================+
| 4       0                 | 3107012       | VLLMWorker               | 55437                   |
+===========================+===============+====================================================+
| 5       0                 | 3107007       | VLLMWorker               | 55175                   |
+===========================+===============+====================================================+
| 6       0                 | 3107008       | VLLMWorker               | 56515                   |
+===========================+===============+====================================================+
| 7       0                 | 3107009       | VLLMWorker               | 56517                   |
+===========================+===============+====================================================+
timestamp=2026-07-29 21:27:39
+------------------------------------------------------------------------------------------------+
| npu-smi 25.2.3                   Version: 25.2.3                                               |
+---------------------------+---------------+----------------------------------------------------+
| NPU   Name                | Health        | Power(W)    Temp(C)           Hugepages-Usage(page)|
| Chip                      | Bus-Id        | AICore(%)   Memory-Usage(MB)  HBM-Usage(MB)        |
+===========================+===============+====================================================+
| 0     910B4-1             | OK            | 91.8        34                0    / 0             |
| 0                         | 0000:C1:00.0  | 0           0    / 0          3422 / 65536         |
+===========================+===============+====================================================+
| 1     910B4-1             | OK            | 89.7        32                0    / 0             |
| 0                         | 0000:C2:00.0  | 0           0    / 0          3414 / 65536         |
+===========================+===============+====================================================+
| 2     910B4-1             | OK            | 85.1        32                0    / 0             |
| 0                         | 0000:81:00.0  | 0           0    / 0          27513/ 65536         |
+===========================+===============+====================================================+
| 3     910B4-1             | OK            | 89.1        33                0    / 0             |
| 0                         | 0000:82:00.0  | 0           0    / 0          3413 / 65536         |
+===========================+===============+====================================================+
| 4     910B4-1             | OK            | 92.2        37                0    / 0             |
| 0                         | 0000:01:00.0  | 0           0    / 0          58804/ 65536         |
+===========================+===============+====================================================+
| 5     910B4-1             | OK            | 86.9        38                0    / 0             |
| 0                         | 0000:02:00.0  | 0           0    / 0          58539/ 65536         |
+===========================+===============+====================================================+
| 6     910B4-1             | OK            | 90.8        36                0    / 0             |
| 0                         | 0000:41:00.0  | 0           0    / 0          59874/ 65536         |
+===========================+===============+====================================================+
| 7     910B4-1             | OK            | 90.2        36                0    / 0             |
| 0                         | 0000:42:00.0  | 0           0    / 0          59875/ 65536         |
+===========================+===============+====================================================+
+---------------------------+---------------+----------------------------------------------------+
| NPU     Chip              | Process id    | Process name             | Process memory(MB)      |
+===========================+===============+====================================================+
| No running processes found in NPU 0                                                            |
+===========================+===============+====================================================+
| No running processes found in NPU 1                                                            |
+===========================+===============+====================================================+
| 2       0                 | 16129         | python3                  | 8185                    |
| 2       0                 | 8121          | rayWorkerDict            | 16021                   |
+===========================+===============+====================================================+
| No running processes found in NPU 3                                                            |
+===========================+===============+====================================================+
| 4       0                 | 3107012       | VLLMWorker               | 55437                   |
+===========================+===============+====================================================+
| 5       0                 | 3107007       | VLLMWorker               | 55175                   |
+===========================+===============+====================================================+
| 6       0                 | 3107008       | VLLMWorker               | 56515                   |
+===========================+===============+====================================================+
| 7       0                 | 3107009       | VLLMWorker               | 56517                   |
+===========================+===============+====================================================+
timestamp=2026-07-29 21:27:43
+------------------------------------------------------------------------------------------------+
| npu-smi 25.2.3                   Version: 25.2.3                                               |
+---------------------------+---------------+----------------------------------------------------+
| NPU   Name                | Health        | Power(W)    Temp(C)           Hugepages-Usage(page)|
| Chip                      | Bus-Id        | AICore(%)   Memory-Usage(MB)  HBM-Usage(MB)        |
+===========================+===============+====================================================+
| 0     910B4-1             | OK            | 91.5        34                0    / 0             |
| 0                         | 0000:C1:00.0  | 0           0    / 0          3422 / 65536         |
+===========================+===============+====================================================+
| 1     910B4-1             | OK            | 89.7        32                0    / 0             |
| 0                         | 0000:C2:00.0  | 0           0    / 0          3414 / 65536         |
+===========================+===============+====================================================+
| 2     910B4-1             | OK            | 85.2        32                0    / 0             |
| 0                         | 0000:81:00.0  | 0           0    / 0          27514/ 65536         |
+===========================+===============+====================================================+
| 3     910B4-1             | OK            | 89.1        33                0    / 0             |
| 0                         | 0000:82:00.0  | 0           0    / 0          3413 / 65536         |
+===========================+===============+====================================================+
| 4     910B4-1             | OK            | 92.3        37                0    / 0             |
| 0                         | 0000:01:00.0  | 0           0    / 0          58804/ 65536         |
+===========================+===============+====================================================+
| 5     910B4-1             | OK            | 87.1        38                0    / 0             |
| 0                         | 0000:02:00.0  | 0           0    / 0          58539/ 65536         |
+===========================+===============+====================================================+
| 6     910B4-1             | OK            | 90.7        36                0    / 0             |
| 0                         | 0000:41:00.0  | 0           0    / 0          59874/ 65536         |
+===========================+===============+====================================================+
| 7     910B4-1             | OK            | 90.4        36                0    / 0             |
| 0                         | 0000:42:00.0  | 0           0    / 0          59876/ 65536         |
+===========================+===============+====================================================+
+---------------------------+---------------+----------------------------------------------------+
| NPU     Chip              | Process id    | Process name             | Process memory(MB)      |
+===========================+===============+====================================================+
| No running processes found in NPU 0                                                            |
+===========================+===============+====================================================+
| No running processes found in NPU 1                                                            |
+===========================+===============+====================================================+
| 2       0                 | 16129         | python3                  | 8185                    |
| 2       0                 | 8121          | rayWorkerDict            | 16021                   |
+===========================+===============+====================================================+
| No running processes found in NPU 3                                                            |
+===========================+===============+====================================================+
| 4       0                 | 3107012       | VLLMWorker               | 55437                   |
+===========================+===============+====================================================+
| 5       0                 | 3107007       | VLLMWorker               | 55175                   |
+===========================+===============+====================================================+
| 6       0                 | 3107008       | VLLMWorker               | 56515                   |
+===========================+===============+====================================================+
| 7       0                 | 3107009       | VLLMWorker               | 56517                   |
+===========================+===============+====================================================+
timestamp=2026-07-29 21:27:47
+------------------------------------------------------------------------------------------------+
| npu-smi 25.2.3                   Version: 25.2.3                                               |
+---------------------------+---------------+----------------------------------------------------+
| NPU   Name                | Health        | Power(W)    Temp(C)           Hugepages-Usage(page)|
| Chip                      | Bus-Id        | AICore(%)   Memory-Usage(MB)  HBM-Usage(MB)        |
+===========================+===============+====================================================+
| 0     910B4-1             | OK            | 91.5        34                0    / 0             |
| 0                         | 0000:C1:00.0  | 0           0    / 0          3422 / 65536         |
+===========================+===============+====================================================+
| 1     910B4-1             | OK            | 89.8        32                0    / 0             |
| 0                         | 0000:C2:00.0  | 0           0    / 0          3414 / 65536         |
+===========================+===============+====================================================+
| 2     910B4-1             | OK            | 85.1        32                0    / 0             |
| 0                         | 0000:81:00.0  | 0           0    / 0          27513/ 65536         |
+===========================+===============+====================================================+
| 3     910B4-1             | OK            | 89.2        33                0    / 0             |
| 0                         | 0000:82:00.0  | 0           0    / 0          3413 / 65536         |
+===========================+===============+====================================================+
| 4     910B4-1             | OK            | 92.3        37                0    / 0             |
| 0                         | 0000:01:00.0  | 0           0    / 0          58804/ 65536         |
+===========================+===============+====================================================+
| 5     910B4-1             | OK            | 87.0        38                0    / 0             |
| 0                         | 0000:02:00.0  | 0           0    / 0          58539/ 65536         |
+===========================+===============+====================================================+
| 6     910B4-1             | OK            | 90.8        36                0    / 0             |
| 0                         | 0000:41:00.0  | 0           0    / 0          59874/ 65536         |
+===========================+===============+====================================================+
| 7     910B4-1             | OK            | 90.2        36                0    / 0             |
| 0                         | 0000:42:00.0  | 0           0    / 0          59875/ 65536         |
+===========================+===============+====================================================+
+---------------------------+---------------+----------------------------------------------------+
| NPU     Chip              | Process id    | Process name             | Process memory(MB)      |
+===========================+===============+====================================================+
| No running processes found in NPU 0                                                            |
+===========================+===============+====================================================+
| No running processes found in NPU 1                                                            |
+===========================+===============+====================================================+
| 2       0                 | 16129         | python3                  | 8185                    |
| 2       0                 | 8121          | rayWorkerDict            | 16021                   |
+===========================+===============+====================================================+
| No running processes found in NPU 3                                                            |
+===========================+===============+====================================================+
| 4       0                 | 3107012       | VLLMWorker               | 55437                   |
+===========================+===============+====================================================+
| 5       0                 | 3107007       | VLLMWorker               | 55175                   |
+===========================+===============+====================================================+
| 6       0                 | 3107008       | VLLMWorker               | 56515                   |
+===========================+===============+====================================================+
| 7       0                 | 3107009       | VLLMWorker               | 56517                   |
+===========================+===============+====================================================+
timestamp=2026-07-29 21:27:51
+------------------------------------------------------------------------------------------------+
| npu-smi 25.2.3                   Version: 25.2.3                                               |
+---------------------------+---------------+----------------------------------------------------+
| NPU   Name                | Health        | Power(W)    Temp(C)           Hugepages-Usage(page)|
| Chip                      | Bus-Id        | AICore(%)   Memory-Usage(MB)  HBM-Usage(MB)        |
+===========================+===============+====================================================+
| 0     910B4-1             | OK            | 91.6        34                0    / 0             |
| 0                         | 0000:C1:00.0  | 0           0    / 0          3422 / 65536         |
+===========================+===============+====================================================+
| 1     910B4-1             | OK            | 89.8        31                0    / 0             |
| 0                         | 0000:C2:00.0  | 0           0    / 0          3414 / 65536         |
+===========================+===============+====================================================+
| 2     910B4-1             | OK            | 85.1        32                0    / 0             |
| 0                         | 0000:81:00.0  | 0           0    / 0          27514/ 65536         |
+===========================+===============+====================================================+
| 3     910B4-1             | OK            | 89.1        33                0    / 0             |
| 0                         | 0000:82:00.0  | 0           0    / 0          3413 / 65536         |
+===========================+===============+====================================================+
| 4     910B4-1             | OK            | 92.1        37                0    / 0             |
| 0                         | 0000:01:00.0  | 0           0    / 0          58804/ 65536         |
+===========================+===============+====================================================+
| 5     910B4-1             | OK            | 87.0        38                0    / 0             |
| 0                         | 0000:02:00.0  | 0           0    / 0          58538/ 65536         |
+===========================+===============+====================================================+
| 6     910B4-1             | OK            | 90.7        36                0    / 0             |
| 0                         | 0000:41:00.0  | 0           0    / 0          59873/ 65536         |
+===========================+===============+====================================================+
| 7     910B4-1             | OK            | 90.3        37                0    / 0             |
| 0                         | 0000:42:00.0  | 0           0    / 0          59876/ 65536         |
+===========================+===============+====================================================+
+---------------------------+---------------+----------------------------------------------------+
| NPU     Chip              | Process id    | Process name             | Process memory(MB)      |
+===========================+===============+====================================================+
| No running processes found in NPU 0                                                            |
+===========================+===============+====================================================+
| No running processes found in NPU 1                                                            |
+===========================+===============+====================================================+
| 2       0                 | 16129         | python3                  | 8185                    |
| 2       0                 | 8121          | rayWorkerDict            | 16021                   |
+===========================+===============+====================================================+
| No running processes found in NPU 3                                                            |
+===========================+===============+====================================================+
| 4       0                 | 3107012       | VLLMWorker               | 55437                   |
+===========================+===============+====================================================+
| 5       0                 | 3107007       | VLLMWorker               | 55175                   |
+===========================+===============+====================================================+
| 6       0                 | 3107008       | VLLMWorker               | 56515                   |
+===========================+===============+====================================================+
| 7       0                 | 3107009       | VLLMWorker               | 56517                   |
+===========================+===============+====================================================+
timestamp=2026-07-29 21:27:56
+------------------------------------------------------------------------------------------------+
| npu-smi 25.2.3                   Version: 25.2.3                                               |
+---------------------------+---------------+----------------------------------------------------+
| NPU   Name                | Health        | Power(W)    Temp(C)           Hugepages-Usage(page)|
| Chip                      | Bus-Id        | AICore(%)   Memory-Usage(MB)  HBM-Usage(MB)        |
+===========================+===============+====================================================+
| 0     910B4-1             | OK            | 91.7        34                0    / 0             |
| 0                         | 0000:C1:00.0  | 0           0    / 0          3422 / 65536         |
+===========================+===============+====================================================+
| 1     910B4-1             | OK            | 89.7        32                0    / 0             |
| 0                         | 0000:C2:00.0  | 0           0    / 0          3414 / 65536         |
+===========================+===============+====================================================+
| 2     910B4-1             | OK            | 85.2        33                0    / 0             |
| 0                         | 0000:81:00.0  | 0           0    / 0          27513/ 65536         |
+===========================+===============+====================================================+
| 3     910B4-1             | OK            | 89.0        32                0    / 0             |
| 0                         | 0000:82:00.0  | 0           0    / 0          3413 / 65536         |
+===========================+===============+====================================================+
| 4     910B4-1             | OK            | 92.3        37                0    / 0             |
| 0                         | 0000:01:00.0  | 0           0    / 0          58804/ 65536         |
+===========================+===============+====================================================+
| 5     910B4-1             | OK            | 87.0        38                0    / 0             |
| 0                         | 0000:02:00.0  | 0           0    / 0          58539/ 65536         |
+===========================+===============+====================================================+
| 6     910B4-1             | OK            | 90.7        35                0    / 0             |
| 0                         | 0000:41:00.0  | 0           0    / 0          59874/ 65536         |
+===========================+===============+====================================================+
| 7     910B4-1             | OK            | 90.2        37                0    / 0             |
| 0                         | 0000:42:00.0  | 0           0    / 0          59876/ 65536         |
+===========================+===============+====================================================+
+---------------------------+---------------+----------------------------------------------------+
| NPU     Chip              | Process id    | Process name             | Process memory(MB)      |
+===========================+===============+====================================================+
| No running processes found in NPU 0                                                            |
+===========================+===============+====================================================+
| No running processes found in NPU 1                                                            |
+===========================+===============+====================================================+
| 2       0                 | 16129         | python3                  | 8185                    |
| 2       0                 | 8121          | rayWorkerDict            | 16021                   |
+===========================+===============+====================================================+
| No running processes found in NPU 3                                                            |
+===========================+===============+====================================================+
| 4       0                 | 3107012       | VLLMWorker               | 55437                   |
+===========================+===============+====================================================+
| 5       0                 | 3107007       | VLLMWorker               | 55175                   |
+===========================+===============+====================================================+
| 6       0                 | 3107008       | VLLMWorker               | 56515                   |
+===========================+===============+====================================================+
| 7       0                 | 3107009       | VLLMWorker               | 56517                   |
+===========================+===============+====================================================+
timestamp=2026-07-29 21:28:00
+------------------------------------------------------------------------------------------------+
| npu-smi 25.2.3                   Version: 25.2.3                                               |
+---------------------------+---------------+----------------------------------------------------+
| NPU   Name                | Health        | Power(W)    Temp(C)           Hugepages-Usage(page)|
| Chip                      | Bus-Id        | AICore(%)   Memory-Usage(MB)  HBM-Usage(MB)        |
+===========================+===============+====================================================+
| 0     910B4-1             | OK            | 91.8        34                0    / 0             |
| 0                         | 0000:C1:00.0  | 0           0    / 0          3422 / 65536         |
+===========================+===============+====================================================+
| 1     910B4-1             | OK            | 89.7        32                0    / 0             |
| 0                         | 0000:C2:00.0  | 0           0    / 0          3413 / 65536         |
+===========================+===============+====================================================+
| 2     910B4-1             | OK            | 85.0        32                0    / 0             |
| 0                         | 0000:81:00.0  | 0           0    / 0          27513/ 65536         |
+===========================+===============+====================================================+
| 3     910B4-1             | OK            | 89.0        33                0    / 0             |
| 0                         | 0000:82:00.0  | 0           0    / 0          3413 / 65536         |
+===========================+===============+====================================================+
| 4     910B4-1             | OK            | 92.2        37                0    / 0             |
| 0                         | 0000:01:00.0  | 0           0    / 0          58804/ 65536         |
+===========================+===============+====================================================+
| 5     910B4-1             | OK            | 87.1        38                0    / 0             |
| 0                         | 0000:02:00.0  | 0           0    / 0          58539/ 65536         |
+===========================+===============+====================================================+
| 6     910B4-1             | OK            | 90.7        36                0    / 0             |
| 0                         | 0000:41:00.0  | 0           0    / 0          59874/ 65536         |
+===========================+===============+====================================================+
| 7     910B4-1             | OK            | 90.3        37                0    / 0             |
| 0                         | 0000:42:00.0  | 0           0    / 0          59875/ 65536         |
+===========================+===============+====================================================+
+---------------------------+---------------+----------------------------------------------------+
| NPU     Chip              | Process id    | Process name             | Process memory(MB)      |
+===========================+===============+====================================================+
| No running processes found in NPU 0                                                            |
+===========================+===============+====================================================+
| No running processes found in NPU 1                                                            |
+===========================+===============+====================================================+
| 2       0                 | 16129         | python3                  | 8185                    |
| 2       0                 | 8121          | rayWorkerDict            | 16021                   |
+===========================+===============+====================================================+
| No running processes found in NPU 3                                                            |
+===========================+===============+====================================================+
| 4       0                 | 3107012       | VLLMWorker               | 55437                   |
+===========================+===============+====================================================+
| 5       0                 | 3107007       | VLLMWorker               | 55175                   |
+===========================+===============+====================================================+
| 6       0                 | 3107008       | VLLMWorker               | 56515                   |
+===========================+===============+====================================================+
| 7       0                 | 3107009       | VLLMWorker               | 56517                   |
+===========================+===============+====================================================+
timestamp=2026-07-29 21:28:04
+------------------------------------------------------------------------------------------------+
| npu-smi 25.2.3                   Version: 25.2.3                                               |
+---------------------------+---------------+----------------------------------------------------+
| NPU   Name                | Health        | Power(W)    Temp(C)           Hugepages-Usage(page)|
| Chip                      | Bus-Id        | AICore(%)   Memory-Usage(MB)  HBM-Usage(MB)        |
+===========================+===============+====================================================+
| 0     910B4-1             | OK            | 91.5        34                0    / 0             |
| 0                         | 0000:C1:00.0  | 0           0    / 0          3422 / 65536         |
+===========================+===============+====================================================+
| 1     910B4-1             | OK            | 89.7        32                0    / 0             |
| 0                         | 0000:C2:00.0  | 0           0    / 0          3414 / 65536         |
+===========================+===============+====================================================+
| 2     910B4-1             | OK            | 85.1        32                0    / 0             |
| 0                         | 0000:81:00.0  | 0           0    / 0          27514/ 65536         |
+===========================+===============+====================================================+
| 3     910B4-1             | OK            | 89.2        33                0    / 0             |
| 0                         | 0000:82:00.0  | 0           0    / 0          3413 / 65536         |
+===========================+===============+====================================================+
| 4     910B4-1             | OK            | 92.3        37                0    / 0             |
| 0                         | 0000:01:00.0  | 0           0    / 0          58804/ 65536         |
+===========================+===============+====================================================+
| 5     910B4-1             | OK            | 87.0        38                0    / 0             |
| 0                         | 0000:02:00.0  | 0           0    / 0          58539/ 65536         |
+===========================+===============+====================================================+
| 6     910B4-1             | OK            | 90.6        36                0    / 0             |
| 0                         | 0000:41:00.0  | 0           0    / 0          59874/ 65536         |
+===========================+===============+====================================================+
| 7     910B4-1             | OK            | 90.2        36                0    / 0             |
| 0                         | 0000:42:00.0  | 0           0    / 0          59876/ 65536         |
+===========================+===============+====================================================+
+---------------------------+---------------+----------------------------------------------------+
| NPU     Chip              | Process id    | Process name             | Process memory(MB)      |
+===========================+===============+====================================================+
| No running processes found in NPU 0                                                            |
+===========================+===============+====================================================+
| No running processes found in NPU 1                                                            |
+===========================+===============+====================================================+
| 2       0                 | 16129         | python3                  | 8185                    |
| 2       0                 | 8121          | rayWorkerDict            | 16021                   |
+===========================+===============+====================================================+
| No running processes found in NPU 3                                                            |
+===========================+===============+====================================================+
| 4       0                 | 3107012       | VLLMWorker               | 55437                   |
+===========================+===============+====================================================+
| 5       0                 | 3107007       | VLLMWorker               | 55175                   |
+===========================+===============+====================================================+
| 6       0                 | 3107008       | VLLMWorker               | 56515                   |
+===========================+===============+====================================================+
| 7       0                 | 3107009       | VLLMWorker               | 56517                   |
+===========================+===============+====================================================+
timestamp=2026-07-29 21:28:08
+------------------------------------------------------------------------------------------------+
| npu-smi 25.2.3                   Version: 25.2.3                                               |
+---------------------------+---------------+----------------------------------------------------+
| NPU   Name                | Health        | Power(W)    Temp(C)           Hugepages-Usage(page)|
| Chip                      | Bus-Id        | AICore(%)   Memory-Usage(MB)  HBM-Usage(MB)        |
+===========================+===============+====================================================+
| 0     910B4-1             | OK            | 91.7        34                0    / 0             |
| 0                         | 0000:C1:00.0  | 0           0    / 0          3422 / 65536         |
+===========================+===============+====================================================+
| 1     910B4-1             | OK            | 89.8        32                0    / 0             |
| 0                         | 0000:C2:00.0  | 0           0    / 0          3414 / 65536         |
+===========================+===============+====================================================+
| 2     910B4-1             | OK            | 85.1        32                0    / 0             |
| 0                         | 0000:81:00.0  | 0           0    / 0          27513/ 65536         |
+===========================+===============+====================================================+
| 3     910B4-1             | OK            | 89.2        33                0    / 0             |
| 0                         | 0000:82:00.0  | 0           0    / 0          3413 / 65536         |
+===========================+===============+====================================================+
| 4     910B4-1             | OK            | 92.2        37                0    / 0             |
| 0                         | 0000:01:00.0  | 0           0    / 0          58804/ 65536         |
+===========================+===============+====================================================+
| 5     910B4-1             | OK            | 87.1        38                0    / 0             |
| 0                         | 0000:02:00.0  | 0           0    / 0          58539/ 65536         |
+===========================+===============+====================================================+
| 6     910B4-1             | OK            | 90.6        36                0    / 0             |
| 0                         | 0000:41:00.0  | 0           0    / 0          59874/ 65536         |
+===========================+===============+====================================================+
| 7     910B4-1             | OK            | 90.2        37                0    / 0             |
| 0                         | 0000:42:00.0  | 0           0    / 0          59876/ 65536         |
+===========================+===============+====================================================+
+---------------------------+---------------+----------------------------------------------------+
| NPU     Chip              | Process id    | Process name             | Process memory(MB)      |
+===========================+===============+====================================================+
| No running processes found in NPU 0                                                            |
+===========================+===============+====================================================+
| No running processes found in NPU 1                                                            |
+===========================+===============+====================================================+
| 2       0                 | 16129         | python3                  | 8185                    |
| 2       0                 | 8121          | rayWorkerDict            | 16021                   |
+===========================+===============+====================================================+
| No running processes found in NPU 3                                                            |
+===========================+===============+====================================================+
| 4       0                 | 3107012       | VLLMWorker               | 55437                   |
+===========================+===============+====================================================+
| 5       0                 | 3107007       | VLLMWorker               | 55175                   |
+===========================+===============+====================================================+
| 6       0                 | 3107008       | VLLMWorker               | 56515                   |
+===========================+===============+====================================================+
| 7       0                 | 3107009       | VLLMWorker               | 56517                   |
+===========================+===============+====================================================+
timestamp=2026-07-29 21:28:12
+------------------------------------------------------------------------------------------------+
| npu-smi 25.2.3                   Version: 25.2.3                                               |
+---------------------------+---------------+----------------------------------------------------+
| NPU   Name                | Health        | Power(W)    Temp(C)           Hugepages-Usage(page)|
| Chip                      | Bus-Id        | AICore(%)   Memory-Usage(MB)  HBM-Usage(MB)        |
+===========================+===============+====================================================+
| 0     910B4-1             | OK            | 91.7        34                0    / 0             |
| 0                         | 0000:C1:00.0  | 0           0    / 0          3422 / 65536         |
+===========================+===============+====================================================+
| 1     910B4-1             | OK            | 89.7        32                0    / 0             |
| 0                         | 0000:C2:00.0  | 0           0    / 0          3414 / 65536         |
+===========================+===============+====================================================+
| 2     910B4-1             | OK            | 84.9        32                0    / 0             |
| 0                         | 0000:81:00.0  | 0           0    / 0          27514/ 65536         |
+===========================+===============+====================================================+
| 3     910B4-1             | OK            | 89.1        33                0    / 0             |
| 0                         | 0000:82:00.0  | 0           0    / 0          3413 / 65536         |
+===========================+===============+====================================================+
| 4     910B4-1             | OK            | 92.2        37                0    / 0             |
| 0                         | 0000:01:00.0  | 0           0    / 0          58804/ 65536         |
+===========================+===============+====================================================+
| 5     910B4-1             | OK            | 87.1        38                0    / 0             |
| 0                         | 0000:02:00.0  | 0           0    / 0          58539/ 65536         |
+===========================+===============+====================================================+
| 6     910B4-1             | OK            | 90.7        36                0    / 0             |
| 0                         | 0000:41:00.0  | 0           0    / 0          59873/ 65536         |
+===========================+===============+====================================================+
| 7     910B4-1             | OK            | 90.3        37                0    / 0             |
| 0                         | 0000:42:00.0  | 0           0    / 0          59876/ 65536         |
+===========================+===============+====================================================+
+---------------------------+---------------+----------------------------------------------------+
| NPU     Chip              | Process id    | Process name             | Process memory(MB)      |
+===========================+===============+====================================================+
| No running processes found in NPU 0                                                            |
+===========================+===============+====================================================+
| No running processes found in NPU 1                                                            |
+===========================+===============+====================================================+
| 2       0                 | 16129         | python3                  | 8185                    |
| 2       0                 | 8121          | rayWorkerDict            | 16021                   |
+===========================+===============+====================================================+
| No running processes found in NPU 3                                                            |
+===========================+===============+====================================================+
| 4       0                 | 3107012       | VLLMWorker               | 55437                   |
+===========================+===============+====================================================+
| 5       0                 | 3107007       | VLLMWorker               | 55175                   |
+===========================+===============+====================================================+
| 6       0                 | 3107008       | VLLMWorker               | 56515                   |
+===========================+===============+====================================================+
| 7       0                 | 3107009       | VLLMWorker               | 56517                   |
+===========================+===============+====================================================+
timestamp=2026-07-29 21:28:17
+------------------------------------------------------------------------------------------------+
| npu-smi 25.2.3                   Version: 25.2.3                                               |
+---------------------------+---------------+----------------------------------------------------+
| NPU   Name                | Health        | Power(W)    Temp(C)           Hugepages-Usage(page)|
| Chip                      | Bus-Id        | AICore(%)   Memory-Usage(MB)  HBM-Usage(MB)        |
+===========================+===============+====================================================+
| 0     910B4-1             | OK            | 91.6        34                0    / 0             |
| 0                         | 0000:C1:00.0  | 0           0    / 0          3422 / 65536         |
+===========================+===============+====================================================+
| 1     910B4-1             | OK            | 89.8        32                0    / 0             |
| 0                         | 0000:C2:00.0  | 0           0    / 0          3414 / 65536         |
+===========================+===============+====================================================+
| 2     910B4-1             | OK            | 85.1        32                0    / 0             |
| 0                         | 0000:81:00.0  | 0           0    / 0          27514/ 65536         |
+===========================+===============+====================================================+
| 3     910B4-1             | OK            | 89.1        33                0    / 0             |
| 0                         | 0000:82:00.0  | 0           0    / 0          3413 / 65536         |
+===========================+===============+====================================================+
| 4     910B4-1             | OK            | 92.3        37                0    / 0             |
| 0                         | 0000:01:00.0  | 0           0    / 0          58804/ 65536         |
+===========================+===============+====================================================+
| 5     910B4-1             | OK            | 87.1        38                0    / 0             |
| 0                         | 0000:02:00.0  | 0           0    / 0          58539/ 65536         |
+===========================+===============+====================================================+
| 6     910B4-1             | OK            | 90.8        36                0    / 0             |
| 0                         | 0000:41:00.0  | 0           0    / 0          59874/ 65536         |
+===========================+===============+====================================================+
| 7     910B4-1             | OK            | 90.3        37                0    / 0             |
| 0                         | 0000:42:00.0  | 0           0    / 0          59876/ 65536         |
+===========================+===============+====================================================+
+---------------------------+---------------+----------------------------------------------------+
| NPU     Chip              | Process id    | Process name             | Process memory(MB)      |
+===========================+===============+====================================================+
| No running processes found in NPU 0                                                            |
+===========================+===============+====================================================+
| No running processes found in NPU 1                                                            |
+===========================+===============+====================================================+
| 2       0                 | 16129         | python3                  | 8185                    |
| 2       0                 | 8121          | rayWorkerDict            | 16021                   |
+===========================+===============+====================================================+
| No running processes found in NPU 3                                                            |
+===========================+===============+====================================================+
| 4       0                 | 3107012       | VLLMWorker               | 55437                   |
+===========================+===============+====================================================+
| 5       0                 | 3107007       | VLLMWorker               | 55175                   |
+===========================+===============+====================================================+
| 6       0                 | 3107008       | VLLMWorker               | 56515                   |
+===========================+===============+====================================================+
| 7       0                 | 3107009       | VLLMWorker               | 56517                   |
+===========================+===============+====================================================+
timestamp=2026-07-29 21:28:21
+------------------------------------------------------------------------------------------------+
| npu-smi 25.2.3                   Version: 25.2.3                                               |
+---------------------------+---------------+----------------------------------------------------+
| NPU   Name                | Health        | Power(W)    Temp(C)           Hugepages-Usage(page)|
| Chip                      | Bus-Id        | AICore(%)   Memory-Usage(MB)  HBM-Usage(MB)        |
+===========================+===============+====================================================+
| 0     910B4-1             | OK            | 91.9        33                0    / 0             |
| 0                         | 0000:C1:00.0  | 0           0    / 0          3422 / 65536         |
+===========================+===============+====================================================+
| 1     910B4-1             | OK            | 89.7        32                0    / 0             |
| 0                         | 0000:C2:00.0  | 0           0    / 0          3414 / 65536         |
+===========================+===============+====================================================+
| 2     910B4-1             | OK            | 85.1        32                0    / 0             |
| 0                         | 0000:81:00.0  | 0           0    / 0          27513/ 65536         |
+===========================+===============+====================================================+
| 3     910B4-1             | OK            | 89.1        33                0    / 0             |
| 0                         | 0000:82:00.0  | 0           0    / 0          3413 / 65536         |
+===========================+===============+====================================================+
| 4     910B4-1             | OK            | 92.2        37                0    / 0             |
| 0                         | 0000:01:00.0  | 0           0    / 0          58804/ 65536         |
+===========================+===============+====================================================+
| 5     910B4-1             | OK            | 87.0        38                0    / 0             |
| 0                         | 0000:02:00.0  | 0           0    / 0          58539/ 65536         |
+===========================+===============+====================================================+
| 6     910B4-1             | OK            | 90.6        36                0    / 0             |
| 0                         | 0000:41:00.0  | 0           0    / 0          59873/ 65536         |
+===========================+===============+====================================================+
| 7     910B4-1             | OK            | 90.4        36                0    / 0             |
| 0                         | 0000:42:00.0  | 0           0    / 0          59875/ 65536         |
+===========================+===============+====================================================+
+---------------------------+---------------+----------------------------------------------------+
| NPU     Chip              | Process id    | Process name             | Process memory(MB)      |
+===========================+===============+====================================================+
| No running processes found in NPU 0                                                            |
+===========================+===============+====================================================+
| No running processes found in NPU 1                                                            |
+===========================+===============+====================================================+
| 2       0                 | 16129         | python3                  | 8185                    |
| 2       0                 | 8121          | rayWorkerDict            | 16021                   |
+===========================+===============+====================================================+
| No running processes found in NPU 3                                                            |
+===========================+===============+====================================================+
| 4       0                 | 3107012       | VLLMWorker               | 55437                   |
+===========================+===============+====================================================+
| 5       0                 | 3107007       | VLLMWorker               | 55175                   |
+===========================+===============+====================================================+
| 6       0                 | 3107008       | VLLMWorker               | 56515                   |
+===========================+===============+====================================================+
| 7       0                 | 3107009       | VLLMWorker               | 56517                   |
+===========================+===============+====================================================+
timestamp=2026-07-29 21:28:25
+------------------------------------------------------------------------------------------------+
| npu-smi 25.2.3                   Version: 25.2.3                                               |
+---------------------------+---------------+----------------------------------------------------+
| NPU   Name                | Health        | Power(W)    Temp(C)           Hugepages-Usage(page)|
| Chip                      | Bus-Id        | AICore(%)   Memory-Usage(MB)  HBM-Usage(MB)        |
+===========================+===============+====================================================+
| 0     910B4-1             | OK            | 91.6        34                0    / 0             |
| 0                         | 0000:C1:00.0  | 0           0    / 0          3422 / 65536         |
+===========================+===============+====================================================+
| 1     910B4-1             | OK            | 89.8        32                0    / 0             |
| 0                         | 0000:C2:00.0  | 0           0    / 0          3414 / 65536         |
+===========================+===============+====================================================+
| 2     910B4-1             | OK            | 85.0        32                0    / 0             |
| 0                         | 0000:81:00.0  | 0           0    / 0          27513/ 65536         |
+===========================+===============+====================================================+
| 3     910B4-1             | OK            | 89.2        33                0    / 0             |
| 0                         | 0000:82:00.0  | 0           0    / 0          3413 / 65536         |
+===========================+===============+====================================================+
| 4     910B4-1             | OK            | 92.2        37                0    / 0             |
| 0                         | 0000:01:00.0  | 0           0    / 0          58804/ 65536         |
+===========================+===============+====================================================+
| 5     910B4-1             | OK            | 87.1        38                0    / 0             |
| 0                         | 0000:02:00.0  | 0           0    / 0          58539/ 65536         |
+===========================+===============+====================================================+
| 6     910B4-1             | OK            | 90.7        36                0    / 0             |
| 0                         | 0000:41:00.0  | 0           0    / 0          59874/ 65536         |
+===========================+===============+====================================================+
| 7     910B4-1             | OK            | 90.2        36                0    / 0             |
| 0                         | 0000:42:00.0  | 0           0    / 0          59876/ 65536         |
+===========================+===============+====================================================+
+---------------------------+---------------+----------------------------------------------------+
| NPU     Chip              | Process id    | Process name             | Process memory(MB)      |
+===========================+===============+====================================================+
| No running processes found in NPU 0                                                            |
+===========================+===============+====================================================+
| No running processes found in NPU 1                                                            |
+===========================+===============+====================================================+
| 2       0                 | 16129         | python3                  | 8185                    |
| 2       0                 | 8121          | rayWorkerDict            | 16021                   |
+===========================+===============+====================================================+
| No running processes found in NPU 3                                                            |
+===========================+===============+====================================================+
| 4       0                 | 3107012       | VLLMWorker               | 55437                   |
+===========================+===============+====================================================+
| 5       0                 | 3107007       | VLLMWorker               | 55175                   |
+===========================+===============+====================================================+
| 6       0                 | 3107008       | VLLMWorker               | 56515                   |
+===========================+===============+====================================================+
| 7       0                 | 3107009       | VLLMWorker               | 56517                   |
+===========================+===============+====================================================+
timestamp=2026-07-29 21:28:29
+------------------------------------------------------------------------------------------------+
| npu-smi 25.2.3                   Version: 25.2.3                                               |
+---------------------------+---------------+----------------------------------------------------+
| NPU   Name                | Health        | Power(W)    Temp(C)           Hugepages-Usage(page)|
| Chip                      | Bus-Id        | AICore(%)   Memory-Usage(MB)  HBM-Usage(MB)        |
+===========================+===============+====================================================+
| 0     910B4-1             | OK            | 91.8        34                0    / 0             |
| 0                         | 0000:C1:00.0  | 0           0    / 0          3422 / 65536         |
+===========================+===============+====================================================+
| 1     910B4-1             | OK            | 89.8        32                0    / 0             |
| 0                         | 0000:C2:00.0  | 0           0    / 0          3414 / 65536         |
+===========================+===============+====================================================+
| 2     910B4-1             | OK            | 85.0        32                0    / 0             |
| 0                         | 0000:81:00.0  | 0           0    / 0          27513/ 65536         |
+===========================+===============+====================================================+
| 3     910B4-1             | OK            | 89.1        33                0    / 0             |
| 0                         | 0000:82:00.0  | 0           0    / 0          3413 / 65536         |
+===========================+===============+====================================================+
| 4     910B4-1             | OK            | 92.2        37                0    / 0             |
| 0                         | 0000:01:00.0  | 0           0    / 0          58804/ 65536         |
+===========================+===============+====================================================+
| 5     910B4-1             | OK            | 87.1        38                0    / 0             |
| 0                         | 0000:02:00.0  | 0           0    / 0          58539/ 65536         |
+===========================+===============+====================================================+
| 6     910B4-1             | OK            | 90.7        36                0    / 0             |
| 0                         | 0000:41:00.0  | 0           0    / 0          59874/ 65536         |
+===========================+===============+====================================================+
| 7     910B4-1             | OK            | 90.2        37                0    / 0             |
| 0                         | 0000:42:00.0  | 0           0    / 0          59875/ 65536         |
+===========================+===============+====================================================+
+---------------------------+---------------+----------------------------------------------------+
| NPU     Chip              | Process id    | Process name             | Process memory(MB)      |
+===========================+===============+====================================================+
| No running processes found in NPU 0                                                            |
+===========================+===============+====================================================+
| No running processes found in NPU 1                                                            |
+===========================+===============+====================================================+
| 2       0                 | 16129         | python3                  | 8185                    |
| 2       0                 | 8121          | rayWorkerDict            | 16021                   |
+===========================+===============+====================================================+
| No running processes found in NPU 3                                                            |
+===========================+===============+====================================================+
| 4       0                 | 3107012       | VLLMWorker               | 55437                   |
+===========================+===============+====================================================+
| 5       0                 | 3107007       | VLLMWorker               | 55175                   |
+===========================+===============+====================================================+
| 6       0                 | 3107008       | VLLMWorker               | 56515                   |
+===========================+===============+====================================================+
| 7       0                 | 3107009       | VLLMWorker               | 56517                   |
+===========================+===============+====================================================+
timestamp=2026-07-29 21:28:33
+------------------------------------------------------------------------------------------------+
| npu-smi 25.2.3                   Version: 25.2.3                                               |
+---------------------------+---------------+----------------------------------------------------+
| NPU   Name                | Health        | Power(W)    Temp(C)           Hugepages-Usage(page)|
| Chip                      | Bus-Id        | AICore(%)   Memory-Usage(MB)  HBM-Usage(MB)        |
+===========================+===============+====================================================+
| 0     910B4-1             | OK            | 91.5        34                0    / 0             |
| 0                         | 0000:C1:00.0  | 0           0    / 0          3422 / 65536         |
+===========================+===============+====================================================+
| 1     910B4-1             | OK            | 89.9        32                0    / 0             |
| 0                         | 0000:C2:00.0  | 0           0    / 0          3414 / 65536         |
+===========================+===============+====================================================+
| 2     910B4-1             | OK            | 92.4        33                0    / 0             |
| 0                         | 0000:81:00.0  | 0           0    / 0          63076/ 65536         |
+===========================+===============+====================================================+
| 3     910B4-1             | OK            | 89.1        33                0    / 0             |
| 0                         | 0000:82:00.0  | 0           0    / 0          3413 / 65536         |
+===========================+===============+====================================================+
| 4     910B4-1             | OK            | 92.3        37                0    / 0             |
| 0                         | 0000:01:00.0  | 0           0    / 0          58804/ 65536         |
+===========================+===============+====================================================+
| 5     910B4-1             | OK            | 87.0        38                0    / 0             |
| 0                         | 0000:02:00.0  | 0           0    / 0          58539/ 65536         |
+===========================+===============+====================================================+
| 6     910B4-1             | OK            | 90.8        35                0    / 0             |
| 0                         | 0000:41:00.0  | 0           0    / 0          59874/ 65536         |
+===========================+===============+====================================================+
| 7     910B4-1             | OK            | 90.3        36                0    / 0             |
| 0                         | 0000:42:00.0  | 0           0    / 0          59876/ 65536         |
+===========================+===============+====================================================+
+---------------------------+---------------+----------------------------------------------------+
| NPU     Chip              | Process id    | Process name             | Process memory(MB)      |
+===========================+===============+====================================================+
| No running processes found in NPU 0                                                            |
+===========================+===============+====================================================+
| No running processes found in NPU 1                                                            |
+===========================+===============+====================================================+
| 2       0                 | 16129         | python3                  | 43747                   |
| 2       0                 | 8121          | rayWorkerDict            | 16021                   |
+===========================+===============+====================================================+
| No running processes found in NPU 3                                                            |
+===========================+===============+====================================================+
| 4       0                 | 3107012       | VLLMWorker               | 55437                   |
+===========================+===============+====================================================+
| 5       0                 | 3107007       | VLLMWorker               | 55175                   |
+===========================+===============+====================================================+
| 6       0                 | 3107008       | VLLMWorker               | 56515                   |
+===========================+===============+====================================================+
| 7       0                 | 3107009       | VLLMWorker               | 56517                   |
+===========================+===============+====================================================+
timestamp=2026-07-29 21:28:38
+------------------------------------------------------------------------------------------------+
| npu-smi 25.2.3                   Version: 25.2.3                                               |
+---------------------------+---------------+----------------------------------------------------+
| NPU   Name                | Health        | Power(W)    Temp(C)           Hugepages-Usage(page)|
| Chip                      | Bus-Id        | AICore(%)   Memory-Usage(MB)  HBM-Usage(MB)        |
+===========================+===============+====================================================+
| 0     910B4-1             | OK            | 91.7        34                0    / 0             |
| 0                         | 0000:C1:00.0  | 0           0    / 0          3422 / 65536         |
+===========================+===============+====================================================+
| 1     910B4-1             | OK            | 89.9        32                0    / 0             |
| 0                         | 0000:C2:00.0  | 0           0    / 0          3414 / 65536         |
+===========================+===============+====================================================+
| 2     910B4-1             | OK            | 85.2        33                0    / 0             |
| 0                         | 0000:81:00.0  | 0           0    / 0          63075/ 65536         |
+===========================+===============+====================================================+
| 3     910B4-1             | OK            | 89.2        33                0    / 0             |
| 0                         | 0000:82:00.0  | 0           0    / 0          3413 / 65536         |
+===========================+===============+====================================================+
| 4     910B4-1             | OK            | 92.3        37                0    / 0             |
| 0                         | 0000:01:00.0  | 0           0    / 0          58804/ 65536         |
+===========================+===============+====================================================+
| 5     910B4-1             | OK            | 87.1        37                0    / 0             |
| 0                         | 0000:02:00.0  | 0           0    / 0          58539/ 65536         |
+===========================+===============+====================================================+
| 6     910B4-1             | OK            | 90.7        36                0    / 0             |
| 0                         | 0000:41:00.0  | 0           0    / 0          59874/ 65536         |
+===========================+===============+====================================================+
| 7     910B4-1             | OK            | 90.1        36                0    / 0             |
| 0                         | 0000:42:00.0  | 0           0    / 0          59875/ 65536         |
+===========================+===============+====================================================+
+---------------------------+---------------+----------------------------------------------------+
| NPU     Chip              | Process id    | Process name             | Process memory(MB)      |
+===========================+===============+====================================================+
| No running processes found in NPU 0                                                            |
+===========================+===============+====================================================+
| No running processes found in NPU 1                                                            |
+===========================+===============+====================================================+
| 2       0                 | 16129         | python3                  | 43747                   |
| 2       0                 | 8121          | rayWorkerDict            | 16021                   |
+===========================+===============+====================================================+
| No running processes found in NPU 3                                                            |
+===========================+===============+====================================================+
| 4       0                 | 3107012       | VLLMWorker               | 55437                   |
+===========================+===============+====================================================+
| 5       0                 | 3107007       | VLLMWorker               | 55175                   |
+===========================+===============+====================================================+
| 6       0                 | 3107008       | VLLMWorker               | 56515                   |
+===========================+===============+====================================================+
| 7       0                 | 3107009       | VLLMWorker               | 56517                   |
+===========================+===============+====================================================+
timestamp=2026-07-29 21:28:42
+------------------------------------------------------------------------------------------------+
| npu-smi 25.2.3                   Version: 25.2.3                                               |
+---------------------------+---------------+----------------------------------------------------+
| NPU   Name                | Health        | Power(W)    Temp(C)           Hugepages-Usage(page)|
| Chip                      | Bus-Id        | AICore(%)   Memory-Usage(MB)  HBM-Usage(MB)        |
+===========================+===============+====================================================+
| 0     910B4-1             | OK            | 91.6        34                0    / 0             |
| 0                         | 0000:C1:00.0  | 0           0    / 0          3422 / 65536         |
+===========================+===============+====================================================+
| 1     910B4-1             | OK            | 89.8        32                0    / 0             |
| 0                         | 0000:C2:00.0  | 0           0    / 0          3414 / 65536         |
+===========================+===============+====================================================+
| 2     910B4-1             | OK            | 85.2        32                0    / 0             |
| 0                         | 0000:81:00.0  | 0           0    / 0          19382/ 65536         |
+===========================+===============+====================================================+
| 3     910B4-1             | OK            | 89.2        33                0    / 0             |
| 0                         | 0000:82:00.0  | 0           0    / 0          3413 / 65536         |
+===========================+===============+====================================================+
| 4     910B4-1             | OK            | 92.3        37                0    / 0             |
| 0                         | 0000:01:00.0  | 0           0    / 0          58804/ 65536         |
+===========================+===============+====================================================+
| 5     910B4-1             | OK            | 87.0        38                0    / 0             |
| 0                         | 0000:02:00.0  | 0           0    / 0          58539/ 65536         |
+===========================+===============+====================================================+
| 6     910B4-1             | OK            | 90.7        36                0    / 0             |
| 0                         | 0000:41:00.0  | 0           0    / 0          59873/ 65536         |
+===========================+===============+====================================================+
| 7     910B4-1             | OK            | 90.4        36                0    / 0             |
| 0                         | 0000:42:00.0  | 0           0    / 0          59876/ 65536         |
+===========================+===============+====================================================+
+---------------------------+---------------+----------------------------------------------------+
| NPU     Chip              | Process id    | Process name             | Process memory(MB)      |
+===========================+===============+====================================================+
| No running processes found in NPU 0                                                            |
+===========================+===============+====================================================+
| No running processes found in NPU 1                                                            |
+===========================+===============+====================================================+
| 2       0                 | 8121          | rayWorkerDict            | 16021                   |
+===========================+===============+====================================================+
| No running processes found in NPU 3                                                            |
+===========================+===============+====================================================+
| 4       0                 | 3107012       | VLLMWorker               | 55437                   |
+===========================+===============+====================================================+
| 5       0                 | 3107007       | VLLMWorker               | 55175                   |
+===========================+===============+====================================================+
| 6       0                 | 3107008       | VLLMWorker               | 56515                   |
+===========================+===============+====================================================+
| 7       0                 | 3107009       | VLLMWorker               | 56517                   |
+===========================+===============+====================================================+
timestamp=2026-07-29 21:28:48
+------------------------------------------------------------------------------------------------+
| npu-smi 25.2.3                   Version: 25.2.3                                               |
+---------------------------+---------------+----------------------------------------------------+
| NPU   Name                | Health        | Power(W)    Temp(C)           Hugepages-Usage(page)|
| Chip                      | Bus-Id        | AICore(%)   Memory-Usage(MB)  HBM-Usage(MB)        |
+===========================+===============+====================================================+
| 0     910B4-1             | OK            | 91.6        34                0    / 0             |
| 0                         | 0000:C1:00.0  | 0           0    / 0          3422 / 65536         |
+===========================+===============+====================================================+
| 1     910B4-1             | OK            | 89.9        32                0    / 0             |
| 0                         | 0000:C2:00.0  | 0           0    / 0          3414 / 65536         |
+===========================+===============+====================================================+
| 2     910B4-1             | OK            | 85.1        32                0    / 0             |
| 0                         | 0000:81:00.0  | 0           0    / 0          19382/ 65536         |
+===========================+===============+====================================================+
| 3     910B4-1             | OK            | 89.2        33                0    / 0             |
| 0                         | 0000:82:00.0  | 0           0    / 0          3413 / 65536         |
+===========================+===============+====================================================+
| 4     910B4-1             | OK            | 92.2        37                0    / 0             |
| 0                         | 0000:01:00.0  | 0           0    / 0          58804/ 65536         |
+===========================+===============+====================================================+
| 5     910B4-1             | OK            | 87.1        38                0    / 0             |
| 0                         | 0000:02:00.0  | 0           0    / 0          58539/ 65536         |
+===========================+===============+====================================================+
| 6     910B4-1             | OK            | 90.8        36                0    / 0             |
| 0                         | 0000:41:00.0  | 0           0    / 0          59874/ 65536         |
+===========================+===============+====================================================+
| 7     910B4-1             | OK            | 90.3        37                0    / 0             |
| 0                         | 0000:42:00.0  | 0           0    / 0          59875/ 65536         |
+===========================+===============+====================================================+
+---------------------------+---------------+----------------------------------------------------+
| NPU     Chip              | Process id    | Process name             | Process memory(MB)      |
+===========================+===============+====================================================+
| No running processes found in NPU 0                                                            |
+===========================+===============+====================================================+
| No running processes found in NPU 1                                                            |
+===========================+===============+====================================================+
| 2       0                 | 8121          | rayWorkerDict            | 16021                   |
+===========================+===============+====================================================+
| No running processes found in NPU 3                                                            |
+===========================+===============+====================================================+
| 4       0                 | 3107012       | VLLMWorker               | 55437                   |
+===========================+===============+====================================================+
| 5       0                 | 3107007       | VLLMWorker               | 55175                   |
+===========================+===============+====================================================+
| 6       0                 | 3107008       | VLLMWorker               | 56515                   |
+===========================+===============+====================================================+
| 7       0                 | 3107009       | VLLMWorker               | 56517                   |
+===========================+===============+====================================================+
timestamp=2026-07-29 21:28:52
+------------------------------------------------------------------------------------------------+
| npu-smi 25.2.3                   Version: 25.2.3                                               |
+---------------------------+---------------+----------------------------------------------------+
| NPU   Name                | Health        | Power(W)    Temp(C)           Hugepages-Usage(page)|
| Chip                      | Bus-Id        | AICore(%)   Memory-Usage(MB)  HBM-Usage(MB)        |
+===========================+===============+====================================================+
| 0     910B4-1             | OK            | 91.7        34                0    / 0             |
| 0                         | 0000:C1:00.0  | 0           0    / 0          3422 / 65536         |
+===========================+===============+====================================================+
| 1     910B4-1             | OK            | 89.8        32                0    / 0             |
| 0                         | 0000:C2:00.0  | 0           0    / 0          3414 / 65536         |
+===========================+===============+====================================================+
| 2     910B4-1             | OK            | 85.2        32                0    / 0             |
| 0                         | 0000:81:00.0  | 0           0    / 0          3413 / 65536         |
+===========================+===============+====================================================+
| 3     910B4-1             | OK            | 89.2        33                0    / 0             |
| 0                         | 0000:82:00.0  | 0           0    / 0          3413 / 65536         |
+===========================+===============+====================================================+
| 4     910B4-1             | OK            | 92.2        37                0    / 0             |
| 0                         | 0000:01:00.0  | 0           0    / 0          58804/ 65536         |
+===========================+===============+====================================================+
| 5     910B4-1             | OK            | 86.9        38                0    / 0             |
| 0                         | 0000:02:00.0  | 0           0    / 0          58539/ 65536         |
+===========================+===============+====================================================+
| 6     910B4-1             | OK            | 90.7        35                0    / 0             |
| 0                         | 0000:41:00.0  | 0           0    / 0          59873/ 65536         |
+===========================+===============+====================================================+
| 7     910B4-1             | OK            | 90.3        36                0    / 0             |
| 0                         | 0000:42:00.0  | 0           0    / 0          59876/ 65536         |
+===========================+===============+====================================================+
+---------------------------+---------------+----------------------------------------------------+
| NPU     Chip              | Process id    | Process name             | Process memory(MB)      |
+===========================+===============+====================================================+
| No running processes found in NPU 0                                                            |
+===========================+===============+====================================================+
| No running processes found in NPU 1                                                            |
+===========================+===============+====================================================+
| No running processes found in NPU 2                                                            |
+===========================+===============+====================================================+
| No running processes found in NPU 3                                                            |
+===========================+===============+====================================================+
| 4       0                 | 3107012       | VLLMWorker               | 55437                   |
+===========================+===============+====================================================+
| 5       0                 | 3107007       | VLLMWorker               | 55175                   |
+===========================+===============+====================================================+
| 6       0                 | 3107008       | VLLMWorker               | 56515                   |
+===========================+===============+====================================================+
| 7       0                 | 3107009       | VLLMWorker               | 56517                   |
+===========================+===============+====================================================+
