verl_module=/workspace/verl_official_main_17ea153d95ee_20260729/verl/__init__.py
Twinkle-aligned VERL prompt and ground-truth contract validated
=== FORMAL VERL IDENTITY ===
verl_commit=17ea153d95eeb461815f547ceee3cfbac6ff6d11
config=/mnt/lv_model/npu60005420a/qy_runtime_configs/qy_owner_verl_full125_noeval_final_npu23.yaml
94b2a7eaa11be3780a5a4dd3da7372d20ced95d2be9feff1ce926810dc80666d  /mnt/lv_model/npu60005420a/qy_runtime_configs/qy_owner_verl_full125_noeval_final_npu23.yaml
installed_config=/workspace/verl_official_main_17ea153d95ee_20260729/verl/trainer/config/qy_owner_verl_full125_noeval_final_npu23.yaml
94b2a7eaa11be3780a5a4dd3da7372d20ced95d2be9feff1ce926810dc80666d  /workspace/verl_official_main_17ea153d95ee_20260729/verl/trainer/config/qy_owner_verl_full125_noeval_final_npu23.yaml
model=/mnt/lv_model/npu60005420a/models/Qwen3-4B
train=/mnt/lv_model/npu60005420a/data/gsm8k_owner_aligned_20260729/verl_train_twinkle_aligned.parquet
65a9df97c90b7979c8c21848ebc18480d9d66639f1e5952378a77de330c9a93c  /mnt/lv_model/npu60005420a/data/gsm8k_owner_aligned_20260729/verl_train_twinkle_aligned.parquet
test=/mnt/lv_model/npu60005420a/data/gsm8k_owner_aligned_20260729/verl_test_official_twinkle_aligned.parquet
4df1f522a40e984672a3c2892d01f49dbe132f1ee749e9785b70fdfae19b259e  /mnt/lv_model/npu60005420a/data/gsm8k_owner_aligned_20260729/verl_test_official_twinkle_aligned.parquet
reward=/mnt/lv_model/npu60005420a/packages/twinkle_aligned_verl_grpo_npu_2cards_owner_20260729/gsm8k_accuracy_reward.py
898bb9d2bbed84cb3b84517821d0f08f8033b795a3a8afd37c28044291c37bd2  /mnt/lv_model/npu60005420a/packages/twinkle_aligned_verl_grpo_npu_2cards_owner_20260729/gsm8k_accuracy_reward.py
ASCEND_RT_VISIBLE_DEVICES=2,3
PYTORCH_NPU_ALLOC_CONF=
RESULT: VERL_FULL125_NOEVAL_CONTAINER_PREFLIGHT_PASS
/usr/local/python3.11.15/lib/python3.11/site-packages/torch_npu/npu/__init__.py:539: UserWarning: You can set the device capability via the environment variable TORCH_NPU_DEVICE_CAPABILITY. The return value of get_device_capability is only for compatibility with PyTorch and does not represent the actual capability of the NPU device.
  warnings.warn(f"You can set the device capability via the environment variable TORCH_NPU_DEVICE_CAPABILITY. {warning_str}")
/workspace/verl_official_main_17ea153d95ee_20260729/verl/trainer/main_ppo.py:181: UserWarning: Disabled critic as algorithm.adv_estimator != gae. If it is not intended, please set critic.enable=True
  use_critic=need_critic(config),
WARNING: val_batch_size is deprecated. Validation datasets are sent to inference engines as a whole batch, which will schedule the memory themselves.
[2026-07-30 10:20:08,779][torch_npu.env][INFO] - get env LD_LIBRARY_PATH = /usr/local/Ascend/nnal/atb/latest/atb/cxx_abi_1/lib:/usr/local/Ascend/nnal/atb/latest/atb/cxx_abi_1/examples:/usr/local/Ascend/nnal/atb/latest/atb/cxx_abi_1/tests/atbopstest:/usr/local/Ascend/cann-9.0.0/lib64:/usr/local/Ascend/cann-9.0.0/lib64/plugin/opskernel:/usr/local/Ascend/cann-9.0.0/lib64/plugin/nnengine:/usr/local/Ascend/cann-9.0.0/opp/built-in/op_impl/ai_core/tbe/op_tiling/lib/linux/aarch64:/usr/local/Ascend/driver/lib64:/usr/local/Ascend/driver/lib64/common:/usr/local/Ascend/driver/lib64/driver:/usr/local/Ascend/driver/lib64:/usr/local/Ascend/driver/lib64/common:/usr/local/Ascend/driver/lib64/driver:/usr/local/Ascend/nnal/atb/latest/atb/cxx_abi_1/lib:/usr/local/Ascend/nnal/atb/latest/atb/cxx_abi_1/examples:/usr/local/Ascend/nnal/atb/latest/atb/cxx_abi_1/tests/atbopstest:/usr/local/Ascend/ascend-toolkit/latest/tools/aml/lib64:/usr/local/Ascend/ascend-toolkit/latest/tools/aml/lib64/plugin:/usr/local/Ascend/ascend-toolkit/latest/lib64:/usr/local/Ascend/ascend-toolkit/latest/lib64/plugin/opskernel:/usr/local/Ascend/ascend-toolkit/latest/lib64/plugin/nnengine:/usr/local/Ascend/ascend-toolkit/latest/opp/built-in/op_impl/ai_core/tbe/op_tiling:/usr/local/python3.11.15/lib:
INFO 07-30 10:20:09 [__init__.py:44] Available plugins for group vllm.platform_plugins:
INFO 07-30 10:20:09 [__init__.py:46] - ascend -> vllm_ascend:register
INFO 07-30 10:20:09 [__init__.py:49] All plugins in this group will be loaded. Set `VLLM_PLUGINS` to control which plugins to load.
INFO 07-30 10:20:09 [__init__.py:239] Platform plugin ascend is activated
[2026-07-30 10:20:12,479][torch_npu.env][INFO] - get env TORCHINDUCTOR_CACHE_DIR = /tmp/torchinductor_root
[validate_config] All configuration checks passed successfully!
[2026-07-30 10:20:13,476][torch_npu.env][INFO] - get env TOKENIZERS_PARALLELISM = false
[2026-07-30 10:20:13,476][torch_npu.env][INFO] - get env HCCL_HOST_SOCKET_PORT_RANGE = 60000-60050
[2026-07-30 10:20:13,477][torch_npu.env][INFO] - get env HCCL_NPU_SOCKET_PORT_RANGE = 61000-61050
[2026-07-30 10:20:13,477][torch_npu.env][INFO] - get env PYTHONPATH = /workspace/verl_official_main_17ea153d95ee_20260729:/usr/local/Ascend/cann-9.0.0/python/site-packages:/usr/local/Ascend/cann-9.0.0/opp/built-in/op_impl/ai_core/tbe:/usr/local/Ascend/ascend-toolkit/latest/python/site-packages:/usr/local/Ascend/ascend-toolkit/latest/opp/built-in/op_impl/ai_core/tbe:
ray init kwargs: {'num_cpus': None, 'runtime_env': {'env_vars': {'NCCL_DEBUG': 'WARN', 'VLLM_LOGGING_LEVEL': 'WARN', 'VLLM_ALLOW_RUNTIME_LORA_UPDATING': 'true', 'VLLM_DISABLE_COMPILE_CACHE': '1', 'HSA_NO_SCRATCH_RECLAIM': '1', 'PYTHONHASHSEED': '0', 'VERL_FULL_DETERMINISM': '0', 'VLLM_BATCH_INVARIANT': '0', 'VERL_RL_INSIGHT_ENABLE': '0', 'PYTHONPATH': '/workspace/verl_official_main_17ea153d95ee_20260729:/usr/local/Ascend/cann-9.0.0/python/site-packages:/usr/local/Ascend/cann-9.0.0/opp/built-in/op_impl/ai_core/tbe:/usr/local/Ascend/ascend-toolkit/latest/python/site-packages:/usr/local/Ascend/ascend-toolkit/latest/opp/built-in/op_impl/ai_core/tbe:', 'TRANSFER_QUEUE_ENABLE': '1'}, 'working_dir': None}}
[2026-07-30 10:20:16,940][torch_npu.env][INFO] - get env RAY_USAGE_STATS_ENABLED = 0
2026-07-30 10:20:23,080	INFO worker.py:2003 -- Started a local Ray instance. View the dashboard at [1m[32mhttp://127.0.0.1:8265 [39m[22m
/usr/local/python3.11.15/lib/python3.11/site-packages/ray/_private/worker.py:2051: FutureWarning: Tip: In future versions of Ray, Ray will no longer override accelerator visible devices env var if num_gpus=0 or num_gpus=None (default). To enable this behavior and turn off this error message, set RAY_ACCEL_ENV_VAR_OVERRIDE_ON_ZERO=0
  warnings.warn(
[36m(TaskRunnerV1 pid=108806)[0m WARNING:2026-07-30 10:20:45,627:Platform 'huawei' (PlatformNPU) is registered but not available. This may be due to this ray actor being a CPU-only actor.
[36m(TaskRunnerV1 pid=108806)[0m /usr/local/python3.11.15/lib/python3.11/site-packages/torch_npu/contrib/transfer_to_npu.py:362: ImportWarning: 
[36m(TaskRunnerV1 pid=108806)[0m     *************************************************************************************************************
[36m(TaskRunnerV1 pid=108806)[0m     The torch.Tensor.cuda and torch.nn.Module.cuda are replaced with torch.Tensor.npu and torch.nn.Module.npu now..
[36m(TaskRunnerV1 pid=108806)[0m     The torch.cuda.DoubleTensor is replaced with torch.npu.FloatTensor cause the double type is not supported now..
[36m(TaskRunnerV1 pid=108806)[0m     The backend in torch.distributed.init_process_group set to hccl now..
[36m(TaskRunnerV1 pid=108806)[0m     The torch.cuda.* and torch.cuda.amp.* are replaced with torch.npu.* and torch.npu.amp.* now..
[36m(TaskRunnerV1 pid=108806)[0m     The device parameters have been replaced with npu in the function below:
[36m(TaskRunnerV1 pid=108806)[0m     torch.logspace, torch.randint, torch.hann_window, torch.rand, torch.full_like, torch.ones_like, torch.rand_like, torch.randperm, torch.arange, torch.frombuffer, torch.normal, torch._empty_per_channel_affine_quantized, torch.empty_strided, torch.empty_like, torch.scalar_tensor, torch.tril_indices, torch.bartlett_window, torch.ones, torch.sparse_coo_tensor, torch.randn, torch.kaiser_window, torch.tensor, torch.triu_indices, torch.as_tensor, torch.zeros, torch.randint_like, torch.full, torch.eye, torch._sparse_csr_tensor_unsafe, torch.empty, torch._sparse_coo_tensor_unsafe, torch.blackman_window, torch.zeros_like, torch.range, torch.sparse_csr_tensor, torch.randn_like, torch.from_file, torch._cudnn_init_dropout_state, torch._empty_affine_quantized, torch.linspace, torch.hamming_window, torch.empty_quantized, torch._pin_memory, torch.load, torch.set_default_device, torch.get_device_module, torch.sparse_compressed_tensor, torch.Tensor.new_empty, torch.Tensor.new_empty_strided, torch.Tensor.new_full, torch.Tensor.new_ones, torch.Tensor.new_tensor, torch.Tensor.new_zeros, torch.Tensor.to, torch.Tensor.pin_memory, torch.nn.Module.to, torch.nn.Module.to_empty
[36m(TaskRunnerV1 pid=108806)[0m     *************************************************************************************************************
[36m(TaskRunnerV1 pid=108806)[0m     
[36m(TaskRunnerV1 pid=108806)[0m   warnings.warn(msg, ImportWarning)
[36m(TaskRunnerV1 pid=108806)[0m /usr/local/python3.11.15/lib/python3.11/site-packages/torch_npu/contrib/transfer_to_npu.py:291: RuntimeWarning: torch.jit.script and torch.jit.script_method will be disabled by transfer_to_npu, which currently does not support them, if you need to enable them, please do not use transfer_to_npu.
[36m(TaskRunnerV1 pid=108806)[0m   warnings.warn(msg, RuntimeWarning)
[36m(TaskRunnerV1 pid=108806)[0m [Rank 0 | Local Rank 0] 2026-07-30 10:20:45,915 INFO [mindspeed.megatron_adaptor:33] => start to patch features in megatron adaptor.
[36m(TaskRunnerV1 pid=108806)[0m /MindSpeed/mindspeed/features_manager/megatron_basic/requirements_basic.py:68: UserWarning: fla_npu is not installed. use chunk_gated_delta_rule instead.
[36m(TaskRunnerV1 pid=108806)[0m   warnings.warn("fla_npu is not installed. use chunk_gated_delta_rule instead.")
[36m(TaskRunnerV1 pid=108806)[0m /Megatron-LM/megatron/core/inference/contexts/__init__.py:9: DeprecationWarning: The following imports from `dynamic_context.py` will be removed in this file in `megatron-core` 0.14. The imports here result in a cyclic import issue that causes rotary embeddings to import from Apex rather than Transformer Engine.
[36m(TaskRunnerV1 pid=108806)[0m   warnings.warn(
[36m(TaskRunnerV1 pid=108806)[0m [Rank 0 | Local Rank 0] 2026-07-30 10:20:48,709 INFO [megatron.core.distributed.fsdp.src.megatron_fsdp.mixed_precision:34] => Using Megatron-FSDP without Transformer Engine.
[36m(TaskRunnerV1 pid=108806)[0m [Rank 0 | Local Rank 0] 2026-07-30 10:20:48,712 INFO [megatron.core.distributed.fsdp.src.megatron_fsdp.param_and_grad_buffer:69] => Detected Megatron Core, using Megatron-FSDP with Megatron.
[36m(TaskRunnerV1 pid=108806)[0m [Rank 0 | Local Rank 0] 2026-07-30 10:20:48,716 INFO [megatron.core.distributed.fsdp.src.megatron_fsdp.megatron_fsdp:47] => Detected Megatron Core, using Megatron-FSDP with Megatron.
[36m(TaskRunnerV1 pid=108806)[0m /MindSpeed/mindspeed/core/tensor_parallel/tp_2d/layernorm_2d.py:88: FutureWarning: `torch_npu.npu.amp.custom_fwd(args...)` is deprecated. Please use `torch.amp.custom_fwd(args..., device_type='npu')` instead.
[36m(TaskRunnerV1 pid=108806)[0m   @custom_fwd
[36m(TaskRunnerV1 pid=108806)[0m /MindSpeed/mindspeed/core/tensor_parallel/tp_2d/layernorm_2d.py:147: FutureWarning: `torch_npu.npu.amp.custom_bwd(args...)` is deprecated. Please use `torch.amp.custom_bwd(args..., device_type='npu')` instead.
[36m(TaskRunnerV1 pid=108806)[0m   @custom_bwd
[36m(TaskRunnerV1 pid=108806)[0m /MindSpeed/mindspeed/core/tensor_parallel/tp_2d/rms_norm_2d.py:66: FutureWarning: `torch_npu.npu.amp.custom_fwd(args...)` is deprecated. Please use `torch.amp.custom_fwd(args..., device_type='npu')` instead.
[36m(TaskRunnerV1 pid=108806)[0m   @custom_fwd
[36m(TaskRunnerV1 pid=108806)[0m /MindSpeed/mindspeed/core/tensor_parallel/tp_2d/rms_norm_2d.py:87: FutureWarning: `torch_npu.npu.amp.custom_bwd(args...)` is deprecated. Please use `torch.amp.custom_bwd(args..., device_type='npu')` instead.
[36m(TaskRunnerV1 pid=108806)[0m   @custom_bwd
[36m(TaskRunnerV1 pid=108806)[0m /Megatron-LM/megatron/core/transformer/multi_latent_attention.py:36: DeprecationWarning: The 'megatron.core.transformer.custom_layers.transformer_engine' 
[36m(TaskRunnerV1 pid=108806)[0m     module is deprecated and will be removed in 0.10.0. Please use 
[36m(TaskRunnerV1 pid=108806)[0m     'megatron.core.extensions.transformer_engine' instead.
[36m(TaskRunnerV1 pid=108806)[0m   from megatron.core.transformer.custom_layers.transformer_engine import (
[36m(TaskRunnerV1 pid=108806)[0m {'actor_rollout_ref': {'actor': {'_target_': 'verl.workers.config.FSDPActorConfig',
[36m(TaskRunnerV1 pid=108806)[0m                                  'calculate_entropy': False,
[36m(TaskRunnerV1 pid=108806)[0m                                  'calculate_sum_pi_squared': False,
[36m(TaskRunnerV1 pid=108806)[0m                                  'checkpoint': {'_target_': 'verl.trainer.config.CheckpointConfig',
[36m(TaskRunnerV1 pid=108806)[0m                                                 'async_save': False,
[36m(TaskRunnerV1 pid=108806)[0m                                                 'load_contents': ['model',
[36m(TaskRunnerV1 pid=108806)[0m                                                                   'optimizer',
[36m(TaskRunnerV1 pid=108806)[0m                                                                   'extra'],
[36m(TaskRunnerV1 pid=108806)[0m                                                 'save_contents': ['model',
[36m(TaskRunnerV1 pid=108806)[0m                                                                   'optimizer',
[36m(TaskRunnerV1 pid=108806)[0m                                                                   'extra'],
[36m(TaskRunnerV1 pid=108806)[0m                                                 'strict': True},
[36m(TaskRunnerV1 pid=108806)[0m                                  'clip_ratio': 0.2,
[36m(TaskRunnerV1 pid=108806)[0m                                  'clip_ratio_c': 3.0,
[36m(TaskRunnerV1 pid=108806)[0m                                  'clip_ratio_high': 0.2,
[36m(TaskRunnerV1 pid=108806)[0m                                  'clip_ratio_low': 0.2,
[36m(TaskRunnerV1 pid=108806)[0m                                  'data_loader_seed': 1,
[36m(TaskRunnerV1 pid=108806)[0m                                  'entropy_checkpointing': False,
[36m(TaskRunnerV1 pid=108806)[0m                                  'entropy_coeff': 0,
[36m(TaskRunnerV1 pid=108806)[0m                                  'entropy_from_logits_chunk_size': 2048,
[36m(TaskRunnerV1 pid=108806)[0m                                  'entropy_from_logits_with_chunking': False,
[36m(TaskRunnerV1 pid=108806)[0m                                  'freeze_vision_tower': False,
[36m(TaskRunnerV1 pid=108806)[0m                                  'fsdp_config': {'_target_': 'verl.workers.config.FSDPEngineConfig',
[36m(TaskRunnerV1 pid=108806)[0m                                                  'dtype': 'bfloat16',
[36m(TaskRunnerV1 pid=108806)[0m                                                  'entropy_checkpointing': False,
[36m(TaskRunnerV1 pid=108806)[0m                                                  'entropy_from_logits_chunk_size': 2048,
[36m(TaskRunnerV1 pid=108806)[0m                                                  'entropy_from_logits_with_chunking': False,
[36m(TaskRunnerV1 pid=108806)[0m                                                  'forward_only': False,
[36m(TaskRunnerV1 pid=108806)[0m                                                  'forward_prefetch': False,
[36m(TaskRunnerV1 pid=108806)[0m                                                  'fsdp_size': -1,
[36m(TaskRunnerV1 pid=108806)[0m                                                  'full_determinism': False,
[36m(TaskRunnerV1 pid=108806)[0m                                                  'model_dtype': 'fp32',
[36m(TaskRunnerV1 pid=108806)[0m                                                  'offload_policy': False,
[36m(TaskRunnerV1 pid=108806)[0m                                                  'optimizer_offload': False,
[36m(TaskRunnerV1 pid=108806)[0m                                                  'param_offload': False,
[36m(TaskRunnerV1 pid=108806)[0m                                                  'qat': {'_target_': 'verl.workers.config.QATEngineConfig',
[36m(TaskRunnerV1 pid=108806)[0m                                                          'activation_observer': 'static_minmax',
[36m(TaskRunnerV1 pid=108806)[0m                                                          'enable': False,
[36m(TaskRunnerV1 pid=108806)[0m                                                          'group_size': 16,
[36m(TaskRunnerV1 pid=108806)[0m                                                          'ignore_patterns': ['lm_head',
[36m(TaskRunnerV1 pid=108806)[0m                                                                              'embed_tokens',
[36m(TaskRunnerV1 pid=108806)[0m                                                                              're:.*mlp.gate$'],
[36m(TaskRunnerV1 pid=108806)[0m                                                          'mode': 'w4a16',
[36m(TaskRunnerV1 pid=108806)[0m                                                          'quantization_config_path': None},
[36m(TaskRunnerV1 pid=108806)[0m                                                  'reshard_after_forward': True,
[36m(TaskRunnerV1 pid=108806)[0m                                                  'seed': 1,
[36m(TaskRunnerV1 pid=108806)[0m                                                  'strategy': 'fsdp2',
[36m(TaskRunnerV1 pid=108806)[0m                                                  'ulysses_sequence_parallel_size': 1,
[36m(TaskRunnerV1 pid=108806)[0m                                                  'use_orig_params': False,
[36m(TaskRunnerV1 pid=108806)[0m                                                  'use_torch_compile': False,
[36m(TaskRunnerV1 pid=108806)[0m                                                  'wrap_policy': {'min_num_params': 0}},
[36m(TaskRunnerV1 pid=108806)[0m                                  'grad_clip': 1.0,
[36m(TaskRunnerV1 pid=108806)[0m                                  'kl_loss_coef': 0.001,
[36m(TaskRunnerV1 pid=108806)[0m                                  'kl_loss_type': 'low_var_kl',
[36m(TaskRunnerV1 pid=108806)[0m                                  'loss_agg_mode': 'token-mean',
[36m(TaskRunnerV1 pid=108806)[0m                                  'loss_scale_factor': None,
[36m(TaskRunnerV1 pid=108806)[0m                                  'optim': {'_target_': 'verl.workers.config.FSDPOptimizerConfig',
[36m(TaskRunnerV1 pid=108806)[0m                                            'betas': [0.9, 0.999],
[36m(TaskRunnerV1 pid=108806)[0m                                            'clip_grad': 1.0,
[36m(TaskRunnerV1 pid=108806)[0m                                            'lr': 1.7e-05,
[36m(TaskRunnerV1 pid=108806)[0m                                            'lr_scheduler_type': 'constant',
[36m(TaskRunnerV1 pid=108806)[0m                                            'lr_warmup_steps': -1,
[36m(TaskRunnerV1 pid=108806)[0m                                            'lr_warmup_steps_ratio': 0.0,
[36m(TaskRunnerV1 pid=108806)[0m                                            'min_lr_ratio': 0.0,
[36m(TaskRunnerV1 pid=108806)[0m                                            'num_cycles': 0.5,
[36m(TaskRunnerV1 pid=108806)[0m                                            'optimizer': 'AdamW',
[36m(TaskRunnerV1 pid=108806)[0m                                            'optimizer_impl': 'torch.optim',
[36m(TaskRunnerV1 pid=108806)[0m                                            'override_optimizer_config': None,
[36m(TaskRunnerV1 pid=108806)[0m                                            'total_training_steps': -1,
[36m(TaskRunnerV1 pid=108806)[0m                                            'warmup_style': None,
[36m(TaskRunnerV1 pid=108806)[0m                                            'weight_decay': 0.01,
[36m(TaskRunnerV1 pid=108806)[0m                                            'zero_indexed_step': True},
[36m(TaskRunnerV1 pid=108806)[0m                                  'policy_loss': {'_target_': 'verl.workers.config.PolicyLossConfig',
[36m(TaskRunnerV1 pid=108806)[0m                                                  'clip_cov_lb': 1.0,
[36m(TaskRunnerV1 pid=108806)[0m                                                  'clip_cov_ratio': 0.0002,
[36m(TaskRunnerV1 pid=108806)[0m                                                  'clip_cov_ub': 5.0,
[36m(TaskRunnerV1 pid=108806)[0m                                                  'kl_cov_ratio': 0.0002,
[36m(TaskRunnerV1 pid=108806)[0m                                                  'loss_mode': 'vanilla',
[36m(TaskRunnerV1 pid=108806)[0m                                                  'ppo_kl_coef': 0.1},
[36m(TaskRunnerV1 pid=108806)[0m                                  'ppo_epochs': 1,
[36m(TaskRunnerV1 pid=108806)[0m                                  'ppo_max_token_len_per_gpu': 4096,
[36m(TaskRunnerV1 pid=108806)[0m                                  'ppo_micro_batch_size': None,
[36m(TaskRunnerV1 pid=108806)[0m                                  'ppo_micro_batch_size_per_gpu': None,
[36m(TaskRunnerV1 pid=108806)[0m                                  'ppo_mini_batch_size': 16,
[36m(TaskRunnerV1 pid=108806)[0m                                  'profiler': {'_target_': 'verl.utils.profiler.ProfilerConfig',
[36m(TaskRunnerV1 pid=108806)[0m                                               'all_ranks': False,
[36m(TaskRunnerV1 pid=108806)[0m                                               'enable': False,
[36m(TaskRunnerV1 pid=108806)[0m                                               'ranks': [],
[36m(TaskRunnerV1 pid=108806)[0m                                               'save_path': 'outputs/profile',
[36m(TaskRunnerV1 pid=108806)[0m                                               'tool': None,
[36m(TaskRunnerV1 pid=108806)[0m                                               'tool_config': {'npu': {'_target_': 'verl.utils.profiler.config.NPUToolConfig',
[36m(TaskRunnerV1 pid=108806)[0m                                                                       'analysis': True,
[36m(TaskRunnerV1 pid=108806)[0m                                                                       'contents': [],
[36m(TaskRunnerV1 pid=108806)[0m                                                                       'discrete': False,
[36m(TaskRunnerV1 pid=108806)[0m                                                                       'level': 'level0'},
[36m(TaskRunnerV1 pid=108806)[0m                                                               'nsys': {'_target_': 'verl.utils.profiler.config.NsightToolConfig',
[36m(TaskRunnerV1 pid=108806)[0m                                                                        'discrete': False},
[36m(TaskRunnerV1 pid=108806)[0m                                                               'precision_debugger': {'_target_': 'verl.utils.profiler.config.PrecisionDebuggerToolConfig',
[36m(TaskRunnerV1 pid=108806)[0m                                                                                      'config_path': None,
[36m(TaskRunnerV1 pid=108806)[0m                                                                                      'stages': None,
[36m(TaskRunnerV1 pid=108806)[0m                                                                                      'steps': None,
[36m(TaskRunnerV1 pid=108806)[0m                                                                                      'strict': False},
[36m(TaskRunnerV1 pid=108806)[0m                                                               'torch': {'_target_': 'verl.utils.profiler.config.TorchProfilerToolConfig',
[36m(TaskRunnerV1 pid=108806)[0m                                                                         'contents': [],
[36m(TaskRunnerV1 pid=108806)[0m                                                                         'discrete': False,
[36m(TaskRunnerV1 pid=108806)[0m                                                                         'schedule': {'_target_': 'verl.utils.profiler.config.TorchProfilerScheduleConfig',
[36m(TaskRunnerV1 pid=108806)[0m                                                                                      'active': 0,
[36m(TaskRunnerV1 pid=108806)[0m                                                                                      'repeat': 0,
[36m(TaskRunnerV1 pid=108806)[0m                                                                                      'skip_first': 0,
[36m(TaskRunnerV1 pid=108806)[0m                                                                                      'wait': 0,
[36m(TaskRunnerV1 pid=108806)[0m                                                                                      'warmup': 0}},
[36m(TaskRunnerV1 pid=108806)[0m                                                               'torch_memory': {'_target_': 'verl.utils.profiler.config.TorchMemoryToolConfig',
[36m(TaskRunnerV1 pid=108806)[0m                                                                                'stack_depth': 32,
[36m(TaskRunnerV1 pid=108806)[0m                                                                                'trace_alloc_max_entries': 100000}}},
[36m(TaskRunnerV1 pid=108806)[0m                                  'qat': {'activation_observer': 'static_minmax',
[36m(TaskRunnerV1 pid=108806)[0m                                          'enable': False,
[36m(TaskRunnerV1 pid=108806)[0m                                          'group_size': 16,
[36m(TaskRunnerV1 pid=108806)[0m                                          'ignore_patterns': ['lm_head',
[36m(TaskRunnerV1 pid=108806)[0m                                                              'embed_tokens',
[36m(TaskRunnerV1 pid=108806)[0m                                                              're:.*mlp.gate$'],
[36m(TaskRunnerV1 pid=108806)[0m                                          'mode': 'w4a16',
[36m(TaskRunnerV1 pid=108806)[0m                                          'quantization_config_path': None},
[36m(TaskRunnerV1 pid=108806)[0m                                  'rollout_n': 4,
[36m(TaskRunnerV1 pid=108806)[0m                                  'router_replay': {'_target_': 'verl.workers.config.RouterReplayConfig',
[36m(TaskRunnerV1 pid=108806)[0m                                                    'mode': 'disabled',
[36m(TaskRunnerV1 pid=108806)[0m                                                    'record_file': None,
[36m(TaskRunnerV1 pid=108806)[0m                                                    'replay_file': None},
[36m(TaskRunnerV1 pid=108806)[0m                                  'shuffle': False,
[36m(TaskRunnerV1 pid=108806)[0m                                  'strategy': 'fsdp2',
[36m(TaskRunnerV1 pid=108806)[0m                                  'tau_neg': 1.05,
[36m(TaskRunnerV1 pid=108806)[0m                                  'tau_pos': 1.0,
[36m(TaskRunnerV1 pid=108806)[0m                                  'ulysses_sequence_parallel_size': 1,
[36m(TaskRunnerV1 pid=108806)[0m                                  'use_dynamic_bsz': True,
[36m(TaskRunnerV1 pid=108806)[0m                                  'use_fused_kernels': False,
[36m(TaskRunnerV1 pid=108806)[0m                                  'use_kl_loss': False,
[36m(TaskRunnerV1 pid=108806)[0m                                  'use_prefix_grouper': False,
[36m(TaskRunnerV1 pid=108806)[0m                                  'use_remove_padding': False,
[36m(TaskRunnerV1 pid=108806)[0m                                  'use_torch_compile': False},
[36m(TaskRunnerV1 pid=108806)[0m                        'hybrid_engine': True,
[36m(TaskRunnerV1 pid=108806)[0m                        'model': {'_target_': 'verl.workers.config.HFModelConfig',
[36m(TaskRunnerV1 pid=108806)[0m                                  'custom_chat_template': None,
[36m(TaskRunnerV1 pid=108806)[0m                                  'enable_activation_offload': False,
[36m(TaskRunnerV1 pid=108806)[0m                                  'enable_gradient_checkpointing': True,
[36m(TaskRunnerV1 pid=108806)[0m                                  'exclude_modules': None,
[36m(TaskRunnerV1 pid=108806)[0m                                  'external_lib': None,
[36m(TaskRunnerV1 pid=108806)[0m                                  'fused_kernel_options': {'impl_backend': 'torch'},
[36m(TaskRunnerV1 pid=108806)[0m                                  'hf_config_path': None,
[36m(TaskRunnerV1 pid=108806)[0m                                  'lora': {'a2a_experimental': False,
[36m(TaskRunnerV1 pid=108806)[0m                                           'adapter_path': None,
[36m(TaskRunnerV1 pid=108806)[0m                                           'alpha': 32,
[36m(TaskRunnerV1 pid=108806)[0m                                           'dropout': 0.0,
[36m(TaskRunnerV1 pid=108806)[0m                                           'dropout_position': 'pre',
[36m(TaskRunnerV1 pid=108806)[0m                                           'dtype': None,
[36m(TaskRunnerV1 pid=108806)[0m                                           'exclude_modules': [],
[36m(TaskRunnerV1 pid=108806)[0m                                           'freeze_language_model': True,
[36m(TaskRunnerV1 pid=108806)[0m                                           'freeze_vision_model': True,
[36m(TaskRunnerV1 pid=108806)[0m                                           'freeze_vision_projection': True,
[36m(TaskRunnerV1 pid=108806)[0m                                           'lora_A_init_method': 'xavier',
[36m(TaskRunnerV1 pid=108806)[0m                                           'lora_B_init_method': 'zero',
[36m(TaskRunnerV1 pid=108806)[0m                                           'merge': False,
[36m(TaskRunnerV1 pid=108806)[0m                                           'rank': 0,
[36m(TaskRunnerV1 pid=108806)[0m                                           'target_modules': ['linear_qkv',
[36m(TaskRunnerV1 pid=108806)[0m                                                              'linear_proj',
[36m(TaskRunnerV1 pid=108806)[0m                                                              'linear_fc1',
[36m(TaskRunnerV1 pid=108806)[0m                                                              'linear_fc2'],
[36m(TaskRunnerV1 pid=108806)[0m                                           'type': 'lora'},
[36m(TaskRunnerV1 pid=108806)[0m                                  'lora_adapter_path': None,
[36m(TaskRunnerV1 pid=108806)[0m                                  'lora_alpha': 16,
[36m(TaskRunnerV1 pid=108806)[0m                                  'lora_rank': 16,
[36m(TaskRunnerV1 pid=108806)[0m                                  'mtp': {'_target_': 'verl.workers.config.MtpConfig',
[36m(TaskRunnerV1 pid=108806)[0m                                          'detach_encoder': False,
[36m(TaskRunnerV1 pid=108806)[0m                                          'enable': False,
[36m(TaskRunnerV1 pid=108806)[0m                                          'enable_rollout': False,
[36m(TaskRunnerV1 pid=108806)[0m                                          'enable_train': False,
[36m(TaskRunnerV1 pid=108806)[0m                                          'method': 'mtp',
[36m(TaskRunnerV1 pid=108806)[0m                                          'mtp_loss_scaling_factor': 0.1,
[36m(TaskRunnerV1 pid=108806)[0m                                          'num_speculative_tokens': 1,
[36m(TaskRunnerV1 pid=108806)[0m                                          'speculative_algorithm': 'EAGLE',
[36m(TaskRunnerV1 pid=108806)[0m                                          'speculative_eagle_topk': 1,
[36m(TaskRunnerV1 pid=108806)[0m                                          'speculative_num_draft_tokens': 4,
[36m(TaskRunnerV1 pid=108806)[0m                                          'speculative_num_steps': 3},
[36m(TaskRunnerV1 pid=108806)[0m                                  'override_config': {},
[36m(TaskRunnerV1 pid=108806)[0m                                  'path': '/mnt/lv_model/npu60005420a/models/Qwen3-4B',
[36m(TaskRunnerV1 pid=108806)[0m                                  'target_modules': 'all-linear',
[36m(TaskRunnerV1 pid=108806)[0m                                  'tiled_mlp': {'enabled': False,
[36m(TaskRunnerV1 pid=108806)[0m                                                'num_shards': 4},
[36m(TaskRunnerV1 pid=108806)[0m                                  'tokenizer_path': None,
[36m(TaskRunnerV1 pid=108806)[0m                                  'trust_remote_code': False,
[36m(TaskRunnerV1 pid=108806)[0m                                  'use_fused_kernels': False,
[36m(TaskRunnerV1 pid=108806)[0m                                  'use_liger': False,
[36m(TaskRunnerV1 pid=108806)[0m                                  'use_remove_padding': False,
[36m(TaskRunnerV1 pid=108806)[0m                                  'use_shm': False},
[36m(TaskRunnerV1 pid=108806)[0m                        'nccl_timeout': 600,
[36m(TaskRunnerV1 pid=108806)[0m                        'ref': {'_target_': 'verl.workers.config.FSDPActorConfig',
[36m(TaskRunnerV1 pid=108806)[0m                                'entropy_checkpointing': False,
[36m(TaskRunnerV1 pid=108806)[0m                                'entropy_from_logits_chunk_size': 2048,
[36m(TaskRunnerV1 pid=108806)[0m                                'entropy_from_logits_with_chunking': False,
[36m(TaskRunnerV1 pid=108806)[0m                                'fsdp_config': {'_target_': 'verl.workers.config.FSDPEngineConfig',
[36m(TaskRunnerV1 pid=108806)[0m                                                'dtype': 'bfloat16',
[36m(TaskRunnerV1 pid=108806)[0m                                                'entropy_checkpointing': False,
[36m(TaskRunnerV1 pid=108806)[0m                                                'entropy_from_logits_chunk_size': 2048,
[36m(TaskRunnerV1 pid=108806)[0m                                                'entropy_from_logits_with_chunking': False,
[36m(TaskRunnerV1 pid=108806)[0m                                                'forward_only': True,
[36m(TaskRunnerV1 pid=108806)[0m                                                'forward_prefetch': False,
[36m(TaskRunnerV1 pid=108806)[0m                                                'fsdp_size': -1,
[36m(TaskRunnerV1 pid=108806)[0m                                                'full_determinism': False,
[36m(TaskRunnerV1 pid=108806)[0m                                                'model_dtype': 'fp32',
[36m(TaskRunnerV1 pid=108806)[0m                                                'offload_policy': False,
[36m(TaskRunnerV1 pid=108806)[0m                                                'optimizer_offload': False,
[36m(TaskRunnerV1 pid=108806)[0m                                                'param_offload': False,
[36m(TaskRunnerV1 pid=108806)[0m                                                'qat': {'_target_': 'verl.workers.config.QATEngineConfig',
[36m(TaskRunnerV1 pid=108806)[0m                                                        'activation_observer': 'static_minmax',
[36m(TaskRunnerV1 pid=108806)[0m                                                        'enable': False,
[36m(TaskRunnerV1 pid=108806)[0m                                                        'group_size': 16,
[36m(TaskRunnerV1 pid=108806)[0m                                                        'ignore_patterns': ['lm_head',
[36m(TaskRunnerV1 pid=108806)[0m                                                                            'embed_tokens',
[36m(TaskRunnerV1 pid=108806)[0m                                                                            're:.*mlp.gate$'],
[36m(TaskRunnerV1 pid=108806)[0m                                                        'mode': 'w4a16',
[36m(TaskRunnerV1 pid=108806)[0m                                                        'quantization_config_path': None},
[36m(TaskRunnerV1 pid=108806)[0m                                                'reshard_after_forward': True,
[36m(TaskRunnerV1 pid=108806)[0m                                                'seed': 42,
[36m(TaskRunnerV1 pid=108806)[0m                                                'strategy': 'fsdp',
[36m(TaskRunnerV1 pid=108806)[0m                                                'ulysses_sequence_parallel_size': 1,
[36m(TaskRunnerV1 pid=108806)[0m                                                'use_orig_params': False,
[36m(TaskRunnerV1 pid=108806)[0m                                                'use_torch_compile': True,
[36m(TaskRunnerV1 pid=108806)[0m                                                'wrap_policy': {'min_num_params': 0}},
[36m(TaskRunnerV1 pid=108806)[0m                                'log_prob_max_token_len_per_gpu': 4096,
[36m(TaskRunnerV1 pid=108806)[0m                                'log_prob_micro_batch_size': None,
[36m(TaskRunnerV1 pid=108806)[0m                                'log_prob_micro_batch_size_per_gpu': None,
[36m(TaskRunnerV1 pid=108806)[0m                                'log_prob_use_dynamic_bsz': True,
[36m(TaskRunnerV1 pid=108806)[0m                                'profiler': {'_target_': 'verl.utils.profiler.ProfilerConfig',
[36m(TaskRunnerV1 pid=108806)[0m                                             'all_ranks': False,
[36m(TaskRunnerV1 pid=108806)[0m                                             'enable': False,
[36m(TaskRunnerV1 pid=108806)[0m                                             'ranks': [],
[36m(TaskRunnerV1 pid=108806)[0m                                             'save_path': 'outputs/profile',
[36m(TaskRunnerV1 pid=108806)[0m                                             'tool': None,
[36m(TaskRunnerV1 pid=108806)[0m                                             'tool_config': {'npu': {'_target_': 'verl.utils.profiler.config.NPUToolConfig',
[36m(TaskRunnerV1 pid=108806)[0m                                                                     'analysis': True,
[36m(TaskRunnerV1 pid=108806)[0m                                                                     'contents': [],
[36m(TaskRunnerV1 pid=108806)[0m                                                                     'discrete': False,
[36m(TaskRunnerV1 pid=108806)[0m                                                                     'level': 'level0'},
[36m(TaskRunnerV1 pid=108806)[0m                                                             'nsys': {'_target_': 'verl.utils.profiler.config.NsightToolConfig',
[36m(TaskRunnerV1 pid=108806)[0m                                                                      'discrete': False},
[36m(TaskRunnerV1 pid=108806)[0m                                                             'precision_debugger': {'_target_': 'verl.utils.profiler.config.PrecisionDebuggerToolConfig',
[36m(TaskRunnerV1 pid=108806)[0m                                                                                    'config_path': None,
[36m(TaskRunnerV1 pid=108806)[0m                                                                                    'stages': None,
[36m(TaskRunnerV1 pid=108806)[0m                                                                                    'steps': None,
[36m(TaskRunnerV1 pid=108806)[0m                                                                                    'strict': False},
[36m(TaskRunnerV1 pid=108806)[0m                                                             'torch': {'_target_': 'verl.utils.profiler.config.TorchProfilerToolConfig',
[36m(TaskRunnerV1 pid=108806)[0m                                                                       'contents': [],
[36m(TaskRunnerV1 pid=108806)[0m                                                                       'discrete': False,
[36m(TaskRunnerV1 pid=108806)[0m                                                                       'schedule': {'_target_': 'verl.utils.profiler.config.TorchProfilerScheduleConfig',
[36m(TaskRunnerV1 pid=108806)[0m                                                                                    'active': 0,
[36m(TaskRunnerV1 pid=108806)[0m                                                                                    'repeat': 0,
[36m(TaskRunnerV1 pid=108806)[0m                                                                                    'skip_first': 0,
[36m(TaskRunnerV1 pid=108806)[0m                                                                                    'wait': 0,
[36m(TaskRunnerV1 pid=108806)[0m                                                                                    'warmup': 0}},
[36m(TaskRunnerV1 pid=108806)[0m                                                             'torch_memory': {'_target_': 'verl.utils.profiler.config.TorchMemoryToolConfig',
[36m(TaskRunnerV1 pid=108806)[0m                                                                              'stack_depth': 32,
[36m(TaskRunnerV1 pid=108806)[0m                                                                              'trace_alloc_max_entries': 100000}}},
[36m(TaskRunnerV1 pid=108806)[0m                                'rollout_n': 4,
[36m(TaskRunnerV1 pid=108806)[0m                                'router_replay': {'_target_': 'verl.workers.config.RouterReplayConfig',
[36m(TaskRunnerV1 pid=108806)[0m                                                  'mode': 'disabled',
[36m(TaskRunnerV1 pid=108806)[0m                                                  'record_file': None,
[36m(TaskRunnerV1 pid=108806)[0m                                                  'replay_file': None},
[36m(TaskRunnerV1 pid=108806)[0m                                'strategy': 'fsdp2',
[36m(TaskRunnerV1 pid=108806)[0m                                'ulysses_sequence_parallel_size': 1,
[36m(TaskRunnerV1 pid=108806)[0m                                'use_torch_compile': False},
[36m(TaskRunnerV1 pid=108806)[0m                        'rollout': {'_target_': 'verl.workers.config.RolloutConfig',
[36m(TaskRunnerV1 pid=108806)[0m                                    'agent': {'_target_': 'verl.workers.config.AgentLoopConfig',
[36m(TaskRunnerV1 pid=108806)[0m                                              'agent_loop_config_path': None,
[36m(TaskRunnerV1 pid=108806)[0m                                              'custom_async_server': {'_target_': 'verl.workers.config.CustomAsyncServerConfig',
[36m(TaskRunnerV1 pid=108806)[0m                                                                      'name': None,
[36m(TaskRunnerV1 pid=108806)[0m                                                                      'path': None},
[36m(TaskRunnerV1 pid=108806)[0m                                              'default_agent_loop': 'single_turn_agent',
[36m(TaskRunnerV1 pid=108806)[0m                                              'num_workers': 8},
[36m(TaskRunnerV1 pid=108806)[0m                                    'calculate_log_probs': True,
[36m(TaskRunnerV1 pid=108806)[0m                                    'checkpoint_engine': {'_target_': 'verl.workers.config.CheckpointEngineConfig',
[36m(TaskRunnerV1 pid=108806)[0m                                                          'backend': 'nccl',
[36m(TaskRunnerV1 pid=108806)[0m                                                          'custom_backend_module': None,
[36m(TaskRunnerV1 pid=108806)[0m                                                          'engine_kwargs': {},
[36m(TaskRunnerV1 pid=108806)[0m                                                          'update_weights_bucket_megabytes': 1536},
[36m(TaskRunnerV1 pid=108806)[0m                                    'cudagraph_capture_sizes': None,
[36m(TaskRunnerV1 pid=108806)[0m                                    'data_parallel_size': 1,
[36m(TaskRunnerV1 pid=108806)[0m                                    'disable_log_stats': True,
[36m(TaskRunnerV1 pid=108806)[0m                                    'disaggregation': {'bootstrap_port': None,
[36m(TaskRunnerV1 pid=108806)[0m                                                       'decode_replicas': 1,
[36m(TaskRunnerV1 pid=108806)[0m                                                       'decode_tensor_model_parallel_size': None,
[36m(TaskRunnerV1 pid=108806)[0m                                                       'enabled': False,
[36m(TaskRunnerV1 pid=108806)[0m                                                       'ib_device': None,
[36m(TaskRunnerV1 pid=108806)[0m                                                       'prefill_replicas': 1,
[36m(TaskRunnerV1 pid=108806)[0m                                                       'transfer_backend': 'nixl'},
[36m(TaskRunnerV1 pid=108806)[0m                                    'do_sample': True,
[36m(TaskRunnerV1 pid=108806)[0m                                    'dtype': 'bfloat16',
[36m(TaskRunnerV1 pid=108806)[0m                                    'enable_chunked_prefill': True,
[36m(TaskRunnerV1 pid=108806)[0m                                    'enable_prefix_caching': True,
[36m(TaskRunnerV1 pid=108806)[0m                                    'enable_rollout_routing_replay': False,
[36m(TaskRunnerV1 pid=108806)[0m                                    'enforce_eager': False,
[36m(TaskRunnerV1 pid=108806)[0m                                    'engine_kwargs': {'sglang': {},
[36m(TaskRunnerV1 pid=108806)[0m                                                      'trtllm': {},
[36m(TaskRunnerV1 pid=108806)[0m                                                      'vllm': {}},
[36m(TaskRunnerV1 pid=108806)[0m                                    'expert_parallel_size': 1,
[36m(TaskRunnerV1 pid=108806)[0m                                    'free_cache_engine': True,
[36m(TaskRunnerV1 pid=108806)[0m                                    'full_determinism': False,
[36m(TaskRunnerV1 pid=108806)[0m                                    'gpu_memory_utilization': 0.7,
[36m(TaskRunnerV1 pid=108806)[0m                                    'ignore_eos': False,
[36m(TaskRunnerV1 pid=108806)[0m                                    'layered_summon': False,
[36m(TaskRunnerV1 pid=108806)[0m                                    'load_format': 'dummy',
[36m(TaskRunnerV1 pid=108806)[0m                                    'log_prob_max_token_len_per_gpu': 4096,
[36m(TaskRunnerV1 pid=108806)[0m                                    'log_prob_micro_batch_size': None,
[36m(TaskRunnerV1 pid=108806)[0m                                    'log_prob_micro_batch_size_per_gpu': None,
[36m(TaskRunnerV1 pid=108806)[0m                                    'log_prob_use_dynamic_bsz': True,
[36m(TaskRunnerV1 pid=108806)[0m                                    'logprobs_mode': 'processed_logprobs',
[36m(TaskRunnerV1 pid=108806)[0m                                    'max_model_len': 2048,
[36m(TaskRunnerV1 pid=108806)[0m                                    'max_num_batched_tokens': 4096,
[36m(TaskRunnerV1 pid=108806)[0m                                    'max_num_seqs': 64,
[36m(TaskRunnerV1 pid=108806)[0m                                    'mode': 'async',
[36m(TaskRunnerV1 pid=108806)[0m                                    'moe_load_balance_metrics_interval': 0,
[36m(TaskRunnerV1 pid=108806)[0m                                    'mtp': {'_target_': 'verl.workers.config.MtpConfig',
[36m(TaskRunnerV1 pid=108806)[0m                                            'detach_encoder': False,
[36m(TaskRunnerV1 pid=108806)[0m                                            'enable': False,
[36m(TaskRunnerV1 pid=108806)[0m                                            'enable_rollout': False,
[36m(TaskRunnerV1 pid=108806)[0m                                            'enable_train': False,
[36m(TaskRunnerV1 pid=108806)[0m                                            'method': 'mtp',
[36m(TaskRunnerV1 pid=108806)[0m                                            'mtp_loss_scaling_factor': 0.1,
[36m(TaskRunnerV1 pid=108806)[0m                                            'num_speculative_tokens': 1,
[36m(TaskRunnerV1 pid=108806)[0m                                            'speculative_algorithm': 'EAGLE',
[36m(TaskRunnerV1 pid=108806)[0m                                            'speculative_eagle_topk': 1,
[36m(TaskRunnerV1 pid=108806)[0m                                            'speculative_num_draft_tokens': 4,
[36m(TaskRunnerV1 pid=108806)[0m                                            'speculative_num_steps': 3},
[36m(TaskRunnerV1 pid=108806)[0m                                    'multi_stage_wake_up': False,
[36m(TaskRunnerV1 pid=108806)[0m                                    'multi_turn': {'_target_': 'verl.workers.config.MultiTurnConfig',
[36m(TaskRunnerV1 pid=108806)[0m                                                   'enable': False,
[36m(TaskRunnerV1 pid=108806)[0m                                                   'format': 'hermes',
[36m(TaskRunnerV1 pid=108806)[0m                                                   'function_tool_path': None,
[36m(TaskRunnerV1 pid=108806)[0m                                                   'max_assistant_turns': None,
[36m(TaskRunnerV1 pid=108806)[0m                                                   'max_parallel_calls': 1,
[36m(TaskRunnerV1 pid=108806)[0m                                                   'max_tool_response_length': 256,
[36m(TaskRunnerV1 pid=108806)[0m                                                   'max_user_turns': None,
[36m(TaskRunnerV1 pid=108806)[0m                                                   'num_repeat_rollouts': None,
[36m(TaskRunnerV1 pid=108806)[0m                                                   'tokenization_sanity_check_mode': 'strict',
[36m(TaskRunnerV1 pid=108806)[0m                                                   'tool_config_path': None,
[36m(TaskRunnerV1 pid=108806)[0m                                                   'tool_response_truncate_side': 'middle',
[36m(TaskRunnerV1 pid=108806)[0m                                                   'use_inference_chat_template': False},
[36m(TaskRunnerV1 pid=108806)[0m                                    'n': 4,
[36m(TaskRunnerV1 pid=108806)[0m                                    'n_gpus_per_node': 1,
[36m(TaskRunnerV1 pid=108806)[0m                                    'name': 'vllm',
[36m(TaskRunnerV1 pid=108806)[0m                                    'nnodes': 1,
[36m(TaskRunnerV1 pid=108806)[0m                                    'over_sample_rate': 0,
[36m(TaskRunnerV1 pid=108806)[0m                                    'pipeline_model_parallel_size': 1,
[36m(TaskRunnerV1 pid=108806)[0m                                    'profiler': {'_target_': 'verl.utils.profiler.ProfilerConfig',
[36m(TaskRunnerV1 pid=108806)[0m                                                 'all_ranks': False,
[36m(TaskRunnerV1 pid=108806)[0m                                                 'enable': False,
[36m(TaskRunnerV1 pid=108806)[0m                                                 'ranks': [],
[36m(TaskRunnerV1 pid=108806)[0m                                                 'save_path': 'outputs/profile',
[36m(TaskRunnerV1 pid=108806)[0m                                                 'tool': None,
[36m(TaskRunnerV1 pid=108806)[0m                                                 'tool_config': {'npu': {'_target_': 'verl.utils.profiler.config.NPUToolConfig',
[36m(TaskRunnerV1 pid=108806)[0m                                                                         'analysis': True,
[36m(TaskRunnerV1 pid=108806)[0m                                                                         'contents': [],
[36m(TaskRunnerV1 pid=108806)[0m                                                                         'discrete': False,
[36m(TaskRunnerV1 pid=108806)[0m                                                                         'level': 'level0',
[36m(TaskRunnerV1 pid=108806)[0m                                                                         'profile_token_end': None,
[36m(TaskRunnerV1 pid=108806)[0m                                                                         'profile_token_start': None},
[36m(TaskRunnerV1 pid=108806)[0m                                                                 'precision_debugger': {'_target_': 'verl.utils.profiler.config.PrecisionDebuggerToolConfig',
[36m(TaskRunnerV1 pid=108806)[0m                                                                                        'config_path': None,
[36m(TaskRunnerV1 pid=108806)[0m                                                                                        'stages': None,
[36m(TaskRunnerV1 pid=108806)[0m                                                                                        'steps': None,
[36m(TaskRunnerV1 pid=108806)[0m                                                                                        'strict': False},
[36m(TaskRunnerV1 pid=108806)[0m                                                                 'torch': {'_target_': 'verl.utils.profiler.config.TorchProfilerToolConfig',
[36m(TaskRunnerV1 pid=108806)[0m                                                                           'contents': [],
[36m(TaskRunnerV1 pid=108806)[0m                                                                           'discrete': False,
[36m(TaskRunnerV1 pid=108806)[0m                                                                           'profile_token_end': None,
[36m(TaskRunnerV1 pid=108806)[0m                                                                           'profile_token_start': None}}},
[36m(TaskRunnerV1 pid=108806)[0m                                    'prometheus': {'_target_': 'verl.workers.config.PrometheusConfig',
[36m(TaskRunnerV1 pid=108806)[0m                                                   'enable': False,
[36m(TaskRunnerV1 pid=108806)[0m                                                   'file': '/tmp/ray/session_latest/metrics/prometheus/prometheus.yml',
[36m(TaskRunnerV1 pid=108806)[0m                                                   'port': 9090,
[36m(TaskRunnerV1 pid=108806)[0m                                                   'served_model_name': '/mnt/lv_model/npu60005420a/models/Qwen3-4B'},
[36m(TaskRunnerV1 pid=108806)[0m                                    'prompt_length': 1024,
[36m(TaskRunnerV1 pid=108806)[0m                                    'qat': {'_target_': 'verl.workers.config.QATEngineConfig',
[36m(TaskRunnerV1 pid=108806)[0m                                            'activation_observer': 'static_minmax',
[36m(TaskRunnerV1 pid=108806)[0m                                            'enable': False,
[36m(TaskRunnerV1 pid=108806)[0m                                            'group_size': 16,
[36m(TaskRunnerV1 pid=108806)[0m                                            'ignore_patterns': ['lm_head',
[36m(TaskRunnerV1 pid=108806)[0m                                                                'embed_tokens',
[36m(TaskRunnerV1 pid=108806)[0m                                                                're:.*mlp.gate$'],
[36m(TaskRunnerV1 pid=108806)[0m                                            'mode': 'w4a16',
[36m(TaskRunnerV1 pid=108806)[0m                                            'quantization_config_path': None},
[36m(TaskRunnerV1 pid=108806)[0m                                    'quantization': None,
[36m(TaskRunnerV1 pid=108806)[0m                                    'quantization_config_file': None,
[36m(TaskRunnerV1 pid=108806)[0m                                    'response_length': 1024,
[36m(TaskRunnerV1 pid=108806)[0m                                    'scheduling_policy': 'fcfs',
[36m(TaskRunnerV1 pid=108806)[0m                                    'seed': 1,
[36m(TaskRunnerV1 pid=108806)[0m                                    'skip_tokenizer_init': True,
[36m(TaskRunnerV1 pid=108806)[0m                                    'temperature': 1.0,
[36m(TaskRunnerV1 pid=108806)[0m                                    'tensor_model_parallel_size': 1,
[36m(TaskRunnerV1 pid=108806)[0m                                    'top_k': -1,
[36m(TaskRunnerV1 pid=108806)[0m                                    'top_p': 1.0,
[36m(TaskRunnerV1 pid=108806)[0m                                    'trace': {'_target_': 'verl.workers.config.TraceConfig',
[36m(TaskRunnerV1 pid=108806)[0m                                              'backend': None,
[36m(TaskRunnerV1 pid=108806)[0m                                              'experiment_name': 'async-single-lora-gsm8k-accuracy',
[36m(TaskRunnerV1 pid=108806)[0m                                              'max_samples_per_step_per_worker': None,
[36m(TaskRunnerV1 pid=108806)[0m                                              'project_name': 'twinkle-aligned-gsm8k-grpo',
[36m(TaskRunnerV1 pid=108806)[0m                                              'token2text': False},
[36m(TaskRunnerV1 pid=108806)[0m                                    'val_kwargs': {'_target_': 'verl.workers.config.SamplingConfig',
[36m(TaskRunnerV1 pid=108806)[0m                                                   'do_sample': True,
[36m(TaskRunnerV1 pid=108806)[0m                                                   'n': 1,
[36m(TaskRunnerV1 pid=108806)[0m                                                   'temperature': 0.6,
[36m(TaskRunnerV1 pid=108806)[0m                                                   'top_k': -1,
[36m(TaskRunnerV1 pid=108806)[0m                                                   'top_p': 1.0}}},
[36m(TaskRunnerV1 pid=108806)[0m  'algorithm': {'_target_': 'verl.trainer.config.AlgoConfig',
[36m(TaskRunnerV1 pid=108806)[0m                'adv_estimator': 'grpo',
[36m(TaskRunnerV1 pid=108806)[0m                'filter_groups': {'_target_': 'verl.trainer.config.FilterGroupsConfig',
[36m(TaskRunnerV1 pid=108806)[0m                                  'enable': False,
[36m(TaskRunnerV1 pid=108806)[0m                                  'max_inflight_gen_batches': 1,
[36m(TaskRunnerV1 pid=108806)[0m                                  'max_num_gen_batches': 0,
[36m(TaskRunnerV1 pid=108806)[0m                                  'metric': None},
[36m(TaskRunnerV1 pid=108806)[0m                'gamma': 1.0,
[36m(TaskRunnerV1 pid=108806)[0m                'kl_ctrl': {'_target_': 'verl.trainer.config.KLControlConfig',
[36m(TaskRunnerV1 pid=108806)[0m                            'horizon': 10000,
[36m(TaskRunnerV1 pid=108806)[0m                            'kl_coef': 0.001,
[36m(TaskRunnerV1 pid=108806)[0m                            'target_kl': 0.1,
[36m(TaskRunnerV1 pid=108806)[0m                            'type': 'fixed'},
[36m(TaskRunnerV1 pid=108806)[0m                'kl_penalty': 'kl',
[36m(TaskRunnerV1 pid=108806)[0m                'lam': 1.0,
[36m(TaskRunnerV1 pid=108806)[0m                'norm_adv_by_std_in_grpo': True,
[36m(TaskRunnerV1 pid=108806)[0m                'pf_ppo': {'reweight_method': 'pow', 'weight_pow': 2.0},
[36m(TaskRunnerV1 pid=108806)[0m                'rollout_correction': {'bypass_mode': False,
[36m(TaskRunnerV1 pid=108806)[0m                                       'loss_type': 'ppo_clip',
[36m(TaskRunnerV1 pid=108806)[0m                                       'rollout_is': None,
[36m(TaskRunnerV1 pid=108806)[0m                                       'rollout_is_batch_normalize': False,
[36m(TaskRunnerV1 pid=108806)[0m                                       'rollout_is_threshold': 2.0,
[36m(TaskRunnerV1 pid=108806)[0m                                       'rollout_rs': None,
[36m(TaskRunnerV1 pid=108806)[0m                                       'rollout_rs_threshold': None},
[36m(TaskRunnerV1 pid=108806)[0m                'use_kl_in_reward': False,
[36m(TaskRunnerV1 pid=108806)[0m                'use_pf_ppo': False},
[36m(TaskRunnerV1 pid=108806)[0m  'critic': {'_target_': 'verl.workers.config.FSDPCriticConfig',
[36m(TaskRunnerV1 pid=108806)[0m             'checkpoint': {'_target_': 'verl.trainer.config.CheckpointConfig',
[36m(TaskRunnerV1 pid=108806)[0m                            'async_save': False,
[36m(TaskRunnerV1 pid=108806)[0m                            'load_contents': ['model', 'optimizer', 'extra'],
[36m(TaskRunnerV1 pid=108806)[0m                            'save_contents': ['model', 'optimizer', 'extra']},
[36m(TaskRunnerV1 pid=108806)[0m             'cliprange_value': 0.5,
[36m(TaskRunnerV1 pid=108806)[0m             'data_loader_seed': 42,
[36m(TaskRunnerV1 pid=108806)[0m             'enable': None,
[36m(TaskRunnerV1 pid=108806)[0m             'forward_max_token_len_per_gpu': 32768,
[36m(TaskRunnerV1 pid=108806)[0m             'forward_micro_batch_size': None,
[36m(TaskRunnerV1 pid=108806)[0m             'forward_micro_batch_size_per_gpu': None,
[36m(TaskRunnerV1 pid=108806)[0m             'fsdp': {'_target_': 'verl.workers.config.FSDPEngineConfig',
[36m(TaskRunnerV1 pid=108806)[0m                      'dtype': 'bfloat16',
[36m(TaskRunnerV1 pid=108806)[0m                      'entropy_checkpointing': False,
[36m(TaskRunnerV1 pid=108806)[0m                      'entropy_from_logits_chunk_size': 2048,
[36m(TaskRunnerV1 pid=108806)[0m                      'entropy_from_logits_with_chunking': False,
[36m(TaskRunnerV1 pid=108806)[0m                      'forward_only': False,
[36m(TaskRunnerV1 pid=108806)[0m                      'forward_prefetch': False,
[36m(TaskRunnerV1 pid=108806)[0m                      'fsdp_size': -1,
[36m(TaskRunnerV1 pid=108806)[0m                      'full_determinism': False,
[36m(TaskRunnerV1 pid=108806)[0m                      'model_dtype': 'fp32',
[36m(TaskRunnerV1 pid=108806)[0m                      'offload_policy': False,
[36m(TaskRunnerV1 pid=108806)[0m                      'optimizer_offload': False,
[36m(TaskRunnerV1 pid=108806)[0m                      'param_offload': False,
[36m(TaskRunnerV1 pid=108806)[0m                      'qat': {'_target_': 'verl.workers.config.QATEngineConfig',
[36m(TaskRunnerV1 pid=108806)[0m                              'activation_observer': 'static_minmax',
[36m(TaskRunnerV1 pid=108806)[0m                              'enable': False,
[36m(TaskRunnerV1 pid=108806)[0m                              'group_size': 16,
[36m(TaskRunnerV1 pid=108806)[0m                              'ignore_patterns': ['lm_head',
[36m(TaskRunnerV1 pid=108806)[0m                                                  'embed_tokens',
[36m(TaskRunnerV1 pid=108806)[0m                                                  're:.*mlp.gate$'],
[36m(TaskRunnerV1 pid=108806)[0m                              'mode': 'w4a16',
[36m(TaskRunnerV1 pid=108806)[0m                              'quantization_config_path': None},
[36m(TaskRunnerV1 pid=108806)[0m                      'reshard_after_forward': True,
[36m(TaskRunnerV1 pid=108806)[0m                      'seed': 42,
[36m(TaskRunnerV1 pid=108806)[0m                      'strategy': 'fsdp',
[36m(TaskRunnerV1 pid=108806)[0m                      'ulysses_sequence_parallel_size': 1,
[36m(TaskRunnerV1 pid=108806)[0m                      'use_orig_params': False,
[36m(TaskRunnerV1 pid=108806)[0m                      'use_torch_compile': True,
[36m(TaskRunnerV1 pid=108806)[0m                      'wrap_policy': {'min_num_params': 0}},
[36m(TaskRunnerV1 pid=108806)[0m             'grad_clip': 1.0,
[36m(TaskRunnerV1 pid=108806)[0m             'loss_agg_mode': 'token-mean',
[36m(TaskRunnerV1 pid=108806)[0m             'loss_scale_factor': None,
[36m(TaskRunnerV1 pid=108806)[0m             'model': {'_target_': 'verl.workers.config.HFModelConfig',
[36m(TaskRunnerV1 pid=108806)[0m                       'custom_chat_template': None,
[36m(TaskRunnerV1 pid=108806)[0m                       'enable_activation_offload': False,
[36m(TaskRunnerV1 pid=108806)[0m                       'enable_gradient_checkpointing': True,
[36m(TaskRunnerV1 pid=108806)[0m                       'exclude_modules': None,
[36m(TaskRunnerV1 pid=108806)[0m                       'external_lib': None,
[36m(TaskRunnerV1 pid=108806)[0m                       'fused_kernel_options': {'impl_backend': 'torch'},
[36m(TaskRunnerV1 pid=108806)[0m                       'hf_config_path': None,
[36m(TaskRunnerV1 pid=108806)[0m                       'lora': {'a2a_experimental': False,
[36m(TaskRunnerV1 pid=108806)[0m                                'adapter_path': None,
[36m(TaskRunnerV1 pid=108806)[0m                                'alpha': 32,
[36m(TaskRunnerV1 pid=108806)[0m                                'dropout': 0.0,
[36m(TaskRunnerV1 pid=108806)[0m                                'dropout_position': 'pre',
[36m(TaskRunnerV1 pid=108806)[0m                                'dtype': None,
[36m(TaskRunnerV1 pid=108806)[0m                                'exclude_modules': [],
[36m(TaskRunnerV1 pid=108806)[0m                                'freeze_language_model': True,
[36m(TaskRunnerV1 pid=108806)[0m                                'freeze_vision_model': True,
[36m(TaskRunnerV1 pid=108806)[0m                                'freeze_vision_projection': True,
[36m(TaskRunnerV1 pid=108806)[0m                                'lora_A_init_method': 'xavier',
[36m(TaskRunnerV1 pid=108806)[0m                                'lora_B_init_method': 'zero',
[36m(TaskRunnerV1 pid=108806)[0m                                'merge': False,
[36m(TaskRunnerV1 pid=108806)[0m                                'rank': 0,
[36m(TaskRunnerV1 pid=108806)[0m                                'target_modules': ['linear_qkv',
[36m(TaskRunnerV1 pid=108806)[0m                                                   'linear_proj',
[36m(TaskRunnerV1 pid=108806)[0m                                                   'linear_fc1',
[36m(TaskRunnerV1 pid=108806)[0m                                                   'linear_fc2'],
[36m(TaskRunnerV1 pid=108806)[0m                                'type': 'lora'},
[36m(TaskRunnerV1 pid=108806)[0m                       'lora_adapter_path': None,
[36m(TaskRunnerV1 pid=108806)[0m                       'lora_alpha': 16,
[36m(TaskRunnerV1 pid=108806)[0m                       'lora_rank': 0,
[36m(TaskRunnerV1 pid=108806)[0m                       'mtp': {'_target_': 'verl.workers.config.MtpConfig',
[36m(TaskRunnerV1 pid=108806)[0m                               'detach_encoder': False,
[36m(TaskRunnerV1 pid=108806)[0m                               'enable': False,
[36m(TaskRunnerV1 pid=108806)[0m                               'enable_rollout': False,
[36m(TaskRunnerV1 pid=108806)[0m                               'enable_train': False,
[36m(TaskRunnerV1 pid=108806)[0m                               'method': 'mtp',
[36m(TaskRunnerV1 pid=108806)[0m                               'mtp_loss_scaling_factor': 0.1,
[36m(TaskRunnerV1 pid=108806)[0m                               'num_speculative_tokens': 1,
[36m(TaskRunnerV1 pid=108806)[0m                               'speculative_algorithm': 'EAGLE',
[36m(TaskRunnerV1 pid=108806)[0m                               'speculative_eagle_topk': 1,
[36m(TaskRunnerV1 pid=108806)[0m                               'speculative_num_draft_tokens': 4,
[36m(TaskRunnerV1 pid=108806)[0m                               'speculative_num_steps': 3},
[36m(TaskRunnerV1 pid=108806)[0m                       'override_config': {},
[36m(TaskRunnerV1 pid=108806)[0m                       'path': '~/models/deepseek-llm-7b-chat',
[36m(TaskRunnerV1 pid=108806)[0m                       'target_modules': 'all-linear',
[36m(TaskRunnerV1 pid=108806)[0m                       'tiled_mlp': {'enabled': False, 'num_shards': 4},
[36m(TaskRunnerV1 pid=108806)[0m                       'tokenizer_path': None,
[36m(TaskRunnerV1 pid=108806)[0m                       'trust_remote_code': False,
[36m(TaskRunnerV1 pid=108806)[0m                       'use_fused_kernels': False,
[36m(TaskRunnerV1 pid=108806)[0m                       'use_liger': False,
[36m(TaskRunnerV1 pid=108806)[0m                       'use_remove_padding': True,
[36m(TaskRunnerV1 pid=108806)[0m                       'use_shm': False},
[36m(TaskRunnerV1 pid=108806)[0m             'optim': {'_target_': 'verl.workers.config.FSDPOptimizerConfig',
[36m(TaskRunnerV1 pid=108806)[0m                       'betas': [0.9, 0.999],
[36m(TaskRunnerV1 pid=108806)[0m                       'clip_grad': 1.0,
[36m(TaskRunnerV1 pid=108806)[0m                       'lr': 1e-05,
[36m(TaskRunnerV1 pid=108806)[0m                       'lr_scheduler_type': 'constant',
[36m(TaskRunnerV1 pid=108806)[0m                       'lr_warmup_steps': -1,
[36m(TaskRunnerV1 pid=108806)[0m                       'lr_warmup_steps_ratio': 0.0,
[36m(TaskRunnerV1 pid=108806)[0m                       'min_lr_ratio': 0.0,
[36m(TaskRunnerV1 pid=108806)[0m                       'num_cycles': 0.5,
[36m(TaskRunnerV1 pid=108806)[0m                       'optimizer': 'AdamW',
[36m(TaskRunnerV1 pid=108806)[0m                       'optimizer_impl': 'torch.optim',
[36m(TaskRunnerV1 pid=108806)[0m                       'override_optimizer_config': None,
[36m(TaskRunnerV1 pid=108806)[0m                       'total_training_steps': -1,
[36m(TaskRunnerV1 pid=108806)[0m                       'warmup_style': None,
[36m(TaskRunnerV1 pid=108806)[0m                       'weight_decay': 0.01,
[36m(TaskRunnerV1 pid=108806)[0m                       'zero_indexed_step': True},
[36m(TaskRunnerV1 pid=108806)[0m             'ppo_epochs': 1,
[36m(TaskRunnerV1 pid=108806)[0m             'ppo_max_token_len_per_gpu': 32768,
[36m(TaskRunnerV1 pid=108806)[0m             'ppo_micro_batch_size': None,
[36m(TaskRunnerV1 pid=108806)[0m             'ppo_micro_batch_size_per_gpu': None,
[36m(TaskRunnerV1 pid=108806)[0m             'ppo_mini_batch_size': 16,
[36m(TaskRunnerV1 pid=108806)[0m             'profiler': {'_target_': 'verl.utils.profiler.ProfilerConfig',
[36m(TaskRunnerV1 pid=108806)[0m                          'all_ranks': False,
[36m(TaskRunnerV1 pid=108806)[0m                          'enable': False,
[36m(TaskRunnerV1 pid=108806)[0m                          'ranks': [],
[36m(TaskRunnerV1 pid=108806)[0m                          'save_path': 'outputs/profile',
[36m(TaskRunnerV1 pid=108806)[0m                          'tool': None,
[36m(TaskRunnerV1 pid=108806)[0m                          'tool_config': {'npu': {'_target_': 'verl.utils.profiler.config.NPUToolConfig',
[36m(TaskRunnerV1 pid=108806)[0m                                                  'analysis': True,
[36m(TaskRunnerV1 pid=108806)[0m                                                  'contents': [],
[36m(TaskRunnerV1 pid=108806)[0m                                                  'discrete': False,
[36m(TaskRunnerV1 pid=108806)[0m                                                  'level': 'level0'},
[36m(TaskRunnerV1 pid=108806)[0m                                          'nsys': {'_target_': 'verl.utils.profiler.config.NsightToolConfig',
[36m(TaskRunnerV1 pid=108806)[0m                                                   'discrete': False},
[36m(TaskRunnerV1 pid=108806)[0m                                          'precision_debugger': {'_target_': 'verl.utils.profiler.config.PrecisionDebuggerToolConfig',
[36m(TaskRunnerV1 pid=108806)[0m                                                                 'config_path': None,
[36m(TaskRunnerV1 pid=108806)[0m                                                                 'stages': None,
[36m(TaskRunnerV1 pid=108806)[0m                                                                 'steps': None,
[36m(TaskRunnerV1 pid=108806)[0m                                                                 'strict': False},
[36m(TaskRunnerV1 pid=108806)[0m                                          'torch': {'_target_': 'verl.utils.profiler.config.TorchProfilerToolConfig',
[36m(TaskRunnerV1 pid=108806)[0m                                                    'contents': [],
[36m(TaskRunnerV1 pid=108806)[0m                                                    'discrete': False,
[36m(TaskRunnerV1 pid=108806)[0m                                                    'schedule': {'_target_': 'verl.utils.profiler.config.TorchProfilerScheduleConfig',
[36m(TaskRunnerV1 pid=108806)[0m                                                                 'active': 0,
[36m(TaskRunnerV1 pid=108806)[0m                                                                 'repeat': 0,
[36m(TaskRunnerV1 pid=108806)[0m                                                                 'skip_first': 0,
[36m(TaskRunnerV1 pid=108806)[0m                                                                 'wait': 0,
[36m(TaskRunnerV1 pid=108806)[0m                                                                 'warmup': 0}},
[36m(TaskRunnerV1 pid=108806)[0m                                          'torch_memory': {'_target_': 'verl.utils.profiler.config.TorchMemoryToolConfig',
[36m(TaskRunnerV1 pid=108806)[0m                                                           'stack_depth': 32,
[36m(TaskRunnerV1 pid=108806)[0m                                                           'trace_alloc_max_entries': 100000}}},
[36m(TaskRunnerV1 pid=108806)[0m             'rollout_n': 4,
[36m(TaskRunnerV1 pid=108806)[0m             'shuffle': False,
[36m(TaskRunnerV1 pid=108806)[0m             'strategy': 'fsdp',
[36m(TaskRunnerV1 pid=108806)[0m             'ulysses_sequence_parallel_size': 1,
[36m(TaskRunnerV1 pid=108806)[0m             'use_dynamic_bsz': True},
[36m(TaskRunnerV1 pid=108806)[0m  'custom_reward_function': {'name': None, 'path': None},
[36m(TaskRunnerV1 pid=108806)[0m  'data': {'apply_chat_template_kwargs': {'enable_thinking': True},
[36m(TaskRunnerV1 pid=108806)[0m           'audio_key': 'audios',
[36m(TaskRunnerV1 pid=108806)[0m           'continuous_token': {'enable': False, 'model_family': 'auto'},
[36m(TaskRunnerV1 pid=108806)[0m           'custom_cls': {'name': None, 'path': None},
[36m(TaskRunnerV1 pid=108806)[0m           'dataloader_num_workers': 8,
[36m(TaskRunnerV1 pid=108806)[0m           'filter_overlong_prompts': True,
[36m(TaskRunnerV1 pid=108806)[0m           'filter_overlong_prompts_workers': 4,
[36m(TaskRunnerV1 pid=108806)[0m           'function_tool_path': None,
[36m(TaskRunnerV1 pid=108806)[0m           'gen_batch_size': None,
[36m(TaskRunnerV1 pid=108806)[0m           'image_key': 'images',
[36m(TaskRunnerV1 pid=108806)[0m           'image_patch_size': 14,
[36m(TaskRunnerV1 pid=108806)[0m           'max_prompt_length': 1024,
[36m(TaskRunnerV1 pid=108806)[0m           'max_response_length': 1024,
[36m(TaskRunnerV1 pid=108806)[0m           'mm_processor_kwargs': {},
[36m(TaskRunnerV1 pid=108806)[0m           'prompt_key': 'prompt',
[36m(TaskRunnerV1 pid=108806)[0m           'return_full_prompt': False,
[36m(TaskRunnerV1 pid=108806)[0m           'return_multi_modal_inputs': True,
[36m(TaskRunnerV1 pid=108806)[0m           'return_raw_chat': True,
[36m(TaskRunnerV1 pid=108806)[0m           'return_raw_input_ids': False,
[36m(TaskRunnerV1 pid=108806)[0m           'reward_fn_key': 'data_source',
[36m(TaskRunnerV1 pid=108806)[0m           'seed': 1,
[36m(TaskRunnerV1 pid=108806)[0m           'shuffle': False,
[36m(TaskRunnerV1 pid=108806)[0m           'tokenizer': None,
[36m(TaskRunnerV1 pid=108806)[0m           'tool_config_path': None,
[36m(TaskRunnerV1 pid=108806)[0m           'train_batch_size': 16,
[36m(TaskRunnerV1 pid=108806)[0m           'train_files': '/mnt/lv_model/npu60005420a/data/gsm8k_owner_aligned_20260729/verl_train_twinkle_aligned.parquet',
[36m(TaskRunnerV1 pid=108806)[0m           'train_max_samples': -1,
[36m(TaskRunnerV1 pid=108806)[0m           'truncation': 'error',
[36m(TaskRunnerV1 pid=108806)[0m           'trust_remote_code': False,
[36m(TaskRunnerV1 pid=108806)[0m           'use_shm': False,
[36m(TaskRunnerV1 pid=108806)[0m           'val_batch_size': 16,
[36m(TaskRunnerV1 pid=108806)[0m           'val_files': '/mnt/lv_model/npu60005420a/data/gsm8k_owner_aligned_20260729/verl_test_official_twinkle_aligned.parquet',
[36m(TaskRunnerV1 pid=108806)[0m           'val_max_samples': -1,
[36m(TaskRunnerV1 pid=108806)[0m           'validation_shuffle': False,
[36m(TaskRunnerV1 pid=108806)[0m           'video_key': 'videos'},
[36m(TaskRunnerV1 pid=108806)[0m  'distillation': {'_target_': 'verl.workers.config.DistillationConfig',
[36m(TaskRunnerV1 pid=108806)[0m                   'distillation_loss': {'_target_': 'verl.workers.config.DistillationLossConfig',
[36m(TaskRunnerV1 pid=108806)[0m                                         'clip_ratio': 0.2,
[36m(TaskRunnerV1 pid=108806)[0m                                         'clip_ratio_high': 0.2,
[36m(TaskRunnerV1 pid=108806)[0m                                         'clip_ratio_low': 0.2,
[36m(TaskRunnerV1 pid=108806)[0m                                         'distillation_loss_coef': 1.0,
[36m(TaskRunnerV1 pid=108806)[0m                                         'log_prob_min_clamp': None,
[36m(TaskRunnerV1 pid=108806)[0m                                         'loss_max_clamp': None,
[36m(TaskRunnerV1 pid=108806)[0m                                         'loss_mode': 'k3',
[36m(TaskRunnerV1 pid=108806)[0m                                         'policy_loss_mode': 'vanilla',
[36m(TaskRunnerV1 pid=108806)[0m                                         'topk': 32,
[36m(TaskRunnerV1 pid=108806)[0m                                         'use_policy_gradient': False,
[36m(TaskRunnerV1 pid=108806)[0m                                         'use_task_rewards': True},
[36m(TaskRunnerV1 pid=108806)[0m                   'enabled': False,
[36m(TaskRunnerV1 pid=108806)[0m                   'n_gpus_per_node': 8,
[36m(TaskRunnerV1 pid=108806)[0m                   'nnodes': 0,
[36m(TaskRunnerV1 pid=108806)[0m                   'teacher_key': 'data_source',
[36m(TaskRunnerV1 pid=108806)[0m                   'teacher_models': {'teacher_model': {'_target_': 'verl.workers.config.DistillationTeacherModelConfig',
[36m(TaskRunnerV1 pid=108806)[0m                                                        'inference': {'_target_': 'verl.workers.config.RolloutConfig',
[36m(TaskRunnerV1 pid=108806)[0m                                                                      'cudagraph_capture_sizes': None,
[36m(TaskRunnerV1 pid=108806)[0m                                                                      'data_parallel_size': 1,
[36m(TaskRunnerV1 pid=108806)[0m                                                                      'disable_log_stats': True,
[36m(TaskRunnerV1 pid=108806)[0m                                                                      'dtype': 'bfloat16',
[36m(TaskRunnerV1 pid=108806)[0m                                                                      'enable_chunked_prefill': True,
[36m(TaskRunnerV1 pid=108806)[0m                                                                      'enable_prefix_caching': True,
[36m(TaskRunnerV1 pid=108806)[0m                                                                      'enforce_eager': True,
[36m(TaskRunnerV1 pid=108806)[0m                                                                      'engine_kwargs': {},
[36m(TaskRunnerV1 pid=108806)[0m                                                                      'expert_parallel_size': 1,
[36m(TaskRunnerV1 pid=108806)[0m                                                                      'free_cache_engine': True,
[36m(TaskRunnerV1 pid=108806)[0m                                                                      'gpu_memory_utilization': 0.5,
[36m(TaskRunnerV1 pid=108806)[0m                                                                      'limit_images': None,
[36m(TaskRunnerV1 pid=108806)[0m                                                                      'load_format': 'auto',
[36m(TaskRunnerV1 pid=108806)[0m                                                                      'max_model_len': None,
[36m(TaskRunnerV1 pid=108806)[0m                                                                      'max_num_batched_tokens': 8192,
[36m(TaskRunnerV1 pid=108806)[0m                                                                      'max_num_seqs': 1024,
[36m(TaskRunnerV1 pid=108806)[0m                                                                      'name': 'vllm',
[36m(TaskRunnerV1 pid=108806)[0m                                                                      'prompt_length': 1024,
[36m(TaskRunnerV1 pid=108806)[0m                                                                      'response_length': 1024,
[36m(TaskRunnerV1 pid=108806)[0m                                                                      'skip_tokenizer_init': True,
[36m(TaskRunnerV1 pid=108806)[0m                                                                      'temperature': 1.0,
[36m(TaskRunnerV1 pid=108806)[0m                                                                      'tensor_model_parallel_size': 2},
[36m(TaskRunnerV1 pid=108806)[0m                                                        'key': None,
[36m(TaskRunnerV1 pid=108806)[0m                                                        'model_path': None,
[36m(TaskRunnerV1 pid=108806)[0m                                                        'num_replicas': 0}}},
[36m(TaskRunnerV1 pid=108806)[0m  'global_profiler': {'_target_': 'verl.utils.profiler.ProfilerConfig',
[36m(TaskRunnerV1 pid=108806)[0m                      'global_tool_config': {'nsys': {'_target_': 'verl.utils.profiler.config.NsightToolConfig',
[36m(TaskRunnerV1 pid=108806)[0m                                                      'controller_nsight_options': {'cuda-graph-trace': 'graph',
[36m(TaskRunnerV1 pid=108806)[0m                                                                                    'cuda-memory-usage': 'true',
[36m(TaskRunnerV1 pid=108806)[0m                                                                                    'trace': 'cuda,nvtx,cublas,ucx'},
[36m(TaskRunnerV1 pid=108806)[0m                                                      'discrete': False,
[36m(TaskRunnerV1 pid=108806)[0m                                                      'worker_nsight_options': {'capture-range': 'cudaProfilerApi',
[36m(TaskRunnerV1 pid=108806)[0m                                                                                'capture-range-end': None,
[36m(TaskRunnerV1 pid=108806)[0m                                                                                'cuda-graph-trace': 'graph',
[36m(TaskRunnerV1 pid=108806)[0m                                                                                'cuda-memory-usage': 'true',
[36m(TaskRunnerV1 pid=108806)[0m                                                                                'kill': 'none',
[36m(TaskRunnerV1 pid=108806)[0m                                                                                'trace': 'cuda,nvtx,cublas,ucx'}},
[36m(TaskRunnerV1 pid=108806)[0m                                             'precision_debugger': {'_target_': 'verl.utils.profiler.config.PrecisionDebuggerToolConfig',
[36m(TaskRunnerV1 pid=108806)[0m                                                                    'config_path': None,
[36m(TaskRunnerV1 pid=108806)[0m                                                                    'stages': None,
[36m(TaskRunnerV1 pid=108806)[0m                                                                    'steps': None,
[36m(TaskRunnerV1 pid=108806)[0m                                                                    'strict': False},
[36m(TaskRunnerV1 pid=108806)[0m                                             'torch_memory': {'context': 'all',
[36m(TaskRunnerV1 pid=108806)[0m                                                              'kw_args': {},
[36m(TaskRunnerV1 pid=108806)[0m                                                              'stack_depth': 32,
[36m(TaskRunnerV1 pid=108806)[0m                                                              'stacks': 'all',
[36m(TaskRunnerV1 pid=108806)[0m                                                              'trace_alloc_max_entries': 100000}},
[36m(TaskRunnerV1 pid=108806)[0m                      'profile_continuous_steps': False,
[36m(TaskRunnerV1 pid=108806)[0m                      'save_path': 'outputs/profile',
[36m(TaskRunnerV1 pid=108806)[0m                      'steps': None,
[36m(TaskRunnerV1 pid=108806)[0m                      'tool': None},
[36m(TaskRunnerV1 pid=108806)[0m  'model_engine': 'dp',
[36m(TaskRunnerV1 pid=108806)[0m  'ray_kwargs': {'ray_init': {'num_cpus': None}, 'timeline_json_file': None},
[36m(TaskRunnerV1 pid=108806)[0m  'reward': {'_target_': 'verl.workers.config.RewardConfig',
[36m(TaskRunnerV1 pid=108806)[0m             'custom_reward_function': {'name': 'compute_score',
[36m(TaskRunnerV1 pid=108806)[0m                                        'path': '/mnt/lv_model/npu60005420a/packages/twinkle_aligned_verl_grpo_npu_2cards_owner_20260729/gsm8k_accuracy_reward.py'},
[36m(TaskRunnerV1 pid=108806)[0m             'num_workers': 4,
[36m(TaskRunnerV1 pid=108806)[0m             'reward_manager': {'_target_': 'verl.workers.config.reward.RewardManagerConfig',
[36m(TaskRunnerV1 pid=108806)[0m                                'module': {'_target_': 'verl.trainer.config.config.ModuleConfig',
[36m(TaskRunnerV1 pid=108806)[0m                                           'name': 'custom_reward_manager',
[36m(TaskRunnerV1 pid=108806)[0m                                           'path': None},
[36m(TaskRunnerV1 pid=108806)[0m                                'name': 'naive',
[36m(TaskRunnerV1 pid=108806)[0m                                'source': 'register'},
[36m(TaskRunnerV1 pid=108806)[0m             'reward_model': {'_target_': 'verl.workers.config.RewardModelConfig',
[36m(TaskRunnerV1 pid=108806)[0m                              'enable': False,
[36m(TaskRunnerV1 pid=108806)[0m                              'enable_resource_pool': False,
[36m(TaskRunnerV1 pid=108806)[0m                              'model_path': None,
[36m(TaskRunnerV1 pid=108806)[0m                              'n_gpus_per_node': 8,
[36m(TaskRunnerV1 pid=108806)[0m                              'nnodes': 0,
[36m(TaskRunnerV1 pid=108806)[0m                              'rollout': {'_target_': 'verl.workers.config.RolloutConfig',
[36m(TaskRunnerV1 pid=108806)[0m                                          'cudagraph_capture_sizes': None,
[36m(TaskRunnerV1 pid=108806)[0m                                          'data_parallel_size': 1,
[36m(TaskRunnerV1 pid=108806)[0m                                          'disable_log_stats': True,
[36m(TaskRunnerV1 pid=108806)[0m                                          'disaggregation': {'bootstrap_port': None,
[36m(TaskRunnerV1 pid=108806)[0m                                                             'decode_replicas': 1,
[36m(TaskRunnerV1 pid=108806)[0m                                                             'decode_tensor_model_parallel_size': None,
[36m(TaskRunnerV1 pid=108806)[0m                                                             'enabled': False,
[36m(TaskRunnerV1 pid=108806)[0m                                                             'ib_device': None,
[36m(TaskRunnerV1 pid=108806)[0m                                                             'prefill_replicas': 1,
[36m(TaskRunnerV1 pid=108806)[0m                                                             'transfer_backend': 'nixl'},
[36m(TaskRunnerV1 pid=108806)[0m                                          'do_sample': True,
[36m(TaskRunnerV1 pid=108806)[0m                                          'dtype': 'bfloat16',
[36m(TaskRunnerV1 pid=108806)[0m                                          'enable_chunked_prefill': True,
[36m(TaskRunnerV1 pid=108806)[0m                                          'enable_prefix_caching': True,
[36m(TaskRunnerV1 pid=108806)[0m                                          'enforce_eager': True,
[36m(TaskRunnerV1 pid=108806)[0m                                          'engine_kwargs': {},
[36m(TaskRunnerV1 pid=108806)[0m                                          'expert_parallel_size': 1,
[36m(TaskRunnerV1 pid=108806)[0m                                          'free_cache_engine': True,
[36m(TaskRunnerV1 pid=108806)[0m                                          'full_determinism': False,
[36m(TaskRunnerV1 pid=108806)[0m                                          'gpu_memory_utilization': 0.5,
[36m(TaskRunnerV1 pid=108806)[0m                                          'ignore_eos': False,
[36m(TaskRunnerV1 pid=108806)[0m                                          'layered_summon': False,
[36m(TaskRunnerV1 pid=108806)[0m                                          'limit_images': None,
[36m(TaskRunnerV1 pid=108806)[0m                                          'load_format': 'auto',
[36m(TaskRunnerV1 pid=108806)[0m                                          'max_model_len': None,
[36m(TaskRunnerV1 pid=108806)[0m                                          'max_num_batched_tokens': 8192,
[36m(TaskRunnerV1 pid=108806)[0m                                          'max_num_seqs': 1024,
[36m(TaskRunnerV1 pid=108806)[0m                                          'mtp': None,
[36m(TaskRunnerV1 pid=108806)[0m                                          'multi_stage_wake_up': False,
[36m(TaskRunnerV1 pid=108806)[0m                                          'n': 1,
[36m(TaskRunnerV1 pid=108806)[0m                                          'name': '???',
[36m(TaskRunnerV1 pid=108806)[0m                                          'pipeline_model_parallel_size': 1,
[36m(TaskRunnerV1 pid=108806)[0m                                          'prompt_length': 2048,
[36m(TaskRunnerV1 pid=108806)[0m                                          'quantization': None,
[36m(TaskRunnerV1 pid=108806)[0m                                          'quantization_config_file': None,
[36m(TaskRunnerV1 pid=108806)[0m                                          'response_length': 2048,
[36m(TaskRunnerV1 pid=108806)[0m                                          'scheduling_policy': 'fcfs',
[36m(TaskRunnerV1 pid=108806)[0m                                          'seed': 42,
[36m(TaskRunnerV1 pid=108806)[0m                                          'skip_tokenizer_init': False,
[36m(TaskRunnerV1 pid=108806)[0m                                          'temperature': 1.0,
[36m(TaskRunnerV1 pid=108806)[0m                                          'tensor_model_parallel_size': 2,
[36m(TaskRunnerV1 pid=108806)[0m                                          'top_k': -1,
[36m(TaskRunnerV1 pid=108806)[0m                                          'top_p': 1}},
[36m(TaskRunnerV1 pid=108806)[0m             'sandbox_fusion': {'_target_': 'verl.workers.config.SandboxFusionConfig',
[36m(TaskRunnerV1 pid=108806)[0m                                'max_concurrent': 64,
[36m(TaskRunnerV1 pid=108806)[0m                                'memory_limit_mb': 1024,
[36m(TaskRunnerV1 pid=108806)[0m                                'url': None}},
[36m(TaskRunnerV1 pid=108806)[0m  'reward_model': {'enable': None,
[36m(TaskRunnerV1 pid=108806)[0m                   'enable_resource_pool': None,
[36m(TaskRunnerV1 pid=108806)[0m                   'model': {'external_lib': None,
[36m(TaskRunnerV1 pid=108806)[0m                             'path': None,
[36m(TaskRunnerV1 pid=108806)[0m                             'trust_remote_code': None},
[36m(TaskRunnerV1 pid=108806)[0m                   'n_gpus_per_node': None,
[36m(TaskRunnerV1 pid=108806)[0m                   'nnodes': None,
[36m(TaskRunnerV1 pid=108806)[0m                   'num_workers': None,
[36m(TaskRunnerV1 pid=108806)[0m                   'reward_loop_class_name': None,
[36m(TaskRunnerV1 pid=108806)[0m                   'reward_loop_module_path': None,
[36m(TaskRunnerV1 pid=108806)[0m                   'reward_loop_source': None,
[36m(TaskRunnerV1 pid=108806)[0m                   'reward_manager': None,
[36m(TaskRunnerV1 pid=108806)[0m                   'rollout': {'cudagraph_capture_sizes': None,
[36m(TaskRunnerV1 pid=108806)[0m                               'data_parallel_size': None,
[36m(TaskRunnerV1 pid=108806)[0m                               'disable_log_stats': None,
[36m(TaskRunnerV1 pid=108806)[0m                               'dtype': None,
[36m(TaskRunnerV1 pid=108806)[0m                               'enable_chunked_prefill': None,
[36m(TaskRunnerV1 pid=108806)[0m                               'enable_prefix_caching': None,
[36m(TaskRunnerV1 pid=108806)[0m                               'enforce_eager': None,
[36m(TaskRunnerV1 pid=108806)[0m                               'engine_kwargs': None,
[36m(TaskRunnerV1 pid=108806)[0m                               'expert_parallel_size': None,
[36m(TaskRunnerV1 pid=108806)[0m                               'free_cache_engine': None,
[36m(TaskRunnerV1 pid=108806)[0m                               'gpu_memory_utilization': None,
[36m(TaskRunnerV1 pid=108806)[0m                               'limit_images': None,
[36m(TaskRunnerV1 pid=108806)[0m                               'load_format': None,
[36m(TaskRunnerV1 pid=108806)[0m                               'max_model_len': None,
[36m(TaskRunnerV1 pid=108806)[0m                               'max_num_batched_tokens': None,
[36m(TaskRunnerV1 pid=108806)[0m                               'max_num_seqs': None,
[36m(TaskRunnerV1 pid=108806)[0m                               'name': None,
[36m(TaskRunnerV1 pid=108806)[0m                               'prompt_length': None,
[36m(TaskRunnerV1 pid=108806)[0m                               'response_length': None,
[36m(TaskRunnerV1 pid=108806)[0m                               'skip_tokenizer_init': None,
[36m(TaskRunnerV1 pid=108806)[0m                               'tensor_model_parallel_size': None}},
[36m(TaskRunnerV1 pid=108806)[0m  'sandbox_fusion': {'max_concurrent': None,
[36m(TaskRunnerV1 pid=108806)[0m                     'memory_limit_mb': None,
[36m(TaskRunnerV1 pid=108806)[0m                     'url': None},
[36m(TaskRunnerV1 pid=108806)[0m  'skip': {'_target_': 'verl.utils.skip.SkipManagerConfig',
[36m(TaskRunnerV1 pid=108806)[0m           'async_rollout': {'action': 'cache',
[36m(TaskRunnerV1 pid=108806)[0m                             'dump_dir': '~/.verl/rollout_dump',
[36m(TaskRunnerV1 pid=108806)[0m                             'enable': False,
[36m(TaskRunnerV1 pid=108806)[0m                             'steps': []},
[36m(TaskRunnerV1 pid=108806)[0m           'rollout': {'action': 'cache',
[36m(TaskRunnerV1 pid=108806)[0m                       'dump_dir': '~/.verl/rollout_dump',
[36m(TaskRunnerV1 pid=108806)[0m                       'enable': False,
[36m(TaskRunnerV1 pid=108806)[0m                       'steps': []},
[36m(TaskRunnerV1 pid=108806)[0m           'rollout_tq': {'action': 'cache',
[36m(TaskRunnerV1 pid=108806)[0m                          'dump_dir': '~/.verl/rollout_dump',
[36m(TaskRunnerV1 pid=108806)[0m                          'enable': False,
[36m(TaskRunnerV1 pid=108806)[0m                          'steps': []}},
[36m(TaskRunnerV1 pid=108806)[0m  'trainer': {'balance_batch': True,
[36m(TaskRunnerV1 pid=108806)[0m              'critic_warmup': 0,
[36m(TaskRunnerV1 pid=108806)[0m              'default_hdfs_dir': None,
[36m(TaskRunnerV1 pid=108806)[0m              'default_local_dir': '/mnt/lv_model/npu60005420a/qy_owner_experiments_20260730/qy_owner_verl_full125_noeval_final_npu23/checkpoints',
[36m(TaskRunnerV1 pid=108806)[0m              'del_local_ckpt_after_load': False,
[36m(TaskRunnerV1 pid=108806)[0m              'device': 'npu',
[36m(TaskRunnerV1 pid=108806)[0m              'esi_redundant_time': 0,
[36m(TaskRunnerV1 pid=108806)[0m              'experiment_name': 'async-single-lora-gsm8k-accuracy',
[36m(TaskRunnerV1 pid=108806)[0m              'log_val_generations': 0,
[36m(TaskRunnerV1 pid=108806)[0m              'logger': ['console', 'tensorboard'],
[36m(TaskRunnerV1 pid=108806)[0m              'max_actor_ckpt_to_keep': None,
[36m(TaskRunnerV1 pid=108806)[0m              'max_critic_ckpt_to_keep': None,
[36m(TaskRunnerV1 pid=108806)[0m              'n_gpus_per_node': 1,
[36m(TaskRunnerV1 pid=108806)[0m              'nnodes': 1,
[36m(TaskRunnerV1 pid=108806)[0m              'project_name': 'twinkle-aligned-gsm8k-grpo'
[36m(TaskRunnerV1 pid=108806)[0m ,
[36m(TaskRunnerV1 pid=108806)[0m              'ray_wait_register_center_timeout': 300,
[36m(TaskRunnerV1 pid=108806)[0m              'resume_from_path': None,
[36m(TaskRunnerV1 pid=108806)[0m              'resume_mode': 'disable',
[36m(TaskRunnerV1 pid=108806)[0m              'rollout_data_dir': '/mnt/lv_model/npu60005420a/qy_owner_experiments_20260730/qy_owner_verl_full125_noeval_final_npu23/rollouts',
[36m(TaskRunnerV1 pid=108806)[0m              'save_freq': 125,
[36m(TaskRunnerV1 pid=108806)[0m              'test_freq': -1,
[36m(TaskRunnerV1 pid=108806)[0m              'total_epochs': 1,
[36m(TaskRunnerV1 pid=108806)[0m              'total_training_steps': 125,
[36m(TaskRunnerV1 pid=108806)[0m              'use_v1': True,
[36m(TaskRunnerV1 pid=108806)[0m              'v1': {'colocate_async': {'num_warmup_batches': 1},
[36m(TaskRunnerV1 pid=108806)[0m                     'sampler': {'custom_sampler': {'name': None, 'path': None},
[36m(TaskRunnerV1 pid=108806)[0m                                 'max_off_policy_strategy': 'wait',
[36m(TaskRunnerV1 pid=108806)[0m                                 'max_off_policy_threshold': 1,
[36m(TaskRunnerV1 pid=108806)[0m                                 'sampler_kwargs': {},
[36m(TaskRunnerV1 pid=108806)[0m                                 'sync_refill_failed_groups': False},
[36m(TaskRunnerV1 pid=108806)[0m                     'separate_async': {'num_warmup_batches': 0,
[36m(TaskRunnerV1 pid=108806)[0m                                        'parameter_sync_step': 1},
[36m(TaskRunnerV1 pid=108806)[0m                     'sync': {},
[36m(TaskRunnerV1 pid=108806)[0m                     'trainer_mode': 'separate_async'},
[36m(TaskRunnerV1 pid=108806)[0m              'val_before_train': False,
[36m(TaskRunnerV1 pid=108806)[0m              'val_only': False,
[36m(TaskRunnerV1 pid=108806)[0m              'validation_data_dir': '/mnt/lv_model/npu60005420a/qy_owner_experiments_20260730/qy_owner_verl_full125_noeval_final_npu23/validation_data'},
[36m(TaskRunnerV1 pid=108806)[0m  'transfer_queue': {'backend': {'MooncakeStore': {'auto_init': False,
[36m(TaskRunnerV1 pid=108806)[0m                                                   'device_name': '',
[36m(TaskRunnerV1 pid=108806)[0m                                                   'global_segment_size': 4294967296,
[36m(TaskRunnerV1 pid=108806)[0m                                                   'local_buffer_size': 1073741824,
[36m(TaskRunnerV1 pid=108806)[0m                                                   'local_hostname': 'localhost',
[36m(TaskRunnerV1 pid=108806)[0m                                                   'master_server_address': 'localhost:50124',
[36m(TaskRunnerV1 pid=108806)[0m                                                   'metadata_server': 'localhost:50123',
[36m(TaskRunnerV1 pid=108806)[0m                                                   'protocol': 'tcp'},
[36m(TaskRunnerV1 pid=108806)[0m                                 'SimpleStorage': {'num_data_storage_units': 2,
[36m(TaskRunnerV1 pid=108806)[0m                                                   'total_storage_size': 10000},
[36m(TaskRunnerV1 pid=108806)[0m                                 'storage_backend': 'SimpleStorage'},
[36m(TaskRunnerV1 pid=108806)[0m                     'enable': True,
[36m(TaskRunnerV1 pid=108806)[0m                     'metrics': {'enabled': True, 'port': 0}}}
[36m(TaskRunnerV1 pid=108806)[0m /usr/local/python3.11.15/lib/python3.11/site-packages/ray/_private/auto_init_hook.py:22: DeprecationWarning: placement_group parameter is deprecated. Use scheduling_strategy=PlacementGroupSchedulingStrategy(...) instead, see the usage at https://docs.ray.io/en/releases-2.55.1/ray-core/package-ref.html#ray-remote.
[36m(TaskRunnerV1 pid=108806)[0m   return fn(*args, **kwargs)
[36m(TaskRunnerV1 pid=108806)[0m /usr/local/python3.11.15/lib/python3.11/site-packages/ray/_private/auto_init_hook.py:22: DeprecationWarning: placement_group_bundle_index parameter is deprecated. Use scheduling_strategy=PlacementGroupSchedulingStrategy(...) instead, see the usage at https://docs.ray.io/en/releases-2.55.1/ray-core/package-ref.html#ray-remote.
[36m(TaskRunnerV1 pid=108806)[0m   return fn(*args, **kwargs)
[36m(TaskRunnerV1 pid=108806)[0m /workspace/verl_official_main_17ea153d95ee_20260729/verl/trainer/ppo/v1/trainer_base.py:129: UserWarning: Disabled critic as algorithm.adv_estimator != gae. If it is not intended, please set critic.enable=True
[36m(TaskRunnerV1 pid=108806)[0m   self.use_critic = need_critic(self.config)
[36m(TaskRunnerV1 pid=108806)[0m Using dataset class: RLHFDataset
[36m(TaskRunnerV1 pid=108806)[0m [Rank 0 | Local Rank 0] 2026-07-30 10:21:24,082 INFO [httpx:1025] => HTTP Request: HEAD https://s3.amazonaws.com/datasets.huggingface.co/datasets/datasets/parquet/parquet.py "HTTP/1.1 404 Not Found"
[36m(TaskRunnerV1 pid=108806)[0m dataset len: 2000
[36m(TaskRunnerV1 pid=108806)[0m Filtering prompts longer than 1024 tokens (num_proc=4):   0%|          | 0/2000 [00:00<?, ? examples/s]
[36m(TaskRunnerV1 pid=108806)[0m [Rank 0 | Local Rank 0] 2026-07-30 10:21:27,293 INFO [torch_npu.env:15] => get env TOKENIZERS_PARALLELISM = false
[36m(TaskRunnerV1 pid=108806)[0m Filtering prompts longer than 1024 tokens (num_proc=4):  25%|██▌       | 500/2000 [00:04<00:14, 102.25 examples/s]
[36m(TaskRunnerV1 pid=108806)[0m Filtering prompts longer than 1024 tokens (num_proc=4):  50%|█████     | 1000/2000 [00:07<00:07, 134.16 examples/s]
[36m(TaskRunnerV1 pid=108806)[0m Filtering prompts longer than 1024 tokens (num_proc=4):  75%|███████▌  | 1500/2000 [00:10<00:03, 147.19 examples/s]
[36m(TaskRunnerV1 pid=108806)[0m Filtering prompts longer than 1024 tokens (num_proc=4): 100%|██████████| 2000/2000 [00:13<00:00, 154.67 examples/s]
[36m(TaskRunnerV1 pid=108806)[0m Filtering prompts longer than 1024 tokens (num_proc=4): 100%|██████████| 2000/2000 [00:14<00:00, 142.48 examples/s]
[36m(TaskRunnerV1 pid=108806)[0m filter dataset len: 2000
[36m(TaskRunnerV1 pid=108806)[0m Using dataset class: RLHFDataset
[36m(TaskRunnerV1 pid=108806)[0m [Rank 0 | Local Rank 0] 2026-07-30 10:21:42,290 INFO [httpx:1025] => HTTP Request: HEAD https://s3.amazonaws.com/datasets.huggingface.co/datasets/datasets/parquet/parquet.py "HTTP/1.1 404 Not Found"
[36m(TaskRunnerV1 pid=108806)[0m dataset len: 1319
[36m(TaskRunnerV1 pid=108806)[0m Filtering prompts longer than 1024 tokens (num_proc=4):   0%|          | 0/1319 [00:00<?, ? examples/s]
[36m(TaskRunnerV1 pid=108806)[0m Filtering prompts longer than 1024 tokens (num_proc=4):  25%|██▌       | 330/1319 [00:04<00:14, 70.37 examples/s]
[36m(TaskRunnerV1 pid=108806)[0m Filtering prompts longer than 1024 tokens (num_proc=4):  50%|█████     | 660/1319 [00:08<00:07, 84.91 examples/s]
[36m(TaskRunnerV1 pid=108806)[0m Filtering prompts longer than 1024 tokens (num_proc=4):  75%|███████▌  | 990/1319 [00:10<00:03, 95.73 examples/s]
[36m(TaskRunnerV1 pid=108806)[0m Filtering prompts longer than 1024 tokens (num_proc=4): 100%|██████████| 1319/1319 [00:13<00:00, 101.43 examples/s]
[36m(TaskRunnerV1 pid=108806)[0m Filtering prompts longer than 1024 tokens (num_proc=4): 100%|██████████| 1319/1319 [00:14<00:00, 93.21 examples/s] 
[36m(TaskRunnerV1 pid=108806)[0m INFO:2026-07-30 10:21:59,695:data.gen_batch_size defaulted to 1.
[36m(TaskRunnerV1 pid=108806)[0m INFO:2026-07-30 10:21:59,700:train and validate dataloader initialized, train dataset size: 2000, val dataset size: 1319
[36m(TaskRunnerV1 pid=108806)[0m INFO:2026-07-30 10:21:59,700:Total training steps: 125
[36m(TaskRunnerV1 pid=108806)[0m /workspace/verl_official_main_17ea153d95ee_20260729/verl/trainer/ppo/v1/trainer_base.py:755: UserWarning: Disabled critic as algorithm.adv_estimator != gae. If it is not intended, please set critic.enable=True
[36m(TaskRunnerV1 pid=108806)[0m   if need_critic(config):
[36m(TaskRunnerV1 pid=108806)[0m INFO:2026-07-30 10:21:59,713:worker group kwargs: {'device_name': 'npu'}
[36m(TaskRunnerV1 pid=108806)[0m filter dataset len: 1319
[36m(TaskRunnerV1 pid=108806)[0m colocated worker base class <class 'verl.single_controller.base.worker.Worker'>
[36m(TaskRunnerV1 pid=108806)[0m INFO:2026-07-30 10:22:01,845:create worker group dict_keys(['actor_rollout'])
[36m(WorkerDict pid=111961)[0m /usr/local/python3.11.15/lib/python3.11/site-packages/torch_npu/contrib/transfer_to_npu.py:360: ImportWarning: 
[36m(WorkerDict pid=111961)[0m     *************************************************************************************************************
[36m(WorkerDict pid=111961)[0m     The torch.Tensor.cuda and torch.nn.Module.cuda are replaced with torch.Tensor.npu and torch.nn.Module.npu now..
[36m(WorkerDict pid=111961)[0m     The torch.cuda.DoubleTensor is replaced with torch.npu.FloatTensor cause the double type is not supported now..
[36m(WorkerDict pid=111961)[0m     The backend in torch.distributed.init_process_group set to hccl now..
[36m(WorkerDict pid=111961)[0m     The torch.cuda.* and torch.cuda.amp.* are replaced with torch.npu.* and torch.npu.amp.* now..
[36m(WorkerDict pid=111961)[0m     The device parameters have been replaced with npu in the function below:
[36m(WorkerDict pid=111961)[0m     torch.logspace, torch.randint, torch.hann_window, torch.rand, torch.full_like, torch.ones_like, torch.rand_like, torch.randperm, torch.arange, torch.frombuffer, torch.normal, torch._empty_per_channel_affine_quantized, torch.empty_strided, torch.empty_like, torch.scalar_tensor, torch.tril_indices, torch.bartlett_window, torch.ones, torch.sparse_coo_tensor, torch.randn, torch.kaiser_window, torch.tensor, torch.triu_indices, torch.as_tensor, torch.zeros, torch.randint_like, torch.full, torch.eye, torch._sparse_csr_tensor_unsafe, torch.empty, torch._sparse_coo_tensor_unsafe, torch.blackman_window, torch.zeros_like, torch.range, torch.sparse_csr_tensor, torch.randn_like, torch.from_file, torch._cudnn_init_dropout_state, torch._empty_affine_quantized, torch.linspace, torch.hamming_window, torch.empty_quantized, torch._pin_memory, torch.load, torch.set_default_device, torch.get_device_module, torch.sparse_compressed_tensor, torch.Tensor.new_empty, torch.Tensor.new_empty_strided, torch.Tensor.new_full, torch.Tensor.new_ones, torch.Tensor.new_tensor, torch.Tensor.new_zeros, torch.Tensor.to, torch.Tensor.pin_memory, torch.nn.Module.to, torch.nn.Module.to_empty
[36m(WorkerDict pid=111961)[0m     *************************************************************************************************************
[36m(WorkerDict pid=111961)[0m     
[36m(WorkerDict pid=111961)[0m   warnings.warn(msg, ImportWarning)
[36m(WorkerDict pid=111961)[0m /usr/local/python3.11.15/lib/python3.11/site-packages/torch_npu/contrib/transfer_to_npu.py:291: RuntimeWarning: torch.jit.script and torch.jit.script_method will be disabled by transfer_to_npu, which currently does not support them, if you need to enable them, please do not use transfer_to_npu.
[36m(WorkerDict pid=111961)[0m   warnings.warn(msg, RuntimeWarning)
[36m(WorkerDict pid=111961)[0m /MindSpeed/mindspeed/features_manager/megatron_basic/requirements_basic.py:68: UserWarning: fla_npu is not installed. use chunk_gated_delta_rule instead.
[36m(WorkerDict pid=111961)[0m   warnings.warn("fla_npu is not installed. use chunk_gated_delta_rule instead.")
[36m(WorkerDict pid=111961)[0m [Rank 0 | Local Rank 0] 2026-07-30 10:22:24,132 INFO [mindspeed.megatron_adaptor:33] => start to patch features in megatron adaptor.
[36m(WorkerDict pid=111961)[0m /Megatron-LM/megatron/core/inference/contexts/__init__.py:9: DeprecationWarning: The following imports from `dynamic_context.py` will be removed in this file in `megatron-core` 0.14. The imports here result in a cyclic import issue that causes rotary embeddings to import from Apex rather than Transformer Engine.
[36m(WorkerDict pid=111961)[0m   warnings.warn(
[36m(WorkerDict pid=111961)[0m [Rank 0 | Local Rank 0] 2026-07-30 10:22:26,310 INFO [megatron.core.distributed.fsdp.src.megatron_fsdp.mixed_precision:34] => Using Megatron-FSDP without Transformer Engine.
[36m(WorkerDict pid=111961)[0m [Rank 0 | Local Rank 0] 2026-07-30 10:22:26,314 INFO [megatron.core.distributed.fsdp.src.megatron_fsdp.param_and_grad_buffer:69] => Detected Megatron Core, using Megatron-FSDP with Megatron.
[36m(WorkerDict pid=111961)[0m [Rank 0 | Local Rank 0] 2026-07-30 10:22:26,321 INFO [megatron.core.distributed.fsdp.src.megatron_fsdp.megatron_fsdp:47] => Detected Megatron Core, using Megatron-FSDP with Megatron.
[36m(WorkerDict pid=111961)[0m /MindSpeed/mindspeed/core/tensor_parallel/tp_2d/layernorm_2d.py:88: FutureWarning: `torch_npu.npu.amp.custom_fwd(args...)` is deprecated. Please use `torch.amp.custom_fwd(args..., device_type='npu')` instead.
[36m(WorkerDict pid=111961)[0m   @custom_fwd
[36m(WorkerDict pid=111961)[0m /MindSpeed/mindspeed/core/tensor_parallel/tp_2d/layernorm_2d.py:147: FutureWarning: `torch_npu.npu.amp.custom_bwd(args...)` is deprecated. Please use `torch.amp.custom_bwd(args..., device_type='npu')` instead.
[36m(WorkerDict pid=111961)[0m   @custom_bwd
[36m(WorkerDict pid=111961)[0m /MindSpeed/mindspeed/core/tensor_parallel/tp_2d/rms_norm_2d.py:66: FutureWarning: `torch_npu.npu.amp.custom_fwd(args...)` is deprecated. Please use `torch.amp.custom_fwd(args..., device_type='npu')` instead.
[36m(WorkerDict pid=111961)[0m   @custom_fwd
[36m(WorkerDict pid=111961)[0m /MindSpeed/mindspeed/core/tensor_parallel/tp_2d/rms_norm_2d.py:87: FutureWarning: `torch_npu.npu.amp.custom_bwd(args...)` is deprecated. Please use `torch.amp.custom_bwd(args..., device_type='npu')` instead.
[36m(WorkerDict pid=111961)[0m   @custom_bwd
[36m(WorkerDict pid=111961)[0m /Megatron-LM/megatron/core/transformer/multi_latent_attention.py:36: DeprecationWarning: The 'megatron.core.transformer.custom_layers.transformer_engine' 
[36m(WorkerDict pid=111961)[0m     module is deprecated and will be removed in 0.10.0. Please use 
[36m(WorkerDict pid=111961)[0m     'megatron.core.extensions.transformer_engine' instead.
[36m(WorkerDict pid=111961)[0m   from megatron.core.transformer.custom_layers.transformer_engine import (
[36m(WorkerDict pid=111961)[0m [Rank 0 | Local Rank 0] 2026-07-30 10:22:31,040 INFO [torch_npu.env:15] => get env WORLD_SIZE = 1
[36m(WorkerDict pid=111961)[0m [Rank 0 | Local Rank 0] 2026-07-30 10:22:31,040 INFO [torch_npu.env:15] => get env MASTER_ADDR = 10.17.0.41
[36m(WorkerDict pid=111961)[0m [Rank 0 | Local Rank 0] 2026-07-30 10:22:31,041 INFO [torch_npu.env:15] => get env MASTER_PORT = 36407
[36m(WorkerDict pid=111961)[0m [Gloo] Rank 0 is connected to 0 peer ranks. Expected number of connected peer ranks is : 0
[36m(WorkerDict pid=111961)[0m [Rank 0 | Local Rank 0] 2026-07-30 10:22:31,063 INFO [verl.models.transformers.npu_patch:437] => Applied NPU patches for qwen2
[36m(WorkerDict pid=111961)[0m [Rank 0 | Local Rank 0] 2026-07-30 10:22:31,084 INFO [verl.models.transformers.npu_patch:437] => Applied NPU patches for qwen2_5_vl
[36m(WorkerDict pid=111961)[0m [Rank 0 | Local Rank 0] 2026-07-30 10:22:31,094 INFO [verl.models.transformers.npu_patch:437] => Applied NPU patches for qwen3
[36m(WorkerDict pid=111961)[0m [Rank 0 | Local Rank 0] 2026-07-30 10:22:31,109 INFO [verl.models.transformers.npu_patch:437] => Applied NPU patches for qwen3_moe
[36m(WorkerDict pid=111961)[0m [Rank 0 | Local Rank 0] 2026-07-30 10:22:31,130 INFO [verl.models.transformers.npu_patch:437] => Applied NPU patches for qwen3_vl
[36m(WorkerDict pid=111961)[0m [Rank 0 | Local Rank 0] 2026-07-30 10:22:31,151 INFO [verl.models.transformers.npu_patch:437] => Applied NPU patches for qwen3_vl_moe
[36m(WorkerDict pid=111961)[0m [Rank 0 | Local Rank 0] 2026-07-30 10:22:31,162 INFO [verl.models.transformers.npu_patch:437] => Applied NPU patches for qwen3_next
[36m(WorkerDict pid=111961)[0m [Rank 0 | Local Rank 0] 2026-07-30 10:22:31,184 INFO [verl.models.transformers.npu_patch:437] => Applied NPU patches for qwen3_5
[36m(WorkerDict pid=111961)[0m [Rank 0 | Local Rank 0] 2026-07-30 10:22:31,206 INFO [verl.models.transformers.npu_patch:437] => Applied NPU patches for qwen3_5_moe
[36m(WorkerDict pid=111961)[0m [Rank 0 | Local Rank 0] 2026-07-30 10:22:31,206 INFO [verl.models.transformers.npu_patch:449] => Successfully applied patches for 9 model(s)
[36m(WorkerDict pid=111961)[0m Loading weights:   0%|          | 0/398 [00:00<?, ?it/s]
[36m(WorkerDict pid=111961)[0m Loading weights:   0%|          | 1/398 [00:01<07:00,  1.06s/it]
[36m(WorkerDict pid=111961)[0m Loading weights:  29%|██▊       | 114/398 [00:01<00:02, 133.54it/s]
[36m(WorkerDict pid=111961)[0m Loading weights:  44%|████▍     | 175/398 [00:01<00:01, 134.29it/s]
[36m(WorkerDict pid=111961)[0m Loading weights:  54%|█████▍    | 215/398 [00:01<00:01, 133.33it/s]
[36m(WorkerDict pid=111961)[0m Loading weights:  61%|██████▏   | 244/398 [00:02<00:01, 143.40it/s]
[36m(WorkerDict pid=111961)[0m Loading weights:  68%|██████▊   | 270/398 [00:02<00:00, 134.73it/s]
[36m(WorkerDict pid=111961)[0m Loading weights:  73%|███████▎  | 291/398 [00:02<00:00, 133.07it/s]
[36m(WorkerDict pid=111961)[0m Loading weights:  78%|███████▊  | 311/398 [00:02<00:00, 136.74it/s]
[36m(WorkerDict pid=111961)[0m Loading weights:  84%|████████▎ | 333/398 [00:02<00:00, 133.32it/s]
[36m(WorkerDict pid=111961)[0m Loading weights:  89%|████████▉ | 355/398 [00:02<00:00, 138.98it/s]
[36m(WorkerDict pid=111961)[0m Loading weights:  95%|█████████▍| 377/398 [00:03<00:00, 139.75it/s]
[36m(WorkerDict pid=111961)[0m Loading weights: 100%|██████████| 398/398 [00:03<00:00, 125.32it/s]
[36m(WorkerDict pid=111961)[0m Skipping monkey patch for Qwen3ForCausalLM as use_fused_kernels is False or fused_kernels_backend is torch
[36m(WorkerDict pid=111961)[0m PeftModelForCausalLM contains 4.06B parameters
[36m(WorkerDict pid=111961)[0m Before FSDP, memory allocated (GB): 0.00, memory reserved (GB): 0.00, device memory used/total (GB): 0.34/60.96
[36m(WorkerDict pid=111961)[0m After FSDP, memory allocated (GB): 15.21, memory reserved (GB): 17.34, device memory used/total (GB): 17.70/60.96
[36m(WorkerDict pid=111961)[0m Total steps: 125, num_warmup_steps: 0
[36m(WorkerDict pid=111961)[0m [Gloo] Rank 0 is connected to 0 peer ranks. Expected number of connected peer ranks is : 0
[36m(WorkerDict pid=111961)[0m [Gloo] Rank 0 is connected to 0 peer ranks. Expected number of connected peer ranks is : 0
[36m(WorkerDict pid=111961)[0m [Gloo] Rank 0 is connected to 0 peer ranks. Expected number of connected peer ranks is : 0
[36m(WorkerDict pid=111961)[0m [Rank 0 | Local Rank 0] 2026-07-30 10:22:53,535 INFO [torch_npu.env:15] => get env LD_LIBRARY_PATH = /usr/local/python3.11.15/lib/python3.11/site-packages/cv2/../../lib64:/usr/local/Ascend/nnal/atb/latest/atb/cxx_abi_1/lib:/usr/local/Ascend/nnal/atb/latest/atb/cxx_abi_1/examples:/usr/local/Ascend/nnal/atb/latest/atb/cxx_abi_1/tests/atbopstest:/usr/local/Ascend/cann-9.0.0/lib64:/usr/local/Ascend/cann-9.0.0/lib64/plugin/opskernel:/usr/local/Ascend/cann-9.0.0/lib64/plugin/nnengine:/usr/local/Ascend/cann-9.0.0/opp/built-in/op_impl/ai_core/tbe/op_tiling/lib/linux/aarch64:/usr/local/Ascend/driver/lib64:/usr/local/Ascend/driver/lib64/common:/usr/local/Ascend/driver/lib64/driver:/usr/local/Ascend/driver/lib64:/usr/local/Ascend/driver/lib64/common:/usr/local/Ascend/driver/lib64/driver:/usr/local/Ascend/nnal/atb/latest/atb/cxx_abi_1/lib:/usr/local/Ascend/nnal/atb/latest/atb/cxx_abi_1/examples:/usr/local/Ascend/nnal/atb/latest/atb/cxx_abi_1/tests/atbopstest:/usr/local/Ascend/ascend-toolkit/latest/tools/aml/lib64:/usr/local/Ascend/ascend-toolkit/latest/tools/aml/lib64/plugin:/usr/local/Ascend/ascend-toolkit/latest/lib64:/usr/local/Ascend/ascend-toolkit/latest/lib64/plugin/opskernel:/usr/local/Ascend/ascend-toolkit/latest/lib64/plugin/nnengine:/usr/local/Ascend/ascend-toolkit/latest/opp/built-in/op_impl/ai_core/tbe/op_tiling:/usr/local/python3.11.15/lib:
[36m(WorkerDict pid=111961)[0m [Rank 0 | Local Rank 0] 2026-07-30 10:22:54,110 INFO [torch_npu.env:15] => get env VLLM_BATCH_INVARIANT = 0
[36m(WorkerDict pid=111961)[0m /usr/local/python3.11.15/lib/python3.11/site-packages/tvm_ffi/_optional_torch_c_dlpack.py:181: UserWarning: Failed to JIT torch c dlpack extension, EnvTensorAllocator will not be enabled.
[36m(WorkerDict pid=111961)[0m We recommend installing via `pip install torch-c-dlpack-ext`
[36m(WorkerDict pid=111961)[0m   warnings.warn(
[36m(WorkerDict pid=111961)[0m [Rank 0 | Local Rank 0] 2026-07-30 10:23:09,311 INFO [torch_npu.env:15] => get env ASCEND_CUSTOM_OPP_PATH = /vllm-ascend/vllm_ascend/_cann_ops_custom/vendors/vllm-ascend
[36m(WorkerDict pid=111961)[0m [Rank 0 | Local Rank 0] 2026-07-30 10:23:10,854 INFO [verl.utils.device:321] => Software version 25.2.3 is below 25.3.rc1
[36m(WorkerDict pid=111961)[0m [Rank 0 | Local Rank 0] 2026-07-30 10:23:10,854 WARNING [/workspace/verl_official_main_17ea153d95ee_20260729/verl/workers/rollout/vllm_rollout/vllm_rollout.py:158] => IPC is not supported on your devices. Falling back to shared memory for weight transfer, which may cause performance degradation. If you are using Ascend NPUs, please ensure that your software and CANN toolkit versions meet the requirements for IPC support. (Ascend HDK version >= 25.3.rc1 and CANN toolkit version >= 8.3.RC1)
[36m(WorkerDict pid=111961)[0m [Rank 0 | Local Rank 0] 2026-07-30 10:23:11,504 INFO [/workspace/verl_official_main_17ea153d95ee_20260729/verl/utils/memory_utils.py:67] => Memory cleanup attempt 1: Freed 1.84 GB reserved, 0.00 GB allocated
[36m(TaskRunnerV1 pid=108806)[0m INFO:2026-07-30 10:23:12,045:actor and ref model engine initialized
[36m(WorkerDict pid=111961)[0m [Rank 0 | Local Rank 0] 2026-07-30 10:23:12,039 INFO [/workspace/verl_official_main_17ea153d95ee_20260729/verl/utils/memory_utils.py:67] => Memory cleanup attempt 2: Freed 0.00 GB reserved, 0.00 GB allocated
[36m(TaskRunnerV1 pid=108806)[0m INFO:2026-07-30 10:23:12,197:reward loop manager initialized
[36m(TaskRunnerV1 pid=108806)[0m [Rank 0 | Local Rank 0] 2026-07-30 10:23:12,229 INFO [torch_npu.env:15] => get env LD_LIBRARY_PATH = /usr/local/python3.11.15/lib/python3.11/site-packages/cv2/../../lib64:/usr/local/Ascend/nnal/atb/latest/atb/cxx_abi_1/lib:/usr/local/Ascend/nnal/atb/latest/atb/cxx_abi_1/examples:/usr/local/Ascend/nnal/atb/latest/atb/cxx_abi_1/tests/atbopstest:/usr/local/Ascend/cann-9.0.0/lib64:/usr/local/Ascend/cann-9.0.0/lib64/plugin/opskernel:/usr/local/Ascend/cann-9.0.0/lib64/plugin/nnengine:/usr/local/Ascend/cann-9.0.0/opp/built-in/op_impl/ai_core/tbe/op_tiling/lib/linux/aarch64:/usr/local/Ascend/driver/lib64:/usr/local/Ascend/driver/lib64/common:/usr/local/Ascend/driver/lib64/driver:/usr/local/Ascend/driver/lib64:/usr/local/Ascend/driver/lib64/common:/usr/local/Ascend/driver/lib64/driver:/usr/local/Ascend/nnal/atb/latest/atb/cxx_abi_1/lib:/usr/local/Ascend/nnal/atb/latest/atb/cxx_abi_1/examples:/usr/local/Ascend/nnal/atb/latest/atb/cxx_abi_1/tests/atbopstest:/usr/local/Ascend/ascend-toolkit/latest/tools/aml/lib64:/usr/local/Ascend/ascend-toolkit/latest/tools/aml/lib64/plugin:/usr/local/Ascend/ascend-toolkit/latest/lib64:/usr/local/Ascend/ascend-toolkit/latest/lib64/plugin/opskernel:/usr/local/Ascend/ascend-toolkit/latest/lib64/plugin/nnengine:/usr/local/Ascend/ascend-toolkit/latest/opp/built-in/op_impl/ai_core/tbe/op_tiling:/usr/local/python3.11.15/lib:
[36m(TaskRunnerV1 pid=108806)[0m [Rank 0 | Local Rank 0] 2026-07-30 10:23:13,371 INFO [torch_npu.env:15] => get env VLLM_BATCH_INVARIANT = 0
[36m(TaskRunnerV1 pid=108806)[0m [Rank 0 | Local Rank 0] 2026-07-30 10:23:15,371 INFO [torch_npu.env:15] => get env ASCEND_CUSTOM_OPP_PATH = /vllm-ascend/vllm_ascend/_cann_ops_custom/vendors/vllm-ascend
[36m(vLLMHttpServer pid=114205)[0m ['serve',
[36m(vLLMHttpServer pid=114205)[0m  '/mnt/lv_model/npu60005420a/models/Qwen3-4B',
[36m(vLLMHttpServer pid=114205)[0m  '--dtype',
[36m(vLLMHttpServer pid=114205)[0m  'bfloat16',
[36m(vLLMHttpServer pid=114205)[0m  '--load_format',
[36m(vLLMHttpServer pid=114205)[0m  'dummy',
[36m(vLLMHttpServer pid=114205)[0m  '--distributed_executor_backend',
[36m(vLLMHttpServer pid=114205)[0m  'mp',
[36m(vLLMHttpServer pid=114205)[0m  '--worker_extension_cls',
[36m(vLLMHttpServer pid=114205)[0m  'verl.workers.rollout.vllm_rollout.utils.vLLMColocateWorkerExtension',
[36m(vLLMHttpServer pid=114205)[0m  '--max_model_len',
[36m(vLLMHttpServer pid=114205)[0m  '2048',
[36m(vLLMHttpServer pid=114205)[0m  '--max_num_seqs',
[36m(vLLMHttpServer pid=114205)[0m  '64',
[36m(vLLMHttpServer pid=114205)[0m  '--enable_chunked_prefill',
[36m(vLLMHttpServer pid=114205)[0m  '--max_num_batched_tokens',
[36m(vLLMHttpServer pid=114205)[0m  '4096',
[36m(vLLMHttpServer pid=114205)[0m  '--enable_prefix_caching',
[36m(vLLMHttpServer pid=114205)[0m  '--enable_sleep_mode',
[36m(vLLMHttpServer pid=114205)[0m  '--logprobs_mode',
[36m(vLLMHttpServer pid=114205)[0m  'processed_logprobs',
[36m(vLLMHttpServer pid=114205)[0m  '--gpu_memory_utilization',
[36m(vLLMHttpServer pid=114205)[0m  '0.7',
[36m(vLLMHttpServer pid=114205)[0m  '--disable_log_stats',
[36m(vLLMHttpServer pid=114205)[0m  '--tensor_parallel_size',
[36m(vLLMHttpServer pid=114205)[0m  '1',
[36m(vLLMHttpServer pid=114205)[0m  '--seed',
[36m(vLLMHttpServer pid=114205)[0m  '1',
[36m(vLLMHttpServer pid=114205)[0m  '--override_generation_config',
[36m(vLLMHttpServer pid=114205)[0m  '{"temperature": 1.0, "top_k": -1, "top_p": 1.0, "repetition_penalty": 1.0, '
[36m(vLLMHttpServer pid=114205)[0m  '"max_new_tokens": 1024}',
[36m(vLLMHttpServer pid=114205)[0m  '--hf_overrides',
[36m(vLLMHttpServer pid=114205)[0m  '{}',
[36m(vLLMHttpServer pid=114205)[0m  '--scheduling_policy',
[36m(vLLMHttpServer pid=114205)[0m  'fcfs',
[36m(vLLMHttpServer pid=114205)[0m  '--compilation_config',
[36m(vLLMHttpServer pid=114205)[0m  '{"cudagraph_mode": "FULL_AND_PIECEWISE"}',
[36m(vLLMHttpServer pid=114205)[0m  '--mm_processor_cache_gb',
[36m(vLLMHttpServer pid=114205)[0m  '0',
[36m(vLLMHttpServer pid=114205)[0m  '--enable_lora',
[36m(vLLMHttpServer pid=114205)[0m  '--max_loras',
[36m(vLLMHttpServer pid=114205)[0m  '1',
[36m(vLLMHttpServer pid=114205)[0m  '--max_lora_rank',
[36m(vLLMHttpServer pid=114205)[0m  '16']
[36m(vLLMHttpServer pid=114205)[0m WARNING 07-30 10:23:43 [envs.py:1717] Unknown vLLM environment variable detected: VLLM_ASCEND_AUTO_DETECT_QUANTIZATION
[36m(vLLMHttpServer pid=114205)[0m WARNING 07-30 10:23:43 [envs.py:1717] Unknown vLLM environment variable detected: VLLM_BATCH_INVARIANT
[36m(vLLMHttpServer pid=114205)[0m WARNING 07-30 10:23:43 [envs.py:1717] Unknown vLLM environment variable detected: VLLM_USE_V1
[36m(vLLMHttpServer pid=114205)[0m WARNING 07-30 10:23:43 [platform.py:783] Parameter '--disable-cascade-attn' is a GPU-specific feature. Resetting to False for Ascend.
[36m(vLLMHttpServer pid=114205)[0m WARNING 07-30 10:23:43 [platform.py:872] Ignored parameter 'disable_flashinfer_prefill'. This is a GPU-specific feature not supported on Ascend. Resetting to False.
[36m(vLLMHttpServer pid=114205)[0m WARNING 07-30 10:23:43 [utils.py:550] Currently, communication is performed using FFTS+ method, which reduces the number of available streams and, as a result, limits the range of runtime shapes that can be handled. To both improve communication performance and increase the number of supported shapes, set HCCL_OP_EXPANSION_MODE=AIV.
[36m(vLLMHttpServer pid=114205)[0m WARNING 07-30 10:23:45 [system_utils.py:152] We must use the `spawn` multiprocessing start method. Overriding VLLM_WORKER_MULTIPROC_METHOD to 'spawn'. See https://docs.vllm.ai/en/latest/usage/troubleshooting.html#python-multiprocessing for more information. Reasons: In a Ray actor and can only be spawned
[36m(vLLMHttpServer pid=114205)[0m [Gloo] Rank 0 is connected to 0 peer ranks. Expected number of connected peer ranks is : 0
[36m(vLLMHttpServer pid=114205)[0m [Gloo] Rank 0 is connected to 0 peer ranks. Expected number of connected peer ranks is : 0
[36m(vLLMHttpServer pid=114205)[0m [Gloo] Rank 0 is connected to 0 peer ranks. Expected number of connected peer ranks is : 0
[36m(vLLMHttpServer pid=114205)[0m [Gloo] Rank 0 is connected to 0 peer ranks. Expected number of connected peer ranks is : 0
[36m(vLLMHttpServer pid=114205)[0m [Gloo] Rank 0 is connected to 0 peer ranks. Expected number of connected peer ranks is : 0
[36m(vLLMHttpServer pid=114205)[0m [Gloo] Rank 0 is connected to 0 peer ranks. Expected number of connected peer ranks is : 0
[36m(vLLMHttpServer pid=114205)[0m [Gloo] Rank 0 is connected to 0 peer ranks. Expected number of connected peer ranks is : 0
[36m(vLLMHttpServer pid=114205)[0m (Worker pid=115537) /usr/local/python3.11.15/lib/python3.11/site-packages/torch_npu/dynamo/torchair/configs/compiler_config.py:105: UserWarning: The following torchair config or properties may not take effect or report error in reduce-overhead mode: config.experimental_config.enable_view_optimize:True, set_dim_gears, dynamo_export, scope, npu_print
[36m(vLLMHttpServer pid=114205)[0m (Worker pid=115537)   warnings.warn(
[36m(vLLMHttpServer pid=114205)[0m (Worker pid=115537) /usr/local/python3.11.15/lib/python3.11/site-packages/torch_npu/dynamo/torchair/configs/compiler_config.py:112: DeprecationWarning: The "reduce-overhead" mode configuration will be deprecated. Please use the "npugraph_ex" backend.
[36m(vLLMHttpServer pid=114205)[0m (Worker pid=115537)   warnings.warn("The \"reduce-overhead\" mode configuration will be deprecated. "
[36m(vLLMHttpServer pid=114205)[0m (Worker pid=115537) /usr/local/python3.11.15/lib/python3.11/site-packages/torch_npu/dynamo/torchair/configs/compiler_config.py:105: UserWarning: The following torchair config or properties may not take effect or report error in reduce-overhead mode: config.experimental_config.enable_view_optimize:True, set_dim_gears, dynamo_export, scope, npu_print
[36m(vLLMHttpServer pid=114205)[0m (Worker pid=115537)   warnings.warn(
[36m(vLLMHttpServer pid=114205)[0m (Worker pid=115537) /usr/local/python3.11.15/lib/python3.11/site-packages/torch_npu/dynamo/torchair/configs/compiler_config.py:112: DeprecationWarning: The "reduce-overhead" mode configuration will be deprecated. Please use the "npugraph_ex" backend.
[36m(vLLMHttpServer pid=114205)[0m (Worker pid=115537)   warnings.warn("The \"reduce-overhead\" mode configuration will be deprecated. "
[36m(vLLMHttpServer pid=114205)[0m (Worker pid=115537) /usr/local/python3.11.15/lib/python3.11/site-packages/torch_npu/dynamo/torchair/configs/compiler_config.py:105: UserWarning: The following torchair config or properties may not take effect or report error in reduce-overhead mode: config.experimental_config.enable_view_optimize:True, set_dim_gears, dynamo_export, scope, npu_print
[36m(vLLMHttpServer pid=114205)[0m (Worker pid=115537)   warnings.warn(
[36m(vLLMHttpServer pid=114205)[0m (Worker pid=115537) /usr/local/python3.11.15/lib/python3.11/site-packages/torch_npu/dynamo/torchair/configs/compiler_config.py:112: DeprecationWarning: The "reduce-overhead" mode configuration will be deprecated. Please use the "npugraph_ex" backend.
[36m(vLLMHttpServer pid=114205)[0m (Worker pid=115537)   warnings.warn("The \"reduce-overhead\" mode configuration will be deprecated. "
[36m(vLLMHttpServer pid=114205)[0m (Worker pid=115537) /usr/local/python3.11.15/lib/python3.11/site-packages/torch_npu/dynamo/torchair/configs/compiler_config.py:105: UserWarning: The following torchair config or properties may not take effect or report error in reduce-overhead mode: config.experimental_config.enable_view_optimize:True, set_dim_gears, dynamo_export, scope, npu_print
[36m(vLLMHttpServer pid=114205)[0m (Worker pid=115537)   warnings.warn(
[36m(vLLMHttpServer pid=114205)[0m (Worker pid=115537) /usr/local/python3.11.15/lib/python3.11/site-packages/torch_npu/dynamo/torchair/configs/compiler_config.py:112: DeprecationWarning: The "reduce-overhead" mode configuration will be deprecated. Please use the "npugraph_ex" backend.
[36m(vLLMHttpServer pid=114205)[0m (Worker pid=115537)   warnings.warn("The \"reduce-overhead\" mode configuration will be deprecated. "
[36m(vLLMHttpServer pid=114205)[0m (Worker pid=115537) /usr/local/python3.11.15/lib/python3.11/site-packages/torch_npu/dynamo/torchair/configs/compiler_config.py:105: UserWarning: The following torchair config or properties may not take effect or report error in reduce-overhead mode: config.experimental_config.enable_view_optimize:True, set_dim_gears, dynamo_export, scope, npu_print
[36m(vLLMHttpServer pid=114205)[0m (Worker pid=115537)   warnings.warn(
[36m(vLLMHttpServer pid=114205)[0m (Worker pid=115537) /usr/local/python3.11.15/lib/python3.11/site-packages/torch_npu/dynamo/torchair/configs/compiler_config.py:112: DeprecationWarning: The "reduce-overhead" mode configuration will be deprecated. Please use the "npugraph_ex" backend.
[36m(vLLMHttpServer pid=114205)[0m (Worker pid=115537)   warnings.warn("The \"reduce-overhead\" mode configuration will be deprecated. "
[36m(vLLMHttpServer pid=114205)[0m (Worker pid=115537) /usr/local/python3.11.15/lib/python3.11/site-packages/torch_npu/dynamo/torchair/configs/compiler_config.py:105: UserWarning: The following torchair config or properties may not take effect or report error in reduce-overhead mode: config.experimental_config.enable_view_optimize:True, set_dim_gears, dynamo_export, scope, npu_print
[36m(vLLMHttpServer pid=114205)[0m (Worker pid=115537)   warnings.warn(
[36m(vLLMHttpServer pid=114205)[0m (Worker pid=115537) /usr/local/python3.11.15/lib/python3.11/site-packages/torch_npu/dynamo/torchair/configs/compiler_config.py:112: DeprecationWarning: The "reduce-overhead" mode configuration will be deprecated. Please use the "npugraph_ex" backend.
[36m(vLLMHttpServer pid=114205)[0m (Worker pid=115537)   warnings.warn("The \"reduce-overhead\" mode configuration will be deprecated. "
[36m(vLLMHttpServer pid=114205)[0m (Worker pid=115537) /usr/local/python3.11.15/lib/python3.11/site-packages/torch_npu/dynamo/torchair/configs/compiler_config.py:105: UserWarning: The following torchair config or properties may not take effect or report error in reduce-overhead mode: config.experimental_config.enable_view_optimize:True, set_dim_gears, dynamo_export, scope, npu_print
[36m(vLLMHttpServer pid=114205)[0m (Worker pid=115537)   warnings.warn(
[36m(vLLMHttpServer pid=114205)[0m (Worker pid=115537) /usr/local/python3.11.15/lib/python3.11/site-packages/torch_npu/dynamo/torchair/configs/compiler_config.py:112: DeprecationWarning: The "reduce-overhead" mode configuration will be deprecated. Please use the "npugraph_ex" backend.
[36m(vLLMHttpServer pid=114205)[0m (Worker pid=115537)   warnings.warn("The \"reduce-overhead\" mode configuration will be deprecated. "
[36m(vLLMHttpServer pid=114205)[0m (Worker pid=115537) /usr/local/python3.11.15/lib/python3.11/site-packages/torch_npu/dynamo/torchair/configs/compiler_config.py:105: UserWarning: The following torchair config or properties may not take effect or report error in reduce-overhead mode: config.experimental_config.enable_view_optimize:True, set_dim_gears, dynamo_export, scope, npu_print
[36m(vLLMHttpServer pid=114205)[0m (Worker pid=115537)   warnings.warn(
[36m(vLLMHttpServer pid=114205)[0m (Worker pid=115537) /usr/local/python3.11.15/lib/python3.11/site-packages/torch_npu/dynamo/torchair/configs/compiler_config.py:112: DeprecationWarning: The "reduce-overhead" mode configuration will be deprecated. Please use the "npugraph_ex" backend.
[36m(vLLMHttpServer pid=114205)[0m (Worker pid=115537)   warnings.warn("The \"reduce-overhead\" mode configuration will be deprecated. "
[36m(vLLMHttpServer pid=114205)[0m (Worker pid=115537) /usr/local/python3.11.15/lib/python3.11/site-packages/torch_npu/dynamo/torchair/configs/compiler_config.py:105: UserWarning: The following torchair config or properties may not take effect or report error in reduce-overhead mode: config.experimental_config.enable_view_optimize:True, set_dim_gears, dynamo_export, scope, npu_print
[36m(vLLMHttpServer pid=114205)[0m (Worker pid=115537)   warnings.warn(
[36m(vLLMHttpServer pid=114205)[0m (Worker pid=115537) /usr/local/python3.11.15/lib/python3.11/site-packages/torch_npu/dynamo/torchair/configs/compiler_config.py:112: DeprecationWarning: The "reduce-overhead" mode configuration will be deprecated. Please use the "npugraph_ex" backend.
[36m(vLLMHttpServer pid=114205)[0m (Worker pid=115537)   warnings.warn("The \"reduce-overhead\" mode configuration will be deprecated. "
[36m(vLLMHttpServer pid=114205)[0m (Worker pid=115537) /usr/local/python3.11.15/lib/python3.11/site-packages/torch_npu/dynamo/torchair/configs/compiler_config.py:105: UserWarning: The following torchair config or properties may not take effect or report error in reduce-overhead mode: config.experimental_config.enable_view_optimize:True, set_dim_gears, dynamo_export, scope, npu_print
[36m(vLLMHttpServer pid=114205)[0m (Worker pid=115537)   warnings.warn(
[36m(vLLMHttpServer pid=114205)[0m (Worker pid=115537) /usr/local/python3.11.15/lib/python3.11/site-packages/torch_npu/dynamo/torchair/configs/compiler_config.py:112: DeprecationWarning: The "reduce-overhead" mode configuration will be deprecated. Please use the "npugraph_ex" backend.
[36m(vLLMHttpServer pid=114205)[0m (Worker pid=115537)   warnings.warn("The \"reduce-overhead\" mode configuration will be deprecated. "
[36m(vLLMHttpServer pid=114205)[0m (Worker pid=115537) /usr/local/python3.11.15/lib/python3.11/site-packages/torch_npu/dynamo/torchair/configs/compiler_config.py:105: UserWarning: The following torchair config or properties may not take effect or report error in reduce-overhead mode: config.experimental_config.enable_view_optimize:True, set_dim_gears, dynamo_export, scope, npu_print
[36m(vLLMHttpServer pid=114205)[0m (Worker pid=115537)   warnings.warn(
[36m(vLLMHttpServer pid=114205)[0m (Worker pid=115537) /usr/local/python3.11.15/lib/python3.11/site-packages/torch_npu/dynamo/torchair/configs/compiler_config.py:112: DeprecationWarning: The "reduce-overhead" mode configuration will be deprecated. Please use the "npugraph_ex" backend.
[36m(vLLMHttpServer pid=114205)[0m (Worker pid=115537)   warnings.warn("The \"reduce-overhead\" mode configuration will be deprecated. "
[36m(vLLMHttpServer pid=114205)[0m (Worker pid=115537) /usr/local/python3.11.15/lib/python3.11/site-packages/torch_npu/dynamo/torchair/configs/compiler_config.py:105: UserWarning: The following torchair config or properties may not take effect or report error in reduce-overhead mode: config.experimental_config.enable_view_optimize:True, set_dim_gears, dynamo_export, scope, npu_print
[36m(vLLMHttpServer pid=114205)[0m (Worker pid=115537)   warnings.warn(
[36m(vLLMHttpServer pid=114205)[0m (Worker pid=115537) /usr/local/python3.11.15/lib/python3.11/site-packages/torch_npu/dynamo/torchair/configs/compiler_config.py:112: DeprecationWarning: The "reduce-overhead" mode configuration will be deprecated. Please use the "npugraph_ex" backend.
[36m(vLLMHttpServer pid=114205)[0m (Worker pid=115537)   warnings.warn("The \"reduce-overhead\" mode configuration will be deprecated. "
[36m(vLLMHttpServer pid=114205)[0m (Worker pid=115537) /usr/local/python3.11.15/lib/python3.11/site-packages/torch_npu/dynamo/torchair/configs/compiler_config.py:105: UserWarning: The following torchair config or properties may not take effect or report error in reduce-overhead mode: config.experimental_config.enable_view_optimize:True, set_dim_gears, dynamo_export, scope, npu_print
[36m(vLLMHttpServer pid=114205)[0m (Worker pid=115537)   warnings.warn(
[36m(vLLMHttpServer pid=114205)[0m (Worker pid=115537) /usr/local/python3.11.15/lib/python3.11/site-packages/torch_npu/dynamo/torchair/configs/compiler_config.py:112: DeprecationWarning: The "reduce-overhead" mode configuration will be deprecated. Please use the "npugraph_ex" backend.
[36m(vLLMHttpServer pid=114205)[0m (Worker pid=115537)   warnings.warn("The \"reduce-overhead\" mode configuration will be deprecated. "
[36m(vLLMHttpServer pid=114205)[0m (Worker pid=115537) /usr/local/python3.11.15/lib/python3.11/site-packages/torch_npu/dynamo/torchair/configs/compiler_config.py:105: UserWarning: The following torchair config or properties may not take effect or report error in reduce-overhead mode: config.experimental_config.enable_view_optimize:True, set_dim_gears, dynamo_export, scope, npu_print
[36m(vLLMHttpServer pid=114205)[0m (Worker pid=115537)   warnings.warn(
[36m(vLLMHttpServer pid=114205)[0m (Worker pid=115537) /usr/local/python3.11.15/lib/python3.11/site-packages/torch_npu/dynamo/torchair/configs/compiler_config.py:112: DeprecationWarning: The "reduce-overhead" mode configuration will be deprecated. Please use the "npugraph_ex" backend.
[36m(vLLMHttpServer pid=114205)[0m (Worker pid=115537)   warnings.warn("The \"reduce-overhead\" mode configuration will be deprecated. "
[36m(vLLMHttpServer pid=114205)[0m (Worker pid=115537) /usr/local/python3.11.15/lib/python3.11/site-packages/torch_npu/dynamo/torchair/configs/compiler_config.py:105: UserWarning: The following torchair config or properties may not take effect or report error in reduce-overhead mode: config.experimental_config.enable_view_optimize:True, set_dim_gears, dynamo_export, scope, npu_print
[36m(vLLMHttpServer pid=114205)[0m (Worker pid=115537)   warnings.warn(
[36m(vLLMHttpServer pid=114205)[0m (Worker pid=115537) /usr/local/python3.11.15/lib/python3.11/site-packages/torch_npu/dynamo/torchair/configs/compiler_config.py:112: DeprecationWarning: The "reduce-overhead" mode configuration will be deprecated. Please use the "npugraph_ex" backend.
[36m(vLLMHttpServer pid=114205)[0m (Worker pid=115537)   warnings.warn("The \"reduce-overhead\" mode configuration will be deprecated. "
[36m(vLLMHttpServer pid=114205)[0m (Worker pid=115537) /usr/local/python3.11.15/lib/python3.11/site-packages/torch_npu/dynamo/torchair/configs/compiler_config.py:105: UserWarning: The following torchair config or properties may not take effect or report error in reduce-overhead mode: config.experimental_config.enable_view_optimize:True, set_dim_gears, dynamo_export, scope, npu_print
[36m(vLLMHttpServer pid=114205)[0m (Worker pid=115537)   warnings.warn(
[36m(vLLMHttpServer pid=114205)[0m (Worker pid=115537) /usr/local/python3.11.15/lib/python3.11/site-packages/torch_npu/dynamo/torchair/configs/compiler_config.py:112: DeprecationWarning: The "reduce-overhead" mode configuration will be deprecated. Please use the "npugraph_ex" backend.
[36m(vLLMHttpServer pid=114205)[0m (Worker pid=115537)   warnings.warn("The \"reduce-overhead\" mode configuration will be deprecated. "
[36m(vLLMHttpServer pid=114205)[0m (Worker pid=115537) /usr/local/python3.11.15/lib/python3.11/site-packages/torch_npu/dynamo/torchair/configs/compiler_config.py:105: UserWarning: The following torchair config or properties may not take effect or report error in reduce-overhead mode: config.experimental_config.enable_view_optimize:True, set_dim_gears, dynamo_export, scope, npu_print
[36m(vLLMHttpServer pid=114205)[0m (Worker pid=115537)   warnings.warn(
[36m(vLLMHttpServer pid=114205)[0m (Worker pid=115537) /usr/local/python3.11.15/lib/python3.11/site-packages/torch_npu/dynamo/torchair/configs/compiler_config.py:112: DeprecationWarning: The "reduce-overhead" mode configuration will be deprecated. Please use the "npugraph_ex" backend.
[36m(vLLMHttpServer pid=114205)[0m (Worker pid=115537)   warnings.warn("The \"reduce-overhead\" mode configuration will be deprecated. "
[36m(vLLMHttpServer pid=114205)[0m (Worker pid=115537) /usr/local/python3.11.15/lib/python3.11/site-packages/torch_npu/dynamo/torchair/configs/compiler_config.py:105: UserWarning: The following torchair config or properties may not take effect or report error in reduce-overhead mode: config.experimental_config.enable_view_optimize:True, set_dim_gears, dynamo_export, scope, npu_print
[36m(vLLMHttpServer pid=114205)[0m (Worker pid=115537)   warnings.warn(
[36m(vLLMHttpServer pid=114205)[0m (Worker pid=115537) /usr/local/python3.11.15/lib/python3.11/site-packages/torch_npu/dynamo/torchair/configs/compiler_config.py:112: DeprecationWarning: The "reduce-overhead" mode configuration will be deprecated. Please use the "npugraph_ex" backend.
[36m(vLLMHttpServer pid=114205)[0m (Worker pid=115537)   warnings.warn("The \"reduce-overhead\" mode configuration will be deprecated. "
[36m(vLLMHttpServer pid=114205)[0m (Worker pid=115537) /usr/local/python3.11.15/lib/python3.11/site-packages/torch_npu/dynamo/torchair/configs/compiler_config.py:105: UserWarning: The following torchair config or properties may not take effect or report error in reduce-overhead mode: config.experimental_config.enable_view_optimize:True, set_dim_gears, dynamo_export, scope, npu_print
[36m(vLLMHttpServer pid=114205)[0m (Worker pid=115537)   warnings.warn(
[36m(vLLMHttpServer pid=114205)[0m (Worker pid=115537) /usr/local/python3.11.15/lib/python3.11/site-packages/torch_npu/dynamo/torchair/configs/compiler_config.py:112: DeprecationWarning: The "reduce-overhead" mode configuration will be deprecated. Please use the "npugraph_ex" backend.
[36m(vLLMHttpServer pid=114205)[0m (Worker pid=115537)   warnings.warn("The \"reduce-overhead\" mode configuration will be deprecated. "
[36m(vLLMHttpServer pid=114205)[0m (Worker pid=115537) /usr/local/python3.11.15/lib/python3.11/site-packages/torch_npu/dynamo/torchair/configs/compiler_config.py:105: UserWarning: The following torchair config or properties may not take effect or report error in reduce-overhead mode: config.experimental_config.enable_view_optimize:True, set_dim_gears, dynamo_export, scope, npu_print
[36m(vLLMHttpServer pid=114205)[0m (Worker pid=115537)   warnings.warn(
[36m(vLLMHttpServer pid=114205)[0m (Worker pid=115537) /usr/local/python3.11.15/lib/python3.11/site-packages/torch_npu/dynamo/torchair/configs/compiler_config.py:112: DeprecationWarning: The "reduce-overhead" mode configuration will be deprecated. Please use the "npugraph_ex" backend.
[36m(vLLMHttpServer pid=114205)[0m (Worker pid=115537)   warnings.warn("The \"reduce-overhead\" mode configuration will be deprecated. "
[36m(vLLMHttpServer pid=114205)[0m (Worker pid=115537) /usr/local/python3.11.15/lib/python3.11/site-packages/torch_npu/dynamo/torchair/configs/compiler_config.py:105: UserWarning: The following torchair config or properties may not take effect or report error in reduce-overhead mode: config.experimental_config.enable_view_optimize:True, set_dim_gears, dynamo_export, scope, npu_print
[36m(vLLMHttpServer pid=114205)[0m (Worker pid=115537)   warnings.warn(
[36m(vLLMHttpServer pid=114205)[0m (Worker pid=115537) /usr/local/python3.11.15/lib/python3.11/site-packages/torch_npu/dynamo/torchair/configs/compiler_config.py:112: DeprecationWarning: The "reduce-overhead" mode configuration will be deprecated. Please use the "npugraph_ex" backend.
[36m(vLLMHttpServer pid=114205)[0m (Worker pid=115537)   warnings.warn("The \"reduce-overhead\" mode configuration will be deprecated. "
[36m(vLLMHttpServer pid=114205)[0m (Worker pid=115537) /usr/local/python3.11.15/lib/python3.11/site-packages/torch_npu/dynamo/torchair/configs/compiler_config.py:105: UserWarning: The following torchair config or properties may not take effect or report error in reduce-overhead mode: config.experimental_config.enable_view_optimize:True, set_dim_gears, dynamo_export, scope, npu_print
[36m(vLLMHttpServer pid=114205)[0m (Worker pid=115537)   warnings.warn(
[36m(vLLMHttpServer pid=114205)[0m (Worker pid=115537) /usr/local/python3.11.15/lib/python3.11/site-packages/torch_npu/dynamo/torchair/configs/compiler_config.py:112: DeprecationWarning: The "reduce-overhead" mode configuration will be deprecated. Please use the "npugraph_ex" backend.
[36m(vLLMHttpServer pid=114205)[0m (Worker pid=115537)   warnings.warn("The \"reduce-overhead\" mode configuration will be deprecated. "
[36m(vLLMHttpServer pid=114205)[0m (Worker pid=115537) /usr/local/python3.11.15/lib/python3.11/site-packages/torch_npu/dynamo/torchair/configs/compiler_config.py:105: UserWarning: The following torchair config or properties may not take effect or report error in reduce-overhead mode: config.experimental_config.enable_view_optimize:True, set_dim_gears, dynamo_export, scope, npu_print
[36m(vLLMHttpServer pid=114205)[0m (Worker pid=115537)   warnings.warn(
[36m(vLLMHttpServer pid=114205)[0m (Worker pid=115537) /usr/local/python3.11.15/lib/python3.11/site-packages/torch_npu/dynamo/torchair/configs/compiler_config.py:112: DeprecationWarning: The "reduce-overhead" mode configuration will be deprecated. Please use the "npugraph_ex" backend.
[36m(vLLMHttpServer pid=114205)[0m (Worker pid=115537)   warnings.warn("The \"reduce-overhead\" mode configuration will be deprecated. "
[36m(vLLMHttpServer pid=114205)[0m (Worker pid=115537) /usr/local/python3.11.15/lib/python3.11/site-packages/torch_npu/dynamo/torchair/configs/compiler_config.py:105: UserWarning: The following torchair config or properties may not take effect or report error in reduce-overhead mode: config.experimental_config.enable_view_optimize:True, set_dim_gears, dynamo_export, scope, npu_print
[36m(vLLMHttpServer pid=114205)[0m (Worker pid=115537)   warnings.warn(
[36m(vLLMHttpServer pid=114205)[0m (Worker pid=115537) /usr/local/python3.11.15/lib/python3.11/site-packages/torch_npu/dynamo/torchair/configs/compiler_config.py:112: DeprecationWarning: The "reduce-overhead" mode configuration will be deprecated. Please use the "npugraph_ex" backend.
[36m(vLLMHttpServer pid=114205)[0m (Worker pid=115537)   warnings.warn("The \"reduce-overhead\" mode configuration will be deprecated. "
[36m(vLLMHttpServer pid=114205)[0m (Worker pid=115537) /usr/local/python3.11.15/lib/python3.11/site-packages/torch_npu/dynamo/torchair/configs/compiler_config.py:105: UserWarning: The following torchair config or properties may not take effect or report error in reduce-overhead mode: config.experimental_config.enable_view_optimize:True, set_dim_gears, dynamo_export, scope, npu_print
[36m(vLLMHttpServer pid=114205)[0m (Worker pid=115537)   warnings.warn(
[36m(vLLMHttpServer pid=114205)[0m (Worker pid=115537) /usr/local/python3.11.15/lib/python3.11/site-packages/torch_npu/dynamo/torchair/configs/compiler_config.py:112: DeprecationWarning: The "reduce-overhead" mode configuration will be deprecated. Please use the "npugraph_ex" backend.
[36m(vLLMHttpServer pid=114205)[0m (Worker pid=115537)   warnings.warn("The \"reduce-overhead\" mode configuration will be deprecated. "
[36m(vLLMHttpServer pid=114205)[0m (Worker pid=115537) /usr/local/python3.11.15/lib/python3.11/site-packages/torch_npu/dynamo/torchair/configs/compiler_config.py:105: UserWarning: The following torchair config or properties may not take effect or report error in reduce-overhead mode: config.experimental_config.enable_view_optimize:True, set_dim_gears, dynamo_export, scope, npu_print
[36m(vLLMHttpServer pid=114205)[0m (Worker pid=115537)   warnings.warn(
[36m(vLLMHttpServer pid=114205)[0m (Worker pid=115537) /usr/local/python3.11.15/lib/python3.11/site-packages/torch_npu/dynamo/torchair/configs/compiler_config.py:112: DeprecationWarning: The "reduce-overhead" mode configuration will be deprecated. Please use the "npugraph_ex" backend.
[36m(vLLMHttpServer pid=114205)[0m (Worker pid=115537)   warnings.warn("The \"reduce-overhead\" mode configuration will be deprecated. "
[36m(vLLMHttpServer pid=114205)[0m (Worker pid=115537) /usr/local/python3.11.15/lib/python3.11/site-packages/torch_npu/dynamo/torchair/configs/compiler_config.py:105: UserWarning: The following torchair config or properties may not take effect or report error in reduce-overhead mode: config.experimental_config.enable_view_optimize:True, set_dim_gears, dynamo_export, scope, npu_print
[36m(vLLMHttpServer pid=114205)[0m (Worker pid=115537)   warnings.warn(
[36m(vLLMHttpServer pid=114205)[0m (Worker pid=115537) /usr/local/python3.11.15/lib/python3.11/site-packages/torch_npu/dynamo/torchair/configs/compiler_config.py:112: DeprecationWarning: The "reduce-overhead" mode configuration will be deprecated. Please use the "npugraph_ex" backend.
[36m(vLLMHttpServer pid=114205)[0m (Worker pid=115537)   warnings.warn("The \"reduce-overhead\" mode configuration will be deprecated. "
[36m(vLLMHttpServer pid=114205)[0m (Worker pid=115537) /usr/local/python3.11.15/lib/python3.11/site-packages/torch_npu/dynamo/torchair/configs/compiler_config.py:105: UserWarning: The following torchair config or properties may not take effect or report error in reduce-overhead mode: config.experimental_config.enable_view_optimize:True, set_dim_gears, dynamo_export, scope, npu_print
[36m(vLLMHttpServer pid=114205)[0m (Worker pid=115537)   warnings.warn(
[36m(vLLMHttpServer pid=114205)[0m (Worker pid=115537) /usr/local/python3.11.15/lib/python3.11/site-packages/torch_npu/dynamo/torchair/configs/compiler_config.py:112: DeprecationWarning: The "reduce-overhead" mode configuration will be deprecated. Please use the "npugraph_ex" backend.
[36m(vLLMHttpServer pid=114205)[0m (Worker pid=115537)   warnings.warn("The \"reduce-overhead\" mode configuration will be deprecated. "
[36m(vLLMHttpServer pid=114205)[0m (Worker pid=115537) /usr/local/python3.11.15/lib/python3.11/site-packages/torch_npu/dynamo/torchair/configs/compiler_config.py:105: UserWarning: The following torchair config or properties may not take effect or report error in reduce-overhead mode: config.experimental_config.enable_view_optimize:True, set_dim_gears, dynamo_export, scope, npu_print
[36m(vLLMHttpServer pid=114205)[0m (Worker pid=115537)   warnings.warn(
[36m(vLLMHttpServer pid=114205)[0m (Worker pid=115537) /usr/local/python3.11.15/lib/python3.11/site-packages/torch_npu/dynamo/torchair/configs/compiler_config.py:112: DeprecationWarning: The "reduce-overhead" mode configuration will be deprecated. Please use the "npugraph_ex" backend.
[36m(vLLMHttpServer pid=114205)[0m (Worker pid=115537)   warnings.warn("The \"reduce-overhead\" mode configuration will be deprecated. "
[36m(vLLMHttpServer pid=114205)[0m (Worker pid=115537) /usr/local/python3.11.15/lib/python3.11/site-packages/torch_npu/dynamo/torchair/configs/compiler_config.py:105: UserWarning: The following torchair config or properties may not take effect or report error in reduce-overhead mode: config.experimental_config.enable_view_optimize:True, set_dim_gears, dynamo_export, scope, npu_print
[36m(vLLMHttpServer pid=114205)[0m (Worker pid=115537)   warnings.warn(
[36m(vLLMHttpServer pid=114205)[0m (Worker pid=115537) /usr/local/python3.11.15/lib/python3.11/site-packages/torch_npu/dynamo/torchair/configs/compiler_config.py:112: DeprecationWarning: The "reduce-overhead" mode configuration will be deprecated. Please use the "npugraph_ex" backend.
[36m(vLLMHttpServer pid=114205)[0m (Worker pid=115537)   warnings.warn("The \"reduce-overhead\" mode configuration will be deprecated. "
[36m(vLLMHttpServer pid=114205)[0m (Worker pid=115537) /usr/local/python3.11.15/lib/python3.11/site-packages/torch_npu/dynamo/torchair/configs/compiler_config.py:105: UserWarning: The following torchair config or properties may not take effect or report error in reduce-overhead mode: config.experimental_config.enable_view_optimize:True, set_dim_gears, dynamo_export, scope, npu_print
[36m(vLLMHttpServer pid=114205)[0m (Worker pid=115537)   warnings.warn(
[36m(vLLMHttpServer pid=114205)[0m (Worker pid=115537) /usr/local/python3.11.15/lib/python3.11/site-packages/torch_npu/dynamo/torchair/configs/compiler_config.py:112: DeprecationWarning: The "reduce-overhead" mode configuration will be deprecated. Please use the "npugraph_ex" backend.
[36m(vLLMHttpServer pid=114205)[0m (Worker pid=115537)   warnings.warn("The \"reduce-overhead\" mode configuration will be deprecated. "
[36m(vLLMHttpServer pid=114205)[0m (Worker pid=115537) /usr/local/python3.11.15/lib/python3.11/site-packages/torch_npu/dynamo/torchair/configs/compiler_config.py:105: UserWarning: The following torchair config or properties may not take effect or report error in reduce-overhead mode: config.experimental_config.enable_view_optimize:True, set_dim_gears, dynamo_export, scope, npu_print
[36m(vLLMHttpServer pid=114205)[0m (Worker pid=115537)   warnings.warn(
[36m(vLLMHttpServer pid=114205)[0m (Worker pid=115537) /usr/local/python3.11.15/lib/python3.11/site-packages/torch_npu/dynamo/torchair/configs/compiler_config.py:112: DeprecationWarning: The "reduce-overhead" mode configuration will be deprecated. Please use the "npugraph_ex" backend.
[36m(vLLMHttpServer pid=114205)[0m (Worker pid=115537)   warnings.warn("The \"reduce-overhead\" mode configuration will be deprecated. "
[36m(vLLMHttpServer pid=114205)[0m (Worker pid=115537) /usr/local/python3.11.15/lib/python3.11/site-packages/torch_npu/dynamo/torchair/configs/compiler_config.py:105: UserWarning: The following torchair config or properties may not take effect or report error in reduce-overhead mode: config.experimental_config.enable_view_optimize:True, set_dim_gears, dynamo_export, scope, npu_print
[36m(vLLMHttpServer pid=114205)[0m (Worker pid=115537)   warnings.warn(
[36m(vLLMHttpServer pid=114205)[0m (Worker pid=115537) /usr/local/python3.11.15/lib/python3.11/site-packages/torch_npu/dynamo/torchair/configs/compiler_config.py:112: DeprecationWarning: The "reduce-overhead" mode configuration will be deprecated. Please use the "npugraph_ex" backend.
[36m(vLLMHttpServer pid=114205)[0m (Worker pid=115537)   warnings.warn("The \"reduce-overhead\" mode configuration will be deprecated. "
[36m(vLLMHttpServer pid=114205)[0m (Worker pid=115537) /usr/local/python3.11.15/lib/python3.11/site-packages/torch_npu/dynamo/torchair/configs/compiler_config.py:105: UserWarning: The following torchair config or properties may not take effect or report error in reduce-overhead mode: config.experimental_config.enable_view_optimize:True, set_dim_gears, dynamo_export, scope, npu_print
[36m(vLLMHttpServer pid=114205)[0m (Worker pid=115537)   warnings.warn(
[36m(vLLMHttpServer pid=114205)[0m (Worker pid=115537) /usr/local/python3.11.15/lib/python3.11/site-packages/torch_npu/dynamo/torchair/configs/compiler_config.py:112: DeprecationWarning: The "reduce-overhead" mode configuration will be deprecated. Please use the "npugraph_ex" backend.
[36m(vLLMHttpServer pid=114205)[0m (Worker pid=115537)   warnings.warn("The \"reduce-overhead\" mode configuration will be deprecated. "
[36m(vLLMHttpServer pid=114205)[0m (Worker pid=115537) /usr/local/python3.11.15/lib/python3.11/site-packages/torch_npu/dynamo/torchair/configs/compiler_config.py:105: UserWarning: The following torchair config or properties may not take effect or report error in reduce-overhead mode: config.experimental_config.enable_view_optimize:True, set_dim_gears, dynamo_export, scope, npu_print
[36m(vLLMHttpServer pid=114205)[0m (Worker pid=115537)   warnings.warn(
[36m(vLLMHttpServer pid=114205)[0m (Worker pid=115537) /usr/local/python3.11.15/lib/python3.11/site-packages/torch_npu/dynamo/torchair/configs/compiler_config.py:112: DeprecationWarning: The "reduce-overhead" mode configuration will be deprecated. Please use the "npugraph_ex" backend.
[36m(vLLMHttpServer pid=114205)[0m (Worker pid=115537)   warnings.warn("The \"reduce-overhead\" mode configuration will be deprecated. "
[36m(vLLMHttpServer pid=114205)[0m (Worker pid=115537) /usr/local/python3.11.15/lib/python3.11/site-packages/torch_npu/dynamo/torchair/configs/compiler_config.py:105: UserWarning: The following torchair config or properties may not take effect or report error in reduce-overhead mode: config.experimental_config.enable_view_optimize:True, set_dim_gears, dynamo_export, scope, npu_print
[36m(vLLMHttpServer pid=114205)[0m (Worker pid=115537)   warnings.warn(
[36m(vLLMHttpServer pid=114205)[0m (Worker pid=115537) /usr/local/python3.11.15/lib/python3.11/site-packages/torch_npu/dynamo/torchair/configs/compiler_config.py:112: DeprecationWarning: The "reduce-overhead" mode configuration will be deprecated. Please use the "npugraph_ex" backend.
[36m(vLLMHttpServer pid=114205)[0m (Worker pid=115537)   warnings.warn("The \"reduce-overhead\" mode configuration will be deprecated. "
[36m(vLLMHttpServer pid=114205)[0m (Worker pid=115537) /usr/local/python3.11.15/lib/python3.11/site-packages/torch_npu/dynamo/torchair/configs/compiler_config.py:105: UserWarning: The following torchair config or properties may not take effect or report error in reduce-overhead mode: config.experimental_config.enable_view_optimize:True, set_dim_gears, dynamo_export, scope, npu_print
[36m(vLLMHttpServer pid=114205)[0m (Worker pid=115537)   warnings.warn(
[36m(vLLMHttpServer pid=114205)[0m (Worker pid=115537) /usr/local/python3.11.15/lib/python3.11/site-packages/torch_npu/dynamo/torchair/configs/compiler_config.py:112: DeprecationWarning: The "reduce-overhead" mode configuration will be deprecated. Please use the "npugraph_ex" backend.
[36m(vLLMHttpServer pid=114205)[0m (Worker pid=115537)   warnings.warn("The \"reduce-overhead\" mode configuration will be deprecated. "
[36m(vLLMHttpServer pid=114205)[0m (Worker pid=115537) Capturing CUDA graphs (mixed prefill-decode, PIECEWISE):   0%|          | 0/22 [00:00<?, ?it/s]
[36m(vLLMHttpServer pid=114205)[0m Capturing CUDA graphs (mixed prefill-decode, PIECEWISE):   5%|▍         | 1/22 [00:00<00:12,  1.74it/s]
[36m(vLLMHttpServer pid=114205)[0m Capturing CUDA graphs (mixed prefill-decode, PIECEWISE):   9%|▉         | 2/22 [00:00<00:09,  2.07it/s]
[36m(vLLMHttpServer pid=114205)[0m Capturing CUDA graphs (mixed prefill-decode, PIECEWISE):  14%|█▎        | 3/22 [00:01<00:08,  2.17it/s]
[36m(vLLMHttpServer pid=114205)[0m Capturing CUDA graphs (mixed prefill-decode, PIECEWISE):  18%|█▊        | 4/22 [00:01<00:08,  2.23it/s]
[36m(vLLMHttpServer pid=114205)[0m Capturing CUDA graphs (mixed prefill-decode, PIECEWISE):  23%|██▎       | 5/22 [00:02<00:07,  2.24it/s]
[36m(vLLMHttpServer pid=114205)[0m Capturing CUDA graphs (mixed prefill-decode, PIECEWISE):  27%|██▋       | 6/22 [00:02<00:07,  2.24it/s]
[36m(vLLMHttpServer pid=114205)[0m Capturing CUDA graphs (mixed prefill-decode, PIECEWISE):  32%|███▏      | 7/22 [00:03<00:06,  2.25it/s]
[36m(vLLMHttpServer pid=114205)[0m Capturing CUDA graphs (mixed prefill-decode, PIECEWISE):  36%|███▋      | 8/22 [00:03<00:06,  2.27it/s]
[36m(vLLMHttpServer pid=114205)[0m Capturing CUDA graphs (mixed prefill-decode, PIECEWISE):  41%|████      | 9/22 [00:04<00:05,  2.28it/s]
[36m(vLLMHttpServer pid=114205)[0m Capturing CUDA graphs (mixed prefill-decode, PIECEWISE):  45%|████▌     | 10/22 [00:04<00:05,  2.29it/s]
[36m(vLLMHttpServer pid=114205)[0m Capturing CUDA graphs (mixed prefill-decode, PIECEWISE):  50%|█████     | 11/22 [00:04<00:04,  2.26it/s]
[36m(vLLMHttpServer pid=114205)[0m Capturing CUDA graphs (mixed prefill-decode, PIECEWISE):  55%|█████▍    | 12/22 [00:05<00:04,  2.29it/s]
[36m(vLLMHttpServer pid=114205)[0m Capturing CUDA graphs (mixed prefill-decode, PIECEWISE):  59%|█████▉    | 13/22 [00:05<00:03,  2.29it/s]
[36m(vLLMHttpServer pid=114205)[0m Capturing CUDA graphs (mixed prefill-decode, PIECEWISE):  64%|██████▎   | 14/22 [00:06<00:03,  2.31it/s]
[36m(vLLMHttpServer pid=114205)[0m Capturing CUDA graphs (mixed prefill-decode, PIECEWISE):  68%|██████▊   | 15/22 [00:06<00:03,  2.30it/s]
[36m(vLLMHttpServer pid=114205)[0m Capturing CUDA graphs (mixed prefill-decode, PIECEWISE):  73%|███████▎  | 16/22 [00:07<00:02,  2.29it/s]
[36m(vLLMHttpServer pid=114205)[0m Capturing CUDA graphs (mixed prefill-decode, PIECEWISE):  77%|███████▋  | 17/22 [00:07<00:02,  2.27it/s]
[36m(vLLMHttpServer pid=114205)[0m Capturing CUDA graphs (mixed prefill-decode, PIECEWISE):  82%|████████▏ | 18/22 [00:07<00:01,  2.29it/s]
[36m(vLLMHttpServer pid=114205)[0m Capturing CUDA graphs (mixed prefill-decode, PIECEWISE):  86%|████████▋ | 19/22 [00:08<00:01,  2.30it/s]
[36m(vLLMHttpServer pid=114205)[0m Capturing CUDA graphs (mixed prefill-decode, PIECEWISE):  91%|█████████ | 20/22 [00:08<00:00,  2.31it/s]
[36m(vLLMHttpServer pid=114205)[0m Capturing CUDA graphs (mixed prefill-decode, PIECEWISE):  95%|█████████▌| 21/22 [00:09<00:00,  2.29it/s]
[36m(vLLMHttpServer pid=114205)[0m Capturing CUDA graphs (mixed prefill-decode, PIECEWISE): 100%|██████████| 22/22 [00:09<00:00,  2.31it/s]Capturing CUDA graphs (mixed prefill-decode, PIECEWISE): 100%|██████████| 22/22 [00:09<00:00,  2.27it/s]
[36m(vLLMHttpServer pid=114205)[0m (EngineCore pid=115004) WARNING 07-30 10:27:43 [utils.py:550] Currently, communication is performed using FFTS+ method, which reduces the number of available streams and, as a result, limits the range of runtime shapes that can be handled. To both improve communication performance and increase the number of supported shapes, set HCCL_OP_EXPANSION_MODE=AIV.
[36m(vLLMHttpServer pid=114205)[0m WARNING 07-30 10:27:43 [api_router.py:30] LoRA dynamic loading & unloading is enabled in the API server. This should ONLY be used for local development!
[36m(vLLMHttpServer pid=114205)[0m WARNING 07-30 10:27:43 [model.py:1376] Default vLLM sampling parameters have been overridden by the model's `generation_config.json`: `{'repetition_penalty': 1.0, 'temperature': 1.0, 'top_k': -1, 'top_p': 1.0, 'max_tokens': 1024}`. If this is not intended, please relaunch vLLM instance with `--generation-config vllm`.
[36m(TaskRunnerV1 pid=108806)[0m INFO:2026-07-30 10:27:45,235:checkpoint engine manager initialized
[36m(TaskRunnerV1 pid=108806)[0m LLMServerManager: ['10.17.0.41:33255']
[36m(TaskRunnerV1 pid=108806)[0m INFO:2026-07-30 10:27:56,596:all initialize finished, ready to fit
[36m(CheckpointEngineWorker pid=120803)[0m [Gloo] Rank 0 is connected to 0 peer ranks. Expected number of connected peer ranks is : 0
[36m(CheckpointEngineWorker pid=120803)[0m WARNING:2026-07-30 10:28:24,511:IPC is not supported on your devices. Falling back to shared memory for weight transfer, which may cause performance degradation. If you are using Ascend NPUs, please ensure that your software and CANN toolkit versions meet the requirements for IPC support. (Ascend HDK version >= 25.3.rc1 and CANN toolkit version >= 8.3.RC1)
[36m(vLLMHttpServer pid=121375)[0m WARNING 07-30 10:28:51 [envs.py:1717] Unknown vLLM environment variable detected: VLLM_ASCEND_AUTO_DETECT_QUANTIZATION
[36m(vLLMHttpServer pid=121375)[0m WARNING 07-30 10:28:51 [envs.py:1717] Unknown vLLM environment variable detected: VLLM_BATCH_INVARIANT
[36m(vLLMHttpServer pid=121375)[0m WARNING 07-30 10:28:51 [envs.py:1717] Unknown vLLM environment variable detected: VLLM_USE_V1
[36m(vLLMHttpServer pid=121375)[0m WARNING 07-30 10:28:51 [platform.py:783] Parameter '--disable-cascade-attn' is a GPU-specific feature. Resetting to False for Ascend.
[36m(vLLMHttpServer pid=121375)[0m WARNING 07-30 10:28:51 [platform.py:872] Ignored parameter 'disable_flashinfer_prefill'. This is a GPU-specific feature not supported on Ascend. Resetting to False.
[36m(vLLMHttpServer pid=121375)[0m WARNING 07-30 10:28:51 [utils.py:550] Currently, communication is performed using FFTS+ method, which reduces the number of available streams and, as a result, limits the range of runtime shapes that can be handled. To both improve communication performance and increase the number of supported shapes, set HCCL_OP_EXPANSION_MODE=AIV.
[36m(vLLMHttpServer pid=121375)[0m WARNING 07-30 10:28:53 [system_utils.py:152] We must use the `spawn` multiprocessing start method. Overriding VLLM_WORKER_MULTIPROC_METHOD to 'spawn'. See https://docs.vllm.ai/en/latest/usage/troubleshooting.html#python-multiprocessing for more information. Reasons: In a Ray actor and can only be spawned
[36m(vLLMHttpServer pid=121375)[0m [Gloo] Rank 0 is connected to 0 peer ranks. Expected number of connected peer ranks is : 0
[36m(vLLMHttpServer pid=121375)[0m [Gloo] Rank 0 is connected to 0 peer ranks. Expected number of connected peer ranks is : 0
[36m(vLLMHttpServer pid=121375)[0m [Gloo] Rank 0 is connected to 0 peer ranks. Expected number of connected peer ranks is : 0
[36m(vLLMHttpServer pid=121375)[0m [Gloo] Rank 0 is connected to 0 peer ranks. Expected number of connected peer ranks is : 0
[36m(vLLMHttpServer pid=121375)[0m [Gloo] Rank 0 is connected to 0 peer ranks. Expected number of connected peer ranks is : 0
[36m(vLLMHttpServer pid=121375)[0m [Gloo] Rank 0 is connected to 0 peer ranks. Expected number of connected peer ranks is : 0
[36m(vLLMHttpServer pid=121375)[0m [Gloo] Rank 0 is connected to 0 peer ranks. Expected number of connected peer ranks is : 0
[36m(vLLMHttpServer pid=121375)[0m (Worker pid=122556) Loading safetensors checkpoint shards:   0% Completed | 0/3 [00:00<?, ?it/s]
[36m(vLLMHttpServer pid=121375)[0m (Worker pid=122556) Loading safetensors checkpoint shards:  33% Completed | 1/3 [00:01<00:03,  1.70s/it]
[36m(vLLMHttpServer pid=121375)[0m (Worker pid=122556) Loading safetensors checkpoint shards:  67% Completed | 2/3 [00:07<00:04,  4.05s/it]
[36m(vLLMHttpServer pid=121375)[0m (Worker pid=122556) Loading safetensors checkpoint shards: 100% Completed | 3/3 [00:07<00:00,  2.34s/it]
[36m(vLLMHttpServer pid=121375)[0m (Worker pid=122556) Loading safetensors checkpoint shards: 100% Completed | 3/3 [00:07<00:00,  2.57s/it]
[36m(vLLMHttpServer pid=121375)[0m (Worker pid=122556) 
[36m(vLLMHttpServer pid=121375)[0m (Worker pid=122556) /usr/local/python3.11.15/lib/python3.11/site-packages/torch_npu/dynamo/torchair/configs/compiler_config.py:105: UserWarning: The following torchair config or properties may not take effect or report error in reduce-overhead mode: config.experimental_config.enable_view_optimize:True, set_dim_gears, dynamo_export, scope, npu_print
[36m(vLLMHttpServer pid=121375)[0m (Worker pid=122556)   warnings.warn(
[36m(vLLMHttpServer pid=121375)[0m (Worker pid=122556) /usr/local/python3.11.15/lib/python3.11/site-packages/torch_npu/dynamo/torchair/configs/compiler_config.py:112: DeprecationWarning: The "reduce-overhead" mode configuration will be deprecated. Please use the "npugraph_ex" backend.
[36m(vLLMHttpServer pid=121375)[0m (Worker pid=122556)   warnings.warn("The \"reduce-overhead\" mode configuration will be deprecated. "
[36m(vLLMHttpServer pid=121375)[0m (Worker pid=122556) /usr/local/python3.11.15/lib/python3.11/site-packages/torch_npu/dynamo/torchair/configs/compiler_config.py:105: UserWarning: The following torchair config or properties may not take effect or report error in reduce-overhead mode: config.experimental_config.enable_view_optimize:True, set_dim_gears, dynamo_export, scope, npu_print
[36m(vLLMHttpServer pid=121375)[0m (Worker pid=122556)   warnings.warn(
[36m(vLLMHttpServer pid=121375)[0m (Worker pid=122556) /usr/local/python3.11.15/lib/python3.11/site-packages/torch_npu/dynamo/torchair/configs/compiler_config.py:112: DeprecationWarning: The "reduce-overhead" mode configuration will be deprecated. Please use the "npugraph_ex" backend.
[36m(vLLMHttpServer pid=121375)[0m (Worker pid=122556)   warnings.warn("The \"reduce-overhead\" mode configuration will be deprecated. "
[36m(vLLMHttpServer pid=121375)[0m (Worker pid=122556) /usr/local/python3.11.15/lib/python3.11/site-packages/torch_npu/dynamo/torchair/configs/compiler_config.py:105: UserWarning: The following torchair config or properties may not take effect or report error in reduce-overhead mode: config.experimental_config.enable_view_optimize:True, set_dim_gears, dynamo_export, scope, npu_print
[36m(vLLMHttpServer pid=121375)[0m (Worker pid=122556)   warnings.warn(
[36m(vLLMHttpServer pid=121375)[0m (Worker pid=122556) /usr/local/python3.11.15/lib/python3.11/site-packages/torch_npu/dynamo/torchair/configs/compiler_config.py:112: DeprecationWarning: The "reduce-overhead" mode configuration will be deprecated. Please use the "npugraph_ex" backend.
[36m(vLLMHttpServer pid=121375)[0m (Worker pid=122556)   warnings.warn("The \"reduce-overhead\" mode configuration will be deprecated. "
[36m(vLLMHttpServer pid=121375)[0m (Worker pid=122556) /usr/local/python3.11.15/lib/python3.11/site-packages/torch_npu/dynamo/torchair/configs/compiler_config.py:105: UserWarning: The following torchair config or properties may not take effect or report error in reduce-overhead mode: config.experimental_config.enable_view_optimize:True, set_dim_gears, dynamo_export, scope, npu_print
[36m(vLLMHttpServer pid=121375)[0m (Worker pid=122556)   warnings.warn(
[36m(vLLMHttpServer pid=121375)[0m (Worker pid=122556) /usr/local/python3.11.15/lib/python3.11/site-packages/torch_npu/dynamo/torchair/configs/compiler_config.py:112: DeprecationWarning: The "reduce-overhead" mode configuration will be deprecated. Please use the "npugraph_ex" backend.
[36m(vLLMHttpServer pid=121375)[0m (Worker pid=122556)   warnings.warn("The \"reduce-overhead\" mode configuration will be deprecated. "
[36m(vLLMHttpServer pid=121375)[0m (Worker pid=122556) /usr/local/python3.11.15/lib/python3.11/site-packages/torch_npu/dynamo/torchair/configs/compiler_config.py:105: UserWarning: The following torchair config or properties may not take effect or report error in reduce-overhead mode: config.experimental_config.enable_view_optimize:True, set_dim_gears, dynamo_export, scope, npu_print
[36m(vLLMHttpServer pid=121375)[0m (Worker pid=122556)   warnings.warn(
[36m(vLLMHttpServer pid=121375)[0m (Worker pid=122556) /usr/local/python3.11.15/lib/python3.11/site-packages/torch_npu/dynamo/torchair/configs/compiler_config.py:112: DeprecationWarning: The "reduce-overhead" mode configuration will be deprecated. Please use the "npugraph_ex" backend.
[36m(vLLMHttpServer pid=121375)[0m (Worker pid=122556)   warnings.warn("The \"reduce-overhead\" mode configuration will be deprecated. "
[36m(vLLMHttpServer pid=121375)[0m (Worker pid=122556) /usr/local/python3.11.15/lib/python3.11/site-packages/torch_npu/dynamo/torchair/configs/compiler_config.py:105: UserWarning: The following torchair config or properties may not take effect or report error in reduce-overhead mode: config.experimental_config.enable_view_optimize:True, set_dim_gears, dynamo_export, scope, npu_print
[36m(vLLMHttpServer pid=121375)[0m (Worker pid=122556)   warnings.warn(
[36m(vLLMHttpServer pid=121375)[0m (Worker pid=122556) /usr/local/python3.11.15/lib/python3.11/site-packages/torch_npu/dynamo/torchair/configs/compiler_config.py:112: DeprecationWarning: The "reduce-overhead" mode configuration will be deprecated. Please use the "npugraph_ex" backend.
[36m(vLLMHttpServer pid=121375)[0m (Worker pid=122556)   warnings.warn("The \"reduce-overhead\" mode configuration will be deprecated. "
[36m(vLLMHttpServer pid=121375)[0m (Worker pid=122556) /usr/local/python3.11.15/lib/python3.11/site-packages/torch_npu/dynamo/torchair/configs/compiler_config.py:105: UserWarning: The following torchair config or properties may not take effect or report error in reduce-overhead mode: config.experimental_config.enable_view_optimize:True, set_dim_gears, dynamo_export, scope, npu_print
[36m(vLLMHttpServer pid=121375)[0m (Worker pid=122556)   warnings.warn(
[36m(vLLMHttpServer pid=121375)[0m (Worker pid=122556) /usr/local/python3.11.15/lib/python3.11/site-packages/torch_npu/dynamo/torchair/configs/compiler_config.py:112: DeprecationWarning: The "reduce-overhead" mode configuration will be deprecated. Please use the "npugraph_ex" backend.
[36m(vLLMHttpServer pid=121375)[0m (Worker pid=122556)   warnings.warn("The \"reduce-overhead\" mode configuration will be deprecated. "
[36m(vLLMHttpServer pid=121375)[0m (Worker pid=122556) /usr/local/python3.11.15/lib/python3.11/site-packages/torch_npu/dynamo/torchair/configs/compiler_config.py:105: UserWarning: The following torchair config or properties may not take effect or report error in reduce-overhead mode: config.experimental_config.enable_view_optimize:True, set_dim_gears, dynamo_export, scope, npu_print
[36m(vLLMHttpServer pid=121375)[0m (Worker pid=122556)   warnings.warn(
[36m(vLLMHttpServer pid=121375)[0m (Worker pid=122556) /usr/local/python3.11.15/lib/python3.11/site-packages/torch_npu/dynamo/torchair/configs/compiler_config.py:112: DeprecationWarning: The "reduce-overhead" mode configuration will be deprecated. Please use the "npugraph_ex" backend.
[36m(vLLMHttpServer pid=121375)[0m (Worker pid=122556)   warnings.warn("The \"reduce-overhead\" mode configuration will be deprecated. "
[36m(vLLMHttpServer pid=121375)[0m (Worker pid=122556) /usr/local/python3.11.15/lib/python3.11/site-packages/torch_npu/dynamo/torchair/configs/compiler_config.py:105: UserWarning: The following torchair config or properties may not take effect or report error in reduce-overhead mode: config.experimental_config.enable_view_optimize:True, set_dim_gears, dynamo_export, scope, npu_print
[36m(vLLMHttpServer pid=121375)[0m (Worker pid=122556)   warnings.warn(
[36m(vLLMHttpServer pid=121375)[0m (Worker pid=122556) /usr/local/python3.11.15/lib/python3.11/site-packages/torch_npu/dynamo/torchair/configs/compiler_config.py:112: DeprecationWarning: The "reduce-overhead" mode configuration will be deprecated. Please use the "npugraph_ex" backend.
[36m(vLLMHttpServer pid=121375)[0m (Worker pid=122556)   warnings.warn("The \"reduce-overhead\" mode configuration will be deprecated. "
[36m(vLLMHttpServer pid=121375)[0m (Worker pid=122556) /usr/local/python3.11.15/lib/python3.11/site-packages/torch_npu/dynamo/torchair/configs/compiler_config.py:105: UserWarning: The following torchair config or properties may not take effect or report error in reduce-overhead mode: config.experimental_config.enable_view_optimize:True, set_dim_gears, dynamo_export, scope, npu_print
[36m(vLLMHttpServer pid=121375)[0m (Worker pid=122556)   warnings.warn(
[36m(vLLMHttpServer pid=121375)[0m (Worker pid=122556) /usr/local/python3.11.15/lib/python3.11/site-packages/torch_npu/dynamo/torchair/configs/compiler_config.py:112: DeprecationWarning: The "reduce-overhead" mode configuration will be deprecated. Please use the "npugraph_ex" backend.
[36m(vLLMHttpServer pid=121375)[0m (Worker pid=122556)   warnings.warn("The \"reduce-overhead\" mode configuration will be deprecated. "
[36m(vLLMHttpServer pid=121375)[0m (Worker pid=122556) /usr/local/python3.11.15/lib/python3.11/site-packages/torch_npu/dynamo/torchair/configs/compiler_config.py:105: UserWarning: The following torchair config or properties may not take effect or report error in reduce-overhead mode: config.experimental_config.enable_view_optimize:True, set_dim_gears, dynamo_export, scope, npu_print
[36m(vLLMHttpServer pid=121375)[0m (Worker pid=122556)   warnings.warn(
[36m(vLLMHttpServer pid=121375)[0m (Worker pid=122556) /usr/local/python3.11.15/lib/python3.11/site-packages/torch_npu/dynamo/torchair/configs/compiler_config.py:112: DeprecationWarning: The "reduce-overhead" mode configuration will be deprecated. Please use the "npugraph_ex" backend.
[36m(vLLMHttpServer pid=121375)[0m (Worker pid=122556)   warnings.warn("The \"reduce-overhead\" mode configuration will be deprecated. "
[36m(vLLMHttpServer pid=121375)[0m (Worker pid=122556) /usr/local/python3.11.15/lib/python3.11/site-packages/torch_npu/dynamo/torchair/configs/compiler_config.py:105: UserWarning: The following torchair config or properties may not take effect or report error in reduce-overhead mode: config.experimental_config.enable_view_optimize:True, set_dim_gears, dynamo_export, scope, npu_print
[36m(vLLMHttpServer pid=121375)[0m (Worker pid=122556)   warnings.warn(
[36m(vLLMHttpServer pid=121375)[0m (Worker pid=122556) /usr/local/python3.11.15/lib/python3.11/site-packages/torch_npu/dynamo/torchair/configs/compiler_config.py:112: DeprecationWarning: The "reduce-overhead" mode configuration will be deprecated. Please use the "npugraph_ex" backend.
[36m(vLLMHttpServer pid=121375)[0m (Worker pid=122556)   warnings.warn("The \"reduce-overhead\" mode configuration will be deprecated. "
[36m(vLLMHttpServer pid=121375)[0m (Worker pid=122556) /usr/local/python3.11.15/lib/python3.11/site-packages/torch_npu/dynamo/torchair/configs/compiler_config.py:105: UserWarning: The following torchair config or properties may not take effect or report error in reduce-overhead mode: config.experimental_config.enable_view_optimize:True, set_dim_gears, dynamo_export, scope, npu_print
[36m(vLLMHttpServer pid=121375)[0m (Worker pid=122556)   warnings.warn(
[36m(vLLMHttpServer pid=121375)[0m (Worker pid=122556) /usr/local/python3.11.15/lib/python3.11/site-packages/torch_npu/dynamo/torchair/configs/compiler_config.py:112: DeprecationWarning: The "reduce-overhead" mode configuration will be deprecated. Please use the "npugraph_ex" backend.
[36m(vLLMHttpServer pid=121375)[0m (Worker pid=122556)   warnings.warn("The \"reduce-overhead\" mode configuration will be deprecated. "
[36m(vLLMHttpServer pid=121375)[0m (Worker pid=122556) /usr/local/python3.11.15/lib/python3.11/site-packages/torch_npu/dynamo/torchair/configs/compiler_config.py:105: UserWarning: The following torchair config or properties may not take effect or report error in reduce-overhead mode: config.experimental_config.enable_view_optimize:True, set_dim_gears, dynamo_export, scope, npu_print
[36m(vLLMHttpServer pid=121375)[0m (Worker pid=122556)   warnings.warn(
[36m(vLLMHttpServer pid=121375)[0m (Worker pid=122556) /usr/local/python3.11.15/lib/python3.11/site-packages/torch_npu/dynamo/torchair/configs/compiler_config.py:112: DeprecationWarning: The "reduce-overhead" mode configuration will be deprecated. Please use the "npugraph_ex" backend.
[36m(vLLMHttpServer pid=121375)[0m (Worker pid=122556)   warnings.warn("The \"reduce-overhead\" mode configuration will be deprecated. "
[36m(vLLMHttpServer pid=121375)[0m (Worker pid=122556) /usr/local/python3.11.15/lib/python3.11/site-packages/torch_npu/dynamo/torchair/configs/compiler_config.py:105: UserWarning: The following torchair config or properties may not take effect or report error in reduce-overhead mode: config.experimental_config.enable_view_optimize:True, set_dim_gears, dynamo_export, scope, npu_print
[36m(vLLMHttpServer pid=121375)[0m (Worker pid=122556)   warnings.warn(
[36m(vLLMHttpServer pid=121375)[0m (Worker pid=122556) /usr/local/python3.11.15/lib/python3.11/site-packages/torch_npu/dynamo/torchair/configs/compiler_config.py:112: DeprecationWarning: The "reduce-overhead" mode configuration will be deprecated. Please use the "npugraph_ex" backend.
[36m(vLLMHttpServer pid=121375)[0m (Worker pid=122556)   warnings.warn("The \"reduce-overhead\" mode configuration will be deprecated. "
[36m(vLLMHttpServer pid=121375)[0m (Worker pid=122556) /usr/local/python3.11.15/lib/python3.11/site-packages/torch_npu/dynamo/torchair/configs/compiler_config.py:105: UserWarning: The following torchair config or properties may not take effect or report error in reduce-overhead mode: config.experimental_config.enable_view_optimize:True, set_dim_gears, dynamo_export, scope, npu_print
[36m(vLLMHttpServer pid=121375)[0m (Worker pid=122556)   warnings.warn(
[36m(vLLMHttpServer pid=121375)[0m (Worker pid=122556) /usr/local/python3.11.15/lib/python3.11/site-packages/torch_npu/dynamo/torchair/configs/compiler_config.py:112: DeprecationWarning: The "reduce-overhead" mode configuration will be deprecated. Please use the "npugraph_ex" backend.
[36m(vLLMHttpServer pid=121375)[0m (Worker pid=122556)   warnings.warn("The \"reduce-overhead\" mode configuration will be deprecated. "
[36m(vLLMHttpServer pid=121375)[0m (Worker pid=122556) /usr/local/python3.11.15/lib/python3.11/site-packages/torch_npu/dynamo/torchair/configs/compiler_config.py:105: UserWarning: The following torchair config or properties may not take effect or report error in reduce-overhead mode: config.experimental_config.enable_view_optimize:True, set_dim_gears, dynamo_export, scope, npu_print
[36m(vLLMHttpServer pid=121375)[0m (Worker pid=122556)   warnings.warn(
[36m(vLLMHttpServer pid=121375)[0m (Worker pid=122556) /usr/local/python3.11.15/lib/python3.11/site-packages/torch_npu/dynamo/torchair/configs/compiler_config.py:112: DeprecationWarning: The "reduce-overhead" mode configuration will be deprecated. Please use the "npugraph_ex" backend.
[36m(vLLMHttpServer pid=121375)[0m (Worker pid=122556)   warnings.warn("The \"reduce-overhead\" mode configuration will be deprecated. "
[36m(vLLMHttpServer pid=121375)[0m (Worker pid=122556) /usr/local/python3.11.15/lib/python3.11/site-packages/torch_npu/dynamo/torchair/configs/compiler_config.py:105: UserWarning: The following torchair config or properties may not take effect or report error in reduce-overhead mode: config.experimental_config.enable_view_optimize:True, set_dim_gears, dynamo_export, scope, npu_print
[36m(vLLMHttpServer pid=121375)[0m (Worker pid=122556)   warnings.warn(
[36m(vLLMHttpServer pid=121375)[0m (Worker pid=122556) /usr/local/python3.11.15/lib/python3.11/site-packages/torch_npu/dynamo/torchair/configs/compiler_config.py:112: DeprecationWarning: The "reduce-overhead" mode configuration will be deprecated. Please use the "npugraph_ex" backend.
[36m(vLLMHttpServer pid=121375)[0m (Worker pid=122556)   warnings.warn("The \"reduce-overhead\" mode configuration will be deprecated. "
[36m(vLLMHttpServer pid=121375)[0m (Worker pid=122556) /usr/local/python3.11.15/lib/python3.11/site-packages/torch_npu/dynamo/torchair/configs/compiler_config.py:105: UserWarning: The following torchair config or properties may not take effect or report error in reduce-overhead mode: config.experimental_config.enable_view_optimize:True, set_dim_gears, dynamo_export, scope, npu_print
[36m(vLLMHttpServer pid=121375)[0m (Worker pid=122556)   warnings.warn(
[36m(vLLMHttpServer pid=121375)[0m (Worker pid=122556) /usr/local/python3.11.15/lib/python3.11/site-packages/torch_npu/dynamo/torchair/configs/compiler_config.py:112: DeprecationWarning: The "reduce-overhead" mode configuration will be deprecated. Please use the "npugraph_ex" backend.
[36m(vLLMHttpServer pid=121375)[0m (Worker pid=122556)   warnings.warn("The \"reduce-overhead\" mode configuration will be deprecated. "
[36m(vLLMHttpServer pid=121375)[0m (Worker pid=122556) /usr/local/python3.11.15/lib/python3.11/site-packages/torch_npu/dynamo/torchair/configs/compiler_config.py:105: UserWarning: The following torchair config or properties may not take effect or report error in reduce-overhead mode: config.experimental_config.enable_view_optimize:True, set_dim_gears, dynamo_export, scope, npu_print
[36m(vLLMHttpServer pid=121375)[0m (Worker pid=122556)   warnings.warn(
[36m(vLLMHttpServer pid=121375)[0m (Worker pid=122556) /usr/local/python3.11.15/lib/python3.11/site-packages/torch_npu/dynamo/torchair/configs/compiler_config.py:112: DeprecationWarning: The "reduce-overhead" mode configuration will be deprecated. Please use the "npugraph_ex" backend.
[36m(vLLMHttpServer pid=121375)[0m (Worker pid=122556)   warnings.warn("The \"reduce-overhead\" mode configuration will be deprecated. "
[36m(vLLMHttpServer pid=121375)[0m (Worker pid=122556) /usr/local/python3.11.15/lib/python3.11/site-packages/torch_npu/dynamo/torchair/configs/compiler_config.py:105: UserWarning: The following torchair config or properties may not take effect or report error in reduce-overhead mode: config.experimental_config.enable_view_optimize:True, set_dim_gears, dynamo_export, scope, npu_print
[36m(vLLMHttpServer pid=121375)[0m (Worker pid=122556)   warnings.warn(
[36m(vLLMHttpServer pid=121375)[0m (Worker pid=122556) /usr/local/python3.11.15/lib/python3.11/site-packages/torch_npu/dynamo/torchair/configs/compiler_config.py:112: DeprecationWarning: The "reduce-overhead" mode configuration will be deprecated. Please use the "npugraph_ex" backend.
[36m(vLLMHttpServer pid=121375)[0m (Worker pid=122556)   warnings.warn("The \"reduce-overhead\" mode configuration will be deprecated. "
[36m(vLLMHttpServer pid=121375)[0m (Worker pid=122556) /usr/local/python3.11.15/lib/python3.11/site-packages/torch_npu/dynamo/torchair/configs/compiler_config.py:105: UserWarning: The following torchair config or properties may not take effect or report error in reduce-overhead mode: config.experimental_config.enable_view_optimize:True, set_dim_gears, dynamo_export, scope, npu_print
[36m(vLLMHttpServer pid=121375)[0m (Worker pid=122556)   warnings.warn(
[36m(vLLMHttpServer pid=121375)[0m (Worker pid=122556) /usr/local/python3.11.15/lib/python3.11/site-packages/torch_npu/dynamo/torchair/configs/compiler_config.py:112: DeprecationWarning: The "reduce-overhead" mode configuration will be deprecated. Please use the "npugraph_ex" backend.
[36m(vLLMHttpServer pid=121375)[0m (Worker pid=122556)   warnings.warn("The \"reduce-overhead\" mode configuration will be deprecated. "
[36m(vLLMHttpServer pid=121375)[0m (Worker pid=122556) /usr/local/python3.11.15/lib/python3.11/site-packages/torch_npu/dynamo/torchair/configs/compiler_config.py:105: UserWarning: The following torchair config or properties may not take effect or report error in reduce-overhead mode: config.experimental_config.enable_view_optimize:True, set_dim_gears, dynamo_export, scope, npu_print
[36m(vLLMHttpServer pid=121375)[0m (Worker pid=122556)   warnings.warn(
[36m(vLLMHttpServer pid=121375)[0m (Worker pid=122556) /usr/local/python3.11.15/lib/python3.11/site-packages/torch_npu/dynamo/torchair/configs/compiler_config.py:112: DeprecationWarning: The "reduce-overhead" mode configuration will be deprecated. Please use the "npugraph_ex" backend.
[36m(vLLMHttpServer pid=121375)[0m (Worker pid=122556)   warnings.warn("The \"reduce-overhead\" mode configuration will be deprecated. "
[36m(vLLMHttpServer pid=121375)[0m (Worker pid=122556) /usr/local/python3.11.15/lib/python3.11/site-packages/torch_npu/dynamo/torchair/configs/compiler_config.py:105: UserWarning: The following torchair config or properties may not take effect or report error in reduce-overhead mode: config.experimental_config.enable_view_optimize:True, set_dim_gears, dynamo_export, scope, npu_print
[36m(vLLMHttpServer pid=121375)[0m (Worker pid=122556)   warnings.warn(
[36m(vLLMHttpServer pid=121375)[0m (Worker pid=122556) /usr/local/python3.11.15/lib/python3.11/site-packages/torch_npu/dynamo/torchair/configs/compiler_config.py:112: DeprecationWarning: The "reduce-overhead" mode configuration will be deprecated. Please use the "npugraph_ex" backend.
[36m(vLLMHttpServer pid=121375)[0m (Worker pid=122556)   warnings.warn("The \"reduce-overhead\" mode configuration will be deprecated. "
[36m(vLLMHttpServer pid=121375)[0m (Worker pid=122556) /usr/local/python3.11.15/lib/python3.11/site-packages/torch_npu/dynamo/torchair/configs/compiler_config.py:105: UserWarning: The following torchair config or properties may not take effect or report error in reduce-overhead mode: config.experimental_config.enable_view_optimize:True, set_dim_gears, dynamo_export, scope, npu_print
[36m(vLLMHttpServer pid=121375)[0m (Worker pid=122556)   warnings.warn(
[36m(vLLMHttpServer pid=121375)[0m (Worker pid=122556) /usr/local/python3.11.15/lib/python3.11/site-packages/torch_npu/dynamo/torchair/configs/compiler_config.py:112: DeprecationWarning: The "reduce-overhead" mode configuration will be deprecated. Please use the "npugraph_ex" backend.
[36m(vLLMHttpServer pid=121375)[0m (Worker pid=122556)   warnings.warn("The \"reduce-overhead\" mode configuration will be deprecated. "
[36m(vLLMHttpServer pid=121375)[0m (Worker pid=122556) /usr/local/python3.11.15/lib/python3.11/site-packages/torch_npu/dynamo/torchair/configs/compiler_config.py:105: UserWarning: The following torchair config or properties may not take effect or report error in reduce-overhead mode: config.experimental_config.enable_view_optimize:True, set_dim_gears, dynamo_export, scope, npu_print
[36m(vLLMHttpServer pid=121375)[0m (Worker pid=122556)   warnings.warn(
[36m(vLLMHttpServer pid=121375)[0m (Worker pid=122556) /usr/local/python3.11.15/lib/python3.11/site-packages/torch_npu/dynamo/torchair/configs/compiler_config.py:112: DeprecationWarning: The "reduce-overhead" mode configuration will be deprecated. Please use the "npugraph_ex" backend.
[36m(vLLMHttpServer pid=121375)[0m (Worker pid=122556)   warnings.warn("The \"reduce-overhead\" mode configuration will be deprecated. "
[36m(vLLMHttpServer pid=121375)[0m (Worker pid=122556) /usr/local/python3.11.15/lib/python3.11/site-packages/torch_npu/dynamo/torchair/configs/compiler_config.py:105: UserWarning: The following torchair config or properties may not take effect or report error in reduce-overhead mode: config.experimental_config.enable_view_optimize:True, set_dim_gears, dynamo_export, scope, npu_print
[36m(vLLMHttpServer pid=121375)[0m (Worker pid=122556)   warnings.warn(
[36m(vLLMHttpServer pid=121375)[0m (Worker pid=122556) /usr/local/python3.11.15/lib/python3.11/site-packages/torch_npu/dynamo/torchair/configs/compiler_config.py:112: DeprecationWarning: The "reduce-overhead" mode configuration will be deprecated. Please use the "npugraph_ex" backend.
[36m(vLLMHttpServer pid=121375)[0m (Worker pid=122556)   warnings.warn("The \"reduce-overhead\" mode configuration will be deprecated. "
[36m(vLLMHttpServer pid=121375)[0m (Worker pid=122556) /usr/local/python3.11.15/lib/python3.11/site-packages/torch_npu/dynamo/torchair/configs/compiler_config.py:105: UserWarning: The following torchair config or properties may not take effect or report error in reduce-overhead mode: config.experimental_config.enable_view_optimize:True, set_dim_gears, dynamo_export, scope, npu_print
[36m(vLLMHttpServer pid=121375)[0m (Worker pid=122556)   warnings.warn(
[36m(vLLMHttpServer pid=121375)[0m (Worker pid=122556) /usr/local/python3.11.15/lib/python3.11/site-packages/torch_npu/dynamo/torchair/configs/compiler_config.py:112: DeprecationWarning: The "reduce-overhead" mode configuration will be deprecated. Please use the "npugraph_ex" backend.
[36m(vLLMHttpServer pid=121375)[0m (Worker pid=122556)   warnings.warn("The \"reduce-overhead\" mode configuration will be deprecated. "
[36m(vLLMHttpServer pid=121375)[0m (Worker pid=122556) /usr/local/python3.11.15/lib/python3.11/site-packages/torch_npu/dynamo/torchair/configs/compiler_config.py:105: UserWarning: The following torchair config or properties may not take effect or report error in reduce-overhead mode: config.experimental_config.enable_view_optimize:True, set_dim_gears, dynamo_export, scope, npu_print
[36m(vLLMHttpServer pid=121375)[0m (Worker pid=122556)   warnings.warn(
[36m(vLLMHttpServer pid=121375)[0m (Worker pid=122556) /usr/local/python3.11.15/lib/python3.11/site-packages/torch_npu/dynamo/torchair/configs/compiler_config.py:112: DeprecationWarning: The "reduce-overhead" mode configuration will be deprecated. Please use the "npugraph_ex" backend.
[36m(vLLMHttpServer pid=121375)[0m (Worker pid=122556)   warnings.warn("The \"reduce-overhead\" mode configuration will be deprecated. "
[36m(vLLMHttpServer pid=121375)[0m (Worker pid=122556) /usr/local/python3.11.15/lib/python3.11/site-packages/torch_npu/dynamo/torchair/configs/compiler_config.py:105: UserWarning: The following torchair config or properties may not take effect or report error in reduce-overhead mode: config.experimental_config.enable_view_optimize:True, set_dim_gears, dynamo_export, scope, npu_print
[36m(vLLMHttpServer pid=121375)[0m (Worker pid=122556)   warnings.warn(
[36m(vLLMHttpServer pid=121375)[0m (Worker pid=122556) /usr/local/python3.11.15/lib/python3.11/site-packages/torch_npu/dynamo/torchair/configs/compiler_config.py:112: DeprecationWarning: The "reduce-overhead" mode configuration will be deprecated. Please use the "npugraph_ex" backend.
[36m(vLLMHttpServer pid=121375)[0m (Worker pid=122556)   warnings.warn("The \"reduce-overhead\" mode configuration will be deprecated. "
[36m(vLLMHttpServer pid=121375)[0m (Worker pid=122556) /usr/local/python3.11.15/lib/python3.11/site-packages/torch_npu/dynamo/torchair/configs/compiler_config.py:105: UserWarning: The following torchair config or properties may not take effect or report error in reduce-overhead mode: config.experimental_config.enable_view_optimize:True, set_dim_gears, dynamo_export, scope, npu_print
[36m(vLLMHttpServer pid=121375)[0m (Worker pid=122556)   warnings.warn(
[36m(vLLMHttpServer pid=121375)[0m (Worker pid=122556) /usr/local/python3.11.15/lib/python3.11/site-packages/torch_npu/dynamo/torchair/configs/compiler_config.py:112: DeprecationWarning: The "reduce-overhead" mode configuration will be deprecated. Please use the "npugraph_ex" backend.
[36m(vLLMHttpServer pid=121375)[0m (Worker pid=122556)   warnings.warn("The \"reduce-overhead\" mode configuration will be deprecated. "
[36m(vLLMHttpServer pid=121375)[0m (Worker pid=122556) /usr/local/python3.11.15/lib/python3.11/site-packages/torch_npu/dynamo/torchair/configs/compiler_config.py:105: UserWarning: The following torchair config or properties may not take effect or report error in reduce-overhead mode: config.experimental_config.enable_view_optimize:True, set_dim_gears, dynamo_export, scope, npu_print
[36m(vLLMHttpServer pid=121375)[0m (Worker pid=122556)   warnings.warn(
[36m(vLLMHttpServer pid=121375)[0m (Worker pid=122556) /usr/local/python3.11.15/lib/python3.11/site-packages/torch_npu/dynamo/torchair/configs/compiler_config.py:112: DeprecationWarning: The "reduce-overhead" mode configuration will be deprecated. Please use the "npugraph_ex" backend.
[36m(vLLMHttpServer pid=121375)[0m (Worker pid=122556)   warnings.warn("The \"reduce-overhead\" mode configuration will be deprecated. "
[36m(vLLMHttpServer pid=121375)[0m (Worker pid=122556) /usr/local/python3.11.15/lib/python3.11/site-packages/torch_npu/dynamo/torchair/configs/compiler_config.py:105: UserWarning: The following torchair config or properties may not take effect or report error in reduce-overhead mode: config.experimental_config.enable_view_optimize:True, set_dim_gears, dynamo_export, scope, npu_print
[36m(vLLMHttpServer pid=121375)[0m (Worker pid=122556)   warnings.warn(
[36m(vLLMHttpServer pid=121375)[0m (Worker pid=122556) /usr/local/python3.11.15/lib/python3.11/site-packages/torch_npu/dynamo/torchair/configs/compiler_config.py:112: DeprecationWarning: The "reduce-overhead" mode configuration will be deprecated. Please use the "npugraph_ex" backend.
[36m(vLLMHttpServer pid=121375)[0m (Worker pid=122556)   warnings.warn("The \"reduce-overhead\" mode configuration will be deprecated. "
[36m(vLLMHttpServer pid=121375)[0m (Worker pid=122556) /usr/local/python3.11.15/lib/python3.11/site-packages/torch_npu/dynamo/torchair/configs/compiler_config.py:105: UserWarning: The following torchair config or properties may not take effect or report error in reduce-overhead mode: config.experimental_config.enable_view_optimize:True, set_dim_gears, dynamo_export, scope, npu_print
[36m(vLLMHttpServer pid=121375)[0m (Worker pid=122556)   warnings.warn(
[36m(vLLMHttpServer pid=121375)[0m (Worker pid=122556) /usr/local/python3.11.15/lib/python3.11/site-packages/torch_npu/dynamo/torchair/configs/compiler_config.py:112: DeprecationWarning: The "reduce-overhead" mode configuration will be deprecated. Please use the "npugraph_ex" backend.
[36m(vLLMHttpServer pid=121375)[0m (Worker pid=122556)   warnings.warn("The \"reduce-overhead\" mode configuration will be deprecated. "
[36m(vLLMHttpServer pid=121375)[0m (Worker pid=122556) /usr/local/python3.11.15/lib/python3.11/site-packages/torch_npu/dynamo/torchair/configs/compiler_config.py:105: UserWarning: The following torchair config or properties may not take effect or report error in reduce-overhead mode: config.experimental_config.enable_view_optimize:True, set_dim_gears, dynamo_export, scope, npu_print
[36m(vLLMHttpServer pid=121375)[0m (Worker pid=122556)   warnings.warn(
[36m(vLLMHttpServer pid=121375)[0m (Worker pid=122556) /usr/local/python3.11.15/lib/python3.11/site-packages/torch_npu/dynamo/torchair/configs/compiler_config.py:112: DeprecationWarning: The "reduce-overhead" mode configuration will be deprecated. Please use the "npugraph_ex" backend.
[36m(vLLMHttpServer pid=121375)[0m (Worker pid=122556)   warnings.warn("The \"reduce-overhead\" mode configuration will be deprecated. "
[36m(vLLMHttpServer pid=121375)[0m (Worker pid=122556) /usr/local/python3.11.15/lib/python3.11/site-packages/torch_npu/dynamo/torchair/configs/compiler_config.py:105: UserWarning: The following torchair config or properties may not take effect or report error in reduce-overhead mode: config.experimental_config.enable_view_optimize:True, set_dim_gears, dynamo_export, scope, npu_print
[36m(vLLMHttpServer pid=121375)[0m (Worker pid=122556)   warnings.warn(
[36m(vLLMHttpServer pid=121375)[0m (Worker pid=122556) /usr/local/python3.11.15/lib/python3.11/site-packages/torch_npu/dynamo/torchair/configs/compiler_config.py:112: DeprecationWarning: The "reduce-overhead" mode configuration will be deprecated. Please use the "npugraph_ex" backend.
[36m(vLLMHttpServer pid=121375)[0m (Worker pid=122556)   warnings.warn("The \"reduce-overhead\" mode configuration will be deprecated. "
[36m(vLLMHttpServer pid=121375)[0m (Worker pid=122556) /usr/local/python3.11.15/lib/python3.11/site-packages/torch_npu/dynamo/torchair/configs/compiler_config.py:105: UserWarning: The following torchair config or properties may not take effect or report error in reduce-overhead mode: config.experimental_config.enable_view_optimize:True, set_dim_gears, dynamo_export, scope, npu_print
[36m(vLLMHttpServer pid=121375)[0m (Worker pid=122556)   warnings.warn(
[36m(vLLMHttpServer pid=121375)[0m (Worker pid=122556) /usr/local/python3.11.15/lib/python3.11/site-packages/torch_npu/dynamo/torchair/configs/compiler_config.py:112: DeprecationWarning: The "reduce-overhead" mode configuration will be deprecated. Please use the "npugraph_ex" backend.
[36m(vLLMHttpServer pid=121375)[0m (Worker pid=122556)   warnings.warn("The \"reduce-overhead\" mode configuration will be deprecated. "
[36m(vLLMHttpServer pid=121375)[0m (Worker pid=122556) Capturing CUDA graphs (mixed prefill-decode, PIECEWISE):   0%|          | 0/22 [00:00<?, ?it/s]
[36m(vLLMHttpServer pid=121375)[0m Capturing CUDA graphs (mixed prefill-decode, PIECEWISE):   5%|▍         | 1/22 [00:00<00:14,  1.42it/s]
[36m(vLLMHttpServer pid=121375)[0m Capturing CUDA graphs (mixed prefill-decode, PIECEWISE):   9%|▉         | 2/22 [00:01<00:11,  1.67it/s]
[36m(vLLMHttpServer pid=121375)[0m Capturing CUDA graphs (mixed prefill-decode, PIECEWISE):  14%|█▎        | 3/22 [00:01<00:10,  1.77it/s]
[36m(vLLMHttpServer pid=121375)[0m Capturing CUDA graphs (mixed prefill-decode, PIECEWISE):  18%|█▊        | 4/22 [00:02<00:09,  1.81it/s]
[36m(vLLMHttpServer pid=121375)[0m Capturing CUDA graphs (mixed prefill-decode, PIECEWISE):  23%|██▎       | 5/22 [00:02<00:09,  1.82it/s]
[36m(vLLMHttpServer pid=121375)[0m Capturing CUDA graphs (mixed prefill-decode, PIECEWISE):  27%|██▋       | 6/22 [00:03<00:08,  1.84it/s]
[36m(vLLMHttpServer pid=121375)[0m Capturing CUDA graphs (mixed prefill-decode, PIECEWISE):  32%|███▏      | 7/22 [00:03<00:08,  1.83it/s]
[36m(vLLMHttpServer pid=121375)[0m Capturing CUDA graphs (mixed prefill-decode, PIECEWISE):  36%|███▋      | 8/22 [00:04<00:07,  1.82it/s]
[36m(vLLMHttpServer pid=121375)[0m Capturing CUDA graphs (mixed prefill-decode, PIECEWISE):  41%|████      | 9/22 [00:05<00:07,  1.78it/s]
[36m(vLLMHttpServer pid=121375)[0m Capturing CUDA graphs (mixed prefill-decode, PIECEWISE):  45%|████▌     | 10/22 [00:05<00:06,  1.78it/s]
[36m(vLLMHttpServer pid=121375)[0m Capturing CUDA graphs (mixed prefill-decode, PIECEWISE):  50%|█████     | 11/22 [00:06<00:06,  1.77it/s]
[36m(vLLMHttpServer pid=121375)[0m Capturing CUDA graphs (mixed prefill-decode, PIECEWISE):  55%|█████▍    | 12/22 [00:06<00:05,  1.78it/s]
[36m(vLLMHttpServer pid=121375)[0m Capturing CUDA graphs (mixed prefill-decode, PIECEWISE):  59%|█████▉    | 13/22 [00:07<00:05,  1.79it/s]
[36m(vLLMHttpServer pid=121375)[0m Capturing CUDA graphs (mixed prefill-decode, PIECEWISE):  64%|██████▎   | 14/22 [00:07<00:04,  1.80it/s]
[36m(vLLMHttpServer pid=121375)[0m Capturing CUDA graphs (mixed prefill-decode, PIECEWISE):  68%|██████▊   | 15/22 [00:08<00:03,  1.80it/s]
[36m(vLLMHttpServer pid=121375)[0m Capturing CUDA graphs (mixed prefill-decode, PIECEWISE):  73%|███████▎  | 16/22 [00:08<00:03,  1.80it/s]
[36m(vLLMHttpServer pid=121375)[0m Capturing CUDA graphs (mixed prefill-decode, PIECEWISE):  77%|███████▋  | 17/22 [00:09<00:02,  1.78it/s]
[36m(vLLMHttpServer pid=121375)[0m Capturing CUDA graphs (mixed prefill-decode, PIECEWISE):  82%|████████▏ | 18/22 [00:10<00:02,  1.78it/s]
[36m(vLLMHttpServer pid=121375)[0m Capturing CUDA graphs (mixed prefill-decode, PIECEWISE):  86%|████████▋ | 19/22 [00:10<00:01,  1.77it/s]
[36m(vLLMHttpServer pid=121375)[0m Capturing CUDA graphs (mixed prefill-decode, PIECEWISE):  91%|█████████ | 20/22 [00:11<00:01,  1.76it/s]
[36m(vLLMHttpServer pid=121375)[0m Capturing CUDA graphs (mixed prefill-decode, PIECEWISE):  95%|█████████▌| 21/22 [00:11<00:00,  1.74it/s]
[36m(vLLMHttpServer pid=121375)[0m Capturing CUDA graphs (mixed prefill-decode, PIECEWISE): 100%|██████████| 22/22 [00:12<00:00,  1.75it/s]Capturing CUDA graphs (mixed prefill-decode, PIECEWISE): 100%|██████████| 22/22 [00:12<00:00,  1.77it/s]
[36m(vLLMHttpServer pid=121375)[0m (EngineCore pid=122102) WARNING 07-30 10:32:57 [utils.py:550] Currently, communication is performed using FFTS+ method, which reduces the number of available streams and, as a result, limits the range of runtime shapes that can be handled. To both improve communication performance and increase the number of supported shapes, set HCCL_OP_EXPANSION_MODE=AIV.
[36m(vLLMHttpServer pid=121375)[0m WARNING 07-30 10:32:57 [api_router.py:30] LoRA dynamic loading & unloading is enabled in the API server. This should ONLY be used for local development!
[36m(vLLMHttpServer pid=121375)[0m WARNING 07-30 10:32:58 [model.py:1376] Default vLLM sampling parameters have been overridden by the model's `generation_config.json`: `{'repetition_penalty': 1.0, 'temperature': 1.0, 'top_k': -1, 'top_p': 1.0, 'max_tokens': 1024}`. If this is not intended, please relaunch vLLM instance with `--generation-config vllm`.
[36m(TaskRunnerV1 pid=108806)[0m LLMServerManager: ['10.17.0.41:37525']
[36m(WorkerDict pid=111961)[0m /usr/local/python3.11.15/lib/python3.11/site-packages/torch_npu/contrib/transfer_to_npu.py:183: UserWarning: Cannot create tensor with interal format while allow_internel_format=False, tensor will be created with base format. (Triggered internally at ../torch_npu/csrc/aten/common/TensorFactories.cpp:340.)
[36m(WorkerDict pid=111961)[0m   return fn(*args, **kwargs)
[36m(CheckpointEngineWorker pid=120803)[0m /vllm-ascend/vllm_ascend/distributed/device_communicators/pyhccl.py:140: UserWarning: Cannot create tensor with interal format while allow_internel_format=False, tensor will be created with base format. (Triggered internally at ../torch_npu/csrc/aten/common/TensorFactories.cpp:340.)
[36m(CheckpointEngineWorker pid=120803)[0m   out_tensor = torch.empty_like(in_tensor)
[36m(WorkerDict pid=111961)[0m [Rank 0 | Local Rank 0] 2026-07-30 10:33:24,325 INFO [verl.checkpoint_engine.hccl_checkpoint_engine:227] => init_process_group rank: 0, world_size: 2
[36m(CheckpointEngineWorker pid=120803)[0m INFO:2026-07-30 10:33:24,326:init_process_group rank: 1, world_size: 2
[36m(vLLMHttpServer pid=121375)[0m (Worker pid=122556) INFO:2026-07-30 10:34:14,418:Loading standard weights (non-FP8, async), loaded_params: 3, loaded_buffers: 0
[36m(vLLMHttpServer pid=121375)[0m (Worker pid=122556) INFO:2026-07-30 10:34:16,188:Loading standard weights (non-FP8, async), loaded_params: 43, loaded_buffers: 0
[36m(vLLMHttpServer pid=121375)[0m (Worker pid=122556) INFO:2026-07-30 10:34:18,046:Loading standard weights (non-FP8, async), loaded_params: 43, loaded_buffers: 0
[36m(vLLMHttpServer pid=121375)[0m (Worker pid=122556) INFO:2026-07-30 10:34:19,749:Loading standard weights (non-FP8, async), loaded_params: 41, loaded_buffers: 0
[36m(vLLMHttpServer pid=121375)[0m (Worker pid=122556) INFO:2026-07-30 10:34:21,550:Loading standard weights (non-FP8, async), loaded_params: 43, loaded_buffers: 0
[36m(vLLMHttpServer pid=121375)[0m (Worker pid=122556) INFO:2026-07-30 10:34:23,328:Loading standard weights (non-FP8, async), loaded_params: 43, loaded_buffers: 0
[36m(vLLMHttpServer pid=121375)[0m (Worker pid=122556) INFO:2026-07-30 10:34:25,175:Loading standard weights (non-FP8, async), loaded_params: 41, loaded_buffers: 0
[36m(vLLMHttpServer pid=121375)[0m (Worker pid=122556) INFO:2026-07-30 10:34:26,933:Loading standard weights (non-FP8, async), loaded_params: 43, loaded_buffers: 0
[36m(vLLMHttpServer pid=121375)[0m (Worker pid=122556) INFO:2026-07-30 10:34:28,869:Loading standard weights (non-FP8, async), loaded_params: 43, loaded_buffers: 0
[36m(WorkerDict pid=111961)[0m [Rank 0 | Local Rank 0] 2026-07-30 10:34:30,189 INFO [verl.checkpoint_engine.hccl_checkpoint_engine:304] => Rank 0 send weights done, time cost: 22.29s
[36m(vLLMHttpServer pid=121375)[0m (Worker pid=122556) INFO:2026-07-30 10:34:31,032:Loading standard weights (non-FP8, async), loaded_params: 43, loaded_buffers: 0
[36m(vLLMHttpServer pid=121375)[0m (Worker pid=122556) INFO:2026-07-30 10:34:31,572:Loading standard weights (non-FP8, async), loaded_params: 12, loaded_buffers: 0
[36m(vLLMHttpServer pid=121375)[0m (Worker pid=122556) INFO:2026-07-30 10:34:32,698:Loading standard weights (non-FP8, async), loaded_params: 1, loaded_buffers: 0
[36m(vLLMHttpServer pid=121375)[0m (EngineCore pid=122102) WARNING 07-30 10:34:34 [scheduler.py:1883] reset_connector called but no KV connector is configured.
[36m(vLLMHttpServer pid=114205)[0m (EngineCore pid=115004) WARNING 07-30 10:34:43 [scheduler.py:1883] reset_connector called but no KV connector is configured.
[36m(vLLMHttpServer pid=114205)[0m (Worker pid=115537) INFO:2026-07-30 10:35:28,701:Loading standard weights (non-FP8, async), loaded_params: 3, loaded_buffers: 0
[36m(vLLMHttpServer pid=114205)[0m (Worker pid=115537) INFO:2026-07-30 10:35:30,186:Loading standard weights (non-FP8, async), loaded_params: 43, loaded_buffers: 0
[36m(vLLMHttpServer pid=114205)[0m (Worker pid=115537) INFO:2026-07-30 10:35:31,617:Loading standard weights (non-FP8, async), loaded_params: 43, loaded_buffers: 0
[36m(vLLMHttpServer pid=114205)[0m (Worker pid=115537) INFO:2026-07-30 10:35:32,994:Loading standard weights (non-FP8, async), loaded_params: 41, loaded_buffers: 0
[36m(vLLMHttpServer pid=114205)[0m (Worker pid=115537) INFO:2026-07-30 10:35:34,379:Loading standard weights (non-FP8, async), loaded_params: 43, loaded_buffers: 0
[36m(vLLMHttpServer pid=114205)[0m (Worker pid=115537) INFO:2026-07-30 10:35:35,732:Loading standard weights (non-FP8, async), loaded_params: 43, loaded_buffers: 0
[36m(vLLMHttpServer pid=114205)[0m (Worker pid=115537) INFO:2026-07-30 10:35:37,212:Loading standard weights (non-FP8, async), loaded_params: 41, loaded_buffers: 0
[36m(vLLMHttpServer pid=114205)[0m (Worker pid=115537) INFO:2026-07-30 10:35:38,693:Loading standard weights (non-FP8, async), loaded_params: 43, loaded_buffers: 0
[36m(vLLMHttpServer pid=114205)[0m (Worker pid=115537) INFO:2026-07-30 10:35:40,148:Loading standard weights (non-FP8, async), loaded_params: 43, loaded_buffers: 0
[36m(vLLMHttpServer pid=114205)[0m (Worker pid=115537) INFO:2026-07-30 10:35:41,526:Loading standard weights (non-FP8, async), loaded_params: 43, loaded_buffers: 0
[36m(vLLMHttpServer pid=114205)[0m (Worker pid=115537) INFO:2026-07-30 10:35:41,901:Loading standard weights (non-FP8, async), loaded_params: 12, loaded_buffers: 0
[36m(vLLMHttpServer pid=114205)[0m (Worker pid=115537) INFO:2026-07-30 10:35:44,531:Loading standard weights (non-FP8, async), loaded_params: 1, loaded_buffers: 0
[36m(vLLMHttpServer pid=114205)[0m (EngineCore pid=115004) WARNING 07-30 10:35:46 [scheduler.py:1883] reset_connector called but no KV connector is configured.
[36m(vLLMHttpServer pid=114205)[0m (Worker pid=115537) INFO:2026-07-30 10:35:46,300:LoRA adapter sync: remove old lora and prepare new lora
[36m(vLLMHttpServer pid=114205)[0m (Worker pid=115537) INFO:2026-07-30 10:35:46,883:vLLM load weights, loaded_params: 504
[36m(vLLMHttpServer pid=114205)[0m (EngineCore pid=115004) WARNING 07-30 10:35:47 [scheduler.py:1883] reset_connector called but no KV connector is configured.
[36m(vLLMHttpServer pid=114205)[0m (Worker pid=115537) INFO:2026-07-30 10:35:47,708:LoRA adapter sync, no post-process needed
[36m(vLLMHttpServer pid=114205)[0m (EngineCore pid=115004) WARNING 07-30 10:35:48 [scheduler.py:1883] reset_connector called but no KV connector is configured.
[36m(TaskRunnerV1 pid=108806)[0m Training Progress:   0%|          | 0/125 [00:00<?, ?it/s]INFO:2026-07-30 10:35:49,050:Added 0 warmup batches to the agent loop manager
[36m(TaskRunnerV1 pid=108806)[0m Saving tensorboard log to tensorboard_log/twinkle-aligned-gsm8k-grpo/async-single-lora-gsm8k-accuracy.
[36m(TransferQueueController pid=109886)[0m 2026-07-30 10:35:49,535 - INFO - transfer_queue.utils.perf_utils - TQ_CONTROLLER_b85e8e1b: [Performance] Total success requests: 1, Total req/min: 0.07, Total avg process time: 0.0030s; 
[36m(TransferQueueController pid=109886)[0m Time range: last 14.71 minutes; 
[36m(TransferQueueController pid=109886)[0m Per-operation statistics: KV_RETRIEVE_META: req_count=1, req/min=0.07, avg_time=0.002960s, max_time=0.002960s, min_time=0.002960s
[36m(TaskRunnerV1 pid=108806)[0m ('Warning: torch.save with "_use_new_zipfile_serialization = False" is not recommended for npu tensor, which may bring unexpected errors and hopefully set "_use_new_zipfile_serialization = True"', 'if it is necessary to use this, please convert the npu tensor to cpu tensor for saving')
[36m(pid=131336)[0m WARNING:2026-07-30 10:36:08,560:Platform 'huawei' (PlatformNPU) is registered but not available. This may be due to this ray actor being a CPU-only actor.
[36m(pid=131332)[0m WARNING:2026-07-30 10:36:08,680:Platform 'huawei' (PlatformNPU) is registered but not available. This may be due to this ray actor being a CPU-only actor.
[36m(pid=131336)[0m /usr/local/python3.11.15/lib/python3.11/site-packages/torch_npu/contrib/transfer_to_npu.py:362: ImportWarning: 
[36m(pid=131336)[0m     *************************************************************************************************************
[36m(pid=131336)[0m     The torch.Tensor.cuda and torch.nn.Module.cuda are replaced with torch.Tensor.npu and torch.nn.Module.npu now..
[36m(pid=131336)[0m     The torch.cuda.DoubleTensor is replaced with torch.npu.FloatTensor cause the double type is not supported now..
[36m(pid=131336)[0m     The backend in torch.distributed.init_process_group set to hccl now..
[36m(pid=131336)[0m     The torch.cuda.* and torch.cuda.amp.* are replaced with torch.npu.* and torch.npu.amp.* now..
[36m(pid=131336)[0m     The device parameters have been replaced with npu in the function below:
[36m(pid=131336)[0m     torch.logspace, torch.randint, torch.hann_window, torch.rand, torch.full_like, torch.ones_like, torch.rand_like, torch.randperm, torch.arange, torch.frombuffer, torch.normal, torch._empty_per_channel_affine_quantized, torch.empty_strided, torch.empty_like, torch.scalar_tensor, torch.tril_indices, torch.bartlett_window, torch.ones, torch.sparse_coo_tensor, torch.randn, torch.kaiser_window, torch.tensor, torch.triu_indices, torch.as_tensor, torch.zeros, torch.randint_like, torch.full, torch.eye, torch._sparse_csr_tensor_unsafe, torch.empty, torch._sparse_coo_tensor_unsafe, torch.blackman_window, torch.zeros_like, torch.range, torch.sparse_csr_tensor, torch.randn_like, torch.from_file, torch._cudnn_init_dropout_state, torch._empty_affine_quantized, torch.linspace, torch.hamming_window, torch.empty_quantized, torch._pin_memory, torch.load, torch.set_default_device, torch.get_device_module, torch.sparse_compressed_tensor, torch.Tensor.new_empty, torch.Tensor.new_empty_strided, torch.Tensor.new_full, torch.Tensor.new_ones, torch.Tensor.new_tensor, torch.Tensor.new_zeros, torch.Tensor.to, torch.Tensor.pin_memory, torch.nn.Module.to, torch.nn.Module.to_empty
[36m(pid=131336)[0m     *************************************************************************************************************
[36m(pid=131336)[0m     
[36m(pid=131336)[0m   warnings.warn(msg, ImportWarning)
[36m(pid=131336)[0m /usr/local/python3.11.15/lib/python3.11/site-packages/torch_npu/contrib/transfer_to_npu.py:291: RuntimeWarning: torch.jit.script and torch.jit.script_method will be disabled by transfer_to_npu, which currently does not support them, if you need to enable them, please do not use transfer_to_npu.
[36m(pid=131336)[0m   warnings.warn(msg, RuntimeWarning)
[36m(pid=131338)[0m WARNING:2026-07-30 10:36:08,711:Platform 'huawei' (PlatformNPU) is registered but not available. This may be due to this ray actor being a CPU-only actor.
[36m(pid=131332)[0m /usr/local/python3.11.15/lib/python3.11/site-packages/torch_npu/contrib/transfer_to_npu.py:362: ImportWarning: 
[36m(pid=131332)[0m     *************************************************************************************************************
[36m(pid=131332)[0m     The torch.Tensor.cuda and torch.nn.Module.cuda are replaced with torch.Tensor.npu and torch.nn.Module.npu now..
[36m(pid=131332)[0m     The torch.cuda.DoubleTensor is replaced with torch.npu.FloatTensor cause the double type is not supported now..
[36m(pid=131332)[0m     The backend in torch.distributed.init_process_group set to hccl now..
[36m(pid=131332)[0m     The torch.cuda.* and torch.cuda.amp.* are replaced with torch.npu.* and torch.npu.amp.* now..
[36m(pid=131332)[0m     The device parameters have been replaced with npu in the function below:
[36m(pid=131332)[0m     torch.logspace, torch.randint, torch.hann_window, torch.rand, torch.full_like, torch.ones_like, torch.rand_like, torch.randperm, torch.arange, torch.frombuffer, torch.normal, torch._empty_per_channel_affine_quantized, torch.empty_strided, torch.empty_like, torch.scalar_tensor, torch.tril_indices, torch.bartlett_window, torch.ones, torch.sparse_coo_tensor, torch.randn, torch.kaiser_window, torch.tensor, torch.triu_indices, torch.as_tensor, torch.zeros, torch.randint_like, torch.full, torch.eye, torch._sparse_csr_tensor_unsafe, torch.empty, torch._sparse_coo_tensor_unsafe, torch.blackman_window, torch.zeros_like, torch.range, torch.sparse_csr_tensor, torch.randn_like, torch.from_file, torch._cudnn_init_dropout_state, torch._empty_affine_quantized, torch.linspace, torch.hamming_window, torch.empty_quantized, torch._pin_memory, torch.load, torch.set_default_device, torch.get_device_module, torch.sparse_compressed_tensor, torch.Tensor.new_empty, torch.Tensor.new_empty_strided, torch.Tensor.new_full, torch.Tensor.new_ones, torch.Tensor.new_tensor, torch.Tensor.new_zeros, torch.Tensor.to, torch.Tensor.pin_memory, torch.nn.Module.to, torch.nn.Module.to_empty
[36m(pid=131332)[0m     *************************************************************************************************************
[36m(pid=131332)[0m     
[36m(pid=131332)[0m   warnings.warn(msg, ImportWarning)
[36m(pid=131332)[0m /usr/local/python3.11.15/lib/python3.11/site-packages/torch_npu/contrib/transfer_to_npu.py:291: RuntimeWarning: torch.jit.script and torch.jit.script_method will be disabled by transfer_to_npu, which currently does not support them, if you need to enable them, please do not use transfer_to_npu.
[36m(pid=131332)[0m   warnings.warn(msg, RuntimeWarning)
[36m(pid=131336)[0m /MindSpeed/mindspeed/features_manager/megatron_basic/requirements_basic.py:68: UserWarning: fla_npu is not installed. use chunk_gated_delta_rule instead.
[36m(pid=131336)[0m   warnings.warn("fla_npu is not installed. use chunk_gated_delta_rule instead.")
[36m(pid=131336)[0m [Rank 0 | Local Rank 0] 2026-07-30 10:36:08,854 INFO [mindspeed.megatron_adaptor:33] => start to patch features in megatron adaptor.
[36m(pid=131338)[0m /usr/local/python3.11.15/lib/python3.11/site-packages/torch_npu/contrib/transfer_to_npu.py:362: ImportWarning: 
[36m(pid=131338)[0m     *************************************************************************************************************
[36m(pid=131338)[0m     The torch.Tensor.cuda and torch.nn.Module.cuda are replaced with torch.Tensor.npu and torch.nn.Module.npu now..
[36m(pid=131338)[0m     The torch.cuda.DoubleTensor is replaced with torch.npu.FloatTensor cause the double type is not supported now..
[36m(pid=131338)[0m     The backend in torch.distributed.init_process_group set to hccl now..
[36m(pid=131338)[0m     The torch.cuda.* and torch.cuda.amp.* are replaced with torch.npu.* and torch.npu.amp.* now..
[36m(pid=131338)[0m     The device parameters have been replaced with npu in the function below:
[36m(pid=131338)[0m     torch.logspace, torch.randint, torch.hann_window, torch.rand, torch.full_like, torch.ones_like, torch.rand_like, torch.randperm, torch.arange, torch.frombuffer, torch.normal, torch._empty_per_channel_affine_quantized, torch.empty_strided, torch.empty_like, torch.scalar_tensor, torch.tril_indices, torch.bartlett_window, torch.ones, torch.sparse_coo_tensor, torch.randn, torch.kaiser_window, torch.tensor, torch.triu_indices, torch.as_tensor, torch.zeros, torch.randint_like, torch.full, torch.eye, torch._sparse_csr_tensor_unsafe, torch.empty, torch._sparse_coo_tensor_unsafe, torch.blackman_window, torch.zeros_like, torch.range, torch.sparse_csr_tensor, torch.randn_like, torch.from_file, torch._cudnn_init_dropout_state, torch._empty_affine_quantized, torch.linspace, torch.hamming_window, torch.empty_quantized, torch._pin_memory, torch.load, torch.set_default_device, torch.get_device_module, torch.sparse_compressed_tensor, torch.Tensor.new_empty, torch.Tensor.new_empty_strided, torch.Tensor.new_full, torch.Tensor.new_ones, torch.Tensor.new_tensor, torch.Tensor.new_zeros, torch.Tensor.to, torch.Tensor.pin_memory, torch.nn.Module.to, torch.nn.Module.to_empty
[36m(pid=131338)[0m     *************************************************************************************************************
[36m(pid=131338)[0m     
[36m(pid=131338)[0m   warnings.warn(msg, ImportWarning)
[36m(pid=131338)[0m /usr/local/python3.11.15/lib/python3.11/site-packages/torch_npu/contrib/transfer_to_npu.py:291: RuntimeWarning: torch.jit.script and torch.jit.script_method will be disabled by transfer_to_npu, which currently does not support them, if you need to enable them, please do not use transfer_to_npu.
[36m(pid=131338)[0m   warnings.warn(msg, RuntimeWarning)
[36m(pid=131337)[0m WARNING:2026-07-30 10:36:08,853:Platform 'huawei' (PlatformNPU) is registered but not available. This may be due to this ray actor being a CPU-only actor.
[36m(pid=131332)[0m [Rank 0 | Local Rank 0] 2026-07-30 10:36:08,967 INFO [mindspeed.megatron_adaptor:33] => start to patch features in megatron adaptor.
[36m(pid=131332)[0m /MindSpeed/mindspeed/features_manager/megatron_basic/requirements_basic.py:68: UserWarning: fla_npu is not installed. use chunk_gated_delta_rule instead.
[36m(pid=131332)[0m   warnings.warn("fla_npu is not installed. use chunk_gated_delta_rule instead.")
[36m(pid=131337)[0m /usr/local/python3.11.15/lib/python3.11/site-packages/torch_npu/contrib/transfer_to_npu.py:362: ImportWarning: 
[36m(pid=131337)[0m     *************************************************************************************************************
[36m(pid=131337)[0m     The torch.Tensor.cuda and torch.nn.Module.cuda are replaced with torch.Tensor.npu and torch.nn.Module.npu now..
[36m(pid=131337)[0m     The torch.cuda.DoubleTensor is replaced with torch.npu.FloatTensor cause the double type is not supported now..
[36m(pid=131337)[0m     The backend in torch.distributed.init_process_group set to hccl now..
[36m(pid=131337)[0m     The torch.cuda.* and torch.cuda.amp.* are replaced with torch.npu.* and torch.npu.amp.* now..
[36m(pid=131337)[0m     The device parameters have been replaced with npu in the function below:
[36m(pid=131337)[0m     torch.logspace, torch.randint, torch.hann_window, torch.rand, torch.full_like, torch.ones_like, torch.rand_like, torch.randperm, torch.arange, torch.frombuffer, torch.normal, torch._empty_per_channel_affine_quantized, torch.empty_strided, torch.empty_like, torch.scalar_tensor, torch.tril_indices, torch.bartlett_window, torch.ones, torch.sparse_coo_tensor, torch.randn, torch.kaiser_window, torch.tensor, torch.triu_indices, torch.as_tensor, torch.zeros, torch.randint_like, torch.full, torch.eye, torch._sparse_csr_tensor_unsafe, torch.empty, torch._sparse_coo_tensor_unsafe, torch.blackman_window, torch.zeros_like, torch.range, torch.sparse_csr_tensor, torch.randn_like, torch.from_file, torch._cudnn_init_dropout_state, torch._empty_affine_quantized, torch.linspace, torch.hamming_window, torch.empty_quantized, torch._pin_memory, torch.load, torch.set_default_device, torch.get_device_module, torch.sparse_compressed_tensor, torch.Tensor.new_empty, torch.Tensor.new_empty_strided, torch.Tensor.new_full, torch.Tensor.new_ones, torch.Tensor.new_tensor, torch.Tensor.new_zeros, torch.Tensor.to, torch.Tensor.pin_memory, torch.nn.Module.to, torch.nn.Module.to_empty
[36m(pid=131337)[0m     *************************************************************************************************************
[36m(pid=131337)[0m     
[36m(pid=131337)[0m   warnings.warn(msg, ImportWarning)
[36m(pid=131337)[0m /usr/local/python3.11.15/lib/python3.11/site-packages/torch_npu/contrib/transfer_to_npu.py:291: RuntimeWarning: torch.jit.script and torch.jit.script_method will be disabled by transfer_to_npu, which currently does not support them, if you need to enable them, please do not use transfer_to_npu.
[36m(pid=131337)[0m   warnings.warn(msg, RuntimeWarning)
[36m(pid=131338)[0m [Rank 0 | Local Rank 0] 2026-07-30 10:36:08,993 INFO [mindspeed.megatron_adaptor:33] => start to patch features in megatron adaptor.
[36m(pid=131338)[0m /MindSpeed/mindspeed/features_manager/megatron_basic/requirements_basic.py:68: UserWarning: fla_npu is not installed. use chunk_gated_delta_rule instead.
[36m(pid=131338)[0m   warnings.warn("fla_npu is not installed. use chunk_gated_delta_rule instead.")
[36m(pid=131331)[0m WARNING:2026-07-30 10:36:09,117:Platform 'huawei' (PlatformNPU) is registered but not available. This may be due to this ray actor being a CPU-only actor.
[36m(pid=131334)[0m WARNING:2026-07-30 10:36:09,176:Platform 'huawei' (PlatformNPU) is registered but not available. This may be due to this ray actor being a CPU-only actor.
[36m(pid=131337)[0m [Rank 0 | Local Rank 0] 2026-07-30 10:36:09,137 INFO [mindspeed.megatron_adaptor:33] => start to patch features in megatron adaptor.
[36m(pid=131331)[0m /usr/local/python3.11.15/lib/python3.11/site-packages/torch_npu/contrib/transfer_to_npu.py:362: ImportWarning: 
[36m(pid=131331)[0m     *************************************************************************************************************
[36m(pid=131331)[0m     The torch.Tensor.cuda and torch.nn.Module.cuda are replaced with torch.Tensor.npu and torch.nn.Module.npu now..
[36m(pid=131331)[0m     The torch.cuda.DoubleTensor is replaced with torch.npu.FloatTensor cause the double type is not supported now..
[36m(pid=131331)[0m     The backend in torch.distributed.init_process_group set to hccl now..
[36m(pid=131331)[0m     The torch.cuda.* and torch.cuda.amp.* are replaced with torch.npu.* and torch.npu.amp.* now..
[36m(pid=131331)[0m     The device parameters have been replaced with npu in the function below:
[36m(pid=131331)[0m     torch.logspace, torch.randint, torch.hann_window, torch.rand, torch.full_like, torch.ones_like, torch.rand_like, torch.randperm, torch.arange, torch.frombuffer, torch.normal, torch._empty_per_channel_affine_quantized, torch.empty_strided, torch.empty_like, torch.scalar_tensor, torch.tril_indices, torch.bartlett_window, torch.ones, torch.sparse_coo_tensor, torch.randn, torch.kaiser_window, torch.tensor, torch.triu_indices, torch.as_tensor, torch.zeros, torch.randint_like, torch.full, torch.eye, torch._sparse_csr_tensor_unsafe, torch.empty, torch._sparse_coo_tensor_unsafe, torch.blackman_window, torch.zeros_like, torch.range, torch.sparse_csr_tensor, torch.randn_like, torch.from_file, torch._cudnn_init_dropout_state, torch._empty_affine_quantized, torch.linspace, torch.hamming_window, torch.empty_quantized, torch._pin_memory, torch.load, torch.set_default_device, torch.get_device_module, torch.sparse_compressed_tensor, torch.Tensor.new_empty, torch.Tensor.new_empty_strided, torch.Tensor.new_full, torch.Tensor.new_ones, torch.Tensor.new_tensor, torch.Tensor.new_zeros, torch.Tensor.to, torch.Tensor.pin_memory, torch.nn.Module.to, torch.nn.Module.to_empty
[36m(pid=131331)[0m     *************************************************************************************************************
[36m(pid=131331)[0m     
[36m(pid=131331)[0m   warnings.warn(msg, ImportWarning)
[36m(pid=131331)[0m /usr/local/python3.11.15/lib/python3.11/site-packages/torch_npu/contrib/transfer_to_npu.py:291: RuntimeWarning: torch.jit.script and torch.jit.script_method will be disabled by transfer_to_npu, which currently does not support them, if you need to enable them, please do not use transfer_to_npu.
[36m(pid=131331)[0m   warnings.warn(msg, RuntimeWarning)
[36m(pid=131337)[0m /MindSpeed/mindspeed/features_manager/megatron_basic/requirements_basic.py:68: UserWarning: fla_npu is not installed. use chunk_gated_delta_rule instead.
[36m(pid=131337)[0m   warnings.warn("fla_npu is not installed. use chunk_gated_delta_rule instead.")
[36m(pid=131331)[0m [Rank 0 | Local Rank 0] 2026-07-30 10:36:09,401 INFO [mindspeed.megatron_adaptor:33] => start to patch features in megatron adaptor.
[36m(pid=131334)[0m /usr/local/python3.11.15/lib/python3.11/site-packages/torch_npu/contrib/transfer_to_npu.py:362: ImportWarning: 
[36m(pid=131334)[0m     *************************************************************************************************************
[36m(pid=131334)[0m     The torch.Tensor.cuda and torch.nn.Module.cuda are replaced with torch.Tensor.npu and torch.nn.Module.npu now..
[36m(pid=131334)[0m     The torch.cuda.DoubleTensor is replaced with torch.npu.FloatTensor cause the double type is not supported now..
[36m(pid=131334)[0m     The backend in torch.distributed.init_process_group set to hccl now..
[36m(pid=131334)[0m     The torch.cuda.* and torch.cuda.amp.* are replaced with torch.npu.* and torch.npu.amp.* now..
[36m(pid=131334)[0m     The device parameters have been replaced with npu in the function below:
[36m(pid=131334)[0m     torch.logspace, torch.randint, torch.hann_window, torch.rand, torch.full_like, torch.ones_like, torch.rand_like, torch.randperm, torch.arange, torch.frombuffer, torch.normal, torch._empty_per_channel_affine_quantized, torch.empty_strided, torch.empty_like, torch.scalar_tensor, torch.tril_indices, torch.bartlett_window, torch.ones, torch.sparse_coo_tensor, torch.randn, torch.kaiser_window, torch.tensor, torch.triu_indices, torch.as_tensor, torch.zeros, torch.randint_like, torch.full, torch.eye, torch._sparse_csr_tensor_unsafe, torch.empty, torch._sparse_coo_tensor_unsafe, torch.blackman_window, torch.zeros_like, torch.range, torch.sparse_csr_tensor, torch.randn_like, torch.from_file, torch._cudnn_init_dropout_state, torch._empty_affine_quantized, torch.linspace, torch.hamming_window, torch.empty_quantized, torch._pin_memory, torch.load, torch.set_default_device, torch.get_device_module, torch.sparse_compressed_tensor, torch.Tensor.new_empty, torch.Tensor.new_empty_strided, torch.Tensor.new_full, torch.Tensor.new_ones, torch.Tensor.new_tensor, torch.Tensor.new_zeros, torch.Tensor.to, torch.Tensor.pin_memory, torch.nn.Module.to, torch.nn.Module.to_empty
[36m(pid=131334)[0m     *************************************************************************************************************
[36m(pid=131334)[0m     
[36m(pid=131334)[0m   warnings.warn(msg, ImportWarning)
[36m(pid=131334)[0m /usr/local/python3.11.15/lib/python3.11/site-packages/torch_npu/contrib/transfer_to_npu.py:291: RuntimeWarning: torch.jit.script and torch.jit.script_method will be disabled by transfer_to_npu, which currently does not support them, if you need to enable them, please do not use transfer_to_npu.
[36m(pid=131334)[0m   warnings.warn(msg, RuntimeWarning)
[36m(pid=131331)[0m /MindSpeed/mindspeed/features_manager/megatron_basic/requirements_basic.py:68: UserWarning: fla_npu is not installed. use chunk_gated_delta_rule instead.
[36m(pid=131331)[0m   warnings.warn("fla_npu is not installed. use chunk_gated_delta_rule instead.")
[36m(pid=131334)[0m [Rank 0 | Local Rank 0] 2026-07-30 10:36:09,472 INFO [mindspeed.megatron_adaptor:33] => start to patch features in megatron adaptor.
[36m(pid=131334)[0m /MindSpeed/mindspeed/features_manager/megatron_basic/requirements_basic.py:68: UserWarning: fla_npu is not installed. use chunk_gated_delta_rule instead.
[36m(pid=131334)[0m   warnings.warn("fla_npu is not installed. use chunk_gated_delta_rule instead.")
[36m(pid=131339)[0m WARNING:2026-07-30 10:36:09,787:Platform 'huawei' (PlatformNPU) is registered but not available. This may be due to this ray actor being a CPU-only actor.
[36m(pid=131339)[0m /usr/local/python3.11.15/lib/python3.11/site-packages/torch_npu/contrib/transfer_to_npu.py:362: ImportWarning: 
[36m(pid=131339)[0m     *************************************************************************************************************
[36m(pid=131339)[0m     The torch.Tensor.cuda and torch.nn.Module.cuda are replaced with torch.Tensor.npu and torch.nn.Module.npu now..
[36m(pid=131339)[0m     The torch.cuda.DoubleTensor is replaced with torch.npu.FloatTensor cause the double type is not supported now..
[36m(pid=131339)[0m     The backend in torch.distributed.init_process_group set to hccl now..
[36m(pid=131339)[0m     The torch.cuda.* and torch.cuda.amp.* are replaced with torch.npu.* and torch.npu.amp.* now..
[36m(pid=131339)[0m     The device parameters have been replaced with npu in the function below:
[36m(pid=131339)[0m     torch.logspace, torch.randint, torch.hann_window, torch.rand, torch.full_like, torch.ones_like, torch.rand_like, torch.randperm, torch.arange, torch.frombuffer, torch.normal, torch._empty_per_channel_affine_quantized, torch.empty_strided, torch.empty_like, torch.scalar_tensor, torch.tril_indices, torch.bartlett_window, torch.ones, torch.sparse_coo_tensor, torch.randn, torch.kaiser_window, torch.tensor, torch.triu_indices, torch.as_tensor, torch.zeros, torch.randint_like, torch.full, torch.eye, torch._sparse_csr_tensor_unsafe, torch.empty, torch._sparse_coo_tensor_unsafe, torch.blackman_window, torch.zeros_like, torch.range, torch.sparse_csr_tensor, torch.randn_like, torch.from_file, torch._cudnn_init_dropout_state, torch._empty_affine_quantized, torch.linspace, torch.hamming_window, torch.empty_quantized, torch._pin_memory, torch.load, torch.set_default_device, torch.get_device_module, torch.sparse_compressed_tensor, torch.Tensor.new_empty, torch.Tensor.new_empty_strided, torch.Tensor.new_full, torch.Tensor.new_ones, torch.Tensor.new_tensor, torch.Tensor.new_zeros, torch.Tensor.to, torch.Tensor.pin_memory, torch.nn.Module.to, torch.nn.Module.to_empty
[36m(pid=131339)[0m     *************************************************************************************************************
[36m(pid=131339)[0m     
[36m(pid=131339)[0m   warnings.warn(msg, ImportWarning)
[36m(pid=131339)[0m /usr/local/python3.11.15/lib/python3.11/site-packages/torch_npu/contrib/transfer_to_npu.py:291: RuntimeWarning: torch.jit.script and torch.jit.script_method will be disabled by transfer_to_npu, which currently does not support them, if you need to enable them, please do not use transfer_to_npu.
[36m(pid=131339)[0m   warnings.warn(msg, RuntimeWarning)
[36m(pid=131339)[0m [Rank 0 | Local Rank 0] 2026-07-30 10:36:10,075 INFO [mindspeed.megatron_adaptor:33] => start to patch features in megatron adaptor.
[36m(pid=131339)[0m /MindSpeed/mindspeed/features_manager/megatron_basic/requirements_basic.py:68: UserWarning: fla_npu is not installed. use chunk_gated_delta_rule instead.
[36m(pid=131339)[0m   warnings.warn("fla_npu is not installed. use chunk_gated_delta_rule instead.")
[36m(pid=131340)[0m WARNING:2026-07-30 10:36:10,518:Platform 'huawei' (PlatformNPU) is registered but not available. This may be due to this ray actor being a CPU-only actor.
[36m(pid=131340)[0m /usr/local/python3.11.15/lib/python3.11/site-packages/torch_npu/contrib/transfer_to_npu.py:362: ImportWarning: 
[36m(pid=131340)[0m     *************************************************************************************************************
[36m(pid=131340)[0m     The torch.Tensor.cuda and torch.nn.Module.cuda are replaced with torch.Tensor.npu and torch.nn.Module.npu now..
[36m(pid=131340)[0m     The torch.cuda.DoubleTensor is replaced with torch.npu.FloatTensor cause the double type is not supported now..
[36m(pid=131340)[0m     The backend in torch.distributed.init_process_group set to hccl now..
[36m(pid=131340)[0m     The torch.cuda.* and torch.cuda.amp.* are replaced with torch.npu.* and torch.npu.amp.* now..
[36m(pid=131340)[0m     The device parameters have been replaced with npu in the function below:
[36m(pid=131340)[0m     torch.logspace, torch.randint, torch.hann_window, torch.rand, torch.full_like, torch.ones_like, torch.rand_like, torch.randperm, torch.arange, torch.frombuffer, torch.normal, torch._empty_per_channel_affine_quantized, torch.empty_strided, torch.empty_like, torch.scalar_tensor, torch.tril_indices, torch.bartlett_window, torch.ones, torch.sparse_coo_tensor, torch.randn, torch.kaiser_window, torch.tensor, torch.triu_indices, torch.as_tensor, torch.zeros, torch.randint_like, torch.full, torch.eye, torch._sparse_csr_tensor_unsafe, torch.empty, torch._sparse_coo_tensor_unsafe, torch.blackman_window, torch.zeros_like, torch.range, torch.sparse_csr_tensor, torch.randn_like, torch.from_file, torch._cudnn_init_dropout_state, torch._empty_affine_quantized, torch.linspace, torch.hamming_window, torch.empty_quantized, torch._pin_memory, torch.load, torch.set_default_device, torch.get_device_module, torch.sparse_compressed_tensor, torch.Tensor.new_empty, torch.Tensor.new_empty_strided, torch.Tensor.new_full, torch.Tensor.new_ones, torch.Tensor.new_tensor, torch.Tensor.new_zeros, torch.Tensor.to, torch.Tensor.pin_memory, torch.nn.Module.to, torch.nn.Module.to_empty
[36m(pid=131340)[0m     *************************************************************************************************************
[36m(pid=131340)[0m     
[36m(pid=131340)[0m   warnings.warn(msg, ImportWarning)
[36m(pid=131340)[0m /usr/local/python3.11.15/lib/python3.11/site-packages/torch_npu/contrib/transfer_to_npu.py:291: RuntimeWarning: torch.jit.script and torch.jit.script_method will be disabled by transfer_to_npu, which currently does not support them, if you need to enable them, please do not use transfer_to_npu.
[36m(pid=131340)[0m   warnings.warn(msg, RuntimeWarning)
[36m(pid=131340)[0m [Rank 0 | Local Rank 0] 2026-07-30 10:36:10,809 INFO [mindspeed.megatron_adaptor:33] => start to patch features in megatron adaptor.
[36m(pid=131340)[0m /MindSpeed/mindspeed/features_manager/megatron_basic/requirements_basic.py:68: UserWarning: fla_npu is not installed. use chunk_gated_delta_rule instead.
[36m(pid=131340)[0m   warnings.warn("fla_npu is not installed. use chunk_gated_delta_rule instead.")
[36m(pid=131336)[0m [Rank 0 | Local Rank 0] 2026-07-30 10:36:11,115 INFO [megatron.core.distributed.fsdp.src.megatron_fsdp.mixed_precision:34] => Using Megatron-FSDP without Transformer Engine.
[36m(pid=131336)[0m [Rank 0 | Local Rank 0] 2026-07-30 10:36:11,118 INFO [megatron.core.distributed.fsdp.src.megatron_fsdp.param_and_grad_buffer:69] => Detected Megatron Core, using Megatron-FSDP with Megatron.
[36m(pid=131336)[0m [Rank 0 | Local Rank 0] 2026-07-30 10:36:11,123 INFO [megatron.core.distributed.fsdp.src.megatron_fsdp.megatron_fsdp:47] => Detected Megatron Core, using Megatron-FSDP with Megatron.
[36m(pid=131336)[0m /Megatron-LM/megatron/core/inference/contexts/__init__.py:9: DeprecationWarning: The following imports from `dynamic_context.py` will be removed in this file in `megatron-core` 0.14. The imports here result in a cyclic import issue that causes rotary embeddings to import from Apex rather than Transformer Engine.
[36m(pid=131336)[0m   warnings.warn(
[36m(pid=131332)[0m [Rank 0 | Local Rank 0] 2026-07-30 10:36:11,261 INFO [megatron.core.distributed.fsdp.src.megatron_fsdp.mixed_precision:34] => Using Megatron-FSDP without Transformer Engine.
[36m(pid=131332)[0m [Rank 0 | Local Rank 0] 2026-07-30 10:36:11,264 INFO [megatron.core.distributed.fsdp.src.megatron_fsdp.param_and_grad_buffer:69] => Detected Megatron Core, using Megatron-FSDP with Megatron.
[36m(pid=131332)[0m [Rank 0 | Local Rank 0] 2026-07-30 10:36:11,269 INFO [megatron.core.distributed.fsdp.src.megatron_fsdp.megatron_fsdp:47] => Detected Megatron Core, using Megatron-FSDP with Megatron.
[36m(pid=131338)[0m /Megatron-LM/megatron/core/inference/contexts/__init__.py:9: DeprecationWarning: The following imports from `dynamic_context.py` will be removed in this file in `megatron-core` 0.14. The imports here result in a cyclic import issue that causes rotary embeddings to import from Apex rather than Transformer Engine.
[36m(pid=131338)[0m   warnings.warn(
[36m(pid=131338)[0m [Rank 0 | Local Rank 0] 2026-07-30 10:36:11,246 INFO [megatron.core.distributed.fsdp.src.megatron_fsdp.mixed_precision:34] => Using Megatron-FSDP without Transformer Engine.
[36m(pid=131338)[0m [Rank 0 | Local Rank 0] 2026-07-30 10:36:11,250 INFO [megatron.core.distributed.fsdp.src.megatron_fsdp.param_and_grad_buffer:69] => Detected Megatron Core, using Megatron-FSDP with Megatron.
[36m(pid=131338)[0m [Rank 0 | Local Rank 0] 2026-07-30 10:36:11,254 INFO [megatron.core.distributed.fsdp.src.megatron_fsdp.megatron_fsdp:47] => Detected Megatron Core, using Megatron-FSDP with Megatron.
[36m(pid=131332)[0m /Megatron-LM/megatron/core/inference/contexts/__init__.py:9: DeprecationWarning: The following imports from `dynamic_context.py` will be removed in this file in `megatron-core` 0.14. The imports here result in a cyclic import issue that causes rotary embeddings to import from Apex rather than Transformer Engine.
[36m(pid=131332)[0m   warnings.warn(
[36m(pid=131337)[0m [Rank 0 | Local Rank 0] 2026-07-30 10:36:11,394 INFO [megatron.core.distributed.fsdp.src.megatron_fsdp.mixed_precision:34] => Using Megatron-FSDP without Transformer Engine.
[36m(pid=131337)[0m [Rank 0 | Local Rank 0] 2026-07-30 10:36:11,397 INFO [megatron.core.distributed.fsdp.src.megatron_fsdp.param_and_grad_buffer:69] => Detected Megatron Core, using Megatron-FSDP with Megatron.
[36m(pid=131337)[0m [Rank 0 | Local Rank 0] 2026-07-30 10:36:11,402 INFO [megatron.core.distributed.fsdp.src.megatron_fsdp.megatron_fsdp:47] => Detected Megatron Core, using Megatron-FSDP with Megatron.
[36m(pid=131337)[0m /Megatron-LM/megatron/core/inference/contexts/__init__.py:9: DeprecationWarning: The following imports from `dynamic_context.py` will be removed in this file in `megatron-core` 0.14. The imports here result in a cyclic import issue that causes rotary embeddings to import from Apex rather than Transformer Engine.
[36m(pid=131337)[0m   warnings.warn(
[36m(pid=131331)[0m [Rank 0 | Local Rank 0] 2026-07-30 10:36:11,740 INFO [megatron.core.distributed.fsdp.src.megatron_fsdp.mixed_precision:34] => Using Megatron-FSDP without Transformer Engine.
[36m(pid=131331)[0m [Rank 0 | Local Rank 0] 2026-07-30 10:36:11,744 INFO [megatron.core.distributed.fsdp.src.megatron_fsdp.param_and_grad_buffer:69] => Detected Megatron Core, using Megatron-FSDP with Megatron.
[36m(pid=131331)[0m [Rank 0 | Local Rank 0] 2026-07-30 10:36:11,748 INFO [megatron.core.distributed.fsdp.src.megatron_fsdp.megatron_fsdp:47] => Detected Megatron Core, using Megatron-FSDP with Megatron.
[36m(pid=131331)[0m /Megatron-LM/megatron/core/inference/contexts/__init__.py:9: DeprecationWarning: The following imports from `dynamic_context.py` will be removed in this file in `megatron-core` 0.14. The imports here result in a cyclic import issue that causes rotary embeddings to import from Apex rather than Transformer Engine.
[36m(pid=131331)[0m   warnings.warn(
[36m(pid=131334)[0m [Rank 0 | Local Rank 0] 2026-07-30 10:36:11,822 INFO [megatron.core.distributed.fsdp.src.megatron_fsdp.mixed_precision:34] => Using Megatron-FSDP without Transformer Engine.
[36m(pid=131334)[0m [Rank 0 | Local Rank 0] 2026-07-30 10:36:11,826 INFO [megatron.core.distributed.fsdp.src.megatron_fsdp.param_and_grad_buffer:69] => Detected Megatron Core, using Megatron-FSDP with Megatron.
[36m(pid=131334)[0m [Rank 0 | Local Rank 0] 2026-07-30 10:36:11,831 INFO [megatron.core.distributed.fsdp.src.megatron_fsdp.megatron_fsdp:47] => Detected Megatron Core, using Megatron-FSDP with Megatron.
[36m(pid=131334)[0m /Megatron-LM/megatron/core/inference/contexts/__init__.py:9: DeprecationWarning: The following imports from `dynamic_context.py` will be removed in this file in `megatron-core` 0.14. The imports here result in a cyclic import issue that causes rotary embeddings to import from Apex rather than Transformer Engine.
[36m(pid=131334)[0m   warnings.warn(
[36m(pid=131339)[0m [Rank 0 | Local Rank 0] 2026-07-30 10:36:12,427 INFO [megatron.core.distributed.fsdp.src.megatron_fsdp.mixed_precision:34] => Using Megatron-FSDP without Transformer Engine.
[36m(pid=131339)[0m [Rank 0 | Local Rank 0] 2026-07-30 10:36:12,431 INFO [megatron.core.distributed.fsdp.src.megatron_fsdp.param_and_grad_buffer:69] => Detected Megatron Core, using Megatron-FSDP with Megatron.
[36m(pid=131339)[0m [Rank 0 | Local Rank 0] 2026-07-30 10:36:12,436 INFO [megatron.core.distributed.fsdp.src.megatron_fsdp.megatron_fsdp:47] => Detected Megatron Core, using Megatron-FSDP with Megatron.
[36m(pid=131339)[0m /Megatron-LM/megatron/core/inference/contexts/__init__.py:9: DeprecationWarning: The following imports from `dynamic_context.py` will be removed in this file in `megatron-core` 0.14. The imports here result in a cyclic import issue that causes rotary embeddings to import from Apex rather than Transformer Engine.
[36m(pid=131339)[0m   warnings.warn(
[36m(pid=131340)[0m [Rank 0 | Local Rank 0] 2026-07-30 10:36:13,218 INFO [megatron.core.distributed.fsdp.src.megatron_fsdp.mixed_precision:34] => Using Megatron-FSDP without Transformer Engine.
[36m(pid=131340)[0m [Rank 0 | Local Rank 0] 2026-07-30 10:36:13,222 INFO [megatron.core.distributed.fsdp.src.megatron_fsdp.param_and_grad_buffer:69] => Detected Megatron Core, using Megatron-FSDP with Megatron.
[36m(pid=131340)[0m [Rank 0 | Local Rank 0] 2026-07-30 10:36:13,226 INFO [megatron.core.distributed.fsdp.src.megatron_fsdp.megatron_fsdp:47] => Detected Megatron Core, using Megatron-FSDP with Megatron.
[36m(pid=131340)[0m /Megatron-LM/megatron/core/inference/contexts/__init__.py:9: DeprecationWarning: The following imports from `dynamic_context.py` will be removed in this file in `megatron-core` 0.14. The imports here result in a cyclic import issue that causes rotary embeddings to import from Apex rather than Transformer Engine.
[36m(pid=131340)[0m   warnings.warn(
[36m(pid=131332)[0m /MindSpeed/mindspeed/core/tensor_parallel/tp_2d/layernorm_2d.py:88: FutureWarning: `torch_npu.npu.amp.custom_fwd(args...)` is deprecated. Please use `torch.amp.custom_fwd(args..., device_type='npu')` instead.
[36m(pid=131332)[0m   @custom_fwd
[36m(pid=131332)[0m /MindSpeed/mindspeed/core/tensor_parallel/tp_2d/layernorm_2d.py:147: FutureWarning: `torch_npu.npu.amp.custom_bwd(args...)` is deprecated. Please use `torch.amp.custom_bwd(args..., device_type='npu')` instead.
[36m(pid=131332)[0m   @custom_bwd
[36m(pid=131332)[0m /MindSpeed/mindspeed/core/tensor_parallel/tp_2d/rms_norm_2d.py:66: FutureWarning: `torch_npu.npu.amp.custom_fwd(args...)` is deprecated. Please use `torch.amp.custom_fwd(args..., device_type='npu')` instead.
[36m(pid=131332)[0m   @custom_fwd
[36m(pid=131332)[0m /MindSpeed/mindspeed/core/tensor_parallel/tp_2d/rms_norm_2d.py:87: FutureWarning: `torch_npu.npu.amp.custom_bwd(args...)` is deprecated. Please use `torch.amp.custom_bwd(args..., device_type='npu')` instead.
[36m(pid=131332)[0m   @custom_bwd
[36m(pid=131336)[0m /MindSpeed/mindspeed/core/tensor_parallel/tp_2d/layernorm_2d.py:88: FutureWarning: `torch_npu.npu.amp.custom_fwd(args...)` is deprecated. Please use `torch.amp.custom_fwd(args..., device_type='npu')` instead.
[36m(pid=131336)[0m   @custom_fwd
[36m(pid=131336)[0m /MindSpeed/mindspeed/core/tensor_parallel/tp_2d/layernorm_2d.py:147: FutureWarning: `torch_npu.npu.amp.custom_bwd(args...)` is deprecated. Please use `torch.amp.custom_bwd(args..., device_type='npu')` instead.
[36m(pid=131336)[0m   @custom_bwd
[36m(pid=131336)[0m /MindSpeed/mindspeed/core/tensor_parallel/tp_2d/rms_norm_2d.py:66: FutureWarning: `torch_npu.npu.amp.custom_fwd(args...)` is deprecated. Please use `torch.amp.custom_fwd(args..., device_type='npu')` instead.
[36m(pid=131336)[0m   @custom_fwd
[36m(pid=131336)[0m /MindSpeed/mindspeed/core/tensor_parallel/tp_2d/rms_norm_2d.py:87: FutureWarning: `torch_npu.npu.amp.custom_bwd(args...)` is deprecated. Please use `torch.amp.custom_bwd(args..., device_type='npu')` instead.
[36m(pid=131336)[0m   @custom_bwd
[36m(pid=131336)[0m /Megatron-LM/megatron/core/transformer/multi_latent_attention.py:36: DeprecationWarning: The 'megatron.core.transformer.custom_layers.transformer_engine' 
[36m(pid=131336)[0m     module is deprecated and will be removed in 0.10.0. Please use 
[36m(pid=131336)[0m     'megatron.core.extensions.transformer_engine' instead.
[36m(pid=131336)[0m   from megatron.core.transformer.custom_layers.transformer_engine import (
[36m(pid=131338)[0m /MindSpeed/mindspeed/core/tensor_parallel/tp_2d/layernorm_2d.py:88: FutureWarning: `torch_npu.npu.amp.custom_fwd(args...)` is deprecated. Please use `torch.amp.custom_fwd(args..., device_type='npu')` instead.
[36m(pid=131338)[0m   @custom_fwd
[36m(pid=131338)[0m /MindSpeed/mindspeed/core/tensor_parallel/tp_2d/layernorm_2d.py:147: FutureWarning: `torch_npu.npu.amp.custom_bwd(args...)` is deprecated. Please use `torch.amp.custom_bwd(args..., device_type='npu')` instead.
[36m(pid=131338)[0m   @custom_bwd
[36m(pid=131338)[0m /MindSpeed/mindspeed/core/tensor_parallel/tp_2d/rms_norm_2d.py:66: FutureWarning: `torch_npu.npu.amp.custom_fwd(args...)` is deprecated. Please use `torch.amp.custom_fwd(args..., device_type='npu')` instead.
[36m(pid=131338)[0m   @custom_fwd
[36m(pid=131338)[0m /MindSpeed/mindspeed/core/tensor_parallel/tp_2d/rms_norm_2d.py:87: FutureWarning: `torch_npu.npu.amp.custom_bwd(args...)` is deprecated. Please use `torch.amp.custom_bwd(args..., device_type='npu')` instead.
[36m(pid=131338)[0m   @custom_bwd
[36m(pid=131338)[0m /Megatron-LM/megatron/core/transformer/multi_latent_attention.py:36: DeprecationWarning: The 'megatron.core.transformer.custom_layers.transformer_engine' 
[36m(pid=131338)[0m     module is deprecated and will be removed in 0.10.0. Please use 
[36m(pid=131338)[0m     'megatron.core.extensions.transformer_engine' instead.
[36m(pid=131338)[0m   from megatron.core.transformer.custom_layers.transformer_engine import (
[36m(pid=131332)[0m /Megatron-LM/megatron/core/transformer/multi_latent_attention.py:36: DeprecationWarning: The 'megatron.core.transformer.custom_layers.transformer_engine' 
[36m(pid=131332)[0m     module is deprecated and will be removed in 0.10.0. Please use 
[36m(pid=131332)[0m     'megatron.core.extensions.transformer_engine' instead.
[36m(pid=131332)[0m   from megatron.core.transformer.custom_layers.transformer_engine import (
[36m(pid=131337)[0m /MindSpeed/mindspeed/core/tensor_parallel/tp_2d/layernorm_2d.py:88: FutureWarning: `torch_npu.npu.amp.custom_fwd(args...)` is deprecated. Please use `torch.amp.custom_fwd(args..., device_type='npu')` instead.
[36m(pid=131337)[0m   @custom_fwd
[36m(pid=131337)[0m /MindSpeed/mindspeed/core/tensor_parallel/tp_2d/layernorm_2d.py:147: FutureWarning: `torch_npu.npu.amp.custom_bwd(args...)` is deprecated. Please use `torch.amp.custom_bwd(args..., device_type='npu')` instead.
[36m(pid=131337)[0m   @custom_bwd
[36m(pid=131337)[0m /MindSpeed/mindspeed/core/tensor_parallel/tp_2d/rms_norm_2d.py:66: FutureWarning: `torch_npu.npu.amp.custom_fwd(args...)` is deprecated. Please use `torch.amp.custom_fwd(args..., device_type='npu')` instead.
[36m(pid=131337)[0m   @custom_fwd
[36m(pid=131337)[0m /MindSpeed/mindspeed/core/tensor_parallel/tp_2d/rms_norm_2d.py:87: FutureWarning: `torch_npu.npu.amp.custom_bwd(args...)` is deprecated. Please use `torch.amp.custom_bwd(args..., device_type='npu')` instead.
[36m(pid=131337)[0m   @custom_bwd
[36m(pid=131337)[0m /Megatron-LM/megatron/core/transformer/multi_latent_attention.py:36: DeprecationWarning: The 'megatron.core.transformer.custom_layers.transformer_engine' 
[36m(pid=131337)[0m     module is deprecated and will be removed in 0.10.0. Please use 
[36m(pid=131337)[0m     'megatron.core.extensions.transformer_engine' instead.
[36m(pid=131337)[0m   from megatron.core.transformer.custom_layers.transformer_engine import (
[36m(pid=131331)[0m /MindSpeed/mindspeed/core/tensor_parallel/tp_2d/layernorm_2d.py:88: FutureWarning: `torch_npu.npu.amp.custom_fwd(args...)` is deprecated. Please use `torch.amp.custom_fwd(args..., device_type='npu')` instead.
[36m(pid=131331)[0m   @custom_fwd
[36m(pid=131331)[0m /MindSpeed/mindspeed/core/tensor_parallel/tp_2d/layernorm_2d.py:147: FutureWarning: `torch_npu.npu.amp.custom_bwd(args...)` is deprecated. Please use `torch.amp.custom_bwd(args..., device_type='npu')` instead.
[36m(pid=131331)[0m   @custom_bwd
[36m(pid=131331)[0m /MindSpeed/mindspeed/core/tensor_parallel/tp_2d/rms_norm_2d.py:66: FutureWarning: `torch_npu.npu.amp.custom_fwd(args...)` is deprecated. Please use `torch.amp.custom_fwd(args..., device_type='npu')` instead.
[36m(pid=131331)[0m   @custom_fwd
[36m(pid=131331)[0m /MindSpeed/mindspeed/core/tensor_parallel/tp_2d/rms_norm_2d.py:87: FutureWarning: `torch_npu.npu.amp.custom_bwd(args...)` is deprecated. Please use `torch.amp.custom_bwd(args..., device_type='npu')` instead.
[36m(pid=131331)[0m   @custom_bwd
[36m(pid=131331)[0m /Megatron-LM/megatron/core/transformer/multi_latent_attention.py:36: DeprecationWarning: The 'megatron.core.transformer.custom_layers.transformer_engine' 
[36m(pid=131331)[0m     module is deprecated and will be removed in 0.10.0. Please use 
[36m(pid=131331)[0m     'megatron.core.extensions.transformer_engine' instead.
[36m(pid=131331)[0m   from megatron.core.transformer.custom_layers.transformer_engine import (
[36m(pid=131334)[0m /MindSpeed/mindspeed/core/tensor_parallel/tp_2d/layernorm_2d.py:88: FutureWarning: `torch_npu.npu.amp.custom_fwd(args...)` is deprecated. Please use `torch.amp.custom_fwd(args..., device_type='npu')` instead.
[36m(pid=131334)[0m   @custom_fwd
[36m(pid=131334)[0m /MindSpeed/mindspeed/core/tensor_parallel/tp_2d/layernorm_2d.py:147: FutureWarning: `torch_npu.npu.amp.custom_bwd(args...)` is deprecated. Please use `torch.amp.custom_bwd(args..., device_type='npu')` instead.
[36m(pid=131334)[0m   @custom_bwd
[36m(pid=131334)[0m /MindSpeed/mindspeed/core/tensor_parallel/tp_2d/rms_norm_2d.py:66: FutureWarning: `torch_npu.npu.amp.custom_fwd(args...)` is deprecated. Please use `torch.amp.custom_fwd(args..., device_type='npu')` instead.
[36m(pid=131334)[0m   @custom_fwd
[36m(pid=131334)[0m /MindSpeed/mindspeed/core/tensor_parallel/tp_2d/rms_norm_2d.py:87: FutureWarning: `torch_npu.npu.amp.custom_bwd(args...)` is deprecated. Please use `torch.amp.custom_bwd(args..., device_type='npu')` instead.
[36m(pid=131334)[0m   @custom_bwd
[36m(pid=131334)[0m /Megatron-LM/megatron/core/transformer/multi_latent_attention.py:36: DeprecationWarning: The 'megatron.core.transformer.custom_layers.transformer_engine' 
[36m(pid=131334)[0m     module is deprecated and will be removed in 0.10.0. Please use 
[36m(pid=131334)[0m     'megatron.core.extensions.transformer_engine' instead.
[36m(pid=131334)[0m   from megatron.core.transformer.custom_layers.transformer_engine import (
[36m(pid=131339)[0m /MindSpeed/mindspeed/core/tensor_parallel/tp_2d/layernorm_2d.py:88: FutureWarning: `torch_npu.npu.amp.custom_fwd(args...)` is deprecated. Please use `torch.amp.custom_fwd(args..., device_type='npu')` instead.
[36m(pid=131339)[0m   @custom_fwd
[36m(pid=131339)[0m /MindSpeed/mindspeed/core/tensor_parallel/tp_2d/layernorm_2d.py:147: FutureWarning: `torch_npu.npu.amp.custom_bwd(args...)` is deprecated. Please use `torch.amp.custom_bwd(args..., device_type='npu')` instead.
[36m(pid=131339)[0m   @custom_bwd
[36m(pid=131339)[0m /MindSpeed/mindspeed/core/tensor_parallel/tp_2d/rms_norm_2d.py:66: FutureWarning: `torch_npu.npu.amp.custom_fwd(args...)` is deprecated. Please use `torch.amp.custom_fwd(args..., device_type='npu')` instead.
[36m(pid=131339)[0m   @custom_fwd
[36m(pid=131339)[0m /MindSpeed/mindspeed/core/tensor_parallel/tp_2d/rms_norm_2d.py:87: FutureWarning: `torch_npu.npu.amp.custom_bwd(args...)` is deprecated. Please use `torch.amp.custom_bwd(args..., device_type='npu')` instead.
[36m(pid=131339)[0m   @custom_bwd
[36m(pid=131339)[0m /Megatron-LM/megatron/core/transformer/multi_latent_attention.py:36: DeprecationWarning: The 'megatron.core.transformer.custom_layers.transformer_engine' 
[36m(pid=131339)[0m     module is deprecated and will be removed in 0.10.0. Please use 
[36m(pid=131339)[0m     'megatron.core.extensions.transformer_engine' instead.
[36m(pid=131339)[0m   from megatron.core.transformer.custom_layers.transformer_engine import (
[36m(pid=131340)[0m /MindSpeed/mindspeed/core/tensor_parallel/tp_2d/layernorm_2d.py:88: FutureWarning: `torch_npu.npu.amp.custom_fwd(args...)` is deprecated. Please use `torch.amp.custom_fwd(args..., device_type='npu')` instead.
[36m(pid=131340)[0m   @custom_fwd
[36m(pid=131340)[0m /MindSpeed/mindspeed/core/tensor_parallel/tp_2d/layernorm_2d.py:147: FutureWarning: `torch_npu.npu.amp.custom_bwd(args...)` is deprecated. Please use `torch.amp.custom_bwd(args..., device_type='npu')` instead.
[36m(pid=131340)[0m   @custom_bwd
[36m(pid=131340)[0m /MindSpeed/mindspeed/core/tensor_parallel/tp_2d/rms_norm_2d.py:66: FutureWarning: `torch_npu.npu.amp.custom_fwd(args...)` is deprecated. Please use `torch.amp.custom_fwd(args..., device_type='npu')` instead.
[36m(pid=131340)[0m   @custom_fwd
[36m(pid=131340)[0m /MindSpeed/mindspeed/core/tensor_parallel/tp_2d/rms_norm_2d.py:87: FutureWarning: `torch_npu.npu.amp.custom_bwd(args...)` is deprecated. Please use `torch.amp.custom_bwd(args..., device_type='npu')` instead.
[36m(pid=131340)[0m   @custom_bwd
[36m(pid=131340)[0m /Megatron-LM/megatron/core/transformer/multi_latent_attention.py:36: DeprecationWarning: The 'megatron.core.transformer.custom_layers.transformer_engine' 
[36m(pid=131340)[0m     module is deprecated and will be removed in 0.10.0. Please use 
[36m(pid=131340)[0m     'megatron.core.extensions.transformer_engine' instead.
[36m(pid=131340)[0m   from megatron.core.transformer.custom_layers.transformer_engine import (
[36m(AgentLoopWorkerTQ pid=131332)[0m Using dataset class: RLHFDataset
[36m(AgentLoopWorkerTQ pid=131332)[0m Warning: since the loaded file is not a zipfile, only "torch.device" and "str" type parameters are currently supported for parameter types of map_location. If parameter types of map_location is "Callable[[torch.Tensor, str], torch.Tensor]" or "Dict[str, str]", which is only support for zipfile, all tensors are currently loaded onto the CPU, which may introduce problems.
[36m(AgentLoopWorkerTQ pid=131332)[0m Using blocking ray.get inside async actor. This blocks the event loop. Please use `await` on object ref with asyncio.gather if you want to yield execution to the event loop instead.
[36m(AgentLoopWorkerTQ pid=131336)[0m Using blocking ray.get inside async actor. This blocks the event loop. Please use `await` on object ref with asyncio.gather if you want to yield execution to the event loop instead.
[36m(AgentLoopWorkerTQ pid=131336)[0m Using dataset class: RLHFDataset
[36m(AgentLoopWorkerTQ pid=131336)[0m Warning: since the loaded file is not a zipfile, only "torch.device" and "str" type parameters are currently supported for parameter types of map_location. If parameter types of map_location is "Callable[[torch.Tensor, str], torch.Tensor]" or "Dict[str, str]", which is only support for zipfile, all tensors are currently loaded onto the CPU, which may introduce problems.
[36m(AgentLoopWorkerTQ pid=131338)[0m Using blocking ray.get inside async actor. This blocks the event loop. Please use `await` on object ref with asyncio.gather if you want to yield execution to the event loop instead.
[36m(AgentLoopWorkerTQ pid=131337)[0m Using dataset class: RLHFDataset
[36m(AgentLoopWorkerTQ pid=131337)[0m Warning: since the loaded file is not a zipfile, only "torch.device" and "str" type parameters are currently supported for parameter types of map_location. If parameter types of map_location is "Callable[[torch.Tensor, str], torch.Tensor]" or "Dict[str, str]", which is only support for zipfile, all tensors are currently loaded onto the CPU, which may introduce problems.
[36m(AgentLoopWorkerTQ pid=131337)[0m Using blocking ray.get inside async actor. This blocks the event loop. Please use `await` on object ref with asyncio.gather if you want to yield execution to the event loop instead.
[36m(AgentLoopWorkerTQ pid=131338)[0m Using dataset class: RLHFDataset
[36m(AgentLoopWorkerTQ pid=131338)[0m Warning: since the loaded file is not a zipfile, only "torch.device" and "str" type parameters are currently supported for parameter types of map_location. If parameter types of map_location is "Callable[[torch.Tensor, str], torch.Tensor]" or "Dict[str, str]", which is only support for zipfile, all tensors are currently loaded onto the CPU, which may introduce problems.
[36m(AgentLoopWorkerTQ pid=131332)[0m [Rank 0 | Local Rank 0] 2026-07-30 10:36:20,728 INFO [torch_npu.env:15] => get env LD_LIBRARY_PATH = /usr/local/python3.11.15/lib/python3.11/site-packages/cv2/../../lib64:/usr/local/Ascend/nnal/atb/latest/atb/cxx_abi_1/lib:/usr/local/Ascend/nnal/atb/latest/atb/cxx_abi_1/examples:/usr/local/Ascend/nnal/atb/latest/atb/cxx_abi_1/tests/atbopstest:/usr/local/Ascend/cann-9.0.0/lib64:/usr/local/Ascend/cann-9.0.0/lib64/plugin/opskernel:/usr/local/Ascend/cann-9.0.0/lib64/plugin/nnengine:/usr/local/Ascend/cann-9.0.0/opp/built-in/op_impl/ai_core/tbe/op_tiling/lib/linux/aarch64:/usr/local/Ascend/driver/lib64:/usr/local/Ascend/driver/lib64/common:/usr/local/Ascend/driver/lib64/driver:/usr/local/Ascend/driver/lib64:/usr/local/Ascend/driver/lib64/common:/usr/local/Ascend/driver/lib64/driver:/usr/local/Ascend/nnal/atb/latest/atb/cxx_abi_1/lib:/usr/local/Ascend/nnal/atb/latest/atb/cxx_abi_1/examples:/usr/local/Ascend/nnal/atb/latest/atb/cxx_abi_1/tests/atbopstest:/usr/local/Ascend/ascend-toolkit/latest/tools/aml/lib64:/usr/local/Ascend/ascend-toolkit/latest/tools/aml/lib64/plugin:/usr/local/Ascend/ascend-toolkit/latest/lib64:/usr/local/Ascend/ascend-toolkit/latest/lib64/plugin/opskernel:/usr/local/Ascend/ascend-toolkit/latest/lib64/plugin/nnengine:/usr/local/Ascend/ascend-toolkit/latest/opp/built-in/op_impl/ai_core/tbe/op_tiling:/usr/local/python3.11.15/lib:
[36m(AgentLoopWorkerTQ pid=131336)[0m [Rank 0 | Local Rank 0] 2026-07-30 10:36:20,744 INFO [torch_npu.env:15] => get env LD_LIBRARY_PATH = /usr/local/python3.11.15/lib/python3.11/site-packages/cv2/../../lib64:/usr/local/Ascend/nnal/atb/latest/atb/cxx_abi_1/lib:/usr/local/Ascend/nnal/atb/latest/atb/cxx_abi_1/examples:/usr/local/Ascend/nnal/atb/latest/atb/cxx_abi_1/tests/atbopstest:/usr/local/Ascend/cann-9.0.0/lib64:/usr/local/Ascend/cann-9.0.0/lib64/plugin/opskernel:/usr/local/Ascend/cann-9.0.0/lib64/plugin/nnengine:/usr/local/Ascend/cann-9.0.0/opp/built-in/op_impl/ai_core/tbe/op_tiling/lib/linux/aarch64:/usr/local/Ascend/driver/lib64:/usr/local/Ascend/driver/lib64/common:/usr/local/Ascend/driver/lib64/driver:/usr/local/Ascend/driver/lib64:/usr/local/Ascend/driver/lib64/common:/usr/local/Ascend/driver/lib64/driver:/usr/local/Ascend/nnal/atb/latest/atb/cxx_abi_1/lib:/usr/local/Ascend/nnal/atb/latest/atb/cxx_abi_1/examples:/usr/local/Ascend/nnal/atb/latest/atb/cxx_abi_1/tests/atbopstest:/usr/local/Ascend/ascend-toolkit/latest/tools/aml/lib64:/usr/local/Ascend/ascend-toolkit/latest/tools/aml/lib64/plugin:/usr/local/Ascend/ascend-toolkit/latest/lib64:/usr/local/Ascend/ascend-toolkit/latest/lib64/plugin/opskernel:/usr/local/Ascend/ascend-toolkit/latest/lib64/plugin/nnengine:/usr/local/Ascend/ascend-toolkit/latest/opp/built-in/op_impl/ai_core/tbe/op_tiling:/usr/local/python3.11.15/lib:
[36m(AgentLoopWorkerTQ pid=131337)[0m [Rank 0 | Local Rank 0] 2026-07-30 10:36:20,743 INFO [torch_npu.env:15] => get env LD_LIBRARY_PATH = /usr/local/python3.11.15/lib/python3.11/site-packages/cv2/../../lib64:/usr/local/Ascend/nnal/atb/latest/atb/cxx_abi_1/lib:/usr/local/Ascend/nnal/atb/latest/atb/cxx_abi_1/examples:/usr/local/Ascend/nnal/atb/latest/atb/cxx_abi_1/tests/atbopstest:/usr/local/Ascend/cann-9.0.0/lib64:/usr/local/Ascend/cann-9.0.0/lib64/plugin/opskernel:/usr/local/Ascend/cann-9.0.0/lib64/plugin/nnengine:/usr/local/Ascend/cann-9.0.0/opp/built-in/op_impl/ai_core/tbe/op_tiling/lib/linux/aarch64:/usr/local/Ascend/driver/lib64:/usr/local/Ascend/driver/lib64/common:/usr/local/Ascend/driver/lib64/driver:/usr/local/Ascend/driver/lib64:/usr/local/Ascend/driver/lib64/common:/usr/local/Ascend/driver/lib64/driver:/usr/local/Ascend/nnal/atb/latest/atb/cxx_abi_1/lib:/usr/local/Ascend/nnal/atb/latest/atb/cxx_abi_1/examples:/usr/local/Ascend/nnal/atb/latest/atb/cxx_abi_1/tests/atbopstest:/usr/local/Ascend/ascend-toolkit/latest/tools/aml/lib64:/usr/local/Ascend/ascend-toolkit/latest/tools/aml/lib64/plugin:/usr/local/Ascend/ascend-toolkit/latest/lib64:/usr/local/Ascend/ascend-toolkit/latest/lib64/plugin/opskernel:/usr/local/Ascend/ascend-toolkit/latest/lib64/plugin/nnengine:/usr/local/Ascend/ascend-toolkit/latest/opp/built-in/op_impl/ai_core/tbe/op_tiling:/usr/local/python3.11.15/lib:
[36m(AgentLoopWorkerTQ pid=131338)[0m [Rank 0 | Local Rank 0] 2026-07-30 10:36:20,763 INFO [torch_npu.env:15] => get env LD_LIBRARY_PATH = /usr/local/python3.11.15/lib/python3.11/site-packages/cv2/../../lib64:/usr/local/Ascend/nnal/atb/latest/atb/cxx_abi_1/lib:/usr/local/Ascend/nnal/atb/latest/atb/cxx_abi_1/examples:/usr/local/Ascend/nnal/atb/latest/atb/cxx_abi_1/tests/atbopstest:/usr/local/Ascend/cann-9.0.0/lib64:/usr/local/Ascend/cann-9.0.0/lib64/plugin/opskernel:/usr/local/Ascend/cann-9.0.0/lib64/plugin/nnengine:/usr/local/Ascend/cann-9.0.0/opp/built-in/op_impl/ai_core/tbe/op_tiling/lib/linux/aarch64:/usr/local/Ascend/driver/lib64:/usr/local/Ascend/driver/lib64/common:/usr/local/Ascend/driver/lib64/driver:/usr/local/Ascend/driver/lib64:/usr/local/Ascend/driver/lib64/common:/usr/local/Ascend/driver/lib64/driver:/usr/local/Ascend/nnal/atb/latest/atb/cxx_abi_1/lib:/usr/local/Ascend/nnal/atb/latest/atb/cxx_abi_1/examples:/usr/local/Ascend/nnal/atb/latest/atb/cxx_abi_1/tests/atbopstest:/usr/local/Ascend/ascend-toolkit/latest/tools/aml/lib64:/usr/local/Ascend/ascend-toolkit/latest/tools/aml/lib64/plugin:/usr/local/Ascend/ascend-toolkit/latest/lib64:/usr/local/Ascend/ascend-toolkit/latest/lib64/plugin/opskernel:/usr/local/Ascend/ascend-toolkit/latest/lib64/plugin/nnengine:/usr/local/Ascend/ascend-toolkit/latest/opp/built-in/op_impl/ai_core/tbe/op_tiling:/usr/local/python3.11.15/lib:
[36m(AgentLoopWorkerTQ pid=131332)[0m [Rank 0 | Local Rank 0] 2026-07-30 10:36:21,255 INFO [torch_npu.env:15] => get env VLLM_BATCH_INVARIANT = 0
[36m(AgentLoopWorkerTQ pid=131338)[0m [Rank 0 | Local Rank 0] 2026-07-30 10:36:21,344 INFO [torch_npu.env:15] => get env VLLM_BATCH_INVARIANT = 0
[36m(AgentLoopWorkerTQ pid=131337)[0m [Rank 0 | Local Rank 0] 2026-07-30 10:36:21,360 INFO [torch_npu.env:15] => get env VLLM_BATCH_INVARIANT = 0
[36m(AgentLoopWorkerTQ pid=131336)[0m [Rank 0 | Local Rank 0] 2026-07-30 10:36:21,385 INFO [torch_npu.env:15] => get env VLLM_BATCH_INVARIANT = 0
[36m(AgentLoopWorkerTQ pid=131331)[0m Using dataset class: RLHFDataset
[36m(AgentLoopWorkerTQ pid=131331)[0m Warning: since the loaded file is not a zipfile, only "torch.device" and "str" type parameters are currently supported for parameter types of map_location. If parameter types of map_location is "Callable[[torch.Tensor, str], torch.Tensor]" or "Dict[str, str]", which is only support for zipfile, all tensors are currently loaded onto the CPU, which may introduce problems.
[36m(AgentLoopWorkerTQ pid=131331)[0m Using blocking ray.get inside async actor. This blocks the event loop. Please use `await` on object ref with asyncio.gather if you want to yield execution to the event loop instead.
[36m(AgentLoopWorkerTQ pid=131331)[0m [Rank 0 | Local Rank 0] 2026-07-30 10:36:21,935 INFO [torch_npu.env:15] => get env LD_LIBRARY_PATH = /usr/local/python3.11.15/lib/python3.11/site-packages/cv2/../../lib64:/usr/local/Ascend/nnal/atb/latest/atb/cxx_abi_1/lib:/usr/local/Ascend/nnal/atb/latest/atb/cxx_abi_1/examples:/usr/local/Ascend/nnal/atb/latest/atb/cxx_abi_1/tests/atbopstest:/usr/local/Ascend/cann-9.0.0/lib64:/usr/local/Ascend/cann-9.0.0/lib64/plugin/opskernel:/usr/local/Ascend/cann-9.0.0/lib64/plugin/nnengine:/usr/local/Ascend/cann-9.0.0/opp/built-in/op_impl/ai_core/tbe/op_tiling/lib/linux/aarch64:/usr/local/Ascend/driver/lib64:/usr/local/Ascend/driver/lib64/common:/usr/local/Ascend/driver/lib64/driver:/usr/local/Ascend/driver/lib64:/usr/local/Ascend/driver/lib64/common:/usr/local/Ascend/driver/lib64/driver:/usr/local/Ascend/nnal/atb/latest/atb/cxx_abi_1/lib:/usr/local/Ascend/nnal/atb/latest/atb/cxx_abi_1/examples:/usr/local/Ascend/nnal/atb/latest/atb/cxx_abi_1/tests/atbopstest:/usr/local/Ascend/ascend-toolkit/latest/tools/aml/lib64:/usr/local/Ascend/ascend-toolkit/latest/tools/aml/lib64/plugin:/usr/local/Ascend/ascend-toolkit/latest/lib64:/usr/local/Ascend/ascend-toolkit/latest/lib64/plugin/opskernel:/usr/local/Ascend/ascend-toolkit/latest/lib64/plugin/nnengine:/usr/local/Ascend/ascend-toolkit/latest/opp/built-in/op_impl/ai_core/tbe/op_tiling:/usr/local/python3.11.15/lib:
[36m(AgentLoopWorkerTQ pid=131334)[0m Using dataset class: RLHFDataset
[36m(AgentLoopWorkerTQ pid=131334)[0m Warning: since the loaded file is not a zipfile, only "torch.device" and "str" type parameters are currently supported for parameter types of map_location. If parameter types of map_location is "Callable[[torch.Tensor, str], torch.Tensor]" or "Dict[str, str]", which is only support for zipfile, all tensors are currently loaded onto the CPU, which may introduce problems.
[36m(AgentLoopWorkerTQ pid=131334)[0m Using blocking ray.get inside async actor. This blocks the event loop. Please use `await` on object ref with asyncio.gather if you want to yield execution to the event loop instead.
[36m(AgentLoopWorkerTQ pid=131331)[0m [Rank 0 | Local Rank 0] 2026-07-30 10:36:22,489 INFO [torch_npu.env:15] => get env VLLM_BATCH_INVARIANT = 0
[36m(AgentLoopWorkerTQ pid=131334)[0m [Rank 0 | Local Rank 0] 2026-07-30 10:36:22,547 INFO [torch_npu.env:15] => get env LD_LIBRARY_PATH = /usr/local/python3.11.15/lib/python3.11/site-packages/cv2/../../lib64:/usr/local/Ascend/nnal/atb/latest/atb/cxx_abi_1/lib:/usr/local/Ascend/nnal/atb/latest/atb/cxx_abi_1/examples:/usr/local/Ascend/nnal/atb/latest/atb/cxx_abi_1/tests/atbopstest:/usr/local/Ascend/cann-9.0.0/lib64:/usr/local/Ascend/cann-9.0.0/lib64/plugin/opskernel:/usr/local/Ascend/cann-9.0.0/lib64/plugin/nnengine:/usr/local/Ascend/cann-9.0.0/opp/built-in/op_impl/ai_core/tbe/op_tiling/lib/linux/aarch64:/usr/local/Ascend/driver/lib64:/usr/local/Ascend/driver/lib64/common:/usr/local/Ascend/driver/lib64/driver:/usr/local/Ascend/driver/lib64:/usr/local/Ascend/driver/lib64/common:/usr/local/Ascend/driver/lib64/driver:/usr/local/Ascend/nnal/atb/latest/atb/cxx_abi_1/lib:/usr/local/Ascend/nnal/atb/latest/atb/cxx_abi_1/examples:/usr/local/Ascend/nnal/atb/latest/atb/cxx_abi_1/tests/atbopstest:/usr/local/Ascend/ascend-toolkit/latest/tools/aml/lib64:/usr/local/Ascend/ascend-toolkit/latest/tools/aml/lib64/plugin:/usr/local/Ascend/ascend-toolkit/latest/lib64:/usr/local/Ascend/ascend-toolkit/latest/lib64/plugin/opskernel:/usr/local/Ascend/ascend-toolkit/latest/lib64/plugin/nnengine:/usr/local/Ascend/ascend-toolkit/latest/opp/built-in/op_impl/ai_core/tbe/op_tiling:/usr/local/python3.11.15/lib:
[36m(AgentLoopWorkerTQ pid=131334)[0m [Rank 0 | Local Rank 0] 2026-07-30 10:36:23,122 INFO [torch_npu.env:15] => get env VLLM_BATCH_INVARIANT = 0
[36m(AgentLoopWorkerTQ pid=131339)[0m Using dataset class: RLHFDataset
[36m(AgentLoopWorkerTQ pid=131339)[0m Using blocking ray.get inside async actor. This blocks the event loop. Please use `await` on object ref with asyncio.gather if you want to yield execution to the event loop instead.
[36m(AgentLoopWorkerTQ pid=131339)[0m Warning: since the loaded file is not a zipfile, only "torch.device" and "str" type parameters are currently supported for parameter types of map_location. If parameter types of map_location is "Callable[[torch.Tensor, str], torch.Tensor]" or "Dict[str, str]", which is only support for zipfile, all tensors are currently loaded onto the CPU, which may introduce problems.
[36m(AgentLoopWorkerTQ pid=131339)[0m [Rank 0 | Local Rank 0] 2026-07-30 10:36:23,418 INFO [torch_npu.env:15] => get env LD_LIBRARY_PATH = /usr/local/python3.11.15/lib/python3.11/site-packages/cv2/../../lib64:/usr/local/Ascend/nnal/atb/latest/atb/cxx_abi_1/lib:/usr/local/Ascend/nnal/atb/latest/atb/cxx_abi_1/examples:/usr/local/Ascend/nnal/atb/latest/atb/cxx_abi_1/tests/atbopstest:/usr/local/Ascend/cann-9.0.0/lib64:/usr/local/Ascend/cann-9.0.0/lib64/plugin/opskernel:/usr/local/Ascend/cann-9.0.0/lib64/plugin/nnengine:/usr/local/Ascend/cann-9.0.0/opp/built-in/op_impl/ai_core/tbe/op_tiling/lib/linux/aarch64:/usr/local/Ascend/driver/lib64:/usr/local/Ascend/driver/lib64/common:/usr/local/Ascend/driver/lib64/driver:/usr/local/Ascend/driver/lib64:/usr/local/Ascend/driver/lib64/common:/usr/local/Ascend/driver/lib64/driver:/usr/local/Ascend/nnal/atb/latest/atb/cxx_abi_1/lib:/usr/local/Ascend/nnal/atb/latest/atb/cxx_abi_1/examples:/usr/local/Ascend/nnal/atb/latest/atb/cxx_abi_1/tests/atbopstest:/usr/local/Ascend/ascend-toolkit/latest/tools/aml/lib64:/usr/local/Ascend/ascend-toolkit/latest/tools/aml/lib64/plugin:/usr/local/Ascend/ascend-toolkit/latest/lib64:/usr/local/Ascend/ascend-toolkit/latest/lib64/plugin/opskernel:/usr/local/Ascend/ascend-toolkit/latest/lib64/plugin/nnengine:/usr/local/Ascend/ascend-toolkit/latest/opp/built-in/op_impl/ai_core/tbe/op_tiling:/usr/local/python3.11.15/lib:
[36m(AgentLoopWorkerTQ pid=131340)[0m Using dataset class: RLHFDataset
[36m(AgentLoopWorkerTQ pid=131340)[0m Warning: since the loaded file is not a zipfile, only "torch.device" and "str" type parameters are currently supported for parameter types of map_location. If parameter types of map_location is "Callable[[torch.Tensor, str], torch.Tensor]" or "Dict[str, str]", which is only support for zipfile, all tensors are currently loaded onto the CPU, which may introduce problems.
[36m(AgentLoopWorkerTQ pid=131340)[0m Using blocking ray.get inside async actor. This blocks the event loop. Please use `await` on object ref with asyncio.gather if you want to yield execution to the event loop instead.
[36m(AgentLoopWorkerTQ pid=131340)[0m [Rank 0 | Local Rank 0] 2026-07-30 10:36:23,580 INFO [torch_npu.env:15] => get env LD_LIBRARY_PATH = /usr/local/python3.11.15/lib/python3.11/site-packages/cv2/../../lib64:/usr/local/Ascend/nnal/atb/latest/atb/cxx_abi_1/lib:/usr/local/Ascend/nnal/atb/latest/atb/cxx_abi_1/examples:/usr/local/Ascend/nnal/atb/latest/atb/cxx_abi_1/tests/atbopstest:/usr/local/Ascend/cann-9.0.0/lib64:/usr/local/Ascend/cann-9.0.0/lib64/plugin/opskernel:/usr/local/Ascend/cann-9.0.0/lib64/plugin/nnengine:/usr/local/Ascend/cann-9.0.0/opp/built-in/op_impl/ai_core/tbe/op_tiling/lib/linux/aarch64:/usr/local/Ascend/driver/lib64:/usr/local/Ascend/driver/lib64/common:/usr/local/Ascend/driver/lib64/driver:/usr/local/Ascend/driver/lib64:/usr/local/Ascend/driver/lib64/common:/usr/local/Ascend/driver/lib64/driver:/usr/local/Ascend/nnal/atb/latest/atb/cxx_abi_1/lib:/usr/local/Ascend/nnal/atb/latest/atb/cxx_abi_1/examples:/usr/local/Ascend/nnal/atb/latest/atb/cxx_abi_1/tests/atbopstest:/usr/local/Ascend/ascend-toolkit/latest/tools/aml/lib64:/usr/local/Ascend/ascend-toolkit/latest/tools/aml/lib64/plugin:/usr/local/Ascend/ascend-toolkit/latest/lib64:/usr/local/Ascend/ascend-toolkit/latest/lib64/plugin/opskernel:/usr/local/Ascend/ascend-toolkit/latest/lib64/plugin/nnengine:/usr/local/Ascend/ascend-toolkit/latest/opp/built-in/op_impl/ai_core/tbe/op_tiling:/usr/local/python3.11.15/lib:
[36m(AgentLoopWorkerTQ pid=131332)[0m [Rank 0 | Local Rank 0] 2026-07-30 10:36:23,786 INFO [torch_npu.env:15] => get env ASCEND_CUSTOM_OPP_PATH = /vllm-ascend/vllm_ascend/_cann_ops_custom/vendors/vllm-ascend
[36m(AgentLoopWorkerTQ pid=131339)[0m [Rank 0 | Local Rank 0] 2026-07-30 10:36:24,002 INFO [torch_npu.env:15] => get env VLLM_BATCH_INVARIANT = 0
[36m(AgentLoopWorkerTQ pid=131340)[0m [Rank 0 | Local Rank 0] 2026-07-30 10:36:24,230 INFO [torch_npu.env:15] => get env VLLM_BATCH_INVARIANT = 0
[36m(AgentLoopWorkerTQ pid=131338)[0m [Rank 0 | Local Rank 0] 2026-07-30 10:36:24,422 INFO [torch_npu.env:15] => get env ASCEND_CUSTOM_OPP_PATH = /vllm-ascend/vllm_ascend/_cann_ops_custom/vendors/vllm-ascend
[36m(AgentLoopWorkerTQ pid=131337)[0m [Rank 0 | Local Rank 0] 2026-07-30 10:36:24,584 INFO [torch_npu.env:15] => get env ASCEND_CUSTOM_OPP_PATH = /vllm-ascend/vllm_ascend/_cann_ops_custom/vendors/vllm-ascend
[36m(AgentLoopWorkerTQ pid=131336)[0m [Rank 0 | Local Rank 0] 2026-07-30 10:36:24,738 INFO [torch_npu.env:15] => get env ASCEND_CUSTOM_OPP_PATH = /vllm-ascend/vllm_ascend/_cann_ops_custom/vendors/vllm-ascend
[36m(vLLMHttpServer pid=114205)[0m WARNING 07-30 10:36:24 [input_processor.py:141] vLLM has deprecated support for supporting different tokenizers for different LoRAs. By default, vLLM uses base model's tokenizer. If you are using a LoRA with its own tokenizer, consider specifying `--tokenizer [lora_path]` to use the LoRA tokenizer.
[36m(vLLMHttpServer pid=114205)[0m WARNING 07-30 10:36:24 [input_processor.py:227] Passing raw prompts to InputProcessor is deprecated and will be removed in v0.18. You should instead pass the outputs of Renderer.render_cmpl() or Renderer.render_chat().
[36m(vLLMHttpServer pid=121375)[0m WARNING 07-30 10:36:24 [input_processor.py:227] Passing raw prompts to InputProcessor is deprecated and will be removed in v0.18. You should instead pass the outputs of Renderer.render_cmpl() or Renderer.render_chat().
[36m(AgentLoopWorkerTQ pid=131331)[0m [Rank 0 | Local Rank 0] 2026-07-30 10:36:25,614 INFO [torch_npu.env:15] => get env ASCEND_CUSTOM_OPP_PATH = /vllm-ascend/vllm_ascend/_cann_ops_custom/vendors/vllm-ascend
[36m(AgentLoopWorkerTQ pid=131334)[0m [Rank 0 | Local Rank 0] 2026-07-30 10:36:26,203 INFO [torch_npu.env:15] => get env ASCEND_CUSTOM_OPP_PATH = /vllm-ascend/vllm_ascend/_cann_ops_custom/vendors/vllm-ascend
[36m(AgentLoopWorkerTQ pid=131339)[0m [Rank 0 | Local Rank 0] 2026-07-30 10:36:27,169 INFO [torch_npu.env:15] => get env ASCEND_CUSTOM_OPP_PATH = /vllm-ascend/vllm_ascend/_cann_ops_custom/vendors/vllm-ascend
[36m(AgentLoopWorkerTQ pid=131340)[0m [Rank 0 | Local Rank 0] 2026-07-30 10:36:27,469 INFO [torch_npu.env:15] => get env ASCEND_CUSTOM_OPP_PATH = /vllm-ascend/vllm_ascend/_cann_ops_custom/vendors/vllm-ascend
[36m(RewardLoopWorker pid=113804)[0m WARNING:2026-07-30 10:36:46,853:Platform 'huawei' (PlatformNPU) is registered but not available. This may be due to this ray actor being a CPU-only actor.
[36m(RewardLoopWorker pid=113800)[0m WARNING:2026-07-30 10:36:49,616:Platform 'huawei' (PlatformNPU) is registered but not available. This may be due to this ray actor being a CPU-only actor.
[36m(RewardLoopWorker pid=113801)[0m WARNING:2026-07-30 10:36:53,738:Platform 'huawei' (PlatformNPU) is registered but not available. This may be due to this ray actor being a CPU-only actor.
[36m(RewardLoopWorker pid=113802)[0m WARNING:2026-07-30 10:36:54,172:Platform 'huawei' (PlatformNPU) is registered but not available. This may be due to this ray actor being a CPU-only actor.
[36m(TaskRunnerV1 pid=108806)[0m INFO:2026-07-30 10:37:15,630:Switching hybrid engine to trainer mode for training
[36m(WorkerDict pid=111961)[0m Using blocking ray.get inside async actor. This blocks the event loop. Please use `await` on object ref with asyncio.gather if you want to yield execution to the event loop instead.
[36m(WorkerDict pid=111961)[0m [rank0]:[W730 10:37:21.113121189 VariableFallbackKernel.cpp:250] Warning: CAUTION: The operator 'aten::_jagged_to_padded_dense_forward' is not currently supported on the NPU backend and will fall back to run on the CPU. This may have performance implications. (function npu_cpu_fallback)
[36m(WorkerDict pid=111961)[0m [rank0]:W0730 10:37:23.142000 111961 site-packages/torch/fx/_symbolic_trace.py:52] is_fx_tracing will return true for both fx.symbolic_trace and torch.export. Please use is_fx_tracing_symbolic_tracing() for specifically fx.symbolic_trace or torch.compiler.is_compiling() for specifically torch.export/compile.
[36m(vLLMHttpServer pid=121375)[0m (Worker pid=122556) INFO:2026-07-30 10:38:35,997:Loading standard weights (non-FP8, async), loaded_params: 3, loaded_buffers: 0
[36m(vLLMHttpServer pid=121375)[0m (Worker pid=122556) INFO:2026-07-30 10:38:38,255:Loading standard weights (non-FP8, async), loaded_params: 43, loaded_buffers: 0
[36m(vLLMHttpServer pid=121375)[0m (Worker pid=122556) INFO:2026-07-30 10:38:40,481:Loading standard weights (non-FP8, async), loaded_params: 43, loaded_buffers: 0
[36m(vLLMHttpServer pid=121375)[0m (Worker pid=122556) INFO:2026-07-30 10:38:42,719:Loading standard weights (non-FP8, async), loaded_params: 41, loaded_buffers: 0
[36m(vLLMHttpServer pid=121375)[0m (Worker pid=122556) INFO:2026-07-30 10:38:45,050:Loading standard weights (non-FP8, async), loaded_params: 43, loaded_buffers: 0
[36m(vLLMHttpServer pid=121375)[0m (Worker pid=122556) INFO:2026-07-30 10:38:47,299:Loading standard weights (non-FP8, async), loaded_params: 43, loaded_buffers: 0
[36m(vLLMHttpServer pid=121375)[0m (Worker pid=122556) INFO:2026-07-30 10:38:49,655:Loading standard weights (non-FP8, async), loaded_params: 41, loaded_buffers: 0
[36m(vLLMHttpServer pid=121375)[0m (Worker pid=122556) INFO:2026-07-30 10:38:51,854:Loading standard weights (non-FP8, async), loaded_params: 43, loaded_buffers: 0
[36m(vLLMHttpServer pid=121375)[0m (Worker pid=122556) INFO:2026-07-30 10:38:54,027:Loading standard weights (non-FP8, async), loaded_params: 43, loaded_buffers: 0
[36m(vLLMHttpServer pid=121375)[0m (Worker pid=122556) INFO:2026-07-30 10:38:56,135:Loading standard weights (non-FP8, async), loaded_params: 43, loaded_buffers: 0
[36m(vLLMHttpServer pid=121375)[0m (Worker pid=122556) INFO:2026-07-30 10:38:56,806:Loading standard weights (non-FP8, async), loaded_params: 12, loaded_buffers: 0
[36m(vLLMHttpServer pid=121375)[0m (Worker pid=122556) INFO:2026-07-30 10:38:58,378:Loading standard weights (non-FP8, async), loaded_params: 1, loaded_buffers: 0
[36m(vLLMHttpServer pid=121375)[0m (EngineCore pid=122102) WARNING 07-30 10:38:59 [scheduler.py:1883] reset_connector called but no KV connector is configured.
[36m(TaskRunnerV1 pid=108806)[0m Dumped generations to /mnt/lv_model/npu60005420a/qy_owner_experiments_20260730/qy_owner_verl_full125_noeval_final_npu23/rollouts/1.jsonl
[36m(TaskRunnerV1 pid=108806)[0m Training Progress:   1%|          | 1/125 [03:10<6:34:26, 190.86s/it]
[36m(TaskRunnerV1 pid=108806)[0m step:1 - global_seqlen/min:69169.0 - global_seqlen/max:69169.0 - global_seqlen/minmax_diff:0.0 - global_seqlen/balanced_min:69169.0 - global_seqlen/balanced_max:69169.0 - global_seqlen/mean:69169.0 - actor/pg_clipfrac:0.2030678241931395 - actor/ppo_kl:1.1569562045966877 - actor/pg_clipfrac_lower:0.00781037299619878 - actor/pg_loss:0.03545149206183851 - actor/loss:0.0354514941573143 - actor/grad_norm:0.06877846270799637 - actor/lr:1.7e-05 - actor/perf/max_memory_allocated_gb:21.35057544708252 - actor/perf/max_memory_reserved_gb:23.29296875 - actor/perf/cpu_memory_used_gb:96.50437927246094 - perf/mfu/actor:0.16041893876337682 - training/global_step:1 - training/epoch:0 - critic/score/mean:0.203125 - critic/score/max:1.0 - critic/score/min:0.0 - critic/rewards/mean:0.203125 - critic/rewards/max:1.0 - critic/rewards/min:0.0 - critic/advantages/mean:-0.041519008576869965 - critic/advantages/max:1.4999970197677612 - critic/advantages/min:-0.8660238981246948 - critic/returns/mean:-0.041519008576869965 - critic/returns/max:1.4999970197677612 - critic/returns/min:-0.8660238981246948 - response_length/mean:983.265625 - response_length/max:1024.0 - response_length/min:464.0 - response_length/clip_ratio:0.828125 - response_length_non_aborted/mean:983.265625 - response_length_non_aborted/max:1024.0 - response_length_non_aborted/min:464.0 - response_length_non_aborted/clip_ratio:0.828125 - response/aborted_ratio:0.0 - prompt_length/mean:97.5 - prompt_length/max:145.0 - prompt_length/min:61.0 - prompt_length/clip_ratio:0.0625 - timing_s/gen:56.62765429262072 - timing_s/old_log_prob:0.16561607271432877 - timing_s/adv:0.20060136634856462 - timing_s/update_actor:33.77523201517761 - timing_s/update_weights:65.35316773410887 - timing_s/step:190.56174386106431 - timing_per_token_ms/adv:0.002900162881472403 - timing_per_token_ms/update_actor:0.48830013467272343 - timing_per_token_ms/gen:0.8998657899000575 - perf/total_num_tokens:69169 - perf/time_per_step:190.56174386106431 - perf/throughput:181.48710910840023 - training/num_turns/mean:2.0 - training/num_turns/max:2 - training/num_turns/min:2 - training/off_policy/trajectory_spans/mean:1.0 - training/off_policy/trajectory_spans/max:1 - training/off_policy/trajectory_spans/min:1 - training/off_policy/trajectory_staleness/mean:0.0 - training/off_policy/trajectory_staleness/max:0 - training/off_policy/trajectory_staleness/min:0 - training/off_policy/trajectory_staleness_worst/mean:0.0 - training/off_policy/trajectory_staleness_worst/max:0 - training/off_policy/trajectory_staleness_worst/min:0
[36m(vLLMHttpServer pid=121375)[0m (Worker pid=122556) INFO:2026-07-30 10:41:03,264:Loading standard weights (non-FP8, async), loaded_params: 3, loaded_buffers: 0
[36m(vLLMHttpServer pid=121375)[0m (Worker pid=122556) INFO:2026-07-30 10:41:05,403:Loading standard weights (non-FP8, async), loaded_params: 43, loaded_buffers: 0
[36m(vLLMHttpServer pid=121375)[0m (Worker pid=122556) INFO:2026-07-30 10:41:07,483:Loading standard weights (non-FP8, async), loaded_params: 43, loaded_buffers: 0
[36m(vLLMHttpServer pid=121375)[0m (Worker pid=122556) INFO:2026-07-30 10:41:09,579:Loading standard weights (non-FP8, async), loaded_params: 41, loaded_buffers: 0
[36m(vLLMHttpServer pid=121375)[0m (Worker pid=122556) INFO:2026-07-30 10:41:11,788:Loading standard weights (non-FP8, async), loaded_params: 43, loaded_buffers: 0
[36m(vLLMHttpServer pid=121375)[0m (Worker pid=122556) INFO:2026-07-30 10:41:13,924:Loading standard weights (non-FP8, async), loaded_params: 43, loaded_buffers: 0
[36m(vLLMHttpServer pid=121375)[0m (Worker pid=122556) INFO:2026-07-30 10:41:16,230:Loading standard weights (non-FP8, async), loaded_params: 41, loaded_buffers: 0
[36m(vLLMHttpServer pid=121375)[0m (Worker pid=122556) INFO:2026-07-30 10:41:18,343:Loading standard weights (non-FP8, async), loaded_params: 43, loaded_buffers: 0
[36m(vLLMHttpServer pid=121375)[0m (Worker pid=122556) INFO:2026-07-30 10:41:20,478:Loading standard weights (non-FP8, async), loaded_params: 43, loaded_buffers: 0
[36m(vLLMHttpServer pid=121375)[0m (Worker pid=122556) INFO:2026-07-30 10:41:22,548:Loading standard weights (non-FP8, async), loaded_params: 43, loaded_buffers: 0
[36m(vLLMHttpServer pid=121375)[0m (Worker pid=122556) INFO:2026-07-30 10:41:23,100:Loading standard weights (non-FP8, async), loaded_params: 12, loaded_buffers: 0
[36m(vLLMHttpServer pid=121375)[0m (Worker pid=122556) INFO:2026-07-30 10:41:24,674:Loading standard weights (non-FP8, async), loaded_params: 1, loaded_buffers: 0
[36m(vLLMHttpServer pid=121375)[0m (EngineCore pid=122102) WARNING 07-30 10:41:25 [scheduler.py:1883] reset_connector called but no KV connector is configured.
[36m(TaskRunnerV1 pid=108806)[0m Dumped generations to /mnt/lv_model/npu60005420a/qy_owner_experiments_20260730/qy_owner_verl_full125_noeval_final_npu23/rollouts/2.jsonl
[36m(TaskRunnerV1 pid=108806)[0m Training Progress:   2%|▏         | 2/125 [05:37<5:37:29, 164.63s/it]
[36m(TaskRunnerV1 pid=108806)[0m step:2 - global_seqlen/min:70962.0 - global_seqlen/max:70962.0 - global_seqlen/minmax_diff:0.0 - global_seqlen/balanced_min:70962.0 - global_seqlen/balanced_max:70962.0 - global_seqlen/mean:70962.0 - actor/pg_clipfrac:0.002263211832743966 - actor/ppo_kl:0.0006710627955423357 - actor/pg_clipfrac_lower:0.0 - actor/pg_loss:0.015378159005194902 - actor/loss:0.015378156676888466 - actor/grad_norm:0.023056190460920334 - actor/lr:1.7e-05 - actor/perf/max_memory_allocated_gb:22.906117916107178 - actor/perf/max_memory_reserved_gb:25.4140625 - actor/perf/cpu_memory_used_gb:96.95262145996094 - perf/mfu/actor:0.20753154223965933 - training/global_step:2 - training/epoch:0 - critic/score/mean:0.234375 - critic/score/max:1.0 - critic/score/min:0.0 - critic/rewards/mean:0.234375 - critic/rewards/max:1.0 - critic/rewards/min:0.0 - critic/advantages/mean:-0.015249799005687237 - critic/advantages/max:1.4999970197677612 - critic/advantages/min:-0.8660238981246948 - critic/returns/mean:-0.015249799005687237 - critic/returns/max:1.4999970197677612 - critic/returns/min:-0.8660238981246948 - response_length/mean:1008.28125 - response_length/max:1024.0 - response_length/min:811.0 - response_length/clip_ratio:0.90625 - response_length_non_aborted/mean:1008.28125 - response_length_non_aborted/max:1024.0 - response_length_non_aborted/min:811.0 - response_length_non_aborted/clip_ratio:0.90625 - response/aborted_ratio:0.0 - prompt_length/mean:100.5 - prompt_length/max:129.0 - prompt_length/min:86.0 - prompt_length/clip_ratio:0.0625 - timing_s/gen:54.183507796376944 - timing_s/old_log_prob:0.1362564843147993 - timing_s/adv:0.18490123096853495 - timing_s/update_actor:26.805600534193218 - timing_s/update_weights:64.53932814951986 - timing_s/step:146.0122187230736 - timing_per_token_ms/adv:0.002605637256116442 - timing_per_token_ms/update_actor:0.3777458433273191 - timing_per_token_ms/gen:0.8396638431175724 - perf/total_num_tokens:70962 - perf/time_per_step:146.0122187230736 - perf/throughput:243.00021128569503 - training/num_turns/mean:2.0 - training/num_turns/max:2 - training/num_turns/min:2 - training/off_policy/trajectory_spans/mean:1.0 - training/off_policy/trajectory_spans/max:1 - training/off_policy/trajectory_spans/min:1 - training/off_policy/trajectory_staleness/mean:0.0 - training/off_policy/trajectory_staleness/max:0 - training/off_policy/trajectory_staleness/min:0 - training/off_policy/trajectory_staleness_worst/mean:0.0 - training/off_policy/trajectory_staleness_worst/max:0 - training/off_policy/trajectory_staleness_worst/min:0
[36m(vLLMHttpServer pid=121375)[0m (Worker pid=122556) INFO:2026-07-30 10:43:30,245:Loading standard weights (non-FP8, async), loaded_params: 3, loaded_buffers: 0
[36m(vLLMHttpServer pid=121375)[0m (Worker pid=122556) INFO:2026-07-30 10:43:32,593:Loading standard weights (non-FP8, async), loaded_params: 43, loaded_buffers: 0
[36m(vLLMHttpServer pid=121375)[0m (Worker pid=122556) INFO:2026-07-30 10:43:34,847:Loading standard weights (non-FP8, async), loaded_params: 43, loaded_buffers: 0
[36m(vLLMHttpServer pid=121375)[0m (Worker pid=122556) INFO:2026-07-30 10:43:37,191:Loading standard weights (non-FP8, async), loaded_params: 41, loaded_buffers: 0
[36m(vLLMHttpServer pid=121375)[0m (Worker pid=122556) INFO:2026-07-30 10:43:39,991:Loading standard weights (non-FP8, async), loaded_params: 43, loaded_buffers: 0
[36m(vLLMHttpServer pid=121375)[0m (Worker pid=122556) INFO:2026-07-30 10:43:42,207:Loading standard weights (non-FP8, async), loaded_params: 43, loaded_buffers: 0
[36m(vLLMHttpServer pid=121375)[0m (Worker pid=122556) INFO:2026-07-30 10:43:44,939:Loading standard weights (non-FP8, async), loaded_params: 41, loaded_buffers: 0
[36m(vLLMHttpServer pid=121375)[0m (Worker pid=122556) INFO:2026-07-30 10:43:47,111:Loading standard weights (non-FP8, async), loaded_params: 43, loaded_buffers: 0
[36m(vLLMHttpServer pid=121375)[0m (Worker pid=122556) INFO:2026-07-30 10:43:49,284:Loading standard weights (non-FP8, async), loaded_params: 43, loaded_buffers: 0
[36m(vLLMHttpServer pid=121375)[0m (Worker pid=122556) INFO:2026-07-30 10:43:51,325:Loading standard weights (non-FP8, async), loaded_params: 43, loaded_buffers: 0
[36m(vLLMHttpServer pid=121375)[0m (Worker pid=122556) INFO:2026-07-30 10:43:51,858:Loading standard weights (non-FP8, async), loaded_params: 12, loaded_buffers: 0
[36m(vLLMHttpServer pid=121375)[0m (Worker pid=122556) INFO:2026-07-30 10:43:53,397:Loading standard weights (non-FP8, async), loaded_params: 1, loaded_buffers: 0
[36m(vLLMHttpServer pid=121375)[0m (EngineCore pid=122102) WARNING 07-30 10:43:54 [scheduler.py:1883] reset_connector called but no KV connector is configured.
[36m(TaskRunnerV1 pid=108806)[0m Dumped generations to /mnt/lv_model/npu60005420a/qy_owner_experiments_20260730/qy_owner_verl_full125_noeval_final_npu23/rollouts/3.jsonl
[36m(TaskRunnerV1 pid=108806)[0m Training Progress:   2%|▏         | 3/125 [08:05<5:20:01, 157.39s/it]
[36m(TaskRunnerV1 pid=108806)[0m step:3 - global_seqlen/min:68388.0 - global_seqlen/max:68388.0 - global_seqlen/minmax_diff:0.0 - global_seqlen/balanced_min:68388.0 - global_seqlen/balanced_max:68388.0 - global_seqlen/mean:68388.0 - actor/pg_clipfrac:0.0018069055581958417 - actor/ppo_kl:0.0008349789997790888 - actor/pg_clipfrac_lower:0.0 - actor/pg_loss:0.022261688485741615 - actor/loss:0.022261686623096466 - actor/grad_norm:0.020186224952340126 - actor/lr:1.7e-05 - actor/perf/max_memory_allocated_gb:22.906117916107178 - actor/perf/max_memory_reserved_gb:25.4140625 - actor/perf/cpu_memory_used_gb:97.84825134277344 - perf/mfu/actor:0.20871248288063293 - training/global_step:3 - training/epoch:0 - critic/score/mean:0.375 - critic/score/max:1.0 - critic/score/min:0.0 - critic/rewards/mean:0.375 - critic/rewards/max:1.0 - critic/rewards/min:0.0 - critic/advantages/mean:-0.022137846797704697 - critic/advantages/max:0.8660238981246948 - critic/advantages/min:-1.4999970197677612 - critic/returns/mean:-0.022137846797704697 - critic/returns/max:0.8660238981246948 - critic/returns/min:-1.4999970197677612 - response_length/mean:969.25 - response_length/max:1024.0 - response_length/min:592.0 - response_length/clip_ratio:0.71875 - response_length_non_aborted/mean:969.25 - response_length_non_aborted/max:1024.0 - response_length_non_aborted/min:592.0 - response_length_non_aborted/clip_ratio:0.71875 - response/aborted_ratio:0.0 - prompt_length/mean:99.3125 - prompt_length/max:150.0 - prompt_length/min:78.0 - prompt_length/clip_ratio:0.0625 - timing_s/gen:56.19021956901997 - timing_s/old_log_prob:0.12822684831917286 - timing_s/adv:0.17251583002507687 - timing_s/update_actor:25.66208470799029 - timing_s/update_weights:66.18054690212011 - timing_s/step:148.48860206548125 - timing_per_token_ms/adv:0.0025226038197502026 - timing_per_token_ms/update_actor:0.3752425090365311 - timing_per_token_ms/gen:0.9058263407438092 - perf/total_num_tokens:68388 - perf/time_per_step:148.48860206548125 - perf/throughput:230.28030114338983 - training/num_turns/mean:2.0 - training/num_turns/max:2 - training/num_turns/min:2 - training/off_policy/trajectory_spans/mean:1.0 - training/off_policy/trajectory_spans/max:1 - training/off_policy/trajectory_spans/min:1 - training/off_policy/trajectory_staleness/mean:0.0 - training/off_policy/trajectory_staleness/max:0 - training/off_policy/trajectory_staleness/min:0 - training/off_policy/trajectory_staleness_worst/mean:0.0 - training/off_policy/trajectory_staleness_worst/max:0 - training/off_policy/trajectory_staleness_worst/min:0
[36m(vLLMHttpServer pid=121375)[0m (Worker pid=122556) INFO:2026-07-30 10:45:57,582:Loading standard weights (non-FP8, async), loaded_params: 3, loaded_buffers: 0
[36m(vLLMHttpServer pid=121375)[0m (Worker pid=122556) INFO:2026-07-30 10:45:59,971:Loading standard weights (non-FP8, async), loaded_params: 43, loaded_buffers: 0
[36m(vLLMHttpServer pid=121375)[0m (Worker pid=122556) INFO:2026-07-30 10:46:02,493:Loading standard weights (non-FP8, async), loaded_params: 43, loaded_buffers: 0
[36m(vLLMHttpServer pid=121375)[0m (Worker pid=122556) INFO:2026-07-30 10:46:04,952:Loading standard weights (non-FP8, async), loaded_params: 41, loaded_buffers: 0
[36m(vLLMHttpServer pid=121375)[0m (Worker pid=122556) INFO:2026-07-30 10:46:07,178:Loading standard weights (non-FP8, async), loaded_params: 43, loaded_buffers: 0
[36m(vLLMHttpServer pid=121375)[0m (Worker pid=122556) INFO:2026-07-30 10:46:09,753:Loading standard weights (non-FP8, async), loaded_params: 43, loaded_buffers: 0
[36m(vLLMHttpServer pid=121375)[0m (Worker pid=122556) INFO:2026-07-30 10:46:12,218:Loading standard weights (non-FP8, async), loaded_params: 41, loaded_buffers: 0
[36m(vLLMHttpServer pid=121375)[0m (Worker pid=122556) INFO:2026-07-30 10:46:14,536:Loading standard weights (non-FP8, async), loaded_params: 43, loaded_buffers: 0
[36m(vLLMHttpServer pid=121375)[0m (Worker pid=122556) INFO:2026-07-30 10:46:16,821:Loading standard weights (non-FP8, async), loaded_params: 43, loaded_buffers: 0
[36m(vLLMHttpServer pid=121375)[0m (Worker pid=122556) INFO:2026-07-30 10:46:19,029:Loading standard weights (non-FP8, async), loaded_params: 43, loaded_buffers: 0
[36m(vLLMHttpServer pid=121375)[0m (Worker pid=122556) INFO:2026-07-30 10:46:19,678:Loading standard weights (non-FP8, async), loaded_params: 12, loaded_buffers: 0
[36m(vLLMHttpServer pid=121375)[0m (Worker pid=122556) INFO:2026-07-30 10:46:21,310:Loading standard weights (non-FP8, async), loaded_params: 1, loaded_buffers: 0
[36m(vLLMHttpServer pid=121375)[0m (EngineCore pid=122102) WARNING 07-30 10:46:22 [scheduler.py:1883] reset_connector called but no KV connector is configured.
[36m(TaskRunnerV1 pid=108806)[0m Dumped generations to /mnt/lv_model/npu60005420a/qy_owner_experiments_20260730/qy_owner_verl_full125_noeval_final_npu23/rollouts/4.jsonl
[36m(TaskRunnerV1 pid=108806)[0m Training Progress:   3%|▎         | 4/125 [10:33<5:09:50, 153.64s/it]
[36m(TaskRunnerV1 pid=108806)[0m step:4 - global_seqlen/min:69648.0 - global_seqlen/max:69648.0 - global_seqlen/minmax_diff:0.0 - global_seqlen/balanced_min:69648.0 - global_seqlen/balanced_max:69648.0 - global_seqlen/mean:69648.0 - actor/pg_clipfrac:0.0020388416305650026 - actor/ppo_kl:0.0005775241653383193 - actor/pg_clipfrac_lower:0.0 - actor/pg_loss:0.027157670119777322 - actor/loss:0.02715766802430153 - actor/grad_norm:0.021967167034745216 - actor/lr:1.7e-05 - actor/perf/max_memory_allocated_gb:22.906117916107178 - actor/perf/max_memory_reserved_gb:25.4140625 - actor/perf/cpu_memory_used_gb:97.9793930053711 - perf/mfu/actor:0.2016460295651382 - training/global_step:4 - training/epoch:0 - critic/score/mean:0.328125 - critic/score/max:1.0 - critic/score/min:0.0 - critic/rewards/mean:0.328125 - critic/rewards/max:1.0 - critic/rewards/min:0.0 - critic/advantages/mean:-0.02697710692882538 - critic/advantages/max:0.8660238981246948 - critic/advantages/min:-1.4999970197677612 - critic/returns/mean:-0.02697710692882538 - critic/returns/max:0.8660238981246948 - critic/returns/min:-1.4999970197677612 - response_length/mean:989.3125 - response_length/max:1024.0 - response_length/min:716.0 - response_length/clip_ratio:0.796875 - response_length_non_aborted/mean:989.3125 - response_length_non_aborted/max:1024.0 - response_length_non_aborted/min:716.0 - response_length_non_aborted/clip_ratio:0.796875 - response/aborted_ratio:0.0 - prompt_length/mean:98.9375 - prompt_length/max:135.0 - prompt_length/min:70.0 - prompt_length/clip_ratio:0.0625 - timing_s/gen:54.18583184480667 - timing_s/old_log_prob:0.1418460113927722 - timing_s/adv:0.18236415088176727 - timing_s/update_actor:27.051865950226784 - timing_s/update_weights:65.89761206693947 - timing_s/step:147.61989877466112 - timing_per_token_ms/adv:0.002618368810041455 - timing_per_token_ms/update_actor:0.38840836707768756 - timing_per_token_ms/gen:0.8557999849138712 - perf/total_num_tokens:69648 - perf/time_per_step:147.61989877466112 - perf/throughput:235.90315593670846 - training/num_turns/mean:2.0 - training/num_turns/max:2 - training/num_turns/min:2 - training/off_policy/trajectory_spans/mean:1.0 - training/off_policy/trajectory_spans/max:1 - training/off_policy/trajectory_spans/min:1 - training/off_policy/trajectory_staleness/mean:0.0 - training/off_policy/trajectory_staleness/max:0 - training/off_policy/trajectory_staleness/min:0 - training/off_policy/trajectory_staleness_worst/mean:0.0 - training/off_policy/trajectory_staleness_worst/max:0 - training/off_policy/trajectory_staleness_worst/min:0
[36m(vLLMHttpServer pid=121375)[0m (Worker pid=122556) INFO:2026-07-30 10:48:20,755:Loading standard weights (non-FP8, async), loaded_params: 3, loaded_buffers: 0
[36m(vLLMHttpServer pid=121375)[0m (Worker pid=122556) INFO:2026-07-30 10:48:22,884:Loading standard weights (non-FP8, async), loaded_params: 43, loaded_buffers: 0
[36m(vLLMHttpServer pid=121375)[0m (Worker pid=122556) INFO:2026-07-30 10:48:25,008:Loading standard weights (non-FP8, async), loaded_params: 43, loaded_buffers: 0
[36m(vLLMHttpServer pid=121375)[0m (Worker pid=122556) INFO:2026-07-30 10:48:27,524:Loading standard weights (non-FP8, async), loaded_params: 41, loaded_buffers: 0
[36m(vLLMHttpServer pid=121375)[0m (Worker pid=122556) INFO:2026-07-30 10:48:29,752:Loading standard weights (non-FP8, async), loaded_params: 43, loaded_buffers: 0
[36m(vLLMHttpServer pid=121375)[0m (Worker pid=122556) INFO:2026-07-30 10:48:31,640:Loading standard weights (non-FP8, async), loaded_params: 43, loaded_buffers: 0
[36m(vLLMHttpServer pid=121375)[0m (Worker pid=122556) INFO:2026-07-30 10:48:34,203:Loading standard weights (non-FP8, async), loaded_params: 41, loaded_buffers: 0
[36m(vLLMHttpServer pid=121375)[0m (Worker pid=122556) INFO:2026-07-30 10:48:36,101:Loading standard weights (non-FP8, async), loaded_params: 43, loaded_buffers: 0
[36m(vLLMHttpServer pid=121375)[0m (Worker pid=122556) INFO:2026-07-30 10:48:38,036:Loading standard weights (non-FP8, async), loaded_params: 43, loaded_buffers: 0
[36m(vLLMHttpServer pid=121375)[0m (Worker pid=122556) INFO:2026-07-30 10:48:39,915:Loading standard weights (non-FP8, async), loaded_params: 43, loaded_buffers: 0
[36m(vLLMHttpServer pid=121375)[0m (Worker pid=122556) INFO:2026-07-30 10:48:40,200:Loading standard weights (non-FP8, async), loaded_params: 12, loaded_buffers: 0
[36m(vLLMHttpServer pid=121375)[0m (Worker pid=122556) INFO:2026-07-30 10:48:41,570:Loading standard weights (non-FP8, async), loaded_params: 1, loaded_buffers: 0
[36m(vLLMHttpServer pid=121375)[0m (EngineCore pid=122102) WARNING 07-30 10:48:43 [scheduler.py:1883] reset_connector called but no KV connector is configured.
[36m(TaskRunnerV1 pid=108806)[0m Dumped generations to /mnt/lv_model/npu60005420a/qy_owner_experiments_20260730/qy_owner_verl_full125_noeval_final_npu23/rollouts/5.jsonl
[36m(TaskRunnerV1 pid=108806)[0m step:5 - global_seqlen/min:64989.0 - global_seqlen/max:64989.0 - global_seqlen/minmax_diff:0.0 - global_seqlen/balanced_min:64989.0 - global_seqlen/balanced_max:64989.0 - global_seqlen/mean:64989.0 - actor/pg_clipfrac:0.0021088976773171453 - actor/ppo_kl:0.0005913684831284627 - actor/pg_clipfrac_lower:0.0 - actor/pg_loss:0.026894409209489822 - actor/loss:0.02689441666007042 - actor/grad_norm:0.024042099714279175 - actor/lr:1.7e-05 - actor/perf/max_memory_allocated_gb:22.906117916107178 - actor/perf/max_memory_reserved_gb:25.4140625 - actor/perf/cpu_memory_used_gb:98.11712646484375 - perf/mfu/actor:0.21365280950844093 - training/global_step:5 - training/epoch:0 - critic/score/mean:0.453125 - critic/score/max:1.0 - critic/score/min:0.0 - critic/rewards/mean:0.453125 - critic/rewards/max:1.0 - critic/rewards/min:0.0 - critic/advantages/mean:-0.02678840607404709 - critic/advantages/max:1.4999970197677612 - critic/advantages/min:-1.4999970197677612 - critic/returns/mean:-0.02678840607404709 - critic/returns/max:1.4999970197677612 - critic/returns/min:-1.4999970197677612 - response_length/mean:924.765625 - response_length/max:1024.0 - response_length/min:378.0 - response_length/clip_ratio:0.625 - response_length_non_aborted/mean:924.765625 - response_length_non_aborted/max:1024.0 - response_length_non_aborted/min:378.0 - response_length_non_aborted/clip_ratio:0.625 - response/aborted_ratio:0.0 - prompt_length/mean:90.6875 - prompt_length/max:120.0 - prompt_length/min:64.0 - prompt_length/clip_ratio:0.0625 - timing_s/gen:52.2030937531963 - timing_s/old_log_prob:0.13676736410707235 - timing_s/adv:0.1841628784313798 - timing_s/update_actor:23.821130878292024 - timing_s/update_weights:63.96349430922419 - timing_s/step:140.46939667966217 - timing_per_token_ms/adv:0.002833754611263134 - timing_per_token_ms/update_actor:0.36654096659884017 - timing_per_token_ms/gen:0.8820325040668463 - perf/total_num_tokens:64989 - perf/time_per_step:140.46939667966217 - perf/throughput:231.3279672874448 - training/num_turns/mean:2.0 - training/num_turns/max:2 - training/num_turns/min:2 - training/off_policy/trajectory_spans/mean:1.0 - training/off_policy/trajectory_spans/max:1 - training/off_policy/trajectory_spans/min:1 - training/off_policy/trajectory_staleness/mean:0.0 - training/off_policy/trajectory_staleness/max:0 - training/off_policy/trajectory_staleness/min:0 - training/off_policy/trajectory_staleness_worst/mean:0.0 - training/off_policy/trajectory_staleness_worst/max:0 - training/off_policy/trajectory_staleness_worst/min:0
[36m(TaskRunnerV1 pid=108806)[0m Training Progress:   4%|▍         | 5/125 [12:54<4:57:58, 148.99s/it]
[36m(vLLMHttpServer pid=121375)[0m (Worker pid=122556) INFO:2026-07-30 10:50:43,240:Loading standard weights (non-FP8, async), loaded_params: 3, loaded_buffers: 0
[36m(vLLMHttpServer pid=121375)[0m (Worker pid=122556) INFO:2026-07-30 10:50:45,526:Loading standard weights (non-FP8, async), loaded_params: 43, loaded_buffers: 0
[36m(vLLMHttpServer pid=121375)[0m (Worker pid=122556) INFO:2026-07-30 10:50:47,838:Loading standard weights (non-FP8, async), loaded_params: 43, loaded_buffers: 0
[36m(vLLMHttpServer pid=121375)[0m (Worker pid=122556) INFO:2026-07-30 10:50:50,387:Loading standard weights (non-FP8, async), loaded_params: 41, loaded_buffers: 0
[36m(vLLMHttpServer pid=121375)[0m (Worker pid=122556) INFO:2026-07-30 10:50:52,643:Loading standard weights (non-FP8, async), loaded_params: 43, loaded_buffers: 0
[36m(vLLMHttpServer pid=121375)[0m (Worker pid=122556) INFO:2026-07-30 10:50:54,966:Loading standard weights (non-FP8, async), loaded_params: 43, loaded_buffers: 0
[36m(vLLMHttpServer pid=121375)[0m (Worker pid=122556) INFO:2026-07-30 10:50:57,201:Loading standard weights (non-FP8, async), loaded_params: 41, loaded_buffers: 0
[36m(vLLMHttpServer pid=121375)[0m (Worker pid=122556) INFO:2026-07-30 10:50:59,455:Loading standard weights (non-FP8, async), loaded_params: 43, loaded_buffers: 0
[36m(vLLMHttpServer pid=121375)[0m (Worker pid=122556) INFO:2026-07-30 10:51:01,682:Loading standard weights (non-FP8, async), loaded_params: 43, loaded_buffers: 0
[36m(vLLMHttpServer pid=121375)[0m (Worker pid=122556) INFO:2026-07-30 10:51:03,851:Loading standard weights (non-FP8, async), loaded_params: 43, loaded_buffers: 0
[36m(vLLMHttpServer pid=121375)[0m (Worker pid=122556) INFO:2026-07-30 10:51:04,372:Loading standard weights (non-FP8, async), loaded_params: 12, loaded_buffers: 0
[36m(vLLMHttpServer pid=121375)[0m (Worker pid=122556) INFO:2026-07-30 10:51:05,980:Loading standard weights (non-FP8, async), loaded_params: 1, loaded_buffers: 0
[36m(vLLMHttpServer pid=121375)[0m (EngineCore pid=122102) WARNING 07-30 10:51:07 [scheduler.py:1883] reset_connector called but no KV connector is configured.
[36m(TaskRunnerV1 pid=108806)[0m Dumped generations to /mnt/lv_model/npu60005420a/qy_owner_experiments_20260730/qy_owner_verl_full125_noeval_final_npu23/rollouts/6.jsonl
[36m(TaskRunnerV1 pid=108806)[0m Training Progress:   5%|▍         | 6/125 [15:18<4:52:25, 147.44s/it]
[36m(TaskRunnerV1 pid=108806)[0m step:6 - global_seqlen/min:66990.0 - global_seqlen/max:66990.0 - global_seqlen/minmax_diff:0.0 - global_seqlen/balanced_min:66990.0 - global_seqlen/balanced_max:66990.0 - global_seqlen/mean:66990.0 - actor/pg_clipfrac:0.0021549165676868357 - actor/ppo_kl:0.0005827609726539402 - actor/pg_clipfrac_lower:0.0 - actor/pg_loss:0.019940141841289005 - actor/loss:0.01994013600051403 - actor/grad_norm:0.02161421813070774 - actor/lr:1.7e-05 - actor/perf/max_memory_allocated_gb:22.906117916107178 - actor/perf/max_memory_reserved_gb:25.4140625 - actor/perf/cpu_memory_used_gb:98.23677062988281 - perf/mfu/actor:0.20522506882447517 - training/global_step:6 - training/epoch:0 - critic/score/mean:0.421875 - critic/score/max:1.0 - critic/score/min:0.0 - critic/rewards/mean:0.421875 - critic/rewards/max:1.0 - critic/rewards/min:0.0 - critic/advantages/mean:-0.019816914573311806 - critic/advantages/max:1.4999970197677612 - critic/advantages/min:-1.4999970197677612 - critic/returns/mean:-0.019816914573311806 - critic/returns/max:1.4999970197677612 - critic/returns/min:-1.4999970197677612 - response_length/mean:955.21875 - response_length/max:1024.0 - response_length/min:532.0 - response_length/clip_ratio:0.703125 - response_length_non_aborted/mean:955.21875 - response_length_non_aborted/max:1024.0 - response_length_non_aborted/min:532.0 - response_length_non_aborted/clip_ratio:0.703125 - response/aborted_ratio:0.0 - prompt_length/mean:91.5 - prompt_length/max:134.0 - prompt_length/min:65.0 - prompt_length/clip_ratio:0.0625 - timing_s/gen:52.17710632458329 - timing_s/old_log_prob:0.13577620778232813 - timing_s/adv:0.17700803093612194 - timing_s/update_actor:25.55571437254548 - timing_s/update_weights:65.96390917431563 - timing_s/step:144.17103831935674 - timing_per_token_ms/adv:0.0026423052834172556 - timing_per_token_ms/update_actor:0.38148551086050875 - timing_per_token_ms/gen:0.8534875245294483 - perf/total_num_tokens:66990 - perf/time_per_step:144.17103831935674 - perf/throughput:232.328215087169 - training/num_turns/mean:2.0 - training/num_turns/max:2 - training/num_turns/min:2 - training/off_policy/trajectory_spans/mean:1.0 - training/off_policy/trajectory_spans/max:1 - training/off_policy/trajectory_spans/min:1 - training/off_policy/trajectory_staleness/mean:0.0 - training/off_policy/trajectory_staleness/max:0 - training/off_policy/trajectory_staleness/min:0 - training/off_policy/trajectory_staleness_worst/mean:0.0 - training/off_policy/trajectory_staleness_worst/max:0 - training/off_policy/trajectory_staleness_worst/min:0
[36m(vLLMHttpServer pid=121375)[0m (Worker pid=122556) INFO:2026-07-30 10:53:08,226:Loading standard weights (non-FP8, async), loaded_params: 3, loaded_buffers: 0
[36m(vLLMHttpServer pid=121375)[0m (Worker pid=122556) INFO:2026-07-30 10:53:10,847:Loading standard weights (non-FP8, async), loaded_params: 43, loaded_buffers: 0
[36m(vLLMHttpServer pid=121375)[0m (Worker pid=122556) INFO:2026-07-30 10:53:13,638:Loading standard weights (non-FP8, async), loaded_params: 43, loaded_buffers: 0
[36m(vLLMHttpServer pid=121375)[0m (Worker pid=122556) INFO:2026-07-30 10:53:16,384:Loading standard weights (non-FP8, async), loaded_params: 41, loaded_buffers: 0
[36m(vLLMHttpServer pid=121375)[0m (Worker pid=122556) INFO:2026-07-30 10:53:19,075:Loading standard weights (non-FP8, async), loaded_params: 43, loaded_buffers: 0
[36m(vLLMHttpServer pid=121375)[0m (Worker pid=122556) INFO:2026-07-30 10:53:21,372:Loading standard weights (non-FP8, async), loaded_params: 43, loaded_buffers: 0
[36m(vLLMHttpServer pid=121375)[0m (Worker pid=122556) INFO:2026-07-30 10:53:24,035:Loading standard weights (non-FP8, async), loaded_params: 41, loaded_buffers: 0
[36m(vLLMHttpServer pid=121375)[0m (Worker pid=122556) INFO:2026-07-30 10:53:26,246:Loading standard weights (non-FP8, async), loaded_params: 43, loaded_buffers: 0
[36m(vLLMHttpServer pid=121375)[0m (Worker pid=122556) INFO:2026-07-30 10:53:28,521:Loading standard weights (non-FP8, async), loaded_params: 43, loaded_buffers: 0
[36m(vLLMHttpServer pid=121375)[0m (Worker pid=122556) INFO:2026-07-30 10:53:30,697:Loading standard weights (non-FP8, async), loaded_params: 43, loaded_buffers: 0
[36m(vLLMHttpServer pid=121375)[0m (Worker pid=122556) INFO:2026-07-30 10:53:31,242:Loading standard weights (non-FP8, async), loaded_params: 12, loaded_buffers: 0
[36m(vLLMHttpServer pid=121375)[0m (Worker pid=122556) INFO:2026-07-30 10:53:32,924:Loading standard weights (non-FP8, async), loaded_params: 1, loaded_buffers: 0
[36m(vLLMHttpServer pid=121375)[0m (EngineCore pid=122102) WARNING 07-30 10:53:33 [scheduler.py:1883] reset_connector called but no KV connector is configured.
[36m(TaskRunnerV1 pid=108806)[0m Training Progress:   6%|▌         | 7/125 [17:45<4:49:19, 147.11s/it]
[36m(TaskRunnerV1 pid=108806)[0m Dumped generations to /mnt/lv_model/npu60005420a/qy_owner_experiments_20260730/qy_owner_verl_full125_noeval_final_npu23/rollouts/7.jsonl
[36m(TaskRunnerV1 pid=108806)[0m step:7 - global_seqlen/min:64091.0 - global_seqlen/max:64091.0 - global_seqlen/minmax_diff:0.0 - global_seqlen/balanced_min:64091.0 - global_seqlen/balanced_max:64091.0 - global_seqlen/mean:64091.0 - actor/pg_clipfrac:0.0009233008640876506 - actor/ppo_kl:0.0005629237277844368 - actor/pg_clipfrac_lower:0.0 - actor/pg_loss:0.004061550367623568 - actor/loss:0.0040615517646074295 - actor/grad_norm:0.013985817320644855 - actor/lr:1.7e-05 - actor/perf/max_memory_allocated_gb:22.906117916107178 - actor/perf/max_memory_reserved_gb:25.4140625 - actor/perf/cpu_memory_used_gb:98.27645492553711 - perf/mfu/actor:0.20628661731619277 - training/global_step:7 - training/epoch:0 - critic/score/mean:0.5 - critic/score/max:1.0 - critic/score/min:0.0 - critic/rewards/mean:0.5 - critic/rewards/max:1.0 - critic/rewards/min:0.0 - critic/advantages/mean:-0.003995058126747608 - critic/advantages/max:1.4999970197677612 - critic/advantages/min:-1.4999970197677612 - critic/returns/mean:-0.003995058126747608 - critic/returns/max:1.4999970197677612 - critic/returns/min:-1.4999970197677612 - response_length/mean:899.546875 - response_length/max:1024.0 - response_length/min:421.0 - response_length/clip_ratio:0.5625 - response_length_non_aborted/mean:899.546875 - response_length_non_aborted/max:1024.0 - response_length_non_aborted/min:421.0 - response_length_non_aborted/clip_ratio:0.5625 - response/aborted_ratio:0.0 - prompt_length/mean:101.875 - prompt_length/max:139.0 - prompt_length/min:64.0 - prompt_length/clip_ratio:0.0625 - timing_s/gen:54.203937257640064 - timing_s/old_log_prob:0.13568101171404123 - timing_s/adv:0.17849464248865843 - timing_s/update_actor:24.31557227484882 - timing_s/update_weights:67.1690969094634 - timing_s/step:146.16516511887312 - timing_per_token_ms/adv:0.0027850188402218476 - timing_per_token_ms/update_actor:0.3793913696907338 - timing_per_token_ms/gen:0.9415146038394342 - perf/total_num_tokens:64091 - perf/time_per_step:146.16516511887312 - perf/throughput:219.24170491606571 - training/num_turns/mean:2.0 - training/num_turns/max:2 - training/num_turns/min:2 - training/off_policy/trajectory_spans/mean:1.0 - training/off_policy/trajectory_spans/max:1 - training/off_policy/trajectory_spans/min:1 - training/off_policy/trajectory_staleness/mean:0.0 - training/off_policy/trajectory_staleness/max:0 - training/off_policy/trajectory_staleness/min:0 - training/off_policy/trajectory_staleness_worst/mean:0.0 - training/off_policy/trajectory_staleness_worst/max:0 - training/off_policy/trajectory_staleness_worst/min:0
[36m(vLLMHttpServer pid=121375)[0m (Worker pid=122556) INFO:2026-07-30 10:55:35,625:Loading standard weights (non-FP8, async), loaded_params: 3, loaded_buffers: 0
[36m(vLLMHttpServer pid=121375)[0m (Worker pid=122556) INFO:2026-07-30 10:55:37,958:Loading standard weights (non-FP8, async), loaded_params: 43, loaded_buffers: 0
[36m(vLLMHttpServer pid=121375)[0m (Worker pid=122556) INFO:2026-07-30 10:55:40,636:Loading standard weights (non-FP8, async), loaded_params: 43, loaded_buffers: 0
[36m(vLLMHttpServer pid=121375)[0m (Worker pid=122556) INFO:2026-07-30 10:55:43,041:Loading standard weights (non-FP8, async), loaded_params: 41, loaded_buffers: 0
[36m(vLLMHttpServer pid=121375)[0m (Worker pid=122556) INFO:2026-07-30 10:55:45,522:Loading standard weights (non-FP8, async), loaded_params: 43, loaded_buffers: 0
[36m(vLLMHttpServer pid=121375)[0m (Worker pid=122556) INFO:2026-07-30 10:55:47,793:Loading standard weights (non-FP8, async), loaded_params: 43, loaded_buffers: 0
[36m(vLLMHttpServer pid=121375)[0m (Worker pid=122556) INFO:2026-07-30 10:55:50,229:Loading standard weights (non-FP8, async), loaded_params: 41, loaded_buffers: 0
[36m(vLLMHttpServer pid=121375)[0m (Worker pid=122556) INFO:2026-07-30 10:55:52,474:Loading standard weights (non-FP8, async), loaded_params: 43, loaded_buffers: 0
[36m(vLLMHttpServer pid=121375)[0m (Worker pid=122556) INFO:2026-07-30 10:55:54,752:Loading standard weights (non-FP8, async), loaded_params: 43, loaded_buffers: 0
[36m(vLLMHttpServer pid=121375)[0m (Worker pid=122556) INFO:2026-07-30 10:55:57,021:Loading standard weights (non-FP8, async), loaded_params: 43, loaded_buffers: 0
[36m(vLLMHttpServer pid=121375)[0m (Worker pid=122556) INFO:2026-07-30 10:55:57,598:Loading standard weights (non-FP8, async), loaded_params: 12, loaded_buffers: 0
[36m(vLLMHttpServer pid=121375)[0m (Worker pid=122556) INFO:2026-07-30 10:55:59,230:Loading standard weights (non-FP8, async), loaded_params: 1, loaded_buffers: 0
[36m(vLLMHttpServer pid=121375)[0m (EngineCore pid=122102) WARNING 07-30 10:56:00 [scheduler.py:1883] reset_connector called but no KV connector is configured.
[36m(TaskRunnerV1 pid=108806)[0m Training Progress:   6%|▋         | 8/125 [20:11<4:46:22, 146.86s/it]
[36m(TaskRunnerV1 pid=108806)[0m Dumped generations to /mnt/lv_model/npu60005420a/qy_owner_experiments_20260730/qy_owner_verl_full125_noeval_final_npu23/rollouts/8.jsonl
[36m(TaskRunnerV1 pid=108806)[0m step:8 - global_seqlen/min:67866.0 - global_seqlen/max:67866.0 - global_seqlen/minmax_diff:0.0 - global_seqlen/balanced_min:67866.0 - global_seqlen/balanced_max:67866.0 - global_seqlen/mean:67866.0 - actor/pg_clipfrac:0.0014099041410886189 - actor/ppo_kl:0.0003622372996152776 - actor/pg_clipfrac_lower:0.0 - actor/pg_loss:0.01979395467787981 - actor/loss:0.019793955609202385 - actor/grad_norm:0.018200896680355072 - actor/lr:1.7e-05 - actor/perf/max_memory_allocated_gb:22.906117916107178 - actor/perf/max_memory_reserved_gb:25.4140625 - actor/perf/cpu_memory_used_gb:98.3816032409668 - perf/mfu/actor:0.21224137465637072 - training/global_step:8 - training/epoch:0 - critic/score/mean:0.28125 - critic/score/max:1.0 - critic/score/min:0.0 - critic/rewards/mean:0.28125 - critic/rewards/max:1.0 - critic/rewards/min:0.0 - critic/advantages/mean:-0.01973823271691799 - critic/advantages/max:1.4999970197677612 - critic/advantages/min:-1.4999970197677612 - critic/returns/mean:-0.01973823271691799 - critic/returns/max:1.4999970197677612 - critic/returns/min:-1.4999970197677612 - response_length/mean:964.53125 - response_length/max:1024.0 - response_length/min:578.0 - response_length/clip_ratio:0.765625 - response_length_non_aborted/mean:964.53125 - response_length_non_aborted/max:1024.0 - response_length_non_aborted/min:578.0 - response_length_non_aborted/clip_ratio:0.765625 - response/aborted_ratio:0.0 - prompt_length/mean:95.875 - prompt_length/max:135.0 - prompt_length/min:64.0 - prompt_length/clip_ratio:0.0625 - timing_s/gen:54.18155855219811 - timing_s/old_log_prob:0.13710632734000683 - timing_s/adv:0.18101783655583858 - timing_s/update_actor:25.050825962796807 - timing_s/update_weights:66.34261373244226 - timing_s/step:146.05893983598799 - timing_per_token_ms/adv:0.0026672831249202633 - timing_per_token_ms/update_actor:0.36912188670021523 - timing_per_token_ms/gen:0.8777184278664849 - perf/total_num_tokens:67866 - perf/time_per_step:146.05893983598799 - perf/throughput:232.32401959170681 - training/num_turns/mean:2.0 - training/num_turns/max:2 - training/num_turns/min:2 - training/off_policy/trajectory_spans/mean:1.0 - training/off_policy/trajectory_spans/max:1 - training/off_policy/trajectory_spans/min:1 - training/off_policy/trajectory_staleness/mean:0.0 - training/off_policy/trajectory_staleness/max:0 - training/off_policy/trajectory_staleness/min:0 - training/off_policy/trajectory_staleness_worst/mean:0.0 - training/off_policy/trajectory_staleness_worst/max:0 - training/off_policy/trajectory_staleness_worst/min:0
[36m(vLLMHttpServer pid=121375)[0m (Worker pid=122556) INFO:2026-07-30 10:58:03,937:Loading standard weights (non-FP8, async), loaded_params: 3, loaded_buffers: 0
[36m(vLLMHttpServer pid=121375)[0m (Worker pid=122556) INFO:2026-07-30 10:58:06,365:Loading standard weights (non-FP8, async), loaded_params: 43, loaded_buffers: 0
[36m(vLLMHttpServer pid=121375)[0m (Worker pid=122556) INFO:2026-07-30 10:58:08,684:Loading standard weights (non-FP8, async), loaded_params: 43, loaded_buffers: 0
[36m(vLLMHttpServer pid=121375)[0m (Worker pid=122556) INFO:2026-07-30 10:58:11,229:Loading standard weights (non-FP8, async), loaded_params: 41, loaded_buffers: 0
[36m(vLLMHttpServer pid=121375)[0m (Worker pid=122556) INFO:2026-07-30 10:58:13,615:Loading standard weights (non-FP8, async), loaded_params: 43, loaded_buffers: 0
[36m(vLLMHttpServer pid=121375)[0m (Worker pid=122556) INFO:2026-07-30 10:58:15,941:Loading standard weights (non-FP8, async), loaded_params: 43, loaded_buffers: 0
[36m(vLLMHttpServer pid=121375)[0m (Worker pid=122556) INFO:2026-07-30 10:58:18,283:Loading standard weights (non-FP8, async), loaded_params: 41, loaded_buffers: 0
[36m(vLLMHttpServer pid=121375)[0m (Worker pid=122556) INFO:2026-07-30 10:58:20,521:Loading standard weights (non-FP8, async), loaded_params: 43, loaded_buffers: 0
[36m(vLLMHttpServer pid=121375)[0m (Worker pid=122556) INFO:2026-07-30 10:58:22,741:Loading standard weights (non-FP8, async), loaded_params: 43, loaded_buffers: 0
[36m(vLLMHttpServer pid=121375)[0m (Worker pid=122556) INFO:2026-07-30 10:58:24,909:Loading standard weights (non-FP8, async), loaded_params: 43, loaded_buffers: 0
[36m(vLLMHttpServer pid=121375)[0m (Worker pid=122556) INFO:2026-07-30 10:58:25,436:Loading standard weights (non-FP8, async), loaded_params: 12, loaded_buffers: 0
[36m(vLLMHttpServer pid=121375)[0m (Worker pid=122556) INFO:2026-07-30 10:58:27,034:Loading standard weights (non-FP8, async), loaded_params: 1, loaded_buffers: 0
[36m(vLLMHttpServer pid=121375)[0m (EngineCore pid=122102) WARNING 07-30 10:58:28 [scheduler.py:1883] reset_connector called but no KV connector is configured.
[36m(TaskRunnerV1 pid=108806)[0m Training Progress:   7%|▋         | 9/125 [22:39<4:44:30, 147.16s/it]
[36m(TaskRunnerV1 pid=108806)[0m Dumped generations to /mnt/lv_model/npu60005420a/qy_owner_experiments_20260730/qy_owner_verl_full125_noeval_final_npu23/rollouts/9.jsonl
[36m(TaskRunnerV1 pid=108806)[0m step:9 - global_seqlen/min:68435.0 - global_seqlen/max:68435.0 - global_seqlen/minmax_diff:0.0 - global_seqlen/balanced_min:68435.0 - global_seqlen/balanced_max:68435.0 - global_seqlen/mean:68435.0 - actor/pg_clipfrac:0.0012328187928206341 - actor/ppo_kl:0.0007749568561420721 - actor/pg_clipfrac_lower:0.0 - actor/pg_loss:0.005855453200638294 - actor/loss:0.0058554476127028465 - actor/grad_norm:0.013897281140089035 - actor/lr:1.7e-05 - actor/perf/max_memory_allocated_gb:22.906117916107178 - actor/perf/max_memory_reserved_gb:25.4140625 - actor/perf/cpu_memory_used_gb:98.43349838256836 - perf/mfu/actor:0.20897978045534157 - training/global_step:9 - training/epoch:0 - critic/score/mean:0.234375 - critic/score/max:1.0 - critic/score/min:0.0 - critic/rewards/mean:0.234375 - critic/rewards/max:1.0 - critic/rewards/min:0.0 - critic/advantages/mean:-0.005863398313522339 - critic/advantages/max:1.4999970197677612 - critic/advantages/min:-1.4999970197677612 - critic/returns/mean:-0.005863398313522339 - critic/returns/max:1.4999970197677612 - critic/returns/min:-1.4999970197677612 - response_length/mean:973.109375 - response_length/max:1024.0 - response_length/min:421.0 - response_length/clip_ratio:0.796875 - response_length_non_aborted/mean:973.109375 - response_length_non_aborted/max:1024.0 - response_length_non_aborted/min:421.0 - response_length_non_aborted/clip_ratio:0.796875 - response/aborted_ratio:0.0 - prompt_length/mean:96.1875 - prompt_length/max:137.0 - prompt_length/min:70.0 - prompt_length/clip_ratio:0.0625 - timing_s/gen:56.19407471548766 - timing_s/old_log_prob:0.13541081547737122 - timing_s/adv:0.1834160815924406 - timing_s/update_actor:25.65054799709469 - timing_s/update_weights:65.22167725861073 - timing_s/step:147.54225414153188 - timing_per_token_ms/adv:0.002680150238802376 - timing_per_token_ms/update_actor:0.37481621972813167 - timing_per_token_ms/gen:0.9022957130892862 - perf/total_num_tokens:68435 - perf/time_per_step:147.54225414153188 - perf/throughput:231.91661398351962 - training/num_turns/mean:2.0 - training/num_turns/max:2 - training/num_turns/min:2 - training/off_policy/trajectory_spans/mean:1.0 - training/off_policy/trajectory_spans/max:1 - training/off_policy/trajectory_spans/min:1 - training/off_policy/trajectory_staleness/mean:0.0 - training/off_policy/trajectory_staleness/max:0 - training/off_policy/trajectory_staleness/min:0 - training/off_policy/trajectory_staleness_worst/mean:0.0 - training/off_policy/trajectory_staleness_worst/max:0 - training/off_policy/trajectory_staleness_worst/min:0
[36m(vLLMHttpServer pid=121375)[0m (Worker pid=122556) INFO:2026-07-30 11:00:33,679:Loading standard weights (non-FP8, async), loaded_params: 3, loaded_buffers: 0
[36m(vLLMHttpServer pid=121375)[0m (Worker pid=122556) INFO:2026-07-30 11:00:36,071:Loading standard weights (non-FP8, async), loaded_params: 43, loaded_buffers: 0
[36m(vLLMHttpServer pid=121375)[0m (Worker pid=122556) INFO:2026-07-30 11:00:38,486:Loading standard weights (non-FP8, async), loaded_params: 43, loaded_buffers: 0
[36m(vLLMHttpServer pid=121375)[0m (Worker pid=122556) INFO:2026-07-30 11:00:41,352:Loading standard weights (non-FP8, async), loaded_params: 41, loaded_buffers: 0
[36m(vLLMHttpServer pid=121375)[0m (Worker pid=122556) INFO:2026-07-30 11:00:43,654:Loading standard weights (non-FP8, async), loaded_params: 43, loaded_buffers: 0
[36m(vLLMHttpServer pid=121375)[0m (Worker pid=122556) INFO:2026-07-30 11:00:46,057:Loading standard weights (non-FP8, async), loaded_params: 43, loaded_buffers: 0
[36m(vLLMHttpServer pid=121375)[0m (Worker pid=122556) INFO:2026-07-30 11:00:48,318:Loading standard weights (non-FP8, async), loaded_params: 41, loaded_buffers: 0
[36m(vLLMHttpServer pid=121375)[0m (Worker pid=122556) INFO:2026-07-30 11:00:50,533:Loading standard weights (non-FP8, async), loaded_params: 43, loaded_buffers: 0
[36m(vLLMHttpServer pid=121375)[0m (Worker pid=122556) INFO:2026-07-30 11:00:52,816:Loading standard weights (non-FP8, async), loaded_params: 43, loaded_buffers: 0
[36m(vLLMHttpServer pid=121375)[0m (Worker pid=122556) INFO:2026-07-30 11:00:54,982:Loading standard weights (non-FP8, async), loaded_params: 43, loaded_buffers: 0
[36m(vLLMHttpServer pid=121375)[0m (Worker pid=122556) INFO:2026-07-30 11:00:55,504:Loading standard weights (non-FP8, async), loaded_params: 12, loaded_buffers: 0
[36m(vLLMHttpServer pid=121375)[0m (Worker pid=122556) INFO:2026-07-30 11:00:57,090:Loading standard weights (non-FP8, async), loaded_params: 1, loaded_buffers: 0
[36m(vLLMHttpServer pid=121375)[0m (EngineCore pid=122102) WARNING 07-30 11:00:58 [scheduler.py:1883] reset_connector called but no KV connector is configured.
[36m(TaskRunnerV1 pid=108806)[0m Training Progress:   8%|▊         | 10/125 [25:09<4:43:46, 148.05s/it]
[36m(TaskRunnerV1 pid=108806)[0m Dumped generations to /mnt/lv_model/npu60005420a/qy_owner_experiments_20260730/qy_owner_verl_full125_noeval_final_npu23/rollouts/10.jsonl
[36m(TaskRunnerV1 pid=108806)[0m step:10 - global_seqlen/min:65723.0 - global_seqlen/max:65723.0 - global_seqlen/minmax_diff:0.0 - global_seqlen/balanced_min:65723.0 - global_seqlen/balanced_max:65723.0 - global_seqlen/mean:65723.0 - actor/pg_clipfrac:0.0019180373877615614 - actor/ppo_kl:0.0006455782030945342 - actor/pg_clipfrac_lower:0.0 - actor/pg_loss:0.04053145693615079 - actor/loss:0.0405314564704895 - actor/grad_norm:0.021079886704683304 - actor/lr:1.7e-05 - actor/perf/max_memory_allocated_gb:22.906117916107178 - actor/perf/max_memory_reserved_gb:25.4140625 - actor/perf/cpu_memory_used_gb:98.45158386230469 - perf/mfu/actor:0.20374635613282305 - training/global_step:10 - training/epoch:0 - critic/score/mean:0.40625 - critic/score/max:1.0 - critic/score/min:0.0 - critic/rewards/mean:0.40625 - critic/rewards/max:1.0 - critic/rewards/min:0.0 - critic/advantages/mean:-0.04056546464562416 - critic/advantages/max:1.4999970197677612 - critic/advantages/min:-1.4999970197677612 - critic/returns/mean:-0.04056546464562416 - critic/returns/max:1.4999970197677612 - critic/returns/min:-1.4999970197677612 - response_length/mean:939.859375 - response_length/max:1024.0 - response_length/min:523.0 - response_length/clip_ratio:0.65625 - response_length_non_aborted/mean:939.859375 - response_length_non_aborted/max:1024.0 - response_length_non_aborted/min:523.0 - response_length_non_aborted/clip_ratio:0.65625 - response/aborted_ratio:0.0 - prompt_length/mean:87.0625 - prompt_length/max:133.0 - prompt_length/min:68.0 - prompt_length/clip_ratio:0.0625 - timing_s/gen:58.214677542448044 - timing_s/old_log_prob:0.13529671169817448 - timing_s/adv:0.18138347938656807 - timing_s/update_actor:25.24399272724986 - timing_s/update_weights:65.8586912304163 - timing_s/step:149.79411864932626 - timing_per_token_ms/adv:0.002759817406183042 - timing_per_token_ms/update_actor:0.3840967808415602 - timing_per_token_ms/gen:0.9678089731251025 - perf/total_num_tokens:65723 - perf/time_per_step:149.79411864932626 - perf/throughput:219.37777194664113 - training/num_turns/mean:2.0 - training/num_turns/max:2 - training/num_turns/min:2 - training/off_policy/trajectory_spans/mean:1.0 - training/off_policy/trajectory_spans/max:1 - training/off_policy/trajectory_spans/min:1 - training/off_policy/trajectory_staleness/mean:0.0 - training/off_policy/trajectory_staleness/max:0 - training/off_policy/trajectory_staleness/min:0 - training/off_policy/trajectory_staleness_worst/mean:0.0 - training/off_policy/trajectory_staleness_worst/max:0 - training/off_policy/trajectory_staleness_worst/min:0
[36m(TaskRunnerV1 pid=108806)[0m INFO:2026-07-30 11:01:58,913:pending: 0, running: 10, finished: 6, failure: 0
[36m(vLLMHttpServer pid=121375)[0m (Worker pid=122556) INFO:2026-07-30 11:03:05,684:Loading standard weights (non-FP8, async), loaded_params: 3, loaded_buffers: 0
[36m(vLLMHttpServer pid=121375)[0m (Worker pid=122556) INFO:2026-07-30 11:03:07,954:Loading standard weights (non-FP8, async), loaded_params: 43, loaded_buffers: 0
[36m(vLLMHttpServer pid=121375)[0m (Worker pid=122556) INFO:2026-07-30 11:03:10,193:Loading standard weights (non-FP8, async), loaded_params: 43, loaded_buffers: 0
[36m(vLLMHttpServer pid=121375)[0m (Worker pid=122556) INFO:2026-07-30 11:03:13,786:Loading standard weights (non-FP8, async), loaded_params: 41, loaded_buffers: 0
[36m(vLLMHttpServer pid=121375)[0m (Worker pid=122556) INFO:2026-07-30 11:03:15,993:Loading standard weights (non-FP8, async), loaded_params: 43, loaded_buffers: 0
[36m(vLLMHttpServer pid=121375)[0m (Worker pid=122556) INFO:2026-07-30 11:03:18,291:Loading standard weights (non-FP8, async), loaded_params: 43, loaded_buffers: 0
[36m(vLLMHttpServer pid=121375)[0m (Worker pid=122556) INFO:2026-07-30 11:03:20,310:Loading standard weights (non-FP8, async), loaded_params: 41, loaded_buffers: 0
[36m(vLLMHttpServer pid=121375)[0m (Worker pid=122556) INFO:2026-07-30 11:03:22,387:Loading standard weights (non-FP8, async), loaded_params: 43, loaded_buffers: 0
[36m(vLLMHttpServer pid=121375)[0m (Worker pid=122556) INFO:2026-07-30 11:03:24,417:Loading standard weights (non-FP8, async), loaded_params: 43, loaded_buffers: 0
[36m(vLLMHttpServer pid=121375)[0m (Worker pid=122556) INFO:2026-07-30 11:03:26,350:Loading standard weights (non-FP8, async), loaded_params: 43, loaded_buffers: 0
[36m(vLLMHttpServer pid=121375)[0m (Worker pid=122556) INFO:2026-07-30 11:03:26,653:Loading standard weights (non-FP8, async), loaded_params: 12, loaded_buffers: 0
[36m(vLLMHttpServer pid=121375)[0m (Worker pid=122556) INFO:2026-07-30 11:03:28,093:Loading standard weights (non-FP8, async), loaded_params: 1, loaded_buffers: 0
[36m(vLLMHttpServer pid=121375)[0m (EngineCore pid=122102) WARNING 07-30 11:03:30 [scheduler.py:1883] reset_connector called but no KV connector is configured.
[36m(TaskRunnerV1 pid=108806)[0m Dumped generations to /mnt/lv_model/npu60005420a/qy_owner_experiments_20260730/qy_owner_verl_full125_noeval_final_npu23/rollouts/11.jsonl
[36m(TaskRunnerV1 pid=108806)[0m Training Progress:   9%|▉         | 11/125 [27:41<4:43:34, 149.25s/it]
[36m(TaskRunnerV1 pid=108806)[0m step:11 - global_seqlen/min:68746.0 - global_seqlen/max:68746.0 - global_seqlen/minmax_diff:0.0 - global_seqlen/balanced_min:68746.0 - global_seqlen/balanced_max:68746.0 - global_seqlen/mean:68746.0 - actor/pg_clipfrac:0.0016523879791801685 - actor/ppo_kl:0.0007073081869748421 - actor/pg_clipfrac_lower:0.0 - actor/pg_loss:0.01564516447888309 - actor/loss:0.015645164996385574 - actor/grad_norm:0.020277926698327065 - actor/lr:1.7e-05 - actor/perf/max_memory_allocated_gb:22.906117916107178 - actor/perf/max_memory_reserved_gb:25.43359375 - actor/perf/cpu_memory_used_gb:98.4931869506836 - perf/mfu/actor:0.21769486785708775 - training/global_step:11 - training/epoch:0 - critic/score/mean:0.328125 - critic/score/max:1.0 - critic/score/min:0.0 - critic/rewards/mean:0.328125 - critic/rewards/max:1.0 - critic/rewards/min:0.0 - critic/advantages/mean:-0.015486766584217548 - critic/advantages/max:1.4999970197677612 - critic/advantages/min:-1.4999970197677612 - critic/returns/mean:-0.015486766584217548 - critic/returns/max:1.4999970197677612 - critic/returns/min:-1.4999970197677612 - response_length/mean:976.03125 - response_length/max:1024.0 - response_length/min:591.0 - response_length/clip_ratio:0.765625 - response_length_non_aborted/mean:976.03125 - response_length_non_aborted/max:1024.0 - response_length_non_aborted/min:591.0 - response_length_non_aborted/clip_ratio:0.765625 - response/aborted_ratio:0.0 - prompt_length/mean:98.125 - prompt_length/max:174.0 - prompt_length/min:60.0 - prompt_length/clip_ratio:0.0625 - timing_s/gen:60.186508432962 - timing_s/old_log_prob:0.13682317174971104 - timing_s/adv:0.1819796860218048 - timing_s/update_actor:24.74598323646933 - timing_s/update_weights:66.27423661388457 - timing_s/step:151.68853862024844 - timing_per_token_ms/adv:0.0026471312661362815 - timing_per_token_ms/update_actor:0.35996251762239734 - timing_per_token_ms/gen:0.9635082834335799 - perf/total_num_tokens:68746 - perf/time_per_step:151.68853862024844 - perf/throughput:226.60248633585064 - training/num_turns/mean:2.0 - training/num_turns/max:2 - training/num_turns/min:2 - training/off_policy/trajectory_spans/mean:1.0 - training/off_policy/trajectory_spans/max:1 - training/off_policy/trajectory_spans/min:1 - training/off_policy/trajectory_staleness/mean:0.0 - training/off_policy/trajectory_staleness/max:0 - training/off_policy/trajectory_staleness/min:0 - training/off_policy/trajectory_staleness_worst/mean:0.0 - training/off_policy/trajectory_staleness_worst/max:0 - training/off_policy/trajectory_staleness_worst/min:0
[36m(vLLMHttpServer pid=121375)[0m (Worker pid=122556) INFO:2026-07-30 11:05:34,377:Loading standard weights (non-FP8, async), loaded_params: 3, loaded_buffers: 0
[36m(vLLMHttpServer pid=121375)[0m (Worker pid=122556) INFO:2026-07-30 11:05:36,675:Loading standard weights (non-FP8, async), loaded_params: 43, loaded_buffers: 0
[36m(vLLMHttpServer pid=121375)[0m (Worker pid=122556) INFO:2026-07-30 11:05:39,063:Loading standard weights (non-FP8, async), loaded_params: 43, loaded_buffers: 0
[36m(vLLMHttpServer pid=121375)[0m (Worker pid=122556) INFO:2026-07-30 11:05:41,612:Loading standard weights (non-FP8, async), loaded_params: 41, loaded_buffers: 0
[36m(vLLMHttpServer pid=121375)[0m (Worker pid=122556) INFO:2026-07-30 11:05:43,890:Loading standard weights (non-FP8, async), loaded_params: 43, loaded_buffers: 0
[36m(vLLMHttpServer pid=121375)[0m (Worker pid=122556) INFO:2026-07-30 11:05:46,326:Loading standard weights (non-FP8, async), loaded_params: 43, loaded_buffers: 0
[36m(vLLMHttpServer pid=121375)[0m (Worker pid=122556) INFO:2026-07-30 11:05:48,752:Loading standard weights (non-FP8, async), loaded_params: 41, loaded_buffers: 0
[36m(vLLMHttpServer pid=121375)[0m (Worker pid=122556) INFO:2026-07-30 11:05:50,994:Loading standard weights (non-FP8, async), loaded_params: 43, loaded_buffers: 0
[36m(vLLMHttpServer pid=121375)[0m (Worker pid=122556) INFO:2026-07-30 11:05:53,273:Loading standard weights (non-FP8, async), loaded_params: 43, loaded_buffers: 0
[36m(vLLMHttpServer pid=121375)[0m (Worker pid=122556) INFO:2026-07-30 11:05:55,491:Loading standard weights (non-FP8, async), loaded_params: 43, loaded_buffers: 0
[36m(vLLMHttpServer pid=121375)[0m (Worker pid=122556) INFO:2026-07-30 11:05:56,056:Loading standard weights (non-FP8, async), loaded_params: 12, loaded_buffers: 0
[36m(vLLMHttpServer pid=121375)[0m (Worker pid=122556) INFO:2026-07-30 11:05:57,665:Loading standard weights (non-FP8, async), loaded_params: 1, loaded_buffers: 0
[36m(vLLMHttpServer pid=121375)[0m (EngineCore pid=122102) WARNING 07-30 11:05:59 [scheduler.py:1883] reset_connector called but no KV connector is configured.
[36m(TaskRunnerV1 pid=108806)[0m Dumped generations to /mnt/lv_model/npu60005420a/qy_owner_experiments_20260730/qy_owner_verl_full125_noeval_final_npu23/rollouts/12.jsonl
[36m(TaskRunnerV1 pid=108806)[0m Training Progress:  10%|▉         | 12/125 [30:10<4:41:08, 149.28s/it]
[36m(TaskRunnerV1 pid=108806)[0m step:12 - global_seqlen/min:64713.0 - global_seqlen/max:64713.0 - global_seqlen/minmax_diff:0.0 - global_seqlen/balanced_min:64713.0 - global_seqlen/balanced_max:64713.0 - global_seqlen/mean:64713.0 - actor/pg_clipfrac:0.0007691209211770911 - actor/ppo_kl:0.0006998226358518878 - actor/pg_clipfrac_lower:0.0 - actor/pg_loss:5.2510760724544525e-05 - actor/loss:5.251169204711914e-05 - actor/grad_norm:0.01379416510462761 - actor/lr:1.7e-05 - actor/perf/max_memory_allocated_gb:22.906117916107178 - actor/perf/max_memory_reserved_gb:25.43359375 - actor/perf/cpu_memory_used_gb:98.47640991210938 - perf/mfu/actor:0.21049677085560575 - training/global_step:12 - training/epoch:0 - critic/score/mean:0.375 - critic/score/max:1.0 - critic/score/min:0.0 - critic/rewards/mean:0.375 - critic/rewards/max:1.0 - critic/rewards/min:0.0 - critic/advantages/mean:-1.0397634753189777e-08 - critic/advantages/max:1.4999970197677612 - critic/advantages/min:-0.8660238981246948 - critic/returns/mean:-1.0397634753189777e-08 - critic/returns/max:1.4999970197677612 - critic/returns/min:-0.8660238981246948 - response_length/mean:917.203125 - response_length/max:1024.0 - response_length/min:381.0 - response_length/clip_ratio:0.703125 - response_length_non_aborted/mean:917.203125 - response_length_non_aborted/max:1024.0 - response_length_non_aborted/min:381.0 - response_length_non_aborted/clip_ratio:0.703125 - response/aborted_ratio:0.0 - prompt_length/mean:93.9375 - prompt_length/max:128.0 - prompt_length/min:64.0 - prompt_length/clip_ratio:0.0625 - timing_s/gen:58.19862147048116 - timing_s/old_log_prob:0.1385494489222765 - timing_s/adv:0.1794595681130886 - timing_s/update_actor:24.07576835434884 - timing_s/update_weights:66.29829449299723 - timing_s/step:149.05228434503078 - timing_per_token_ms/adv:0.00277316100494628 - timing_per_token_ms/update_actor:0.37203913208086226 - timing_per_token_ms/gen:0.9914417381387226 - perf/total_num_tokens:64713 - perf/time_per_step:149.05228434503078 - perf/throughput:217.08154385007737 - training/num_turns/mean:2.0 - training/num_turns/max:2 - training/num_turns/min:2 - training/off_policy/trajectory_spans/mean:1.0 - training/off_policy/trajectory_spans/max:1 - training/off_policy/trajectory_spans/min:1 - training/off_policy/trajectory_staleness/mean:0.0 - training/off_policy/trajectory_staleness/max:0 - training/off_policy/trajectory_staleness/min:0 - training/off_policy/trajectory_staleness_worst/mean:0.0 - training/off_policy/trajectory_staleness_worst/max:0 - training/off_policy/trajectory_staleness_worst/min:0
[36m(vLLMHttpServer pid=121375)[0m (Worker pid=122556) INFO:2026-07-30 11:08:17,981:Loading standard weights (non-FP8, async), loaded_params: 3, loaded_buffers: 0
[36m(vLLMHttpServer pid=121375)[0m (Worker pid=122556) INFO:2026-07-30 11:08:20,442:Loading standard weights (non-FP8, async), loaded_params: 43, loaded_buffers: 0
[36m(vLLMHttpServer pid=121375)[0m (Worker pid=122556) INFO:2026-07-30 11:08:22,774:Loading standard weights (non-FP8, async), loaded_params: 43, loaded_buffers: 0
[36m(vLLMHttpServer pid=121375)[0m (Worker pid=122556) INFO:2026-07-30 11:08:25,002:Loading standard weights (non-FP8, async), loaded_params: 41, loaded_buffers: 0
[36m(vLLMHttpServer pid=121375)[0m (Worker pid=122556) INFO:2026-07-30 11:08:27,821:Loading standard weights (non-FP8, async), loaded_params: 43, loaded_buffers: 0
[36m(vLLMHttpServer pid=121375)[0m (Worker pid=122556) INFO:2026-07-30 11:08:31,265:Loading standard weights (non-FP8, async), loaded_params: 43, loaded_buffers: 0
[36m(vLLMHttpServer pid=121375)[0m (Worker pid=122556) INFO:2026-07-30 11:08:34,515:Loading standard weights (non-FP8, async), loaded_params: 41, loaded_buffers: 0
[36m(vLLMHttpServer pid=121375)[0m (Worker pid=122556) INFO:2026-07-30 11:08:36,754:Loading standard weights (non-FP8, async), loaded_params: 43, loaded_buffers: 0
[36m(vLLMHttpServer pid=121375)[0m (Worker pid=122556) INFO:2026-07-30 11:08:39,553:Loading standard weights (non-FP8, async), loaded_params: 43, loaded_buffers: 0
[36m(vLLMHttpServer pid=121375)[0m (Worker pid=122556) INFO:2026-07-30 11:08:41,753:Loading standard weights (non-FP8, async), loaded_params: 43, loaded_buffers: 0
[36m(vLLMHttpServer pid=121375)[0m (Worker pid=122556) INFO:2026-07-30 11:08:42,302:Loading standard weights (non-FP8, async), loaded_params: 12, loaded_buffers: 0
[36m(vLLMHttpServer pid=121375)[0m (Worker pid=122556) INFO:2026-07-30 11:08:43,962:Loading standard weights (non-FP8, async), loaded_params: 1, loaded_buffers: 0
[36m(vLLMHttpServer pid=121375)[0m (EngineCore pid=122102) WARNING 07-30 11:08:45 [scheduler.py:1883] reset_connector called but no KV connector is configured.
[36m(TaskRunnerV1 pid=108806)[0m Dumped generations to /mnt/lv_model/npu60005420a/qy_owner_experiments_20260730/qy_owner_verl_full125_noeval_final_npu23/rollouts/13.jsonl
[36m(TaskRunnerV1 pid=108806)[0m Training Progress:  10%|█         | 13/125 [32:57<4:48:24, 154.50s/it]
[36m(TaskRunnerV1 pid=108806)[0m step:13 - global_seqlen/min:65281.0 - global_seqlen/max:65281.0 - global_seqlen/minmax_diff:0.0 - global_seqlen/balanced_min:65281.0 - global_seqlen/balanced_max:65281.0 - global_seqlen/mean:65281.0 - actor/pg_clipfrac:0.002045287510554772 - actor/ppo_kl:0.000740008099910483 - actor/pg_clipfrac_lower:0.0 - actor/pg_loss:0.016609824902843684 - actor/loss:0.01660982519388199 - actor/grad_norm:0.0206444151699543 - actor/lr:1.7e-05 - actor/perf/max_memory_allocated_gb:22.906117916107178 - actor/perf/max_memory_reserved_gb:25.43359375 - actor/perf/cpu_memory_used_gb:98.46386337280273 - perf/mfu/actor:0.21121204224411658 - training/global_step:13 - training/epoch:0 - critic/score/mean:0.453125 - critic/score/max:1.0 - critic/score/min:0.0 - critic/rewards/mean:0.453125 - critic/rewards/max:1.0 - critic/rewards/min:0.0 - critic/advantages/mean:-0.016421856358647346 - critic/advantages/max:1.4999970197677612 - critic/advantages/min:-1.4999970197677612 - critic/returns/mean:-0.016421856358647346 - critic/returns/max:1.4999970197677612 - critic/returns/min:-1.4999970197677612 - response_length/mean:929.203125 - response_length/max:1024.0 - response_length/min:507.0 - response_length/clip_ratio:0.640625 - response_length_non_aborted/mean:929.203125 - response_length_non_aborted/max:1024.0 - response_length_non_aborted/min:507.0 - response_length_non_aborted/clip_ratio:0.640625 - response/aborted_ratio:0.0 - prompt_length/mean:90.8125 - prompt_length/max:112.0 - prompt_length/min:61.0 - prompt_length/clip_ratio:0.1875 - timing_s/gen:56.189749653451145 - timing_s/old_log_prob:0.13864287454634905 - timing_s/adv:0.18376857228577137 - timing_s/update_actor:24.20085551403463 - timing_s/update_weights:85.3781900331378 - timing_s/step:166.25289972219616 - timing_per_token_ms/adv:0.002815039173507933 - timing_per_token_ms/update_actor:0.3707182107203417 - timing_per_token_ms/gen:0.944857819257952 - perf/total_num_tokens:65281 - perf/time_per_step:166.25289972219616 - perf/throughput:196.33041020361955 - training/num_turns/mean:2.0 - training/num_turns/max:2 - training/num_turns/min:2 - training/off_policy/trajectory_spans/mean:1.0 - training/off_policy/trajectory_spans/max:1 - training/off_policy/trajectory_spans/min:1 - training/off_policy/trajectory_staleness/mean:0.0 - training/off_policy/trajectory_staleness/max:0 - training/off_policy/trajectory_staleness/min:0 - training/off_policy/trajectory_staleness_worst/mean:0.0 - training/off_policy/trajectory_staleness_worst/max:0 - training/off_policy/trajectory_staleness_worst/min:0
[36m(vLLMHttpServer pid=121375)[0m (Worker pid=122556) INFO:2026-07-30 11:10:52,700:Loading standard weights (non-FP8, async), loaded_params: 3, loaded_buffers: 0
[36m(vLLMHttpServer pid=121375)[0m (Worker pid=122556) INFO:2026-07-30 11:10:55,107:Loading standard weights (non-FP8, async), loaded_params: 43, loaded_buffers: 0
[36m(vLLMHttpServer pid=121375)[0m (Worker pid=122556) INFO:2026-07-30 11:10:57,471:Loading standard weights (non-FP8, async), loaded_params: 43, loaded_buffers: 0
[36m(vLLMHttpServer pid=121375)[0m (Worker pid=122556) INFO:2026-07-30 11:10:59,805:Loading standard weights (non-FP8, async), loaded_params: 41, loaded_buffers: 0
[36m(vLLMHttpServer pid=121375)[0m (Worker pid=122556) INFO:2026-07-30 11:11:02,083:Loading standard weights (non-FP8, async), loaded_params: 43, loaded_buffers: 0
[36m(vLLMHttpServer pid=121375)[0m (Worker pid=122556) INFO:2026-07-30 11:11:04,451:Loading standard weights (non-FP8, async), loaded_params: 43, loaded_buffers: 0
[36m(vLLMHttpServer pid=121375)[0m (Worker pid=122556) INFO:2026-07-30 11:11:06,984:Loading standard weights (non-FP8, async), loaded_params: 41, loaded_buffers: 0
[36m(vLLMHttpServer pid=121375)[0m (Worker pid=122556) INFO:2026-07-30 11:11:09,317:Loading standard weights (non-FP8, async), loaded_params: 43, loaded_buffers: 0
[36m(vLLMHttpServer pid=121375)[0m (Worker pid=122556) INFO:2026-07-30 11:11:11,704:Loading standard weights (non-FP8, async), loaded_params: 43, loaded_buffers: 0
[36m(vLLMHttpServer pid=121375)[0m (Worker pid=122556) INFO:2026-07-30 11:11:13,859:Loading standard weights (non-FP8, async), loaded_params: 43, loaded_buffers: 0
[36m(vLLMHttpServer pid=121375)[0m (Worker pid=122556) INFO:2026-07-30 11:11:14,380:Loading standard weights (non-FP8, async), loaded_params: 12, loaded_buffers: 0
[36m(vLLMHttpServer pid=121375)[0m (Worker pid=122556) INFO:2026-07-30 11:11:15,944:Loading standard weights (non-FP8, async), loaded_params: 1, loaded_buffers: 0
[36m(vLLMHttpServer pid=121375)[0m (EngineCore pid=122102) WARNING 07-30 11:11:17 [scheduler.py:1883] reset_connector called but no KV connector is configured.
[36m(TaskRunnerV1 pid=108806)[0m Dumped generations to /mnt/lv_model/npu60005420a/qy_owner_experiments_20260730/qy_owner_verl_full125_noeval_final_npu23/rollouts/14.jsonl
[36m(TaskRunnerV1 pid=108806)[0m Training Progress:  11%|█         | 14/125 [35:28<4:43:53, 153.46s/it]
[36m(TaskRunnerV1 pid=108806)[0m step:14 - global_seqlen/min:67237.0 - global_seqlen/max:67237.0 - global_seqlen/minmax_diff:0.0 - global_seqlen/balanced_min:67237.0 - global_seqlen/balanced_max:67237.0 - global_seqlen/mean:67237.0 - actor/pg_clipfrac:0.0016683129634817735 - actor/ppo_kl:0.00043068037484772503 - actor/pg_clipfrac_lower:0.0 - actor/pg_loss:0.009853138588368893 - actor/loss:0.009853138588368893 - actor/grad_norm:0.01864091120660305 - actor/lr:1.7e-05 - actor/perf/max_memory_allocated_gb:22.906117916107178 - actor/perf/max_memory_reserved_gb:25.43359375 - actor/perf/cpu_memory_used_gb:98.5845718383789 - perf/mfu/actor:0.20843337010894158 - training/global_step:14 - training/epoch:0 - critic/score/mean:0.375 - critic/score/max:1.0 - critic/score/min:0.0 - critic/rewards/mean:0.375 - critic/rewards/max:1.0 - critic/rewards/min:0.0 - critic/advantages/mean:-0.009730095975100994 - critic/advantages/max:1.4999970197677612 - critic/advantages/min:-1.4999970197677612 - critic/returns/mean:-0.009730095975100994 - critic/returns/max:1.4999970197677612 - critic/returns/min:-1.4999970197677612 - response_length/mean:960.203125 - response_length/max:1024.0 - response_length/min:517.0 - response_length/clip_ratio:0.71875 - response_length_non_aborted/mean:960.203125 - response_length_non_aborted/max:1024.0 - response_length_non_aborted/min:517.0 - response_length_non_aborted/clip_ratio:0.71875 - response/aborted_ratio:0.0 - prompt_length/mean:90.375 - prompt_length/max:134.0 - prompt_length/min:65.0 - prompt_length/clip_ratio:0.0625 - timing_s/gen:58.22814299352467 - timing_s/old_log_prob:0.13567563705146313 - timing_s/adv:0.18021233659237623 - timing_s/update_actor:25.27528874296695 - timing_s/update_weights:66.78628871403635 - timing_s/step:150.7691456116736 - timing_per_token_ms/adv:0.0026802554633962882 - timing_per_token_ms/update_actor:0.37591339207530006 - timing_per_token_ms/gen:0.9475231964838929 - perf/total_num_tokens:67237 - perf/time_per_step:150.7691456116736 - perf/throughput:222.9799728824425 - training/num_turns/mean:2.0 - training/num_turns/max:2 - training/num_turns/min:2 - training/off_policy/trajectory_spans/mean:1.0 - training/off_policy/trajectory_spans/max:1 - training/off_policy/trajectory_spans/min:1 - training/off_policy/trajectory_staleness/mean:0.0 - training/off_policy/trajectory_staleness/max:0 - training/off_policy/trajectory_staleness/min:0 - training/off_policy/trajectory_staleness_worst/mean:0.0 - training/off_policy/trajectory_staleness_worst/max:0 - training/off_policy/trajectory_staleness_worst/min:0
[36m(TaskRunnerV1 pid=108806)[0m INFO:2026-07-30 11:12:17,781:pending: 0, running: 15, finished: 1, failure: 0
[36m(vLLMHttpServer pid=121375)[0m (Worker pid=122556) INFO:2026-07-30 11:13:26,846:Loading standard weights (non-FP8, async), loaded_params: 3, loaded_buffers: 0
[36m(vLLMHttpServer pid=121375)[0m (Worker pid=122556) INFO:2026-07-30 11:13:29,283:Loading standard weights (non-FP8, async), loaded_params: 43, loaded_buffers: 0
[36m(vLLMHttpServer pid=121375)[0m (Worker pid=122556) INFO:2026-07-30 11:13:31,696:Loading standard weights (non-FP8, async), loaded_params: 43, loaded_buffers: 0
[36m(vLLMHttpServer pid=121375)[0m (Worker pid=122556) INFO:2026-07-30 11:13:34,042:Loading standard weights (non-FP8, async), loaded_params: 41, loaded_buffers: 0
[36m(vLLMHttpServer pid=121375)[0m (Worker pid=122556) INFO:2026-07-30 11:13:36,481:Loading standard weights (non-FP8, async), loaded_params: 43, loaded_buffers: 0
[36m(vLLMHttpServer pid=121375)[0m (Worker pid=122556) INFO:2026-07-30 11:13:38,855:Loading standard weights (non-FP8, async), loaded_params: 43, loaded_buffers: 0
[36m(vLLMHttpServer pid=121375)[0m (Worker pid=122556) INFO:2026-07-30 11:13:41,279:Loading standard weights (non-FP8, async), loaded_params: 41, loaded_buffers: 0
[36m(vLLMHttpServer pid=121375)[0m (Worker pid=122556) INFO:2026-07-30 11:13:43,594:Loading standard weights (non-FP8, async), loaded_params: 43, loaded_buffers: 0
[36m(vLLMHttpServer pid=121375)[0m (Worker pid=122556) INFO:2026-07-30 11:13:45,936:Loading standard weights (non-FP8, async), loaded_params: 43, loaded_buffers: 0
[36m(vLLMHttpServer pid=121375)[0m (Worker pid=122556) INFO:2026-07-30 11:13:48,181:Loading standard weights (non-FP8, async), loaded_params: 43, loaded_buffers: 0
[36m(vLLMHttpServer pid=121375)[0m (Worker pid=122556) INFO:2026-07-30 11:13:48,795:Loading standard weights (non-FP8, async), loaded_params: 12, loaded_buffers: 0
[36m(vLLMHttpServer pid=121375)[0m (Worker pid=122556) INFO:2026-07-30 11:13:50,544:Loading standard weights (non-FP8, async), loaded_params: 1, loaded_buffers: 0
[36m(vLLMHttpServer pid=121375)[0m (EngineCore pid=122102) WARNING 07-30 11:13:51 [scheduler.py:1883] reset_connector called but no KV connector is configured.
[36m(TaskRunnerV1 pid=108806)[0m Dumped generations to /mnt/lv_model/npu60005420a/qy_owner_experiments_20260730/qy_owner_verl_full125_noeval_final_npu23/rollouts/15.jsonl
[36m(TaskRunnerV1 pid=108806)[0m Training Progress:  12%|█▏        | 15/125 [38:03<4:41:58, 153.80s/it]
[36m(TaskRunnerV1 pid=108806)[0m step:15 - global_seqlen/min:70321.0 - global_seqlen/max:70321.0 - global_seqlen/minmax_diff:0.0 - global_seqlen/balanced_min:70321.0 - global_seqlen/balanced_max:70321.0 - global_seqlen/mean:70321.0 - actor/pg_clipfrac:0.0015159462669139935 - actor/ppo_kl:0.0005946505913117209 - actor/pg_clipfrac_lower:1.3920210120785567e-05 - actor/pg_loss:0.014112411066889763 - actor/loss:0.014112409204244614 - actor/grad_norm:0.11654533445835114 - actor/lr:1.7e-05 - actor/perf/max_memory_allocated_gb:22.926628589630127 - actor/perf/max_memory_reserved_gb:25.43359375 - actor/perf/cpu_memory_used_gb:98.52988815307617 - perf/mfu/actor:0.20490308236290047 - training/global_step:15 - training/epoch:0 - critic/score/mean:0.21875 - critic/score/max:1.0 - critic/score/min:0.0 - critic/rewards/mean:0.21875 - critic/rewards/max:1.0 - critic/rewards/min:0.0 - critic/advantages/mean:-0.014015932567417622 - critic/advantages/max:1.4999970197677612 - critic/advantages/min:-1.4999970197677612 - critic/returns/mean:-0.014015932567417622 - critic/returns/max:1.4999970197677612 - critic/returns/min:-1.4999970197677612 - response_length/mean:991.953125 - response_length/max:1024.0 - response_length/min:695.0 - response_length/clip_ratio:0.8125 - response_length_non_aborted/mean:991.953125 - response_length_non_aborted/max:1024.0 - response_length_non_aborted/min:695.0 - response_length_non_aborted/clip_ratio:0.8125 - response/aborted_ratio:0.0 - prompt_length/mean:106.8125 - prompt_length/max:153.0 - prompt_length/min:80.0 - prompt_length/clip_ratio:0.0625 - timing_s/gen:60.18904085829854 - timing_s/old_log_prob:0.1358640482649207 - timing_s/adv:0.17720950115472078 - timing_s/update_actor:26.883172376081347 - timing_s/update_weights:66.78728198353201 - timing_s/step:154.33291614893824 - timing_per_token_ms/adv:0.002520008264312521 - timing_per_token_ms/update_actor:0.38229223668721074 - timing_per_token_ms/gen:0.9480828677372378 - perf/total_num_tokens:70321 - perf/time_per_step:154.33291614893824 - perf/throughput:227.82243009047096 - training/num_turns/mean:2.0 - training/num_turns/max:2 - training/num_turns/min:2 - training/off_policy/trajectory_spans/mean:1.0 - training/off_policy/trajectory_spans/max:1 - training/off_policy/trajectory_spans/min:1 - training/off_policy/trajectory_staleness/mean:0.0 - training/off_policy/trajectory_staleness/max:0 - training/off_policy/trajectory_staleness/min:0 - training/off_policy/trajectory_staleness_worst/mean:0.0 - training/off_policy/trajectory_staleness_worst/max:0 - training/off_policy/trajectory_staleness_worst/min:0
[36m(vLLMHttpServer pid=121375)[0m (Worker pid=122556) INFO:2026-07-30 11:15:57,550:Loading standard weights (non-FP8, async), loaded_params: 3, loaded_buffers: 0
[36m(vLLMHttpServer pid=121375)[0m (Worker pid=122556) INFO:2026-07-30 11:16:00,299:Loading standard weights (non-FP8, async), loaded_params: 43, loaded_buffers: 0
[36m(vLLMHttpServer pid=121375)[0m (Worker pid=122556) INFO:2026-07-30 11:16:02,827:Loading standard weights (non-FP8, async), loaded_params: 43, loaded_buffers: 0
[36m(vLLMHttpServer pid=121375)[0m (Worker pid=122556) INFO:2026-07-30 11:16:05,150:Loading standard weights (non-FP8, async), loaded_params: 41, loaded_buffers: 0
[36m(vLLMHttpServer pid=121375)[0m (Worker pid=122556) INFO:2026-07-30 11:16:07,595:Loading standard weights (non-FP8, async), loaded_params: 43, loaded_buffers: 0
[36m(vLLMHttpServer pid=121375)[0m (Worker pid=122556) INFO:2026-07-30 11:16:10,154:Loading standard weights (non-FP8, async), loaded_params: 43, loaded_buffers: 0
[36m(vLLMHttpServer pid=121375)[0m (Worker pid=122556) INFO:2026-07-30 11:16:12,545:Loading standard weights (non-FP8, async), loaded_params: 41, loaded_buffers: 0
[36m(vLLMHttpServer pid=121375)[0m (Worker pid=122556) INFO:2026-07-30 11:16:14,924:Loading standard weights (non-FP8, async), loaded_params: 43, loaded_buffers: 0
[36m(vLLMHttpServer pid=121375)[0m (Worker pid=122556) INFO:2026-07-30 11:16:17,257:Loading standard weights (non-FP8, async), loaded_params: 43, loaded_buffers: 0
[36m(vLLMHttpServer pid=121375)[0m (Worker pid=122556) INFO:2026-07-30 11:16:19,523:Loading standard weights (non-FP8, async), loaded_params: 43, loaded_buffers: 0
[36m(vLLMHttpServer pid=121375)[0m (Worker pid=122556) INFO:2026-07-30 11:16:20,141:Loading standard weights (non-FP8, async), loaded_params: 12, loaded_buffers: 0
[36m(vLLMHttpServer pid=121375)[0m (Worker pid=122556) INFO:2026-07-30 11:16:21,803:Loading standard weights (non-FP8, async), loaded_params: 1, loaded_buffers: 0
[36m(vLLMHttpServer pid=121375)[0m (EngineCore pid=122102) WARNING 07-30 11:16:22 [scheduler.py:1883] reset_connector called but no KV connector is configured.
[36m(TaskRunnerV1 pid=108806)[0m Dumped generations to /mnt/lv_model/npu60005420a/qy_owner_experiments_20260730/qy_owner_verl_full125_noeval_final_npu23/rollouts/16.jsonl
[36m(TaskRunnerV1 pid=108806)[0m Training Progress:  13%|█▎        | 16/125 [40:34<4:38:00, 153.04s/it]
[36m(TaskRunnerV1 pid=108806)[0m step:16 - global_seqlen/min:67555.0 - global_seqlen/max:67555.0 - global_seqlen/minmax_diff:0.0 - global_seqlen/balanced_min:67555.0 - global_seqlen/balanced_max:67555.0 - global_seqlen/mean:67555.0 - actor/pg_clipfrac:0.002801348955151351 - actor/ppo_kl:0.0006512913224629729 - actor/pg_clipfrac_lower:0.0 - actor/pg_loss:0.028890594374388456 - actor/loss:0.028890594840049744 - actor/grad_norm:0.02382371760904789 - actor/lr:1.7e-05 - actor/perf/max_memory_allocated_gb:22.926628589630127 - actor/perf/max_memory_reserved_gb:25.43359375 - actor/perf/cpu_memory_used_gb:98.67621231079102 - perf/mfu/actor:0.20617025178040058 - training/global_step:16 - training/epoch:0 - critic/score/mean:0.421875 - critic/score/max:1.0 - critic/score/min:0.0 - critic/rewards/mean:0.421875 - critic/rewards/max:1.0 - critic/rewards/min:0.0 - critic/advantages/mean:-0.028765428811311722 - critic/advantages/max:1.4999970197677612 - critic/advantages/min:-1.4999970197677612 - critic/returns/mean:-0.028765428811311722 - critic/returns/max:1.4999970197677612 - critic/returns/min:-1.4999970197677612 - response_length/mean:959.546875 - response_length/max:1024.0 - response_length/min:488.0 - response_length/clip_ratio:0.671875 - response_length_non_aborted/mean:959.546875 - response_length_non_aborted/max:1024.0 - response_length_non_aborted/min:488.0 - response_length_non_aborted/clip_ratio:0.671875 - response/aborted_ratio:0.0 - prompt_length/mean:96.0 - prompt_length/max:133.0 - prompt_length/min:73.0 - prompt_length/clip_ratio:0.0625 - timing_s/gen:58.20763482246548 - timing_s/old_log_prob:0.1343834688887 - timing_s/adv:0.1840242762118578 - timing_s/update_actor:25.6548008704558 - timing_s/update_weights:66.64392870105803 - timing_s/step:150.9835946317762 - timing_per_token_ms/adv:0.0027240659642048374 - timing_per_token_ms/update_actor:0.3797616885568174 - timing_per_token_ms/gen:0.9478372738184605 - perf/total_num_tokens:67555 - perf/time_per_step:150.9835946317762 - perf/throughput:223.7163586042423 - training/num_turns/mean:2.0 - training/num_turns/max:2 - training/num_turns/min:2 - training/off_policy/trajectory_spans/mean:1.0 - training/off_policy/trajectory_spans/max:1 - training/off_policy/trajectory_spans/min:1 - training/off_policy/trajectory_staleness/mean:0.0 - training/off_policy/trajectory_staleness/max:0 - training/off_policy/trajectory_staleness/min:0 - training/off_policy/trajectory_staleness_worst/mean:0.0 - training/off_policy/trajectory_staleness_worst/max:0 - training/off_policy/trajectory_staleness_worst/min:0
[36m(vLLMHttpServer pid=121375)[0m (Worker pid=122556) INFO:2026-07-30 11:18:27,485:Loading standard weights (non-FP8, async), loaded_params: 3, loaded_buffers: 0
[36m(vLLMHttpServer pid=121375)[0m (Worker pid=122556) INFO:2026-07-30 11:18:29,807:Loading standard weights (non-FP8, async), loaded_params: 43, loaded_buffers: 0
[36m(vLLMHttpServer pid=121375)[0m (Worker pid=122556) INFO:2026-07-30 11:18:32,274:Loading standard weights (non-FP8, async), loaded_params: 43, loaded_buffers: 0
[36m(vLLMHttpServer pid=121375)[0m (Worker pid=122556) INFO:2026-07-30 11:18:34,549:Loading standard weights (non-FP8, async), loaded_params: 41, loaded_buffers: 0
[36m(vLLMHttpServer pid=121375)[0m (Worker pid=122556) INFO:2026-07-30 11:18:36,839:Loading standard weights (non-FP8, async), loaded_params: 43, loaded_buffers: 0
[36m(vLLMHttpServer pid=121375)[0m (Worker pid=122556) INFO:2026-07-30 11:18:39,218:Loading standard weights (non-FP8, async), loaded_params: 43, loaded_buffers: 0
[36m(vLLMHttpServer pid=121375)[0m (Worker pid=122556) INFO:2026-07-30 11:18:41,576:Loading standard weights (non-FP8, async), loaded_params: 41, loaded_buffers: 0
[36m(vLLMHttpServer pid=121375)[0m (Worker pid=122556) INFO:2026-07-30 11:18:43,915:Loading standard weights (non-FP8, async), loaded_params: 43, loaded_buffers: 0
[36m(vLLMHttpServer pid=121375)[0m (Worker pid=122556) INFO:2026-07-30 11:18:46,348:Loading standard weights (non-FP8, async), loaded_params: 43, loaded_buffers: 0
[36m(vLLMHttpServer pid=121375)[0m (Worker pid=122556) INFO:2026-07-30 11:18:48,557:Loading standard weights (non-FP8, async), loaded_params: 43, loaded_buffers: 0
[36m(vLLMHttpServer pid=121375)[0m (Worker pid=122556) INFO:2026-07-30 11:18:49,119:Loading standard weights (non-FP8, async), loaded_params: 12, loaded_buffers: 0
[36m(vLLMHttpServer pid=121375)[0m (Worker pid=122556) INFO:2026-07-30 11:18:50,812:Loading standard weights (non-FP8, async), loaded_params: 1, loaded_buffers: 0
[36m(vLLMHttpServer pid=121375)[0m (EngineCore pid=122102) WARNING 07-30 11:18:52 [scheduler.py:1883] reset_connector called but no KV connector is configured.
[36m(TaskRunnerV1 pid=108806)[0m Dumped generations to /mnt/lv_model/npu60005420a/qy_owner_experiments_20260730/qy_owner_verl_full125_noeval_final_npu23/rollouts/17.jsonl
[36m(TaskRunnerV1 pid=108806)[0m Training Progress:  14%|█▎        | 17/125 [43:03<4:33:33, 151.97s/it]
[36m(TaskRunnerV1 pid=108806)[0m step:17 - global_seqlen/min:69480.0 - global_seqlen/max:69480.0 - global_seqlen/minmax_diff:0.0 - global_seqlen/balanced_min:69480.0 - global_seqlen/balanced_max:69480.0 - global_seqlen/mean:69480.0 - actor/pg_clipfrac:0.002316076183513574 - actor/ppo_kl:0.0007490286456338842 - actor/pg_clipfrac_lower:0.0 - actor/pg_loss:0.009117843117564917 - actor/loss:0.009117844514548779 - actor/grad_norm:0.020929735153913498 - actor/lr:1.7e-05 - actor/perf/max_memory_allocated_gb:22.926628589630127 - actor/perf/max_memory_reserved_gb:25.43359375 - actor/perf/cpu_memory_used_gb:98.74112701416016 - perf/mfu/actor:0.2165522517554091 - training/global_step:17 - training/epoch:0 - critic/score/mean:0.265625 - critic/score/max:1.0 - critic/score/min:0.0 - critic/rewards/mean:0.265625 - critic/rewards/max:1.0 - critic/rewards/min:0.0 - critic/advantages/mean:-0.009011038579046726 - critic/advantages/max:1.4999970197677612 - critic/advantages/min:-1.4999970197677612 - critic/returns/mean:-0.009011038579046726 - critic/returns/max:1.4999970197677612 - critic/returns/min:-1.4999970197677612 - response_length/mean:993.125 - response_length/max:1024.0 - response_length/min:591.0 - response_length/clip_ratio:0.859375 - response_length_non_aborted/mean:993.125 - response_length_non_aborted/max:1024.0 - response_length_non_aborted/min:591.0 - response_length_non_aborted/clip_ratio:0.859375 - response/aborted_ratio:0.0 - prompt_length/mean:92.5 - prompt_length/max:135.0 - prompt_length/min:66.0 - prompt_length/clip_ratio:0.0625 - timing_s/gen:56.21550172846764 - timing_s/old_log_prob:0.13272035773843527 - timing_s/adv:0.17522420827299356 - timing_s/update_actor:25.15840264968574 - timing_s/update_weights:67.40394537057728 - timing_s/step:149.2485431516543 - timing_per_token_ms/adv:0.0025219373671991016 - timing_per_token_ms/update_actor:0.3620956052056094 - timing_per_token_ms/gen:0.8844477930847647 - perf/total_num_tokens:69480 - perf/time_per_step:149.2485431516543 - perf/throughput:232.76609115507426 - training/num_turns/mean:2.0 - training/num_turns/max:2 - training/num_turns/min:2 - training/off_policy/trajectory_spans/mean:1.0 - training/off_policy/trajectory_spans/max:1 - training/off_policy/trajectory_spans/min:1 - training/off_policy/trajectory_staleness/mean:0.0 - training/off_policy/trajectory_staleness/max:0 - training/off_policy/trajectory_staleness/min:0 - training/off_policy/trajectory_staleness_worst/mean:0.0 - training/off_policy/trajectory_staleness_worst/max:0 - training/off_policy/trajectory_staleness_worst/min:0
[36m(vLLMHttpServer pid=121375)[0m (Worker pid=122556) INFO:2026-07-30 11:20:58,961:Loading standard weights (non-FP8, async), loaded_params: 3, loaded_buffers: 0
[36m(vLLMHttpServer pid=121375)[0m (Worker pid=122556) INFO:2026-07-30 11:21:01,081:Loading standard weights (non-FP8, async), loaded_params: 43, loaded_buffers: 0
[36m(vLLMHttpServer pid=121375)[0m (Worker pid=122556) INFO:2026-07-30 11:21:03,146:Loading standard weights (non-FP8, async), loaded_params: 43, loaded_buffers: 0
[36m(vLLMHttpServer pid=121375)[0m (Worker pid=122556) INFO:2026-07-30 11:21:05,228:Loading standard weights (non-FP8, async), loaded_params: 41, loaded_buffers: 0
[36m(vLLMHttpServer pid=121375)[0m (Worker pid=122556) INFO:2026-07-30 11:21:07,309:Loading standard weights (non-FP8, async), loaded_params: 43, loaded_buffers: 0
[36m(vLLMHttpServer pid=121375)[0m (Worker pid=122556) INFO:2026-07-30 11:21:09,326:Loading standard weights (non-FP8, async), loaded_params: 43, loaded_buffers: 0
[36m(vLLMHttpServer pid=121375)[0m (Worker pid=122556) INFO:2026-07-30 11:21:11,468:Loading standard weights (non-FP8, async), loaded_params: 41, loaded_buffers: 0
[36m(vLLMHttpServer pid=121375)[0m (Worker pid=122556) INFO:2026-07-30 11:21:13,493:Loading standard weights (non-FP8, async), loaded_params: 43, loaded_buffers: 0
[36m(vLLMHttpServer pid=121375)[0m (Worker pid=122556) INFO:2026-07-30 11:21:15,463:Loading standard weights (non-FP8, async), loaded_params: 43, loaded_buffers: 0
[36m(vLLMHttpServer pid=121375)[0m (Worker pid=122556) INFO:2026-07-30 11:21:17,441:Loading standard weights (non-FP8, async), loaded_params: 43, loaded_buffers: 0
[36m(vLLMHttpServer pid=121375)[0m (Worker pid=122556) INFO:2026-07-30 11:21:18,008:Loading standard weights (non-FP8, async), loaded_params: 12, loaded_buffers: 0
[36m(vLLMHttpServer pid=121375)[0m (Worker pid=122556) INFO:2026-07-30 11:21:19,494:Loading standard weights (non-FP8, async), loaded_params: 1, loaded_buffers: 0
[36m(vLLMHttpServer pid=121375)[0m (EngineCore pid=122102) WARNING 07-30 11:21:21 [scheduler.py:1883] reset_connector called but no KV connector is configured.
[36m(TaskRunnerV1 pid=108806)[0m Training Progress:  14%|█▍        | 18/125 [45:32<4:29:14, 150.98s/it]
[36m(TaskRunnerV1 pid=108806)[0m Dumped generations to /mnt/lv_model/npu60005420a/qy_owner_experiments_20260730/qy_owner_verl_full125_noeval_final_npu23/rollouts/18.jsonl
[36m(TaskRunnerV1 pid=108806)[0m step:18 - global_seqlen/min:68575.0 - global_seqlen/max:68575.0 - global_seqlen/minmax_diff:0.0 - global_seqlen/balanced_min:68575.0 - global_seqlen/balanced_max:68575.0 - global_seqlen/mean:68575.0 - actor/pg_clipfrac:0.002012081832885194 - actor/ppo_kl:0.0007554951803553302 - actor/pg_clipfrac_lower:0.0 - actor/pg_loss:0.0051744477823376656 - actor/loss:0.005174457095563412 - actor/grad_norm:0.020059926435351372 - actor/lr:1.7e-05 - actor/perf/max_memory_allocated_gb:22.926628589630127 - actor/perf/max_memory_reserved_gb:25.43359375 - actor/perf/cpu_memory_used_gb:98.87063217163086 - perf/mfu/actor:0.2098734411398638 - training/global_step:18 - training/epoch:0 - critic/score/mean:0.34375 - critic/score/max:1.0 - critic/score/min:0.0 - critic/rewards/mean:0.34375 - critic/rewards/max:1.0 - critic/rewards/min:0.0 - critic/advantages/mean:-0.005028071813285351 - critic/advantages/max:1.4999970197677612 - critic/advantages/min:-1.4999970197677612 - critic/returns/mean:-0.005028071813285351 - critic/returns/max:1.4999970197677612 - critic/returns/min:-1.4999970197677612 - response_length/mean:982.296875 - response_length/max:1024.0 - response_length/min:641.0 - response_length/clip_ratio:0.828125 - response_length_non_aborted/mean:982.296875 - response_length_non_aborted/max:1024.0 - response_length_non_aborted/min:641.0 - response_length_non_aborted/clip_ratio:0.828125 - response/aborted_ratio:0.0 - prompt_length/mean:89.1875 - prompt_length/max:109.0 - prompt_length/min:65.0 - prompt_length/clip_ratio:0.0625 - timing_s/gen:58.20894975028932 - timing_s/old_log_prob:0.13014927878975868 - timing_s/adv:0.180938808247447 - timing_s/update_actor:25.59704320691526 - timing_s/update_weights:64.10743700806051 - timing_s/step:148.37720586825162 - timing_per_token_ms/adv:0.0026385535289456365 - timing_per_token_ms/update_actor:0.37327077224812627 - timing_per_token_ms/gen:0.9259062743615779 - perf/total_num_tokens:68575 - perf/time_per_step:148.37720586825162 - perf/throughput:231.08333789790365 - training/num_turns/mean:2.0 - training/num_turns/max:2 - training/num_turns/min:2 - training/off_policy/trajectory_spans/mean:1.0 - training/off_policy/trajectory_spans/max:1 - training/off_policy/trajectory_spans/min:1 - training/off_policy/trajectory_staleness/mean:0.0 - training/off_policy/trajectory_staleness/max:0 - training/off_policy/trajectory_staleness/min:0 - training/off_policy/trajectory_staleness_worst/mean:0.0 - training/off_policy/trajectory_staleness_worst/max:0 - training/off_policy/trajectory_staleness_worst/min:0
[36m(TaskRunnerV1 pid=108806)[0m INFO:2026-07-30 11:22:21,796:pending: 0, running: 9, finished: 7, failure: 0
[36m(vLLMHttpServer pid=121375)[0m (Worker pid=122556) INFO:2026-07-30 11:23:29,045:Loading standard weights (non-FP8, async), loaded_params: 3, loaded_buffers: 0
[36m(vLLMHttpServer pid=121375)[0m (Worker pid=122556) INFO:2026-07-30 11:23:31,328:Loading standard weights (non-FP8, async), loaded_params: 43, loaded_buffers: 0
[36m(vLLMHttpServer pid=121375)[0m (Worker pid=122556) INFO:2026-07-30 11:23:33,909:Loading standard weights (non-FP8, async), loaded_params: 43, loaded_buffers: 0
[36m(vLLMHttpServer pid=121375)[0m (Worker pid=122556) INFO:2026-07-30 11:23:36,258:Loading standard weights (non-FP8, async), loaded_params: 41, loaded_buffers: 0
[36m(vLLMHttpServer pid=121375)[0m (Worker pid=122556) INFO:2026-07-30 11:23:38,819:Loading standard weights (non-FP8, async), loaded_params: 43, loaded_buffers: 0
[36m(vLLMHttpServer pid=121375)[0m (Worker pid=122556) INFO:2026-07-30 11:23:41,072:Loading standard weights (non-FP8, async), loaded_params: 43, loaded_buffers: 0
[36m(vLLMHttpServer pid=121375)[0m (Worker pid=122556) INFO:2026-07-30 11:23:43,363:Loading standard weights (non-FP8, async), loaded_params: 41, loaded_buffers: 0
[36m(vLLMHttpServer pid=121375)[0m (Worker pid=122556) INFO:2026-07-30 11:23:45,956:Loading standard weights (non-FP8, async), loaded_params: 43, loaded_buffers: 0
[36m(vLLMHttpServer pid=121375)[0m (Worker pid=122556) INFO:2026-07-30 11:23:48,130:Loading standard weights (non-FP8, async), loaded_params: 43, loaded_buffers: 0
[36m(vLLMHttpServer pid=121375)[0m (Worker pid=122556) INFO:2026-07-30 11:23:50,247:Loading standard weights (non-FP8, async), loaded_params: 43, loaded_buffers: 0
[36m(vLLMHttpServer pid=121375)[0m (Worker pid=122556) INFO:2026-07-30 11:23:50,813:Loading standard weights (non-FP8, async), loaded_params: 12, loaded_buffers: 0
[36m(vLLMHttpServer pid=121375)[0m (Worker pid=122556) INFO:2026-07-30 11:23:52,429:Loading standard weights (non-FP8, async), loaded_params: 1, loaded_buffers: 0
[36m(vLLMHttpServer pid=121375)[0m (EngineCore pid=122102) WARNING 07-30 11:23:53 [scheduler.py:1883] reset_connector called but no KV connector is configured.
[36m(TaskRunnerV1 pid=108806)[0m Training Progress:  15%|█▌        | 19/125 [48:05<4:27:45, 151.56s/it]
[36m(TaskRunnerV1 pid=108806)[0m Dumped generations to /mnt/lv_model/npu60005420a/qy_owner_experiments_20260730/qy_owner_verl_full125_noeval_final_npu23/rollouts/19.jsonl
[36m(TaskRunnerV1 pid=108806)[0m step:19 - global_seqlen/min:68703.0 - global_seqlen/max:68703.0 - global_seqlen/minmax_diff:0.0 - global_seqlen/balanced_min:68703.0 - global_seqlen/balanced_max:68703.0 - global_seqlen/mean:68703.0 - actor/pg_clipfrac:0.0016125455594566815 - actor/ppo_kl:0.0005857818759977818 - actor/pg_clipfrac_lower:0.0 - actor/pg_loss:0.002094031311571598 - actor/loss:0.0020940303802490234 - actor/grad_norm:0.018072722479701042 - actor/lr:1.7e-05 - actor/perf/max_memory_allocated_gb:22.926628589630127 - actor/perf/max_memory_reserved_gb:25.43359375 - actor/perf/cpu_memory_used_gb:98.86651229858398 - perf/mfu/actor:0.21075065382842387 - training/global_step:19 - training/epoch:0 - critic/score/mean:0.40625 - critic/score/max:1.0 - critic/score/min:0.0 - critic/rewards/mean:0.40625 - critic/rewards/max:1.0 - critic/rewards/min:0.0 - critic/advantages/mean:-0.0023093647323548794 - critic/advantages/max:1.4999970197677612 - critic/advantages/min:-1.4999970197677612 - critic/returns/mean:-0.0023093647323548794 - critic/returns/max:1.4999970197677612 - critic/returns/min:-1.4999970197677612 - response_length/mean:977.671875 - response_length/max:1024.0 - response_length/min:642.0 - response_length/clip_ratio:0.75 - response_length_non_aborted/mean:977.671875 - response_length_non_aborted/max:1024.0 - response_length_non_aborted/min:642.0 - response_length_non_aborted/clip_ratio:0.75 - response/aborted_ratio:0.0 - prompt_length/mean:95.8125 - prompt_length/max:131.0 - prompt_length/min:69.0 - prompt_length/clip_ratio:0.0625 - timing_s/gen:60.18603134341538 - timing_s/old_log_prob:0.1364642484113574 - timing_s/adv:0.1784626292064786 - timing_s/update_actor:25.54021235462278 - timing_s/update_weights:66.45862975902855 - timing_s/step:152.65762973297387 - timing_per_token_ms/adv:0.002597595872181398 - timing_per_token_ms/update_actor:0.3717481384309678 - timing_per_token_ms/gen:0.9618838014961465 - perf/total_num_tokens:68703 - perf/time_per_step:152.65762973297387 - perf/throughput:225.02314532255647 - training/num_turns/mean:2.0 - training/num_turns/max:2 - training/num_turns/min:2 - training/off_policy/trajectory_spans/mean:1.0 - training/off_policy/trajectory_spans/max:1 - training/off_policy/trajectory_spans/min:1 - training/off_policy/trajectory_staleness/mean:0.0 - training/off_policy/trajectory_staleness/max:0 - training/off_policy/trajectory_staleness/min:0 - training/off_policy/trajectory_staleness_worst/mean:0.0 - training/off_policy/trajectory_staleness_worst/max:0 - training/off_policy/trajectory_staleness_worst/min:0
[36m(TaskRunnerV1 pid=108806)[0m INFO:2026-07-30 11:24:54,745:pending: 0, running: 1, finished: 15, failure: 0
[36m(vLLMHttpServer pid=121375)[0m (Worker pid=122556) INFO:2026-07-30 11:26:02,829:Loading standard weights (non-FP8, async), loaded_params: 3, loaded_buffers: 0
[36m(vLLMHttpServer pid=121375)[0m (Worker pid=122556) INFO:2026-07-30 11:26:05,319:Loading standard weights (non-FP8, async), loaded_params: 43, loaded_buffers: 0
[36m(vLLMHttpServer pid=121375)[0m (Worker pid=122556) INFO:2026-07-30 11:26:07,673:Loading standard weights (non-FP8, async), loaded_params: 43, loaded_buffers: 0
[36m(vLLMHttpServer pid=121375)[0m (Worker pid=122556) INFO:2026-07-30 11:26:09,904:Loading standard weights (non-FP8, async), loaded_params: 41, loaded_buffers: 0
[36m(vLLMHttpServer pid=121375)[0m (Worker pid=122556) INFO:2026-07-30 11:26:12,262:Loading standard weights (non-FP8, async), loaded_params: 43, loaded_buffers: 0
[36m(vLLMHttpServer pid=121375)[0m (Worker pid=122556) INFO:2026-07-30 11:26:14,456:Loading standard weights (non-FP8, async), loaded_params: 43, loaded_buffers: 0
[36m(vLLMHttpServer pid=121375)[0m (Worker pid=122556) INFO:2026-07-30 11:26:16,764:Loading standard weights (non-FP8, async), loaded_params: 41, loaded_buffers: 0
[36m(vLLMHttpServer pid=121375)[0m (Worker pid=122556) INFO:2026-07-30 11:26:18,937:Loading standard weights (non-FP8, async), loaded_params: 43, loaded_buffers: 0
[36m(vLLMHttpServer pid=121375)[0m (Worker pid=122556) INFO:2026-07-30 11:26:21,110:Loading standard weights (non-FP8, async), loaded_params: 43, loaded_buffers: 0
[36m(vLLMHttpServer pid=121375)[0m (Worker pid=122556) INFO:2026-07-30 11:26:23,212:Loading standard weights (non-FP8, async), loaded_params: 43, loaded_buffers: 0
[36m(vLLMHttpServer pid=121375)[0m (Worker pid=122556) INFO:2026-07-30 11:26:23,763:Loading standard weights (non-FP8, async), loaded_params: 12, loaded_buffers: 0
[36m(vLLMHttpServer pid=121375)[0m (Worker pid=122556) INFO:2026-07-30 11:26:25,398:Loading standard weights (non-FP8, async), loaded_params: 1, loaded_buffers: 0
[36m(vLLMHttpServer pid=121375)[0m (EngineCore pid=122102) WARNING 07-30 11:26:26 [scheduler.py:1883] reset_connector called but no KV connector is configured.
[36m(TaskRunnerV1 pid=108806)[0m Dumped generations to /mnt/lv_model/npu60005420a/qy_owner_experiments_20260730/qy_owner_verl_full125_noeval_final_npu23/rollouts/20.jsonl
[36m(TaskRunnerV1 pid=108806)[0m Training Progress:  16%|█▌        | 20/125 [50:37<4:25:43, 151.84s/it]
[36m(TaskRunnerV1 pid=108806)[0m step:20 - global_seqlen/min:67802.0 - global_seqlen/max:67802.0 - global_seqlen/minmax_diff:0.0 - global_seqlen/balanced_min:67802.0 - global_seqlen/balanced_max:67802.0 - global_seqlen/mean:67802.0 - actor/pg_clipfrac:0.0013315974638852127 - actor/ppo_kl:0.0004417974662775283 - actor/pg_clipfrac_lower:0.0 - actor/pg_loss:0.0029607322067022324 - actor/loss:0.0029607322067022324 - actor/grad_norm:0.01352399867027998 - actor/lr:1.7e-05 - actor/perf/max_memory_allocated_gb:22.926628589630127 - actor/perf/max_memory_reserved_gb:25.453125 - actor/perf/cpu_memory_used_gb:98.7655258178711 - perf/mfu/actor:0.21156219067349452 - training/global_step:20 - training/epoch:0 - critic/score/mean:0.34375 - critic/score/max:1.0 - critic/score/min:0.0 - critic/rewards/mean:0.34375 - critic/rewards/max:1.0 - critic/rewards/min:0.0 - critic/advantages/mean:-0.0029520709067583084 - critic/advantages/max:0.8660238981246948 - critic/advantages/min:-1.4999970197677612 - critic/returns/mean:-0.0029520709067583084 - critic/returns/max:0.8660238981246948 - critic/returns/min:-1.4999970197677612 - response_length/mean:970.46875 - response_length/max:1024.0 - response_length/min:371.0 - response_length/clip_ratio:0.796875 - response_length_non_aborted/mean:970.46875 - response_length_non_aborted/max:1024.0 - response_length_non_aborted/min:371.0 - response_length_non_aborted/clip_ratio:0.796875 - response/aborted_ratio:0.0 - prompt_length/mean:88.9375 - prompt_length/max:161.0 - prompt_length/min:64.0 - prompt_length/clip_ratio:0.0625 - timing_s/gen:60.204818818718195 - timing_s/old_log_prob:0.13703548908233643 - timing_s/adv:0.18281167466193438 - timing_s/update_actor:25.111526135355234 - timing_s/update_weights:66.43935609329492 - timing_s/step:152.23522047512233 - timing_per_token_ms/adv:0.0026962578487645552 - timing_per_token_ms/update_actor:0.3703655664339582 - timing_per_token_ms/gen:0.9693256934264723 - perf/total_num_tokens:67802 - perf/time_per_step:152.23522047512233 - perf/throughput:222.68828392139363 - training/num_turns/mean:2.0 - training/num_turns/max:2 - training/num_turns/min:2 - training/off_policy/trajectory_spans/mean:1.0 - training/off_policy/trajectory_spans/max:1 - training/off_policy/trajectory_spans/min:1 - training/off_policy/trajectory_staleness/mean:0.0 - training/off_policy/trajectory_staleness/max:0 - training/off_policy/trajectory_staleness/min:0 - training/off_policy/trajectory_staleness_worst/mean:0.0 - training/off_policy/trajectory_staleness_worst/max:0 - training/off_policy/trajectory_staleness_worst/min:0
[36m(vLLMHttpServer pid=121375)[0m (Worker pid=122556) INFO:2026-07-30 11:28:31,502:Loading standard weights (non-FP8, async), loaded_params: 3, loaded_buffers: 0
[36m(vLLMHttpServer pid=121375)[0m (Worker pid=122556) INFO:2026-07-30 11:28:33,599:Loading standard weights (non-FP8, async), loaded_params: 43, loaded_buffers: 0
[36m(vLLMHttpServer pid=121375)[0m (Worker pid=122556) INFO:2026-07-30 11:28:35,191:Loading standard weights (non-FP8, async), loaded_params: 43, loaded_buffers: 0
[36m(vLLMHttpServer pid=121375)[0m (Worker pid=122556) INFO:2026-07-30 11:28:36,699:Loading standard weights (non-FP8, async), loaded_params: 41, loaded_buffers: 0
[36m(vLLMHttpServer pid=121375)[0m (Worker pid=122556) INFO:2026-07-30 11:28:38,348:Loading standard weights (non-FP8, async), loaded_params: 43, loaded_buffers: 0
[36m(vLLMHttpServer pid=121375)[0m (Worker pid=122556) INFO:2026-07-30 11:28:39,927:Loading standard weights (non-FP8, async), loaded_params: 43, loaded_buffers: 0
[36m(vLLMHttpServer pid=121375)[0m (Worker pid=122556) INFO:2026-07-30 11:28:41,509:Loading standard weights (non-FP8, async), loaded_params: 41, loaded_buffers: 0
[36m(vLLMHttpServer pid=121375)[0m (Worker pid=122556) INFO:2026-07-30 11:28:43,044:Loading standard weights (non-FP8, async), loaded_params: 43, loaded_buffers: 0
[36m(vLLMHttpServer pid=121375)[0m (Worker pid=122556) INFO:2026-07-30 11:28:44,638:Loading standard weights (non-FP8, async), loaded_params: 43, loaded_buffers: 0
[36m(vLLMHttpServer pid=121375)[0m (Worker pid=122556) INFO:2026-07-30 11:28:46,552:Loading standard weights (non-FP8, async), loaded_params: 43, loaded_buffers: 0
[36m(vLLMHttpServer pid=121375)[0m (Worker pid=122556) INFO:2026-07-30 11:28:46,942:Loading standard weights (non-FP8, async), loaded_params: 12, loaded_buffers: 0
[36m(vLLMHttpServer pid=121375)[0m (Worker pid=122556) INFO:2026-07-30 11:28:47,958:Loading standard weights (non-FP8, async), loaded_params: 1, loaded_buffers: 0
[36m(vLLMHttpServer pid=121375)[0m (EngineCore pid=122102) WARNING 07-30 11:28:49 [scheduler.py:1883] reset_connector called but no KV connector is configured.
[36m(TaskRunnerV1 pid=108806)[0m Training Progress:  17%|█▋        | 21/125 [53:00<4:18:34, 149.18s/it]
[36m(TaskRunnerV1 pid=108806)[0m Dumped generations to /mnt/lv_model/npu60005420a/qy_owner_experiments_20260730/qy_owner_verl_full125_noeval_final_npu23/rollouts/21.jsonl
[36m(TaskRunnerV1 pid=108806)[0m step:21 - global_seqlen/min:69388.0 - global_seqlen/max:69388.0 - global_seqlen/minmax_diff:0.0 - global_seqlen/balanced_min:69388.0 - global_seqlen/balanced_max:69388.0 - global_seqlen/mean:69388.0 - actor/pg_clipfrac:0.0020496289961396113 - actor/ppo_kl:0.0008905710565159097 - actor/pg_clipfrac_lower:0.0 - actor/pg_loss:0.010598272526749497 - actor/loss:0.010598269291222095 - actor/grad_norm:0.017983319237828255 - actor/lr:1.7e-05 - actor/perf/max_memory_allocated_gb:22.93751096725464 - actor/perf/max_memory_reserved_gb:25.453125 - actor/perf/cpu_memory_used_gb:98.76411056518555 - perf/mfu/actor:0.21187690010572044 - training/global_step:21 - training/epoch:0 - critic/score/mean:0.328125 - critic/score/max:1.0 - critic/score/min:0.0 - critic/rewards/mean:0.328125 - critic/rewards/max:1.0 - critic/rewards/min:0.0 - critic/advantages/mean:-0.010504440404474735 - critic/advantages/max:1.4999970197677612 - critic/advantages/min:-1.4999970197677612 - critic/returns/mean:-0.010504440404474735 - critic/returns/max:1.4999970197677612 - critic/returns/min:-1.4999970197677612 - response_length/mean:984.75 - response_length/max:1024.0 - response_length/min:568.0 - response_length/clip_ratio:0.828125 - response_length_non_aborted/mean:984.75 - response_length_non_aborted/max:1024.0 - response_length_non_aborted/min:568.0 - response_length_non_aborted/clip_ratio:0.828125 - response/aborted_ratio:0.0 - prompt_length/mean:99.4375 - prompt_length/max:153.0 - prompt_length/min:70.0 - prompt_length/clip_ratio:0.0625 - timing_s/gen:58.20300614554435 - timing_s/old_log_prob:0.13465421367436647 - timing_s/adv:0.18186152447015047 - timing_s/update_actor:25.66213744133711 - timing_s/update_weights:58.35311675071716 - timing_s/step:142.6827099993825 - timing_per_token_ms/adv:0.0026209362493536414 - timing_per_token_ms/update_actor:0.36983538135321825 - timing_per_token_ms/gen:0.9235054288135369 - perf/total_num_tokens:69388 - perf/time_per_step:142.6827099993825 - perf/throughput:243.1548994278995 - training/num_turns/mean:2.0 - training/num_turns/max:2 - training/num_turns/min:2 - training/off_policy/trajectory_spans/mean:1.0 - training/off_policy/trajectory_spans/max:1 - training/off_policy/trajectory_spans/min:1 - training/off_policy/trajectory_staleness/mean:0.0 - training/off_policy/trajectory_staleness/max:0 - training/off_policy/trajectory_staleness/min:0 - training/off_policy/trajectory_staleness_worst/mean:0.0 - training/off_policy/trajectory_staleness_worst/max:0 - training/off_policy/trajectory_staleness_worst/min:0
[36m(vLLMHttpServer pid=121375)[0m (Worker pid=122556) INFO:2026-07-30 11:30:56,884:Loading standard weights (non-FP8, async), loaded_params: 3, loaded_buffers: 0
[36m(vLLMHttpServer pid=121375)[0m (Worker pid=122556) INFO:2026-07-30 11:30:58,741:Loading standard weights (non-FP8, async), loaded_params: 43, loaded_buffers: 0
[36m(vLLMHttpServer pid=121375)[0m (Worker pid=122556) INFO:2026-07-30 11:31:00,501:Loading standard weights (non-FP8, async), loaded_params: 43, loaded_buffers: 0
[36m(vLLMHttpServer pid=121375)[0m (Worker pid=122556) INFO:2026-07-30 11:31:01,987:Loading standard weights (non-FP8, async), loaded_params: 41, loaded_buffers: 0
[36m(vLLMHttpServer pid=121375)[0m (Worker pid=122556) INFO:2026-07-30 11:31:03,431:Loading standard weights (non-FP8, async), loaded_params: 43, loaded_buffers: 0
[36m(vLLMHttpServer pid=121375)[0m (Worker pid=122556) INFO:2026-07-30 11:31:04,893:Loading standard weights (non-FP8, async), loaded_params: 43, loaded_buffers: 0
[36m(vLLMHttpServer pid=121375)[0m (Worker pid=122556) INFO:2026-07-30 11:31:06,372:Loading standard weights (non-FP8, async), loaded_params: 41, loaded_buffers: 0
[36m(vLLMHttpServer pid=121375)[0m (Worker pid=122556) INFO:2026-07-30 11:31:07,884:Loading standard weights (non-FP8, async), loaded_params: 43, loaded_buffers: 0
[36m(vLLMHttpServer pid=121375)[0m (Worker pid=122556) INFO:2026-07-30 11:31:09,271:Loading standard weights (non-FP8, async), loaded_params: 43, loaded_buffers: 0
[36m(vLLMHttpServer pid=121375)[0m (Worker pid=122556) INFO:2026-07-30 11:31:11,215:Loading standard weights (non-FP8, async), loaded_params: 43, loaded_buffers: 0
[36m(vLLMHttpServer pid=121375)[0m (Worker pid=122556) INFO:2026-07-30 11:31:11,696:Loading standard weights (non-FP8, async), loaded_params: 12, loaded_buffers: 0
[36m(vLLMHttpServer pid=121375)[0m (Worker pid=122556) INFO:2026-07-30 11:31:12,598:Loading standard weights (non-FP8, async), loaded_params: 1, loaded_buffers: 0
[36m(vLLMHttpServer pid=121375)[0m (EngineCore pid=122102) WARNING 07-30 11:31:14 [scheduler.py:1883] reset_connector called but no KV connector is configured.
[36m(TaskRunnerV1 pid=108806)[0m Training Progress:  18%|█▊        | 22/125 [55:25<4:13:43, 147.80s/it]
[36m(TaskRunnerV1 pid=108806)[0m Dumped generations to /mnt/lv_model/npu60005420a/qy_owner_experiments_20260730/qy_owner_verl_full125_noeval_final_npu23/rollouts/22.jsonl
[36m(TaskRunnerV1 pid=108806)[0m step:22 - global_seqlen/min:67375.0 - global_seqlen/max:67375.0 - global_seqlen/minmax_diff:0.0 - global_seqlen/balanced_min:67375.0 - global_seqlen/balanced_max:67375.0 - global_seqlen/mean:67375.0 - actor/pg_clipfrac:0.0021818557065938983 - actor/ppo_kl:0.0006799055047261337 - actor/pg_clipfrac_lower:0.0 - actor/pg_loss:0.01119423215277493 - actor/loss:0.011194235645234585 - actor/grad_norm:0.021776141598820686 - actor/lr:1.7e-05 - actor/perf/max_memory_allocated_gb:22.93751096725464 - actor/perf/max_memory_reserved_gb:25.453125 - actor/perf/cpu_memory_used_gb:98.78621292114258 - perf/mfu/actor:0.20681729108070646 - training/global_step:22 - training/epoch:0 - critic/score/mean:0.40625 - critic/score/max:1.0 - critic/score/min:0.0 - critic/rewards/mean:0.40625 - critic/rewards/max:1.0 - critic/rewards/min:0.0 - critic/advantages/mean:-0.011146793141961098 - critic/advantages/max:1.4999970197677612 - critic/advantages/min:-1.4999970197677612 - critic/returns/mean:-0.011146793141961098 - critic/returns/max:1.4999970197677612 - critic/returns/min:-1.4999970197677612 - response_length/mean:962.046875 - response_length/max:1024.0 - response_length/min:525.0 - response_length/clip_ratio:0.765625 - response_length_non_aborted/mean:962.046875 - response_length_non_aborted/max:1024.0 - response_length_non_aborted/min:525.0 - response_length_non_aborted/clip_ratio:0.765625 - response/aborted_ratio:0.0 - prompt_length/mean:90.6875 - prompt_length/max:139.0 - prompt_length/min:64.0 - prompt_length/clip_ratio:0.0625 - timing_s/gen:58.21203415095806 - timing_s/old_log_prob:0.142399275675416 - timing_s/adv:0.1870843842625618 - timing_s/update_actor:25.50618434883654 - timing_s/update_weights:60.112873242236674 - timing_s/step:144.32208237424493 - timing_per_token_ms/adv:0.0027767626606688208 - timing_per_token_ms/update_actor:0.37857045415712864 - timing_per_token_ms/gen:0.945445650565332 - perf/total_num_tokens:67375 - perf/time_per_step:144.32208237424493 - perf/throughput:233.41888812721095 - training/num_turns/mean:2.0 - training/num_turns/max:2 - training/num_turns/min:2 - training/off_policy/trajectory_spans/mean:1.0 - training/off_policy/trajectory_spans/max:1 - training/off_policy/trajectory_spans/min:1 - training/off_policy/trajectory_staleness/mean:0.0 - training/off_policy/trajectory_staleness/max:0 - training/off_policy/trajectory_staleness/min:0 - training/off_policy/trajectory_staleness_worst/mean:0.0 - training/off_policy/trajectory_staleness_worst/max:0 - training/off_policy/trajectory_staleness_worst/min:0
[36m(TaskRunnerV1 pid=108806)[0m INFO:2026-07-30 11:32:14,779:pending: 0, running: 14, finished: 2, failure: 0
[36m(vLLMHttpServer pid=121375)[0m (Worker pid=122556) INFO:2026-07-30 11:33:26,648:Loading standard weights (non-FP8, async), loaded_params: 3, loaded_buffers: 0
[36m(vLLMHttpServer pid=121375)[0m (Worker pid=122556) INFO:2026-07-30 11:33:32,202:Loading standard weights (non-FP8, async), loaded_params: 43, loaded_buffers: 0
[36m(vLLMHttpServer pid=121375)[0m (Worker pid=122556) INFO:2026-07-30 11:33:34,292:Loading standard weights (non-FP8, async), loaded_params: 43, loaded_buffers: 0
[36m(vLLMHttpServer pid=121375)[0m (Worker pid=122556) INFO:2026-07-30 11:33:36,051:Loading standard weights (non-FP8, async), loaded_params: 41, loaded_buffers: 0
[36m(vLLMHttpServer pid=121375)[0m (Worker pid=122556) INFO:2026-07-30 11:33:37,990:Loading standard weights (non-FP8, async), loaded_params: 43, loaded_buffers: 0
[36m(vLLMHttpServer pid=121375)[0m (Worker pid=122556) INFO:2026-07-30 11:33:39,933:Loading standard weights (non-FP8, async), loaded_params: 43, loaded_buffers: 0
[36m(vLLMHttpServer pid=121375)[0m (Worker pid=122556) INFO:2026-07-30 11:33:42,395:Loading standard weights (non-FP8, async), loaded_params: 41, loaded_buffers: 0
[36m(vLLMHttpServer pid=121375)[0m (Worker pid=122556) INFO:2026-07-30 11:33:44,130:Loading standard weights (non-FP8, async), loaded_params: 43, loaded_buffers: 0
[36m(vLLMHttpServer pid=121375)[0m (Worker pid=122556) INFO:2026-07-30 11:33:45,933:Loading standard weights (non-FP8, async), loaded_params: 43, loaded_buffers: 0
[36m(vLLMHttpServer pid=121375)[0m (Worker pid=122556) INFO:2026-07-30 11:33:47,752:Loading standard weights (non-FP8, async), loaded_params: 43, loaded_buffers: 0
[36m(vLLMHttpServer pid=121375)[0m (Worker pid=122556) INFO:2026-07-30 11:33:48,295:Loading standard weights (non-FP8, async), loaded_params: 12, loaded_buffers: 0
[36m(vLLMHttpServer pid=121375)[0m (Worker pid=122556) INFO:2026-07-30 11:33:49,515:Loading standard weights (non-FP8, async), loaded_params: 1, loaded_buffers: 0
[36m(vLLMHttpServer pid=121375)[0m (EngineCore pid=122102) WARNING 07-30 11:33:51 [scheduler.py:1883] reset_connector called but no KV connector is configured.
[36m(TaskRunnerV1 pid=108806)[0m Dumped generations to /mnt/lv_model/npu60005420a/qy_owner_experiments_20260730/qy_owner_verl_full125_noeval_final_npu23/rollouts/23.jsonl
[36m(TaskRunnerV1 pid=108806)[0m Training Progress:  18%|█▊        | 23/125 [58:02<4:15:57, 150.57s/it]
[36m(TaskRunnerV1 pid=108806)[0m step:23 - global_seqlen/min:69625.0 - global_seqlen/max:69625.0 - global_seqlen/minmax_diff:0.0 - global_seqlen/balanced_min:69625.0 - global_seqlen/balanced_max:69625.0 - global_seqlen/mean:69625.0 - actor/pg_clipfrac:0.0017292885459028184 - actor/ppo_kl:0.0005522648818227668 - actor/pg_clipfrac_lower:0.0 - actor/pg_loss:0.012230395223014057 - actor/loss:0.012230397202074528 - actor/grad_norm:0.01653008908033371 - actor/lr:1.7e-05 - actor/perf/max_memory_allocated_gb:22.93751096725464 - actor/perf/max_memory_reserved_gb:25.4921875 - actor/perf/cpu_memory_used_gb:98.5814323425293 - perf/mfu/actor:0.21692679617659702 - training/global_step:23 - training/epoch:0 - critic/score/mean:0.234375 - critic/score/max:1.0 - critic/score/min:0.0 - critic/rewards/mean:0.234375 - critic/rewards/max:1.0 - critic/rewards/min:0.0 - critic/advantages/mean:-0.012221584096550941 - critic/advantages/max:1.4999970197677612 - critic/advantages/min:-1.4999970197677612 - critic/returns/mean:-0.012221584096550941 - critic/returns/max:1.4999970197677612 - critic/returns/min:-1.4999970197677612 - response_length/mean:985.703125 - response_length/max:1024.0 - response_length/min:543.0 - response_length/clip_ratio:0.859375 - response_length_non_aborted/mean:985.703125 - response_length_non_aborted/max:1024.0 - response_length_non_aborted/min:543.0 - response_length_non_aborted/clip_ratio:0.859375 - response/aborted_ratio:0.0 - prompt_length/mean:102.1875 - prompt_length/max:162.0 - prompt_length/min:67.0 - prompt_length/clip_ratio:0.0625 - timing_s/gen:60.18877776619047 - timing_s/old_log_prob:0.13850718643516302 - timing_s/adv:0.1790945576503873 - timing_s/update_actor:25.16033425182104 - timing_s/update_weights:70.91520384605974 - timing_s/step:156.7406995864585 - timing_per_token_ms/adv:0.0025722737184974837 - timing_per_token_ms/update_actor:0.36136925316798624 - timing_per_token_ms/gen:0.9540901603580957 - perf/total_num_tokens:69625 - perf/time_per_step:156.7406995864585 - perf/throughput:222.10249215327352 - training/num_turns/mean:2.0 - training/num_turns/max:2 - training/num_turns/min:2 - training/off_policy/trajectory_spans/mean:1.0 - training/off_policy/trajectory_spans/max:1 - training/off_policy/trajectory_spans/min:1 - training/off_policy/trajectory_staleness/mean:0.0 - training/off_policy/trajectory_staleness/max:0 - training/off_policy/trajectory_staleness/min:0 - training/off_policy/trajectory_staleness_worst/mean:0.0 - training/off_policy/trajectory_staleness_worst/max:0 - training/off_policy/trajectory_staleness_worst/min:0
[36m(vLLMHttpServer pid=121375)[0m (Worker pid=122556) INFO:2026-07-30 11:35:53,922:Loading standard weights (non-FP8, async), loaded_params: 3, loaded_buffers: 0
[36m(vLLMHttpServer pid=121375)[0m (Worker pid=122556) INFO:2026-07-30 11:35:56,460:Loading standard weights (non-FP8, async), loaded_params: 43, loaded_buffers: 0
[36m(vLLMHttpServer pid=121375)[0m (Worker pid=122556) INFO:2026-07-30 11:35:59,041:Loading standard weights (non-FP8, async), loaded_params: 43, loaded_buffers: 0
[36m(vLLMHttpServer pid=121375)[0m (Worker pid=122556) INFO:2026-07-30 11:36:01,713:Loading standard weights (non-FP8, async), loaded_params: 41, loaded_buffers: 0
[36m(vLLMHttpServer pid=121375)[0m (Worker pid=122556) INFO:2026-07-30 11:36:03,866:Loading standard weights (non-FP8, async), loaded_params: 43, loaded_buffers: 0
[36m(vLLMHttpServer pid=121375)[0m (Worker pid=122556) INFO:2026-07-30 11:36:05,886:Loading standard weights (non-FP8, async), loaded_params: 43, loaded_buffers: 0
[36m(vLLMHttpServer pid=121375)[0m (Worker pid=122556) INFO:2026-07-30 11:36:08,430:Loading standard weights (non-FP8, async), loaded_params: 41, loaded_buffers: 0
[36m(vLLMHttpServer pid=121375)[0m (Worker pid=122556) INFO:2026-07-30 11:36:10,419:Loading standard weights (non-FP8, async), loaded_params: 43, loaded_buffers: 0
[36m(vLLMHttpServer pid=121375)[0m (Worker pid=122556) INFO:2026-07-30 11:36:12,514:Loading standard weights (non-FP8, async), loaded_params: 43, loaded_buffers: 0
[36m(vLLMHttpServer pid=121375)[0m (Worker pid=122556) INFO:2026-07-30 11:36:14,526:Loading standard weights (non-FP8, async), loaded_params: 43, loaded_buffers: 0
[36m(vLLMHttpServer pid=121375)[0m (Worker pid=122556) INFO:2026-07-30 11:36:15,187:Loading standard weights (non-FP8, async), loaded_params: 12, loaded_buffers: 0
[36m(vLLMHttpServer pid=121375)[0m (Worker pid=122556) INFO:2026-07-30 11:36:16,615:Loading standard weights (non-FP8, async), loaded_params: 1, loaded_buffers: 0
[36m(vLLMHttpServer pid=121375)[0m (EngineCore pid=122102) WARNING 07-30 11:36:17 [scheduler.py:1883] reset_connector called but no KV connector is configured.
[36m(TaskRunnerV1 pid=108806)[0m Dumped generations to /mnt/lv_model/npu60005420a/qy_owner_experiments_20260730/qy_owner_verl_full125_noeval_final_npu23/rollouts/24.jsonl
[36m(TaskRunnerV1 pid=108806)[0m Training Progress:  19%|█▉        | 24/125 [1:00:29<4:11:28, 149.39s/it]
[36m(TaskRunnerV1 pid=108806)[0m step:24 - global_seqlen/min:67331.0 - global_seqlen/max:67331.0 - global_seqlen/minmax_diff:0.0 - global_seqlen/balanced_min:67331.0 - global_seqlen/balanced_max:67331.0 - global_seqlen/mean:67331.0 - actor/pg_clipfrac:0.004335692029117662 - actor/ppo_kl:0.0006493497430175707 - actor/pg_clipfrac_lower:0.0 - actor/pg_loss:0.023261237889528275 - actor/loss:0.02326124534010887 - actor/grad_norm:0.026923488825559616 - actor/lr:1.7e-05 - actor/perf/max_memory_allocated_gb:22.93751096725464 - actor/perf/max_memory_reserved_gb:25.4921875 - actor/perf/cpu_memory_used_gb:98.58413696289062 - perf/mfu/actor:0.21153976877657643 - training/global_step:24 - training/epoch:0 - critic/score/mean:0.515625 - critic/score/max:1.0 - critic/score/min:0.0 - critic/rewards/mean:0.515625 - critic/rewards/max:1.0 - critic/rewards/min:0.0 - critic/advantages/mean:-0.023277627304196358 - critic/advantages/max:1.4999970197677612 - critic/advantages/min:-1.4999970197677612 - critic/returns/mean:-0.023277627304196358 - critic/returns/max:1.4999970197677612 - critic/returns/min:-1.4999970197677612 - response_length/mean:962.859375 - response_length/max:1024.0 - response_length/min:378.0 - response_length/clip_ratio:0.625 - response_length_non_aborted/mean:962.859375 - response_length_non_aborted/max:1024.0 - response_length_non_aborted/min:378.0 - response_length_non_aborted/clip_ratio:0.625 - response/aborted_ratio:0.0 - prompt_length/mean:89.1875 - prompt_length/max:130.0 - prompt_length/min:64.0 - prompt_length/clip_ratio:0.0625 - timing_s/gen:58.20373202487826 - timing_s/old_log_prob:0.13470431696623564 - timing_s/adv:0.18159067165106535 - timing_s/update_actor:24.930856172926724 - timing_s/update_weights:62.770278841257095 - timing_s/step:146.38249563332647 - timing_per_token_ms/adv:0.002696984622997807 - timing_per_token_ms/update_actor:0.37027307143703087 - timing_per_token_ms/gen:0.944513120504978 - perf/total_num_tokens:67331 - perf/time_per_step:146.38249563332647 - perf/throughput:229.98309910174447 - training/num_turns/mean:2.0 - training/num_turns/max:2 - training/num_turns/min:2 - training/off_policy/trajectory_spans/mean:1.0 - training/off_policy/trajectory_spans/max:1 - training/off_policy/trajectory_spans/min:1 - training/off_policy/trajectory_staleness/mean:0.0 - training/off_policy/trajectory_staleness/max:0 - training/off_policy/trajectory_staleness/min:0 - training/off_policy/trajectory_staleness_worst/mean:0.0 - training/off_policy/trajectory_staleness_worst/max:0 - training/off_policy/trajectory_staleness_worst/min:0
[36m(TaskRunnerV1 pid=108806)[0m INFO:2026-07-30 11:37:18,449:pending: 0, running: 15, finished: 1, failure: 0
[36m(vLLMHttpServer pid=121375)[0m (Worker pid=122556) INFO:2026-07-30 11:38:24,329:Loading standard weights (non-FP8, async), loaded_params: 3, loaded_buffers: 0
[36m(vLLMHttpServer pid=121375)[0m (Worker pid=122556) INFO:2026-07-30 11:38:26,521:Loading standard weights (non-FP8, async), loaded_params: 43, loaded_buffers: 0
[36m(vLLMHttpServer pid=121375)[0m (Worker pid=122556) INFO:2026-07-30 11:38:28,784:Loading standard weights (non-FP8, async), loaded_params: 43, loaded_buffers: 0
[36m(vLLMHttpServer pid=121375)[0m (Worker pid=122556) INFO:2026-07-30 11:38:30,831:Loading standard weights (non-FP8, async), loaded_params: 41, loaded_buffers: 0
[36m(vLLMHttpServer pid=121375)[0m (Worker pid=122556) INFO:2026-07-30 11:38:32,977:Loading standard weights (non-FP8, async), loaded_params: 43, loaded_buffers: 0
[36m(vLLMHttpServer pid=121375)[0m (Worker pid=122556) INFO:2026-07-30 11:38:35,213:Loading standard weights (non-FP8, async), loaded_params: 43, loaded_buffers: 0
[36m(vLLMHttpServer pid=121375)[0m (Worker pid=122556) INFO:2026-07-30 11:38:37,339:Loading standard weights (non-FP8, async), loaded_params: 41, loaded_buffers: 0
[36m(vLLMHttpServer pid=121375)[0m (Worker pid=122556) INFO:2026-07-30 11:38:39,370:Loading standard weights (non-FP8, async), loaded_params: 43, loaded_buffers: 0
[36m(vLLMHttpServer pid=121375)[0m (Worker pid=122556) INFO:2026-07-30 11:38:41,364:Loading standard weights (non-FP8, async), loaded_params: 43, loaded_buffers: 0
[36m(vLLMHttpServer pid=121375)[0m (Worker pid=122556) INFO:2026-07-30 11:38:43,217:Loading standard weights (non-FP8, async), loaded_params: 43, loaded_buffers: 0
[36m(vLLMHttpServer pid=121375)[0m (Worker pid=122556) INFO:2026-07-30 11:38:43,806:Loading standard weights (non-FP8, async), loaded_params: 12, loaded_buffers: 0
[36m(vLLMHttpServer pid=121375)[0m (Worker pid=122556) INFO:2026-07-30 11:38:45,272:Loading standard weights (non-FP8, async), loaded_params: 1, loaded_buffers: 0
[36m(vLLMHttpServer pid=121375)[0m (EngineCore pid=122102) WARNING 07-30 11:38:46 [scheduler.py:1883] reset_connector called but no KV connector is configured.
[36m(TaskRunnerV1 pid=108806)[0m Training Progress:  20%|██        | 25/125 [1:02:57<4:08:37, 149.18s/it]
[36m(TaskRunnerV1 pid=108806)[0m Dumped generations to /mnt/lv_model/npu60005420a/qy_owner_experiments_20260730/qy_owner_verl_full125_noeval_final_npu23/rollouts/25.jsonl
[36m(TaskRunnerV1 pid=108806)[0m step:25 - global_seqlen/min:68917.0 - global_seqlen/max:68917.0 - global_seqlen/minmax_diff:0.0 - global_seqlen/balanced_min:68917.0 - global_seqlen/balanced_max:68917.0 - global_seqlen/mean:68917.0 - actor/pg_clipfrac:0.0020146687114474308 - actor/ppo_kl:0.0007600914579918882 - actor/pg_clipfrac_lower:0.0 - actor/pg_loss:0.015478440094739199 - actor/loss:0.015478440560400486 - actor/grad_norm:0.020631780847907066 - actor/lr:1.7e-05 - actor/perf/max_memory_allocated_gb:22.93751096725464 - actor/perf/max_memory_reserved_gb:25.5703125 - actor/perf/cpu_memory_used_gb:98.67130279541016 - perf/mfu/actor:0.20977327997253267 - training/global_step:25 - training/epoch:0 - critic/score/mean:0.296875 - critic/score/max:1.0 - critic/score/min:0.0 - critic/rewards/mean:0.296875 - critic/rewards/max:1.0 - critic/rewards/min:0.0 - critic/advantages/mean:-0.01539255864918232 - critic/advantages/max:1.4999970197677612 - critic/advantages/min:-1.4999970197677612 - critic/returns/mean:-0.01539255864918232 - critic/returns/max:1.4999970197677612 - critic/returns/min:-1.4999970197677612 - response_length/mean:967.390625 - response_length/max:1024.0 - response_length/min:382.0 - response_length/clip_ratio:0.78125 - response_length_non_aborted/mean:967.390625 - response_length_non_aborted/max:1024.0 - response_length_non_aborted/min:382.0 - response_length_non_aborted/clip_ratio:0.78125 - response/aborted_ratio:0.0 - prompt_length/mean:109.4375 - prompt_length/max:206.0 - prompt_length/min:71.0 - prompt_length/clip_ratio:0.0625 - timing_s/gen:60.19618201162666 - timing_s/old_log_prob:0.1320799458771944 - timing_s/adv:0.173137447796762 - timing_s/update_actor:25.74169802851975 - timing_s/update_weights:61.99602308869362 - timing_s/step:148.39639534335583 - timing_per_token_ms/adv:0.002512260368222093 - timing_per_token_ms/update_actor:0.37351739089803315 - timing_per_token_ms/gen:0.972270476501327 - perf/total_num_tokens:68917 - perf/time_per_step:148.39639534335583 - perf/throughput:232.20577508146874 - training/num_turns/mean:2.0 - training/num_turns/max:2 - training/num_turns/min:2 - training/off_policy/trajectory_spans/mean:1.0 - training/off_policy/trajectory_spans/max:1 - training/off_policy/trajectory_spans/min:1 - training/off_policy/trajectory_staleness/mean:0.0 - training/off_policy/trajectory_staleness/max:0 - training/off_policy/trajectory_staleness/min:0 - training/off_policy/trajectory_staleness_worst/mean:0.0 - training/off_policy/trajectory_staleness_worst/max:0 - training/off_policy/trajectory_staleness_worst/min:0
[36m(TaskRunnerV1 pid=108806)[0m INFO:2026-07-30 11:39:47,159:pending: 0, running: 16, finished: 0, failure: 0
[36m(vLLMHttpServer pid=121375)[0m (Worker pid=122556) INFO:2026-07-30 11:40:54,065:Loading standard weights (non-FP8, async), loaded_params: 3, loaded_buffers: 0
[36m(vLLMHttpServer pid=121375)[0m (Worker pid=122556) INFO:2026-07-30 11:40:56,310:Loading standard weights (non-FP8, async), loaded_params: 43, loaded_buffers: 0
[36m(vLLMHttpServer pid=121375)[0m (Worker pid=122556) INFO:2026-07-30 11:40:58,671:Loading standard weights (non-FP8, async), loaded_params: 43, loaded_buffers: 0
[36m(vLLMHttpServer pid=121375)[0m (Worker pid=122556) INFO:2026-07-30 11:41:01,343:Loading standard weights (non-FP8, async), loaded_params: 41, loaded_buffers: 0
[36m(vLLMHttpServer pid=121375)[0m (Worker pid=122556) INFO:2026-07-30 11:41:03,428:Loading standard weights (non-FP8, async), loaded_params: 43, loaded_buffers: 0
[36m(vLLMHttpServer pid=121375)[0m (Worker pid=122556) INFO:2026-07-30 11:41:05,653:Loading standard weights (non-FP8, async), loaded_params: 43, loaded_buffers: 0
[36m(vLLMHttpServer pid=121375)[0m (Worker pid=122556) INFO:2026-07-30 11:41:07,663:Loading standard weights (non-FP8, async), loaded_params: 41, loaded_buffers: 0
[36m(vLLMHttpServer pid=121375)[0m (Worker pid=122556) INFO:2026-07-30 11:41:09,566:Loading standard weights (non-FP8, async), loaded_params: 43, loaded_buffers: 0
[36m(vLLMHttpServer pid=121375)[0m (Worker pid=122556) INFO:2026-07-30 11:41:11,517:Loading standard weights (non-FP8, async), loaded_params: 43, loaded_buffers: 0
[36m(vLLMHttpServer pid=121375)[0m (Worker pid=122556) INFO:2026-07-30 11:41:13,376:Loading standard weights (non-FP8, async), loaded_params: 43, loaded_buffers: 0
[36m(vLLMHttpServer pid=121375)[0m (Worker pid=122556) INFO:2026-07-30 11:41:13,932:Loading standard weights (non-FP8, async), loaded_params: 12, loaded_buffers: 0
[36m(vLLMHttpServer pid=121375)[0m (Worker pid=122556) INFO:2026-07-30 11:41:15,261:Loading standard weights (non-FP8, async), loaded_params: 1, loaded_buffers: 0
[36m(vLLMHttpServer pid=121375)[0m (EngineCore pid=122102) WARNING 07-30 11:41:16 [scheduler.py:1883] reset_connector called but no KV connector is configured.
[36m(TaskRunnerV1 pid=108806)[0m Dumped generations to /mnt/lv_model/npu60005420a/qy_owner_experiments_20260730/qy_owner_verl_full125_noeval_final_npu23/rollouts/26.jsonl
[36m(TaskRunnerV1 pid=108806)[0m Training Progress:  21%|██        | 26/125 [1:05:27<4:06:31, 149.41s/it]
[36m(TaskRunnerV1 pid=108806)[0m step:26 - global_seqlen/min:70169.0 - global_seqlen/max:70169.0 - global_seqlen/minmax_diff:0.0 - global_seqlen/balanced_min:70169.0 - global_seqlen/balanced_max:70169.0 - global_seqlen/mean:70169.0 - actor/pg_clipfrac:0.002030926895612437 - actor/ppo_kl:0.0009053475098173496 - actor/pg_clipfrac_lower:0.0 - actor/pg_loss:0.011055446462705731 - actor/loss:0.011055446229875088 - actor/grad_norm:0.01834000274538994 - actor/lr:1.7e-05 - actor/perf/max_memory_allocated_gb:22.93751096725464 - actor/perf/max_memory_reserved_gb:25.5703125 - actor/perf/cpu_memory_used_gb:98.60326385498047 - perf/mfu/actor:0.2027534454818659 - training/global_step:26 - training/epoch:0 - critic/score/mean:0.28125 - critic/score/max:1.0 - critic/score/min:0.0 - critic/rewards/mean:0.28125 - critic/rewards/max:1.0 - critic/rewards/min:0.0 - critic/advantages/mean:-0.011049948632717133 - critic/advantages/max:1.4999970197677612 - critic/advantages/min:-1.4999970197677612 - critic/returns/mean:-0.011049948632717133 - critic/returns/max:1.4999970197677612 - critic/returns/min:-1.4999970197677612 - response_length/mean:998.390625 - response_length/max:1024.0 - response_length/min:713.0 - response_length/clip_ratio:0.8125 - response_length_non_aborted/mean:998.390625 - response_length_non_aborted/max:1024.0 - response_length_non_aborted/min:713.0 - response_length_non_aborted/clip_ratio:0.8125 - response/aborted_ratio:0.0 - prompt_length/mean:98.0 - prompt_length/max:133.0 - prompt_length/min:65.0 - prompt_length/clip_ratio:0.0625 - timing_s/gen:60.22133561875671 - timing_s/old_log_prob:0.13731173519045115 - timing_s/adv:0.18243990372866392 - timing_s/update_actor:27.104245947673917 - timing_s/update_weights:61.86585350334644 - timing_s/step:149.6772169135511 - timing_per_token_ms/adv:0.002600007178792115 - timing_per_token_ms/update_actor:0.38627094511356747 - timing_per_token_ms/gen:0.9424751650117644 - perf/total_num_tokens:70169 - perf/time_per_step:149.6772169135511 - perf/throughput:234.40107134183097 - training/num_turns/mean:2.0 - training/num_turns/max:2 - training/num_turns/min:2 - training/off_policy/trajectory_spans/mean:1.0 - training/off_policy/trajectory_spans/max:1 - training/off_policy/trajectory_spans/min:1 - training/off_policy/trajectory_staleness/mean:0.0 - training/off_policy/trajectory_staleness/max:0 - training/off_policy/trajectory_staleness/min:0 - training/off_policy/trajectory_staleness_worst/mean:0.0 - training/off_policy/trajectory_staleness_worst/max:0 - training/off_policy/trajectory_staleness_worst/min:0
[36m(vLLMHttpServer pid=121375)[0m (Worker pid=122556) INFO:2026-07-30 11:43:20,406:Loading standard weights (non-FP8, async), loaded_params: 3, loaded_buffers: 0
[36m(vLLMHttpServer pid=121375)[0m (Worker pid=122556) INFO:2026-07-30 11:43:22,474:Loading standard weights (non-FP8, async), loaded_params: 43, loaded_buffers: 0
[36m(vLLMHttpServer pid=121375)[0m (Worker pid=122556) INFO:2026-07-30 11:43:24,934:Loading standard weights (non-FP8, async), loaded_params: 43, loaded_buffers: 0
[36m(vLLMHttpServer pid=121375)[0m (Worker pid=122556) INFO:2026-07-30 11:43:27,499:Loading standard weights (non-FP8, async), loaded_params: 41, loaded_buffers: 0
[36m(vLLMHttpServer pid=121375)[0m (Worker pid=122556) INFO:2026-07-30 11:43:29,791:Loading standard weights (non-FP8, async), loaded_params: 43, loaded_buffers: 0
[36m(vLLMHttpServer pid=121375)[0m (Worker pid=122556) INFO:2026-07-30 11:43:31,906:Loading standard weights (non-FP8, async), loaded_params: 43, loaded_buffers: 0
[36m(vLLMHttpServer pid=121375)[0m (Worker pid=122556) INFO:2026-07-30 11:43:33,949:Loading standard weights (non-FP8, async), loaded_params: 41, loaded_buffers: 0
[36m(vLLMHttpServer pid=121375)[0m (Worker pid=122556) INFO:2026-07-30 11:43:35,894:Loading standard weights (non-FP8, async), loaded_params: 43, loaded_buffers: 0
[36m(vLLMHttpServer pid=121375)[0m (Worker pid=122556) INFO:2026-07-30 11:43:37,808:Loading standard weights (non-FP8, async), loaded_params: 43, loaded_buffers: 0
[36m(vLLMHttpServer pid=121375)[0m (Worker pid=122556) INFO:2026-07-30 11:43:39,678:Loading standard weights (non-FP8, async), loaded_params: 43, loaded_buffers: 0
[36m(vLLMHttpServer pid=121375)[0m (Worker pid=122556) INFO:2026-07-30 11:43:40,222:Loading standard weights (non-FP8, async), loaded_params: 12, loaded_buffers: 0
[36m(vLLMHttpServer pid=121375)[0m (Worker pid=122556) INFO:2026-07-30 11:43:41,586:Loading standard weights (non-FP8, async), loaded_params: 1, loaded_buffers: 0
[36m(vLLMHttpServer pid=121375)[0m (EngineCore pid=122102) WARNING 07-30 11:43:42 [scheduler.py:1883] reset_connector called but no KV connector is configured.
[36m(TaskRunnerV1 pid=108806)[0m Dumped generations to /mnt/lv_model/npu60005420a/qy_owner_experiments_20260730/qy_owner_verl_full125_noeval_final_npu23/rollouts/27.jsonl
[36m(TaskRunnerV1 pid=108806)[0m Training Progress:  22%|██▏       | 27/125 [1:07:54<4:02:31, 148.49s/it]
[36m(TaskRunnerV1 pid=108806)[0m step:27 - global_seqlen/min:65868.0 - global_seqlen/max:65868.0 - global_seqlen/minmax_diff:0.0 - global_seqlen/balanced_min:65868.0 - global_seqlen/balanced_max:65868.0 - global_seqlen/mean:65868.0 - actor/pg_clipfrac:0.0013739002786357613 - actor/ppo_kl:0.0006942946430332514 - actor/pg_clipfrac_lower:0.0 - actor/pg_loss:0.01652145478874445 - actor/loss:0.016521453857421875 - actor/grad_norm:0.018293652683496475 - actor/lr:1.7e-05 - actor/perf/max_memory_allocated_gb:22.93751096725464 - actor/perf/max_memory_reserved_gb:25.5703125 - actor/perf/cpu_memory_used_gb:98.62298202514648 - perf/mfu/actor:0.2062314825921181 - training/global_step:27 - training/epoch:0 - critic/score/mean:0.40625 - critic/score/max:1.0 - critic/score/min:0.0 - critic/rewards/mean:0.40625 - critic/rewards/max:1.0 - critic/rewards/min:0.0 - critic/advantages/mean:-0.016252607107162476 - critic/advantages/max:1.4999970197677612 - critic/advantages/min:-1.4999970197677612 - critic/returns/mean:-0.016252607107162476 - critic/returns/max:1.4999970197677612 - critic/returns/min:-1.4999970197677612 - response_length/mean:932.0 - response_length/max:1024.0 - response_length/min:450.0 - response_length/clip_ratio:0.625 - response_length_non_aborted/mean:932.0 - response_length_non_aborted/max:1024.0 - response_length_non_aborted/min:450.0 - response_length_non_aborted/clip_ratio:0.625 - response/aborted_ratio:0.0 - prompt_length/mean:97.1875 - prompt_length/max:150.0 - prompt_length/min:70.0 - prompt_length/clip_ratio:0.0625 - timing_s/gen:58.224764704704285 - timing_s/old_log_prob:0.13789161574095488 - timing_s/adv:0.17888680007308722 - timing_s/update_actor:25.004460672847927 - timing_s/update_weights:62.358433027751744 - timing_s/step:146.064803192392 - timing_per_token_ms/adv:0.002715837737187818 - timing_per_token_ms/update_actor:0.37961469412837684 - timing_per_token_ms/gen:0.9761394297328374 - perf/total_num_tokens:65868 - perf/time_per_step:146.064803192392 - perf/throughput:225.47526358297532 - training/num_turns/mean:2.0 - training/num_turns/max:2 - training/num_turns/min:2 - training/off_policy/trajectory_spans/mean:1.0 - training/off_policy/trajectory_spans/max:1 - training/off_policy/trajectory_spans/min:1 - training/off_policy/trajectory_staleness/mean:0.0 - training/off_policy/trajectory_staleness/max:0 - training/off_policy/trajectory_staleness/min:0 - training/off_policy/trajectory_staleness_worst/mean:0.0 - training/off_policy/trajectory_staleness_worst/max:0 - training/off_policy/trajectory_staleness_worst/min:0
[36m(vLLMHttpServer pid=121375)[0m (Worker pid=122556) INFO:2026-07-30 11:45:44,755:Loading standard weights (non-FP8, async), loaded_params: 3, loaded_buffers: 0
[36m(vLLMHttpServer pid=121375)[0m (Worker pid=122556) INFO:2026-07-30 11:45:47,110:Loading standard weights (non-FP8, async), loaded_params: 43, loaded_buffers: 0
[36m(vLLMHttpServer pid=121375)[0m (Worker pid=122556) INFO:2026-07-30 11:45:49,200:Loading standard weights (non-FP8, async), loaded_params: 43, loaded_buffers: 0
[36m(vLLMHttpServer pid=121375)[0m (Worker pid=122556) INFO:2026-07-30 11:45:51,595:Loading standard weights (non-FP8, async), loaded_params: 41, loaded_buffers: 0
[36m(vLLMHttpServer pid=121375)[0m (Worker pid=122556) INFO:2026-07-30 11:45:53,523:Loading standard weights (non-FP8, async), loaded_params: 43, loaded_buffers: 0
[36m(vLLMHttpServer pid=121375)[0m (Worker pid=122556) INFO:2026-07-30 11:45:55,773:Loading standard weights (non-FP8, async), loaded_params: 43, loaded_buffers: 0
[36m(vLLMHttpServer pid=121375)[0m (Worker pid=122556) INFO:2026-07-30 11:45:57,823:Loading standard weights (non-FP8, async), loaded_params: 41, loaded_buffers: 0
[36m(vLLMHttpServer pid=121375)[0m (Worker pid=122556) INFO:2026-07-30 11:45:59,766:Loading standard weights (non-FP8, async), loaded_params: 43, loaded_buffers: 0
[36m(vLLMHttpServer pid=121375)[0m (Worker pid=122556) INFO:2026-07-30 11:46:01,737:Loading standard weights (non-FP8, async), loaded_params: 43, loaded_buffers: 0
[36m(vLLMHttpServer pid=121375)[0m (Worker pid=122556) INFO:2026-07-30 11:46:03,645:Loading standard weights (non-FP8, async), loaded_params: 43, loaded_buffers: 0
[36m(vLLMHttpServer pid=121375)[0m (Worker pid=122556) INFO:2026-07-30 11:46:04,191:Loading standard weights (non-FP8, async), loaded_params: 12, loaded_buffers: 0
[36m(vLLMHttpServer pid=121375)[0m (Worker pid=122556) INFO:2026-07-30 11:46:05,580:Loading standard weights (non-FP8, async), loaded_params: 1, loaded_buffers: 0
[36m(vLLMHttpServer pid=121375)[0m (EngineCore pid=122102) WARNING 07-30 11:46:06 [scheduler.py:1883] reset_connector called but no KV connector is configured.
[36m(TaskRunnerV1 pid=108806)[0m Dumped generations to /mnt/lv_model/npu60005420a/qy_owner_experiments_20260730/qy_owner_verl_full125_noeval_final_npu23/rollouts/28.jsonl
[36m(TaskRunnerV1 pid=108806)[0m Training Progress:  22%|██▏       | 28/125 [1:10:18<3:57:52, 147.14s/it]
[36m(TaskRunnerV1 pid=108806)[0m step:28 - global_seqlen/min:66018.0 - global_seqlen/max:66018.0 - global_seqlen/minmax_diff:0.0 - global_seqlen/balanced_min:66018.0 - global_seqlen/balanced_max:66018.0 - global_seqlen/mean:66018.0 - actor/pg_clipfrac:0.0020049585539655868 - actor/ppo_kl:0.000710360033040428 - actor/pg_clipfrac_lower:0.0 - actor/pg_loss:0.01746037509292364 - actor/loss:0.017460370436310768 - actor/grad_norm:0.021688232198357582 - actor/lr:1.7e-05 - actor/perf/max_memory_allocated_gb:22.93751096725464 - actor/perf/max_memory_reserved_gb:25.5703125 - actor/perf/cpu_memory_used_gb:98.59128952026367 - perf/mfu/actor:0.20299442013896063 - training/global_step:28 - training/epoch:0 - critic/score/mean:0.46875 - critic/score/max:1.0 - critic/score/min:0.0 - critic/rewards/mean:0.46875 - critic/rewards/max:1.0 - critic/rewards/min:0.0 - critic/advantages/mean:-0.017434416338801384 - critic/advantages/max:1.4999970197677612 - critic/advantages/min:-1.4999970197677612 - critic/returns/mean:-0.017434416338801384 - critic/returns/max:1.4999970197677612 - critic/returns/min:-1.4999970197677612 - response_length/mean:933.40625 - response_length/max:1024.0 - response_length/min:461.0 - response_length/clip_ratio:0.625 - response_length_non_aborted/mean:933.40625 - response_length_non_aborted/max:1024.0 - response_length_non_aborted/min:461.0 - response_length_non_aborted/clip_ratio:0.625 - response/aborted_ratio:0.0 - prompt_length/mean:98.125 - prompt_length/max:150.0 - prompt_length/min:69.0 - prompt_length/clip_ratio:0.0625 - timing_s/gen:56.21926518622786 - timing_s/old_log_prob:0.13301345519721508 - timing_s/adv:0.17687668837606907 - timing_s/update_actor:25.45353413466364 - timing_s/update_weights:61.57814437709749 - timing_s/step:143.72188387345523 - timing_per_token_ms/adv:0.0026792191277540834 - timing_per_token_ms/update_actor:0.38555445688545004 - timing_per_token_ms/gen:0.9410972109248361 - perf/total_num_tokens:66018 - perf/time_per_step:143.72188387345523 - perf/throughput:229.6727478820406 - training/num_turns/mean:2.0 - training/num_turns/max:2 - training/num_turns/min:2 - training/off_policy/trajectory_spans/mean:1.0 - training/off_policy/trajectory_spans/max:1 - training/off_policy/trajectory_spans/min:1 - training/off_policy/trajectory_staleness/mean:0.0 - training/off_policy/trajectory_staleness/max:0 - training/off_policy/trajectory_staleness/min:0 - training/off_policy/trajectory_staleness_worst/mean:0.0 - training/off_policy/trajectory_staleness_worst/max:0 - training/off_policy/trajectory_staleness_worst/min:0
[36m(TaskRunnerV1 pid=108806)[0m INFO:2026-07-30 11:47:07,406:pending: 0, running: 13, finished: 3, failure: 0
[36m(vLLMHttpServer pid=121375)[0m (Worker pid=122556) INFO:2026-07-30 11:48:13,953:Loading standard weights (non-FP8, async), loaded_params: 3, loaded_buffers: 0
[36m(vLLMHttpServer pid=121375)[0m (Worker pid=122556) INFO:2026-07-30 11:48:16,136:Loading standard weights (non-FP8, async), loaded_params: 43, loaded_buffers: 0
[36m(vLLMHttpServer pid=121375)[0m (Worker pid=122556) INFO:2026-07-30 11:48:18,696:Loading standard weights (non-FP8, async), loaded_params: 43, loaded_buffers: 0
[36m(vLLMHttpServer pid=121375)[0m (Worker pid=122556) INFO:2026-07-30 11:48:20,846:Loading standard weights (non-FP8, async), loaded_params: 41, loaded_buffers: 0
[36m(vLLMHttpServer pid=121375)[0m (Worker pid=122556) INFO:2026-07-30 11:48:22,940:Loading standard weights (non-FP8, async), loaded_params: 43, loaded_buffers: 0
[36m(vLLMHttpServer pid=121375)[0m (Worker pid=122556) INFO:2026-07-30 11:48:25,064:Loading standard weights (non-FP8, async), loaded_params: 43, loaded_buffers: 0
[36m(vLLMHttpServer pid=121375)[0m (Worker pid=122556) INFO:2026-07-30 11:48:27,355:Loading standard weights (non-FP8, async), loaded_params: 41, loaded_buffers: 0
[36m(vLLMHttpServer pid=121375)[0m (Worker pid=122556) INFO:2026-07-30 11:48:29,399:Loading standard weights (non-FP8, async), loaded_params: 43, loaded_buffers: 0
[36m(vLLMHttpServer pid=121375)[0m (Worker pid=122556) INFO:2026-07-30 11:48:31,468:Loading standard weights (non-FP8, async), loaded_params: 43, loaded_buffers: 0
[36m(vLLMHttpServer pid=121375)[0m (Worker pid=122556) INFO:2026-07-30 11:48:33,543:Loading standard weights (non-FP8, async), loaded_params: 43, loaded_buffers: 0
[36m(vLLMHttpServer pid=121375)[0m (Worker pid=122556) INFO:2026-07-30 11:48:34,135:Loading standard weights (non-FP8, async), loaded_params: 12, loaded_buffers: 0
[36m(vLLMHttpServer pid=121375)[0m (Worker pid=122556) INFO:2026-07-30 11:48:35,594:Loading standard weights (non-FP8, async), loaded_params: 1, loaded_buffers: 0
[36m(vLLMHttpServer pid=121375)[0m (EngineCore pid=122102) WARNING 07-30 11:48:37 [scheduler.py:1883] reset_connector called but no KV connector is configured.
[36m(TaskRunnerV1 pid=108806)[0m Dumped generations to /mnt/lv_model/npu60005420a/qy_owner_experiments_20260730/qy_owner_verl_full125_noeval_final_npu23/rollouts/29.jsonl
[36m(TaskRunnerV1 pid=108806)[0m Training Progress:  23%|██▎       | 29/125 [1:12:48<3:57:06, 148.19s/it]
[36m(TaskRunnerV1 pid=108806)[0m step:29 - global_seqlen/min:68142.0 - global_seqlen/max:68142.0 - global_seqlen/minmax_diff:0.0 - global_seqlen/balanced_min:68142.0 - global_seqlen/balanced_max:68142.0 - global_seqlen/mean:68142.0 - actor/pg_clipfrac:0.0016753896180649892 - actor/ppo_kl:0.0007122937190883129 - actor/pg_clipfrac_lower:0.0 - actor/pg_loss:0.0059685991263904725 - actor/loss:0.0059686023741960526 - actor/grad_norm:0.01934700831770897 - actor/lr:1.7e-05 - actor/perf/max_memory_allocated_gb:22.93751096725464 - actor/perf/max_memory_reserved_gb:25.5703125 - actor/perf/cpu_memory_used_gb:98.5721321105957 - perf/mfu/actor:0.2080033731888671 - training/global_step:29 - training/epoch:0 - critic/score/mean:0.40625 - critic/score/max:1.0 - critic/score/min:0.0 - critic/rewards/mean:0.40625 - critic/rewards/max:1.0 - critic/rewards/min:0.0 - critic/advantages/mean:-0.005980623420327902 - critic/advantages/max:1.4999970197677612 - critic/advantages/min:-1.4999970197677612 - critic/returns/mean:-0.005980623420327902 - critic/returns/max:1.4999970197677612 - critic/returns/min:-1.4999970197677612 - response_length/mean:971.09375 - response_length/max:1024.0 - response_length/min:511.0 - response_length/clip_ratio:0.703125 - response_length_non_aborted/mean:971.09375 - response_length_non_aborted/max:1024.0 - response_length_non_aborted/min:511.0 - response_length_non_aborted/clip_ratio:0.703125 - response/aborted_ratio:0.0 - prompt_length/mean:93.625 - prompt_length/max:119.0 - prompt_length/min:74.0 - prompt_length/clip_ratio:0.0625 - timing_s/gen:60.20404590666294 - timing_s/old_log_prob:0.13228556793183088 - timing_s/adv:0.17847817298024893 - timing_s/update_actor:25.65593105647713 - timing_s/update_weights:64.05336318537593 - timing_s/step:150.38568720407784 - timing_per_token_ms/adv:0.002619209488718396 - timing_per_token_ms/update_actor:0.3765068688397336 - timing_per_token_ms/gen:0.968689395119275 - perf/total_num_tokens:68142 - perf/time_per_step:150.38568720407784 - perf/throughput:226.55746456619002 - training/num_turns/mean:2.0 - training/num_turns/max:2 - training/num_turns/min:2 - training/off_policy/trajectory_spans/mean:1.0 - training/off_policy/trajectory_spans/max:1 - training/off_policy/trajectory_spans/min:1 - training/off_policy/trajectory_staleness/mean:0.0 - training/off_policy/trajectory_staleness/max:0 - training/off_policy/trajectory_staleness/min:0 - training/off_policy/trajectory_staleness_worst/mean:0.0 - training/off_policy/trajectory_staleness_worst/max:0 - training/off_policy/trajectory_staleness_worst/min:0
[36m(vLLMHttpServer pid=121375)[0m (Worker pid=122556) INFO:2026-07-30 11:50:46,666:Loading standard weights (non-FP8, async), loaded_params: 3, loaded_buffers: 0
[36m(vLLMHttpServer pid=121375)[0m (Worker pid=122556) INFO:2026-07-30 11:50:48,992:Loading standard weights (non-FP8, async), loaded_params: 43, loaded_buffers: 0
[36m(vLLMHttpServer pid=121375)[0m (Worker pid=122556) INFO:2026-07-30 11:50:51,367:Loading standard weights (non-FP8, async), loaded_params: 43, loaded_buffers: 0
[36m(vLLMHttpServer pid=121375)[0m (Worker pid=122556) INFO:2026-07-30 11:50:53,669:Loading standard weights (non-FP8, async), loaded_params: 41, loaded_buffers: 0
[36m(vLLMHttpServer pid=121375)[0m (Worker pid=122556) INFO:2026-07-30 11:50:55,929:Loading standard weights (non-FP8, async), loaded_params: 43, loaded_buffers: 0
[36m(vLLMHttpServer pid=121375)[0m (Worker pid=122556) INFO:2026-07-30 11:50:58,690:Loading standard weights (non-FP8, async), loaded_params: 43, loaded_buffers: 0
[36m(vLLMHttpServer pid=121375)[0m (Worker pid=122556) INFO:2026-07-30 11:51:00,924:Loading standard weights (non-FP8, async), loaded_params: 41, loaded_buffers: 0
[36m(vLLMHttpServer pid=121375)[0m (Worker pid=122556) INFO:2026-07-30 11:51:03,038:Loading standard weights (non-FP8, async), loaded_params: 43, loaded_buffers: 0
[36m(vLLMHttpServer pid=121375)[0m (Worker pid=122556) INFO:2026-07-30 11:51:05,176:Loading standard weights (non-FP8, async), loaded_params: 43, loaded_buffers: 0
[36m(vLLMHttpServer pid=121375)[0m (Worker pid=122556) INFO:2026-07-30 11:51:07,278:Loading standard weights (non-FP8, async), loaded_params: 43, loaded_buffers: 0
[36m(vLLMHttpServer pid=121375)[0m (Worker pid=122556) INFO:2026-07-30 11:51:07,871:Loading standard weights (non-FP8, async), loaded_params: 12, loaded_buffers: 0
[36m(vLLMHttpServer pid=121375)[0m (Worker pid=122556) INFO:2026-07-30 11:51:09,477:Loading standard weights (non-FP8, async), loaded_params: 1, loaded_buffers: 0
[36m(vLLMHttpServer pid=121375)[0m (EngineCore pid=122102) WARNING 07-30 11:51:11 [scheduler.py:1883] reset_connector called but no KV connector is configured.
[36m(TaskRunnerV1 pid=108806)[0m Training Progress:  24%|██▍       | 30/125 [1:15:22<3:57:20, 149.90s/it]
[36m(TaskRunnerV1 pid=108806)[0m Dumped generations to /mnt/lv_model/npu60005420a/qy_owner_experiments_20260730/qy_owner_verl_full125_noeval_final_npu23/rollouts/30.jsonl
[36m(TaskRunnerV1 pid=108806)[0m step:30 - global_seqlen/min:67912.0 - global_seqlen/max:67912.0 - global_seqlen/minmax_diff:0.0 - global_seqlen/balanced_min:67912.0 - global_seqlen/balanced_max:67912.0 - global_seqlen/mean:67912.0 - actor/pg_clipfrac:0.0018982164808275068 - actor/ppo_kl:0.0009778420567539904 - actor/pg_clipfrac_lower:0.0 - actor/pg_loss:0.01829160109627992 - actor/loss:0.018291598185896873 - actor/grad_norm:0.019134383648633957 - actor/lr:1.7e-05 - actor/perf/max_memory_allocated_gb:22.93751096725464 - actor/perf/max_memory_reserved_gb:25.5703125 - actor/perf/cpu_memory_used_gb:98.54816436767578 - perf/mfu/actor:0.19301405811812813 - training/global_step:30 - training/epoch:0 - critic/score/mean:0.3125 - critic/score/max:1.0 - critic/score/min:0.0 - critic/rewards/mean:0.3125 - critic/rewards/max:1.0 - critic/rewards/min:0.0 - critic/advantages/mean:-0.018156126141548157 - critic/advantages/max:1.4999970197677612 - critic/advantages/min:-1.4999970197677612 - critic/returns/mean:-0.018156126141548157 - critic/returns/max:1.4999970197677612 - critic/returns/min:-1.4999970197677612 - response_length/mean:964.6875 - response_length/max:1024.0 - response_length/min:510.0 - response_length/clip_ratio:0.71875 - response_length_non_aborted/mean:964.6875 - response_length_non_aborted/max:1024.0 - response_length_non_aborted/min:510.0 - response_length_non_aborted/clip_ratio:0.71875 - response/aborted_ratio:0.0 - prompt_length/mean:96.4375 - prompt_length/max:136.0 - prompt_length/min:66.0 - prompt_length/clip_ratio:0.0625 - timing_s/gen:58.187919543124735 - timing_s/old_log_prob:0.13643357995897532 - timing_s/adv:0.18065613508224487 - timing_s/update_actor:27.537559031508863 - timing_s/update_weights:67.4110842877999 - timing_s/step:153.6164961932227 - timing_per_token_ms/adv:0.002660150416454307 - timing_per_token_ms/update_actor:0.4054888536857825 - timing_per_token_ms/gen:0.9424671127814178 - perf/total_num_tokens:67912 - perf/time_per_step:153.6164961932227 - perf/throughput:221.04396885403042 - training/num_turns/mean:2.0 - training/num_turns/max:2 - training/num_turns/min:2 - training/off_policy/trajectory_spans/mean:1.0 - training/off_policy/trajectory_spans/max:1 - training/off_policy/trajectory_spans/min:1 - training/off_policy/trajectory_staleness/mean:0.0 - training/off_policy/trajectory_staleness/max:0 - training/off_policy/trajectory_staleness/min:0 - training/off_policy/trajectory_staleness_worst/mean:0.0 - training/off_policy/trajectory_staleness_worst/max:0 - training/off_policy/trajectory_staleness_worst/min:0
[36m(vLLMHttpServer pid=121375)[0m (Worker pid=122556) INFO:2026-07-30 11:53:16,645:Loading standard weights (non-FP8, async), loaded_params: 3, loaded_buffers: 0
[36m(vLLMHttpServer pid=121375)[0m (Worker pid=122556) INFO:2026-07-30 11:53:19,141:Loading standard weights (non-FP8, async), loaded_params: 43, loaded_buffers: 0
[36m(vLLMHttpServer pid=121375)[0m (Worker pid=122556) INFO:2026-07-30 11:53:22,107:Loading standard weights (non-FP8, async), loaded_params: 43, loaded_buffers: 0
[36m(vLLMHttpServer pid=121375)[0m (Worker pid=122556) INFO:2026-07-30 11:53:25,085:Loading standard weights (non-FP8, async), loaded_params: 41, loaded_buffers: 0
[36m(vLLMHttpServer pid=121375)[0m (Worker pid=122556) INFO:2026-07-30 11:53:27,381:Loading standard weights (non-FP8, async), loaded_params: 43, loaded_buffers: 0
[36m(vLLMHttpServer pid=121375)[0m (Worker pid=122556) INFO:2026-07-30 11:53:29,852:Loading standard weights (non-FP8, async), loaded_params: 43, loaded_buffers: 0
[36m(vLLMHttpServer pid=121375)[0m (Worker pid=122556) INFO:2026-07-30 11:53:32,272:Loading standard weights (non-FP8, async), loaded_params: 41, loaded_buffers: 0
[36m(vLLMHttpServer pid=121375)[0m (Worker pid=122556) INFO:2026-07-30 11:53:34,531:Loading standard weights (non-FP8, async), loaded_params: 43, loaded_buffers: 0
[36m(vLLMHttpServer pid=121375)[0m (Worker pid=122556) INFO:2026-07-30 11:53:36,810:Loading standard weights (non-FP8, async), loaded_params: 43, loaded_buffers: 0
[36m(vLLMHttpServer pid=121375)[0m (Worker pid=122556) INFO:2026-07-30 11:53:39,090:Loading standard weights (non-FP8, async), loaded_params: 43, loaded_buffers: 0
[36m(vLLMHttpServer pid=121375)[0m (Worker pid=122556) INFO:2026-07-30 11:53:39,901:Loading standard weights (non-FP8, async), loaded_params: 12, loaded_buffers: 0
[36m(vLLMHttpServer pid=121375)[0m (Worker pid=122556) INFO:2026-07-30 11:53:41,473:Loading standard weights (non-FP8, async), loaded_params: 1, loaded_buffers: 0
[36m(vLLMHttpServer pid=121375)[0m (EngineCore pid=122102) WARNING 07-30 11:53:42 [scheduler.py:1883] reset_connector called but no KV connector is configured.
[36m(TaskRunnerV1 pid=108806)[0m Training Progress:  25%|██▍       | 31/125 [1:17:54<3:55:37, 150.40s/it]
[36m(TaskRunnerV1 pid=108806)[0m Dumped generations to /mnt/lv_model/npu60005420a/qy_owner_experiments_20260730/qy_owner_verl_full125_noeval_final_npu23/rollouts/31.jsonl
[36m(TaskRunnerV1 pid=108806)[0m step:31 - global_seqlen/min:66644.0 - global_seqlen/max:66644.0 - global_seqlen/minmax_diff:0.0 - global_seqlen/balanced_min:66644.0 - global_seqlen/balanced_max:66644.0 - global_seqlen/mean:66644.0 - actor/pg_clipfrac:0.0016283183016211672 - actor/ppo_kl:0.0006390934756970691 - actor/pg_clipfrac_lower:0.0 - actor/pg_loss:0.009384424021845916 - actor/loss:0.00938442349433899 - actor/grad_norm:0.018601058050990105 - actor/lr:1.7e-05 - actor/perf/max_memory_allocated_gb:22.93751096725464 - actor/perf/max_memory_reserved_gb:25.5703125 - actor/perf/cpu_memory_used_gb:98.90305709838867 - perf/mfu/actor:0.20277049943554792 - training/global_step:31 - training/epoch:0 - critic/score/mean:0.40625 - critic/score/max:1.0 - critic/score/min:0.0 - critic/rewards/mean:0.40625 - critic/rewards/max:1.0 - critic/rewards/min:0.0 - critic/advantages/mean:-0.009295359253883362 - critic/advantages/max:1.4999970197677612 - critic/advantages/min:-0.8660238981246948 - critic/returns/mean:-0.009295359253883362 - critic/returns/max:1.4999970197677612 - critic/returns/min:-0.8660238981246948 - response_length/mean:943.6875 - response_length/max:1024.0 - response_length/min:353.0 - response_length/clip_ratio:0.65625 - response_length_non_aborted/mean:943.6875 - response_length_non_aborted/max:1024.0 - response_length_non_aborted/min:353.0 - response_length_non_aborted/clip_ratio:0.65625 - response/aborted_ratio:0.0 - prompt_length/mean:97.625 - prompt_length/max:121.0 - prompt_length/min:71.0 - prompt_length/clip_ratio:0.125 - timing_s/gen:58.186559081077576 - timing_s/old_log_prob:0.13792697060853243 - timing_s/adv:0.18243732023984194 - timing_s/update_actor:25.749091665260494 - timing_s/update_weights:66.88206176180393 - timing_s/step:151.30079331062734 - timing_per_token_ms/adv:0.00273749055038476 - timing_per_token_ms/update_actor:0.386367740010511 - timing_per_token_ms/gen:0.9634174296489433 - perf/total_num_tokens:66644 - perf/time_per_step:151.30079331062734 - perf/throughput:220.23678310521765 - training/num_turns/mean:2.0 - training/num_turns/max:2 - training/num_turns/min:2 - training/off_policy/trajectory_spans/mean:1.0 - training/off_policy/trajectory_spans/max:1 - training/off_policy/trajectory_spans/min:1 - training/off_policy/trajectory_staleness/mean:0.0 - training/off_policy/trajectory_staleness/max:0 - training/off_policy/trajectory_staleness/min:0 - training/off_policy/trajectory_staleness_worst/mean:0.0 - training/off_policy/trajectory_staleness_worst/max:0 - training/off_policy/trajectory_staleness_worst/min:0
[36m(vLLMHttpServer pid=121375)[0m (Worker pid=122556) INFO:2026-07-30 11:55:48,014:Loading standard weights (non-FP8, async), loaded_params: 3, loaded_buffers: 0
[36m(vLLMHttpServer pid=121375)[0m (Worker pid=122556) INFO:2026-07-30 11:55:50,352:Loading standard weights (non-FP8, async), loaded_params: 43, loaded_buffers: 0
[36m(vLLMHttpServer pid=121375)[0m (Worker pid=122556) INFO:2026-07-30 11:55:52,823:Loading standard weights (non-FP8, async), loaded_params: 43, loaded_buffers: 0
[36m(vLLMHttpServer pid=121375)[0m (Worker pid=122556) INFO:2026-07-30 11:55:55,426:Loading standard weights (non-FP8, async), loaded_params: 41, loaded_buffers: 0
[36m(vLLMHttpServer pid=121375)[0m (Worker pid=122556) INFO:2026-07-30 11:55:57,867:Loading standard weights (non-FP8, async), loaded_params: 43, loaded_buffers: 0
[36m(vLLMHttpServer pid=121375)[0m (Worker pid=122556) INFO:2026-07-30 11:56:00,021:Loading standard weights (non-FP8, async), loaded_params: 43, loaded_buffers: 0
[36m(vLLMHttpServer pid=121375)[0m (Worker pid=122556) INFO:2026-07-30 11:56:02,425:Loading standard weights (non-FP8, async), loaded_params: 41, loaded_buffers: 0
[36m(vLLMHttpServer pid=121375)[0m (Worker pid=122556) INFO:2026-07-30 11:56:04,582:Loading standard weights (non-FP8, async), loaded_params: 43, loaded_buffers: 0
[36m(vLLMHttpServer pid=121375)[0m (Worker pid=122556) INFO:2026-07-30 11:56:06,813:Loading standard weights (non-FP8, async), loaded_params: 43, loaded_buffers: 0
[36m(vLLMHttpServer pid=121375)[0m (Worker pid=122556) INFO:2026-07-30 11:56:08,952:Loading standard weights (non-FP8, async), loaded_params: 43, loaded_buffers: 0
[36m(vLLMHttpServer pid=121375)[0m (Worker pid=122556) INFO:2026-07-30 11:56:09,517:Loading standard weights (non-FP8, async), loaded_params: 12, loaded_buffers: 0
[36m(vLLMHttpServer pid=121375)[0m (Worker pid=122556) INFO:2026-07-30 11:56:11,017:Loading standard weights (non-FP8, async), loaded_params: 1, loaded_buffers: 0
[36m(vLLMHttpServer pid=121375)[0m (EngineCore pid=122102) WARNING 07-30 11:56:12 [scheduler.py:1883] reset_connector called but no KV connector is configured.
[36m(TaskRunnerV1 pid=108806)[0m Training Progress:  26%|██▌       | 32/125 [1:20:24<3:52:59, 150.32s/it]
[36m(TaskRunnerV1 pid=108806)[0m Dumped generations to /mnt/lv_model/npu60005420a/qy_owner_experiments_20260730/qy_owner_verl_full125_noeval_final_npu23/rollouts/32.jsonl
[36m(TaskRunnerV1 pid=108806)[0m step:32 - global_seqlen/min:69044.0 - global_seqlen/max:69044.0 - global_seqlen/minmax_diff:0.0 - global_seqlen/balanced_min:69044.0 - global_seqlen/balanced_max:69044.0 - global_seqlen/mean:69044.0 - actor/pg_clipfrac:0.0020233265035237897 - actor/ppo_kl:0.000879132427251213 - actor/pg_clipfrac_lower:0.0 - actor/pg_loss:0.0110827567987144 - actor/loss:0.011082754470407963 - actor/grad_norm:0.018723128363490105 - actor/lr:1.7e-05 - actor/perf/max_memory_allocated_gb:22.93751096725464 - actor/perf/max_memory_reserved_gb:25.5703125 - actor/perf/cpu_memory_used_gb:98.83263397216797 - perf/mfu/actor:0.19602058980893206 - training/global_step:32 - training/epoch:0 - critic/score/mean:0.40625 - critic/score/max:1.0 - critic/score/min:0.0 - critic/rewards/mean:0.40625 - critic/rewards/max:1.0 - critic/rewards/min:0.0 - critic/advantages/mean:-0.010960761457681656 - critic/advantages/max:0.8660238981246948 - critic/advantages/min:-1.4999970197677612 - critic/returns/mean:-0.010960761457681656 - critic/returns/max:0.8660238981246948 - critic/returns/min:-1.4999970197677612 - response_length/mean:980.0625 - response_length/max:1024.0 - response_length/min:537.0 - response_length/clip_ratio:0.703125 - response_length_non_aborted/mean:980.0625 - response_length_non_aborted/max:1024.0 - response_length_non_aborted/min:537.0 - response_length_non_aborted/clip_ratio:0.703125 - response/aborted_ratio:0.0 - prompt_length/mean:98.75 - prompt_length/max:160.0 - prompt_length/min:64.0 - prompt_length/clip_ratio:0.0625 - timing_s/gen:56.19780626986176 - timing_s/old_log_prob:0.13219499494880438 - timing_s/adv:0.1870371988043189 - timing_s/update_actor:27.580943185836077 - timing_s/update_weights:65.60074551589787 - timing_s/step:149.86078893765807 - timing_per_token_ms/adv:0.0027089565900631322 - timing_per_token_ms/update_actor:0.39946908038114937 - timing_per_token_ms/gen:0.8959538018918078 - perf/total_num_tokens:69044 - perf/time_per_step:149.86078893765807 - perf/throughput:230.36045816068082 - training/num_turns/mean:2.0 - training/num_turns/max:2 - training/num_turns/min:2 - training/off_policy/trajectory_spans/mean:1.0 - training/off_policy/trajectory_spans/max:1 - training/off_policy/trajectory_spans/min:1 - training/off_policy/trajectory_staleness/mean:0.0 - training/off_policy/trajectory_staleness/max:0 - training/off_policy/trajectory_staleness/min:0 - training/off_policy/trajectory_staleness_worst/mean:0.0 - training/off_policy/trajectory_staleness_worst/max:0 - training/off_policy/trajectory_staleness_worst/min:0
[36m(vLLMHttpServer pid=121375)[0m (Worker pid=122556) INFO:2026-07-30 11:58:17,468:Loading standard weights (non-FP8, async), loaded_params: 3, loaded_buffers: 0
[36m(vLLMHttpServer pid=121375)[0m (Worker pid=122556) INFO:2026-07-30 11:58:19,797:Loading standard weights (non-FP8, async), loaded_params: 43, loaded_buffers: 0
[36m(vLLMHttpServer pid=121375)[0m (Worker pid=122556) INFO:2026-07-30 11:58:22,096:Loading standard weights (non-FP8, async), loaded_params: 43, loaded_buffers: 0
[36m(vLLMHttpServer pid=121375)[0m (Worker pid=122556) INFO:2026-07-30 11:58:24,668:Loading standard weights (non-FP8, async), loaded_params: 41, loaded_buffers: 0
[36m(vLLMHttpServer pid=121375)[0m (Worker pid=122556) INFO:2026-07-30 11:58:27,345:Loading standard weights (non-FP8, async), loaded_params: 43, loaded_buffers: 0
[36m(vLLMHttpServer pid=121375)[0m (Worker pid=122556) INFO:2026-07-30 11:58:30,191:Loading standard weights (non-FP8, async), loaded_params: 43, loaded_buffers: 0
[36m(vLLMHttpServer pid=121375)[0m (Worker pid=122556) INFO:2026-07-30 11:58:32,600:Loading standard weights (non-FP8, async), loaded_params: 41, loaded_buffers: 0
[36m(vLLMHttpServer pid=121375)[0m (Worker pid=122556) INFO:2026-07-30 11:58:34,933:Loading standard weights (non-FP8, async), loaded_params: 43, loaded_buffers: 0
[36m(vLLMHttpServer pid=121375)[0m (Worker pid=122556) INFO:2026-07-30 11:58:37,263:Loading standard weights (non-FP8, async), loaded_params: 43, loaded_buffers: 0
[36m(vLLMHttpServer pid=121375)[0m (Worker pid=122556) INFO:2026-07-30 11:58:39,547:Loading standard weights (non-FP8, async), loaded_params: 43, loaded_buffers: 0
[36m(vLLMHttpServer pid=121375)[0m (Worker pid=122556) INFO:2026-07-30 11:58:40,371:Loading standard weights (non-FP8, async), loaded_params: 12, loaded_buffers: 0
[36m(vLLMHttpServer pid=121375)[0m (Worker pid=122556) INFO:2026-07-30 11:58:42,266:Loading standard weights (non-FP8, async), loaded_params: 1, loaded_buffers: 0
[36m(vLLMHttpServer pid=121375)[0m (EngineCore pid=122102) WARNING 07-30 11:58:44 [scheduler.py:1883] reset_connector called but no KV connector is configured.
[36m(TaskRunnerV1 pid=108806)[0m Training Progress:  26%|██▋       | 33/125 [1:22:55<3:50:52, 150.57s/it]
[36m(TaskRunnerV1 pid=108806)[0m Dumped generations to /mnt/lv_model/npu60005420a/qy_owner_experiments_20260730/qy_owner_verl_full125_noeval_final_npu23/rollouts/33.jsonl
[36m(TaskRunnerV1 pid=108806)[0m step:33 - global_seqlen/min:62616.0 - global_seqlen/max:62616.0 - global_seqlen/minmax_diff:0.0 - global_seqlen/balanced_min:62616.0 - global_seqlen/balanced_max:62616.0 - global_seqlen/mean:62616.0 - actor/pg_clipfrac:0.0020401894944370724 - actor/ppo_kl:0.0006721536903881997 - actor/pg_clipfrac_lower:0.0 - actor/pg_loss:0.023248587269335985 - actor/loss:0.023248586803674698 - actor/grad_norm:0.018824435770511627 - actor/lr:1.7e-05 - actor/perf/max_memory_allocated_gb:22.93751096725464 - actor/perf/max_memory_reserved_gb:25.5703125 - actor/perf/cpu_memory_used_gb:98.8225212097168 - perf/mfu/actor:0.17070541110757387 - training/global_step:33 - training/epoch:0 - critic/score/mean:0.390625 - critic/score/max:1.0 - critic/score/min:0.0 - critic/rewards/mean:0.390625 - critic/rewards/max:1.0 - critic/rewards/min:0.0 - critic/advantages/mean:-0.023251404985785484 - critic/advantages/max:1.4999970197677612 - critic/advantages/min:-0.8660238981246948 - critic/returns/mean:-0.023251404985785484 - critic/returns/max:1.4999970197677612 - critic/returns/min:-0.8660238981246948 - response_length/mean:889.3125 - response_length/max:1024.0 - response_length/min:298.0 - response_length/clip_ratio:0.6875 - response_length_non_aborted/mean:889.3125 - response_length_non_aborted/max:1024.0 - response_length_non_aborted/min:298.0 - response_length_non_aborted/clip_ratio:0.6875 - response/aborted_ratio:0.0 - prompt_length/mean:89.0625 - prompt_length/max:136.0 - prompt_length/min:68.0 - prompt_length/clip_ratio:0.0625 - timing_s/gen:54.18392066564411 - timing_s/old_log_prob:0.13299626670777798 - timing_s/adv:0.18418470304459333 - timing_s/update_actor:28.661938538774848 - timing_s/update_weights:67.5335033563897 - timing_s/step:150.8566204449162 - timing_per_token_ms/adv:0.002941495832448469 - timing_per_token_ms/update_actor:0.45774144849199644 - timing_per_token_ms/gen:0.9519980438829874 - perf/total_num_tokens:62616 - perf/time_per_step:150.8566204449162 - perf/throughput:207.53480959380107 - training/num_turns/mean:2.0 - training/num_turns/max:2 - training/num_turns/min:2 - training/off_policy/trajectory_spans/mean:1.0 - training/off_policy/trajectory_spans/max:1 - training/off_policy/trajectory_spans/min:1 - training/off_policy/trajectory_staleness/mean:0.0 - training/off_policy/trajectory_staleness/max:0 - training/off_policy/trajectory_staleness/min:0 - training/off_policy/trajectory_staleness_worst/mean:0.0 - training/off_policy/trajectory_staleness_worst/max:0 - training/off_policy/trajectory_staleness_worst/min:0
[36m(vLLMHttpServer pid=121375)[0m (Worker pid=122556) INFO:2026-07-30 12:00:46,223:Loading standard weights (non-FP8, async), loaded_params: 3, loaded_buffers: 0
[36m(vLLMHttpServer pid=121375)[0m (Worker pid=122556) INFO:2026-07-30 12:00:49,677:Loading standard weights (non-FP8, async), loaded_params: 43, loaded_buffers: 0
[36m(vLLMHttpServer pid=121375)[0m (Worker pid=122556) INFO:2026-07-30 12:00:52,889:Loading standard weights (non-FP8, async), loaded_params: 43, loaded_buffers: 0
[36m(vLLMHttpServer pid=121375)[0m (Worker pid=122556) INFO:2026-07-30 12:00:56,347:Loading standard weights (non-FP8, async), loaded_params: 41, loaded_buffers: 0
[36m(vLLMHttpServer pid=121375)[0m (Worker pid=122556) INFO:2026-07-30 12:00:59,509:Loading standard weights (non-FP8, async), loaded_params: 43, loaded_buffers: 0
[36m(vLLMHttpServer pid=121375)[0m (Worker pid=122556) INFO:2026-07-30 12:01:03,219:Loading standard weights (non-FP8, async), loaded_params: 43, loaded_buffers: 0
[36m(vLLMHttpServer pid=121375)[0m (Worker pid=122556) INFO:2026-07-30 12:01:06,611:Loading standard weights (non-FP8, async), loaded_params: 41, loaded_buffers: 0
[36m(vLLMHttpServer pid=121375)[0m (Worker pid=122556) INFO:2026-07-30 12:01:09,892:Loading standard weights (non-FP8, async), loaded_params: 43, loaded_buffers: 0
[36m(vLLMHttpServer pid=121375)[0m (Worker pid=122556) INFO:2026-07-30 12:01:13,192:Loading standard weights (non-FP8, async), loaded_params: 43, loaded_buffers: 0
[36m(vLLMHttpServer pid=121375)[0m (Worker pid=122556) INFO:2026-07-30 12:01:16,277:Loading standard weights (non-FP8, async), loaded_params: 43, loaded_buffers: 0
[36m(vLLMHttpServer pid=121375)[0m (Worker pid=122556) INFO:2026-07-30 12:01:16,857:Loading standard weights (non-FP8, async), loaded_params: 12, loaded_buffers: 0
[36m(vLLMHttpServer pid=121375)[0m (Worker pid=122556) INFO:2026-07-30 12:01:18,301:Loading standard weights (non-FP8, async), loaded_params: 1, loaded_buffers: 0
[36m(vLLMHttpServer pid=121375)[0m (EngineCore pid=122102) WARNING 07-30 12:01:19 [scheduler.py:1883] reset_connector called but no KV connector is configured.
[36m(TaskRunnerV1 pid=108806)[0m Dumped generations to /mnt/lv_model/npu60005420a/qy_owner_experiments_20260730/qy_owner_verl_full125_noeval_final_npu23/rollouts/34.jsonl
[36m(TaskRunnerV1 pid=108806)[0m Training Progress:  27%|██▋       | 34/125 [1:25:30<3:50:36, 152.05s/it]
[36m(TaskRunnerV1 pid=108806)[0m step:34 - global_seqlen/min:65499.0 - global_seqlen/max:65499.0 - global_seqlen/minmax_diff:0.0 - global_seqlen/balanced_min:65499.0 - global_seqlen/balanced_max:65499.0 - global_seqlen/mean:65499.0 - actor/pg_clipfrac:0.002436643342662137 - actor/ppo_kl:0.0007132285354600754 - actor/pg_clipfrac_lower:0.0 - actor/pg_loss:0.01821374047358404 - actor/loss:0.018213745206594467 - actor/grad_norm:0.021560218185186386 - actor/lr:1.7e-05 - actor/perf/max_memory_allocated_gb:22.93751096725464 - actor/perf/max_memory_reserved_gb:25.5703125 - actor/perf/cpu_memory_used_gb:98.80686569213867 - perf/mfu/actor:0.212358891865844 - training/global_step:34 - training/epoch:0 - critic/score/mean:0.4375 - critic/score/max:1.0 - critic/score/min:0.0 - critic/rewards/mean:0.4375 - critic/rewards/max:1.0 - critic/rewards/min:0.0 - critic/advantages/mean:-0.018220528960227966 - critic/advantages/max:1.4999970197677612 - critic/advantages/min:-1.4999970197677612 - critic/returns/mean:-0.018220528960227966 - critic/returns/max:1.4999970197677612 - critic/returns/min:-1.4999970197677612 - response_length/mean:935.296875 - response_length/max:1024.0 - response_length/min:418.0 - response_length/clip_ratio:0.65625 - response_length_non_aborted/mean:935.296875 - response_length_non_aborted/max:1024.0 - response_length_non_aborted/min:418.0 - response_length_non_aborted/clip_ratio:0.65625 - response/aborted_ratio:0.0 - prompt_length/mean:88.125 - prompt_length/max:107.0 - prompt_length/min:59.0 - prompt_length/clip_ratio:0.125 - timing_s/gen:56.18765521980822 - timing_s/old_log_prob:0.13513523247092962 - timing_s/adv:0.18456342443823814 - timing_s/update_actor:24.15103583689779 - timing_s/update_weights:74.41021539550275 - timing_s/step:155.22872491553426 - timing_per_token_ms/adv:0.0028178052250910418 - timing_per_token_ms/update_actor:0.36872373375009987 - timing_per_token_ms/gen:0.9386667872802456 - perf/total_num_tokens:65499 - perf/time_per_step:155.22872491553426 - perf/throughput:210.97577151278043 - training/num_turns/mean:2.0 - training/num_turns/max:2 - training/num_turns/min:2 - training/off_policy/trajectory_spans/mean:1.0 - training/off_policy/trajectory_spans/max:1 - training/off_policy/trajectory_spans/min:1 - training/off_policy/trajectory_staleness/mean:0.0 - training/off_policy/trajectory_staleness/max:0 - training/off_policy/trajectory_staleness/min:0 - training/off_policy/trajectory_staleness_worst/mean:0.0 - training/off_policy/trajectory_staleness_worst/max:0 - training/off_policy/trajectory_staleness_worst/min:0
[36m(vLLMHttpServer pid=121375)[0m (Worker pid=122556) INFO:2026-07-30 12:03:23,029:Loading standard weights (non-FP8, async), loaded_params: 3, loaded_buffers: 0
[36m(vLLMHttpServer pid=121375)[0m (Worker pid=122556) INFO:2026-07-30 12:03:25,298:Loading standard weights (non-FP8, async), loaded_params: 43, loaded_buffers: 0
[36m(vLLMHttpServer pid=121375)[0m (Worker pid=122556) INFO:2026-07-30 12:03:27,536:Loading standard weights (non-FP8, async), loaded_params: 43, loaded_buffers: 0
[36m(vLLMHttpServer pid=121375)[0m (Worker pid=122556) INFO:2026-07-30 12:03:29,941:Loading standard weights (non-FP8, async), loaded_params: 41, loaded_buffers: 0
[36m(vLLMHttpServer pid=121375)[0m (Worker pid=122556) INFO:2026-07-30 12:03:31,971:Loading standard weights (non-FP8, async), loaded_params: 43, loaded_buffers: 0
[36m(vLLMHttpServer pid=121375)[0m (Worker pid=122556) INFO:2026-07-30 12:03:34,519:Loading standard weights (non-FP8, async), loaded_params: 43, loaded_buffers: 0
[36m(vLLMHttpServer pid=121375)[0m (Worker pid=122556) INFO:2026-07-30 12:03:36,763:Loading standard weights (non-FP8, async), loaded_params: 41, loaded_buffers: 0
[36m(vLLMHttpServer pid=121375)[0m (Worker pid=122556) INFO:2026-07-30 12:03:38,928:Loading standard weights (non-FP8, async), loaded_params: 43, loaded_buffers: 0
[36m(vLLMHttpServer pid=121375)[0m (Worker pid=122556) INFO:2026-07-30 12:03:41,068:Loading standard weights (non-FP8, async), loaded_params: 43, loaded_buffers: 0
[36m(vLLMHttpServer pid=121375)[0m (Worker pid=122556) INFO:2026-07-30 12:03:43,031:Loading standard weights (non-FP8, async), loaded_params: 43, loaded_buffers: 0
[36m(vLLMHttpServer pid=121375)[0m (Worker pid=122556) INFO:2026-07-30 12:03:43,710:Loading standard weights (non-FP8, async), loaded_params: 12, loaded_buffers: 0
[36m(vLLMHttpServer pid=121375)[0m (Worker pid=122556) INFO:2026-07-30 12:03:45,193:Loading standard weights (non-FP8, async), loaded_params: 1, loaded_buffers: 0
[36m(vLLMHttpServer pid=121375)[0m (EngineCore pid=122102) WARNING 07-30 12:03:46 [scheduler.py:1883] reset_connector called but no KV connector is configured.
[36m(TaskRunnerV1 pid=108806)[0m Dumped generations to /mnt/lv_model/npu60005420a/qy_owner_experiments_20260730/qy_owner_verl_full125_noeval_final_npu23/rollouts/35.jsonl
[36m(TaskRunnerV1 pid=108806)[0m step:35 - global_seqlen/min:66115.0 - global_seqlen/max:66115.0 - global_seqlen/minmax_diff:0.0 - global_seqlen/balanced_min:66115.0 - global_seqlen/balanced_max:66115.0 - global_seqlen/mean:66115.0 - actor/pg_clipfrac:0.0023264376111054685 - actor/ppo_kl:0.0005289545340073185 - actor/pg_clipfrac_lower:0.0 - actor/pg_loss:0.013413626452347671 - actor/loss:0.013413629494607449 - actor/grad_norm:0.022273339331150055 - actor/lr:1.7e-05 - actor/perf/max_memory_allocated_gb:22.93751096725464 - actor/perf/max_memory_reserved_gb:25.5703125 - actor/perf/cpu_memory_used_gb:98.82608413696289 - perf/mfu/actor:0.18843088945106953 - training/global_step:35 - training/epoch:0 - critic/score/mean:0.453125 - critic/score/max:1.0 - critic/score/min:0.0 - critic/rewards/mean:0.453125 - critic/rewards/max:1.0 - critic/rewards/min:0.0 - critic/advantages/mean:-0.013238119892776012 - critic/advantages/max:1.4999970197677612 - critic/advantages/min:-1.4999970197677612 - critic/returns/mean:-0.013238119892776012 - critic/returns/max:1.4999970197677612 - critic/returns/min:-1.4999970197677612 - response_length/mean:945.421875 - response_length/max:1024.0 - response_length/min:437.0 - response_length/clip_ratio:0.671875 - response_length_non_aborted/mean:945.421875 - response_length_non_aborted/max:1024.0 - response_length_non_aborted/min:437.0 - response_length_non_aborted/clip_ratio:0.671875 - response/aborted_ratio:0.0 - prompt_length/mean:87.625 - prompt_length/max:120.0 - prompt_length/min:71.0 - prompt_length/clip_ratio:0.0625 - timing_s/gen:54.201924320310354 - timing_s/old_log_prob:0.13427099864929914 - timing_s/adv:0.18451171182096004 - timing_s/update_actor:27.44023539032787 - timing_s/update_weights:64.51560994423926 - timing_s/step:146.63740504998714 - timing_per_token_ms/adv:0.002790769293215761 - timing_per_token_ms/update_actor:0.4150379700571409 - timing_per_token_ms/gen:0.8957959297322683 - perf/total_num_tokens:66115 - perf/time_per_step:146.63740504998714 - perf/throughput:225.43702262550983 - training/num_turns/mean:2.0 - training/num_turns/max:2 - training/num_turns/min:2 - training/off_policy/trajectory_spans/mean:1.0 - training/off_policy/trajectory_spans/max:1 - training/off_policy/trajectory_spans/min:1 - training/off_policy/trajectory_staleness/mean:0.0 - training/off_policy/trajectory_staleness/max:0 - training/off_policy/trajectory_staleness/min:0 - training/off_policy/trajectory_staleness_worst/mean:0.0 - training/off_policy/trajectory_staleness_worst/max:0 - training/off_policy/trajectory_staleness_worst/min:0
[36m(TaskRunnerV1 pid=108806)[0m Training Progress:  28%|██▊       | 35/125 [1:27:57<3:45:45, 150.50s/it]
[36m(vLLMHttpServer pid=121375)[0m (Worker pid=122556) INFO:2026-07-30 12:05:50,301:Loading standard weights (non-FP8, async), loaded_params: 3, loaded_buffers: 0
[36m(vLLMHttpServer pid=121375)[0m (Worker pid=122556) INFO:2026-07-30 12:05:53,423:Loading standard weights (non-FP8, async), loaded_params: 43, loaded_buffers: 0
[36m(vLLMHttpServer pid=121375)[0m (Worker pid=122556) INFO:2026-07-30 12:05:56,988:Loading standard weights (non-FP8, async), loaded_params: 43, loaded_buffers: 0
[36m(vLLMHttpServer pid=121375)[0m (Worker pid=122556) INFO:2026-07-30 12:05:59,365:Loading standard weights (non-FP8, async), loaded_params: 41, loaded_buffers: 0
[36m(vLLMHttpServer pid=121375)[0m (Worker pid=122556) INFO:2026-07-30 12:06:01,979:Loading standard weights (non-FP8, async), loaded_params: 43, loaded_buffers: 0
[36m(vLLMHttpServer pid=121375)[0m (Worker pid=122556) INFO:2026-07-30 12:06:04,291:Loading standard weights (non-FP8, async), loaded_params: 43, loaded_buffers: 0
[36m(vLLMHttpServer pid=121375)[0m (Worker pid=122556) INFO:2026-07-30 12:06:06,603:Loading standard weights (non-FP8, async), loaded_params: 41, loaded_buffers: 0
[36m(vLLMHttpServer pid=121375)[0m (Worker pid=122556) INFO:2026-07-30 12:06:08,798:Loading standard weights (non-FP8, async), loaded_params: 43, loaded_buffers: 0
[36m(vLLMHttpServer pid=121375)[0m (Worker pid=122556) INFO:2026-07-30 12:06:11,029:Loading standard weights (non-FP8, async), loaded_params: 43, loaded_buffers: 0
[36m(vLLMHttpServer pid=121375)[0m (Worker pid=122556) INFO:2026-07-30 12:06:13,150:Loading standard weights (non-FP8, async), loaded_params: 43, loaded_buffers: 0
[36m(vLLMHttpServer pid=121375)[0m (Worker pid=122556) INFO:2026-07-30 12:06:13,737:Loading standard weights (non-FP8, async), loaded_params: 12, loaded_buffers: 0
[36m(vLLMHttpServer pid=121375)[0m (Worker pid=122556) INFO:2026-07-30 12:06:15,315:Loading standard weights (non-FP8, async), loaded_params: 1, loaded_buffers: 0
[36m(vLLMHttpServer pid=121375)[0m (EngineCore pid=122102) WARNING 07-30 12:06:17 [scheduler.py:1883] reset_connector called but no KV connector is configured.
[36m(TaskRunnerV1 pid=108806)[0m Training Progress:  29%|██▉       | 36/125 [1:30:28<3:43:17, 150.53s/it]
[36m(TaskRunnerV1 pid=108806)[0m Dumped generations to /mnt/lv_model/npu60005420a/qy_owner_experiments_20260730/qy_owner_verl_full125_noeval_final_npu23/rollouts/36.jsonl
[36m(TaskRunnerV1 pid=108806)[0m step:36 - global_seqlen/min:68604.0 - global_seqlen/max:68604.0 - global_seqlen/minmax_diff:0.0 - global_seqlen/balanced_min:68604.0 - global_seqlen/balanced_max:68604.0 - global_seqlen/mean:68604.0 - actor/pg_clipfrac:0.0019907294070649452 - actor/ppo_kl:0.001109649271444034 - actor/pg_clipfrac_lower:0.0 - actor/pg_loss:0.009537434671074152 - actor/loss:0.009537437930703163 - actor/grad_norm:0.018005196005105972 - actor/lr:1.7e-05 - actor/perf/max_memory_allocated_gb:22.93751096725464 - actor/perf/max_memory_reserved_gb:25.5703125 - actor/perf/cpu_memory_used_gb:98.81897735595703 - perf/mfu/actor:0.19086466210034989 - training/global_step:36 - training/epoch:0 - critic/score/mean:0.328125 - critic/score/max:1.0 - critic/score/min:0.0 - critic/rewards/mean:0.328125 - critic/rewards/max:1.0 - critic/rewards/min:0.0 - critic/advantages/mean:-0.009497527964413166 - critic/advantages/max:1.4999970197677612 - critic/advantages/min:-0.8660238981246948 - critic/returns/mean:-0.009497527964413166 - critic/returns/max:1.4999970197677612 - critic/returns/min:-0.8660238981246948 - response_length/mean:973.25 - response_length/max:1024.0 - response_length/min:522.0 - response_length/clip_ratio:0.75 - response_length_non_aborted/mean:973.25 - response_length_non_aborted/max:1024.0 - response_length_non_aborted/min:522.0 - response_length_non_aborted/clip_ratio:0.75 - response/aborted_ratio:0.0 - prompt_length/mean:98.6875 - prompt_length/max:149.0 - prompt_length/min:66.0 - prompt_length/clip_ratio:0.0625 - timing_s/gen:54.18527433741838 - timing_s/old_log_prob:0.13571377377957106 - timing_s/adv:0.1833409070968628 - timing_s/update_actor:28.13495578430593 - timing_s/update_weights:67.5188326202333 - timing_s/step:150.32023057248443 - timing_per_token_ms/adv:0.002672452147059396 - timing_per_token_ms/update_actor:0.4101066378681408 - timing_per_token_ms/gen:0.8699151415588617 - perf/total_num_tokens:68604 - perf/time_per_step:150.32023057248443 - perf/throughput:228.19283784599818 - training/num_turns/mean:2.0 - training/num_turns/max:2 - training/num_turns/min:2 - training/off_policy/trajectory_spans/mean:1.0 - training/off_policy/trajectory_spans/max:1 - training/off_policy/trajectory_spans/min:1 - training/off_policy/trajectory_staleness/mean:0.0 - training/off_policy/trajectory_staleness/max:0 - training/off_policy/trajectory_staleness/min:0 - training/off_policy/trajectory_staleness_worst/mean:0.0 - training/off_policy/trajectory_staleness_worst/max:0 - training/off_policy/trajectory_staleness_worst/min:0
[36m(vLLMHttpServer pid=121375)[0m (Worker pid=122556) INFO:2026-07-30 12:08:17,028:Loading standard weights (non-FP8, async), loaded_params: 3, loaded_buffers: 0
[36m(vLLMHttpServer pid=121375)[0m (Worker pid=122556) INFO:2026-07-30 12:08:19,471:Loading standard weights (non-FP8, async), loaded_params: 43, loaded_buffers: 0
[36m(vLLMHttpServer pid=121375)[0m (Worker pid=122556) INFO:2026-07-30 12:08:21,820:Loading standard weights (non-FP8, async), loaded_params: 43, loaded_buffers: 0
[36m(vLLMHttpServer pid=121375)[0m (Worker pid=122556) INFO:2026-07-30 12:08:24,104:Loading standard weights (non-FP8, async), loaded_params: 41, loaded_buffers: 0
[36m(vLLMHttpServer pid=121375)[0m (Worker pid=122556) INFO:2026-07-30 12:08:26,173:Loading standard weights (non-FP8, async), loaded_params: 43, loaded_buffers: 0
[36m(vLLMHttpServer pid=121375)[0m (Worker pid=122556) INFO:2026-07-30 12:08:28,615:Loading standard weights (non-FP8, async), loaded_params: 43, loaded_buffers: 0
[36m(vLLMHttpServer pid=121375)[0m (Worker pid=122556) INFO:2026-07-30 12:08:30,922:Loading standard weights (non-FP8, async), loaded_params: 41, loaded_buffers: 0
[36m(vLLMHttpServer pid=121375)[0m (Worker pid=122556) INFO:2026-07-30 12:08:33,180:Loading standard weights (non-FP8, async), loaded_params: 43, loaded_buffers: 0
[36m(vLLMHttpServer pid=121375)[0m (Worker pid=122556) INFO:2026-07-30 12:08:35,448:Loading standard weights (non-FP8, async), loaded_params: 43, loaded_buffers: 0
[36m(vLLMHttpServer pid=121375)[0m (Worker pid=122556) INFO:2026-07-30 12:08:37,623:Loading standard weights (non-FP8, async), loaded_params: 43, loaded_buffers: 0
[36m(vLLMHttpServer pid=121375)[0m (Worker pid=122556) INFO:2026-07-30 12:08:38,240:Loading standard weights (non-FP8, async), loaded_params: 12, loaded_buffers: 0
[36m(vLLMHttpServer pid=121375)[0m (Worker pid=122556) INFO:2026-07-30 12:08:39,889:Loading standard weights (non-FP8, async), loaded_params: 1, loaded_buffers: 0
[36m(vLLMHttpServer pid=121375)[0m (EngineCore pid=122102) WARNING 07-30 12:08:41 [scheduler.py:1883] reset_connector called but no KV connector is configured.
[36m(TaskRunnerV1 pid=108806)[0m Dumped generations to /mnt/lv_model/npu60005420a/qy_owner_experiments_20260730/qy_owner_verl_full125_noeval_final_npu23/rollouts/37.jsonl
[36m(TaskRunnerV1 pid=108806)[0m Training Progress:  30%|██▉       | 37/125 [1:32:53<3:38:10, 148.76s/it]
[36m(TaskRunnerV1 pid=108806)[0m step:37 - global_seqlen/min:65325.0 - global_seqlen/max:65325.0 - global_seqlen/minmax_diff:0.0 - global_seqlen/balanced_min:65325.0 - global_seqlen/balanced_max:65325.0 - global_seqlen/mean:65325.0 - actor/pg_clipfrac:0.002603797118354123 - actor/ppo_kl:0.000560464996169685 - actor/pg_clipfrac_lower:0.0 - actor/pg_loss:0.01880735991289839 - actor/loss:0.018807362765073776 - actor/grad_norm:0.022977342829108238 - actor/lr:1.7e-05 - actor/perf/max_memory_allocated_gb:22.93751096725464 - actor/perf/max_memory_reserved_gb:25.5703125 - actor/perf/cpu_memory_used_gb:98.8586540222168 - perf/mfu/actor:0.21094988039149687 - training/global_step:37 - training/epoch:0 - critic/score/mean:0.46875 - critic/score/max:1.0 - critic/score/min:0.0 - critic/rewards/mean:0.46875 - critic/rewards/max:1.0 - critic/rewards/min:0.0 - critic/advantages/mean:-0.018656225875020027 - critic/advantages/max:1.4999970197677612 - critic/advantages/min:-1.4999970197677612 - critic/returns/mean:-0.018656225875020027 - critic/returns/max:1.4999970197677612 - critic/returns/min:-1.4999970197677612 - response_length/mean:924.765625 - response_length/max:1024.0 - response_length/min:323.0 - response_length/clip_ratio:0.625 - response_length_non_aborted/mean:924.765625 - response_length_non_aborted/max:1024.0 - response_length_non_aborted/min:323.0 - response_length_non_aborted/clip_ratio:0.625 - response/aborted_ratio:0.0 - prompt_length/mean:95.9375 - prompt_length/max:138.0 - prompt_length/min:62.0 - prompt_length/clip_ratio:0.0625 - timing_s/gen:54.186540411785245 - timing_s/old_log_prob:0.14051935728639364 - timing_s/adv:0.1833053519949317 - timing_s/update_actor:24.252717367373407 - timing_s/update_weights:65.4204339440912 - timing_s/step:144.34353061486036 - timing_per_token_ms/adv:0.0028060520779935967 - timing_per_token_ms/update_actor:0.3712624166455937 - timing_per_token_ms/gen:0.9155451619799821 - perf/total_num_tokens:65325 - perf/time_per_step:144.34353061486036 - perf/throughput:226.28308910602018 - training/num_turns/mean:2.0 - training/num_turns/max:2 - training/num_turns/min:2 - training/off_policy/trajectory_spans/mean:1.0 - training/off_policy/trajectory_spans/max:1 - training/off_policy/trajectory_spans/min:1 - training/off_policy/trajectory_staleness/mean:0.0 - training/off_policy/trajectory_staleness/max:0 - training/off_policy/trajectory_staleness/min:0 - training/off_policy/trajectory_staleness_worst/mean:0.0 - training/off_policy/trajectory_staleness_worst/max:0 - training/off_policy/trajectory_staleness_worst/min:0
[36m(vLLMHttpServer pid=121375)[0m (Worker pid=122556) INFO:2026-07-30 12:10:47,762:Loading standard weights (non-FP8, async), loaded_params: 3, loaded_buffers: 0
[36m(vLLMHttpServer pid=121375)[0m (Worker pid=122556) INFO:2026-07-30 12:10:50,156:Loading standard weights (non-FP8, async), loaded_params: 43, loaded_buffers: 0
[36m(vLLMHttpServer pid=121375)[0m (Worker pid=122556) INFO:2026-07-30 12:10:52,491:Loading standard weights (non-FP8, async), loaded_params: 43, loaded_buffers: 0
[36m(vLLMHttpServer pid=121375)[0m (Worker pid=122556) INFO:2026-07-30 12:10:54,733:Loading standard weights (non-FP8, async), loaded_params: 41, loaded_buffers: 0
[36m(vLLMHttpServer pid=121375)[0m (Worker pid=122556) INFO:2026-07-30 12:10:57,094:Loading standard weights (non-FP8, async), loaded_params: 43, loaded_buffers: 0
[36m(vLLMHttpServer pid=121375)[0m (Worker pid=122556) INFO:2026-07-30 12:10:59,508:Loading standard weights (non-FP8, async), loaded_params: 43, loaded_buffers: 0
[36m(vLLMHttpServer pid=121375)[0m (Worker pid=122556) INFO:2026-07-30 12:11:01,963:Loading standard weights (non-FP8, async), loaded_params: 41, loaded_buffers: 0
[36m(vLLMHttpServer pid=121375)[0m (Worker pid=122556) INFO:2026-07-30 12:11:04,103:Loading standard weights (non-FP8, async), loaded_params: 43, loaded_buffers: 0
[36m(vLLMHttpServer pid=121375)[0m (Worker pid=122556) INFO:2026-07-30 12:11:06,176:Loading standard weights (non-FP8, async), loaded_params: 43, loaded_buffers: 0
[36m(vLLMHttpServer pid=121375)[0m (Worker pid=122556) INFO:2026-07-30 12:11:08,194:Loading standard weights (non-FP8, async), loaded_params: 43, loaded_buffers: 0
[36m(vLLMHttpServer pid=121375)[0m (Worker pid=122556) INFO:2026-07-30 12:11:08,740:Loading standard weights (non-FP8, async), loaded_params: 12, loaded_buffers: 0
[36m(vLLMHttpServer pid=121375)[0m (Worker pid=122556) INFO:2026-07-30 12:11:10,232:Loading standard weights (non-FP8, async), loaded_params: 1, loaded_buffers: 0
[36m(vLLMHttpServer pid=121375)[0m (EngineCore pid=122102) WARNING 07-30 12:11:11 [scheduler.py:1883] reset_connector called but no KV connector is configured.
[36m(TaskRunnerV1 pid=108806)[0m Dumped generations to /mnt/lv_model/npu60005420a/qy_owner_experiments_20260730/qy_owner_verl_full125_noeval_final_npu23/rollouts/38.jsonl
[36m(TaskRunnerV1 pid=108806)[0m Training Progress:  30%|███       | 38/125 [1:35:23<3:36:17, 149.16s/it]
[36m(TaskRunnerV1 pid=108806)[0m step:38 - global_seqlen/min:65829.0 - global_seqlen/max:65829.0 - global_seqlen/minmax_diff:0.0 - global_seqlen/balanced_min:65829.0 - global_seqlen/balanced_max:65829.0 - global_seqlen/mean:65829.0 - actor/pg_clipfrac:0.0018723885364392225 - actor/ppo_kl:0.0008417159003917785 - actor/pg_clipfrac_lower:0.0 - actor/pg_loss:0.017279622436035424 - actor/loss:0.017279624938964844 - actor/grad_norm:0.01692158728837967 - actor/lr:1.7e-05 - actor/perf/max_memory_allocated_gb:22.93751096725464 - actor/perf/max_memory_reserved_gb:25.5703125 - actor/perf/cpu_memory_used_gb:98.85709381103516 - perf/mfu/actor:0.16605422151101157 - training/global_step:38 - training/epoch:0 - critic/score/mean:0.390625 - critic/score/max:1.0 - critic/score/min:0.0 - critic/rewards/mean:0.390625 - critic/rewards/max:1.0 - critic/rewards/min:0.0 - critic/advantages/mean:-0.017190441489219666 - critic/advantages/max:1.4999970197677612 - critic/advantages/min:-1.4999970197677612 - critic/returns/mean:-0.017190441489219666 - critic/returns/max:1.4999970197677612 - critic/returns/min:-1.4999970197677612 - response_length/mean:924.765625 - response_length/max:1024.0 - response_length/min:361.0 - response_length/clip_ratio:0.65625 - response_length_non_aborted/mean:924.765625 - response_length_non_aborted/max:1024.0 - response_length_non_aborted/min:361.0 - response_length_non_aborted/clip_ratio:0.65625 - response/aborted_ratio:0.0 - prompt_length/mean:103.8125 - prompt_length/max:164.0 - prompt_length/min:60.0 - prompt_length/clip_ratio:0.0625 - timing_s/gen:54.19679265469313 - timing_s/old_log_prob:0.1375870704650879 - timing_s/adv:0.18380434904247522 - timing_s/update_actor:30.97604318615049 - timing_s/update_weights:64.17050672601908 - timing_s/step:149.82727162726223 - timing_per_token_ms/adv:0.002792148582577211 - timing_per_token_ms/update_actor:0.4705531480981101 - timing_per_token_ms/gen:0.9157183856499641 - perf/total_num_tokens:65829 - perf/time_per_step:149.82727162726223 - perf/throughput:219.68296987936975 - training/num_turns/mean:2.0 - training/num_turns/max:2 - training/num_turns/min:2 - training/off_policy/trajectory_spans/mean:1.0 - training/off_policy/trajectory_spans/max:1 - training/off_policy/trajectory_spans/min:1 - training/off_policy/trajectory_staleness/mean:0.0 - training/off_policy/trajectory_staleness/max:0 - training/off_policy/trajectory_staleness/min:0 - training/off_policy/trajectory_staleness_worst/mean:0.0 - training/off_policy/trajectory_staleness_worst/max:0 - training/off_policy/trajectory_staleness_worst/min:0
[36m(vLLMHttpServer pid=121375)[0m (Worker pid=122556) INFO:2026-07-30 12:13:22,706:Loading standard weights (non-FP8, async), loaded_params: 3, loaded_buffers: 0
[36m(vLLMHttpServer pid=121375)[0m (Worker pid=122556) INFO:2026-07-30 12:13:25,292:Loading standard weights (non-FP8, async), loaded_params: 43, loaded_buffers: 0
[36m(vLLMHttpServer pid=121375)[0m (Worker pid=122556) INFO:2026-07-30 12:13:28,028:Loading standard weights (non-FP8, async), loaded_params: 43, loaded_buffers: 0
[36m(vLLMHttpServer pid=121375)[0m (Worker pid=122556) INFO:2026-07-30 12:13:30,789:Loading standard weights (non-FP8, async), loaded_params: 41, loaded_buffers: 0
[36m(vLLMHttpServer pid=121375)[0m (Worker pid=122556) INFO:2026-07-30 12:13:33,248:Loading standard weights (non-FP8, async), loaded_params: 43, loaded_buffers: 0
[36m(vLLMHttpServer pid=121375)[0m (Worker pid=122556) INFO:2026-07-30 12:13:35,609:Loading standard weights (non-FP8, async), loaded_params: 43, loaded_buffers: 0
[36m(vLLMHttpServer pid=121375)[0m (Worker pid=122556) INFO:2026-07-30 12:13:38,206:Loading standard weights (non-FP8, async), loaded_params: 41, loaded_buffers: 0
[36m(vLLMHttpServer pid=121375)[0m (Worker pid=122556) INFO:2026-07-30 12:13:40,487:Loading standard weights (non-FP8, async), loaded_params: 43, loaded_buffers: 0
[36m(vLLMHttpServer pid=121375)[0m (Worker pid=122556) INFO:2026-07-30 12:13:42,753:Loading standard weights (non-FP8, async), loaded_params: 43, loaded_buffers: 0
[36m(vLLMHttpServer pid=121375)[0m (Worker pid=122556) INFO:2026-07-30 12:13:44,927:Loading standard weights (non-FP8, async), loaded_params: 43, loaded_buffers: 0
[36m(vLLMHttpServer pid=121375)[0m (Worker pid=122556) INFO:2026-07-30 12:13:45,664:Loading standard weights (non-FP8, async), loaded_params: 12, loaded_buffers: 0
[36m(vLLMHttpServer pid=121375)[0m (Worker pid=122556) INFO:2026-07-30 12:13:47,393:Loading standard weights (non-FP8, async), loaded_params: 1, loaded_buffers: 0
[36m(vLLMHttpServer pid=121375)[0m (EngineCore pid=122102) WARNING 07-30 12:13:48 [scheduler.py:1883] reset_connector called but no KV connector is configured.
[36m(TaskRunnerV1 pid=108806)[0m Training Progress:  31%|███       | 39/125 [1:38:00<3:37:12, 151.54s/it]
[36m(TaskRunnerV1 pid=108806)[0m Dumped generations to /mnt/lv_model/npu60005420a/qy_owner_experiments_20260730/qy_owner_verl_full125_noeval_final_npu23/rollouts/39.jsonl
[36m(TaskRunnerV1 pid=108806)[0m step:39 - global_seqlen/min:66906.0 - global_seqlen/max:66906.0 - global_seqlen/minmax_diff:0.0 - global_seqlen/balanced_min:66906.0 - global_seqlen/balanced_max:66906.0 - global_seqlen/mean:66906.0 - actor/pg_clipfrac:0.001324411024517544 - actor/ppo_kl:0.0008455562757958165 - actor/pg_clipfrac_lower:0.0 - actor/pg_loss:0.01833040502970107 - actor/loss:0.018330402672290802 - actor/grad_norm:0.01637333631515503 - actor/lr:1.7e-05 - actor/perf/max_memory_allocated_gb:22.93751096725464 - actor/perf/max_memory_reserved_gb:25.5703125 - actor/perf/cpu_memory_used_gb:98.84738540649414 - perf/mfu/actor:0.16589944783197944 - training/global_step:39 - training/epoch:0 - critic/score/mean:0.40625 - critic/score/max:1.0 - critic/score/min:0.0 - critic/rewards/mean:0.40625 - critic/rewards/max:1.0 - critic/rewards/min:0.0 - critic/advantages/mean:-0.018269825726747513 - critic/advantages/max:1.4999970197677612 - critic/advantages/min:-1.4999970197677612 - critic/returns/mean:-0.018269825726747513 - critic/returns/max:1.4999970197677612 - critic/returns/min:-1.4999970197677612 - response_length/mean:942.46875 - response_length/max:1024.0 - response_length/min:453.0 - response_length/clip_ratio:0.609375 - response_length_non_aborted/mean:942.46875 - response_length_non_aborted/max:1024.0 - response_length_non_aborted/min:453.0 - response_length_non_aborted/clip_ratio:0.609375 - response/aborted_ratio:0.0 - prompt_length/mean:102.9375 - prompt_length/max:164.0 - prompt_length/min:70.0 - prompt_length/clip_ratio:0.0625 - timing_s/gen:58.19357348047197 - timing_s/old_log_prob:0.13718024920672178 - timing_s/adv:0.18280766159296036 - timing_s/update_actor:31.505306713283062 - timing_s/update_weights:66.62746236752719 - timing_s/step:156.80961840134114 - timing_per_token_ms/adv:0.0027323059455498814 - timing_per_token_ms/update_actor:0.47088910879865875 - timing_per_token_ms/gen:0.9647795596749223 - perf/total_num_tokens:66906 - perf/time_per_step:156.80961840134114 - perf/throughput:213.33512791530325 - training/num_turns/mean:2.0 - training/num_turns/max:2 - training/num_turns/min:2 - training/off_policy/trajectory_spans/mean:1.0 - training/off_policy/trajectory_spans/max:1 - training/off_policy/trajectory_spans/min:1 - training/off_policy/trajectory_staleness/mean:0.0 - training/off_policy/trajectory_staleness/max:0 - training/off_policy/trajectory_staleness/min:0 - training/off_policy/trajectory_staleness_worst/mean:0.0 - training/off_policy/trajectory_staleness_worst/max:0 - training/off_policy/trajectory_staleness_worst/min:0
[36m(vLLMHttpServer pid=121375)[0m (Worker pid=122556) INFO:2026-07-30 12:15:51,903:Loading standard weights (non-FP8, async), loaded_params: 3, loaded_buffers: 0
[36m(vLLMHttpServer pid=121375)[0m (Worker pid=122556) INFO:2026-07-30 12:15:54,274:Loading standard weights (non-FP8, async), loaded_params: 43, loaded_buffers: 0
[36m(vLLMHttpServer pid=121375)[0m (Worker pid=122556) INFO:2026-07-30 12:15:57,107:Loading standard weights (non-FP8, async), loaded_params: 43, loaded_buffers: 0
[36m(vLLMHttpServer pid=121375)[0m (Worker pid=122556) INFO:2026-07-30 12:15:59,839:Loading standard weights (non-FP8, async), loaded_params: 41, loaded_buffers: 0
[36m(vLLMHttpServer pid=121375)[0m (Worker pid=122556) INFO:2026-07-30 12:16:02,260:Loading standard weights (non-FP8, async), loaded_params: 43, loaded_buffers: 0
[36m(vLLMHttpServer pid=121375)[0m (Worker pid=122556) INFO:2026-07-30 12:16:04,552:Loading standard weights (non-FP8, async), loaded_params: 43, loaded_buffers: 0
[36m(vLLMHttpServer pid=121375)[0m (Worker pid=122556) INFO:2026-07-30 12:16:06,886:Loading standard weights (non-FP8, async), loaded_params: 41, loaded_buffers: 0
[36m(vLLMHttpServer pid=121375)[0m (Worker pid=122556) INFO:2026-07-30 12:16:09,060:Loading standard weights (non-FP8, async), loaded_params: 43, loaded_buffers: 0
[36m(vLLMHttpServer pid=121375)[0m (Worker pid=122556) INFO:2026-07-30 12:16:11,222:Loading standard weights (non-FP8, async), loaded_params: 43, loaded_buffers: 0
[36m(vLLMHttpServer pid=121375)[0m (Worker pid=122556) INFO:2026-07-30 12:16:13,386:Loading standard weights (non-FP8, async), loaded_params: 43, loaded_buffers: 0
[36m(vLLMHttpServer pid=121375)[0m (Worker pid=122556) INFO:2026-07-30 12:16:13,972:Loading standard weights (non-FP8, async), loaded_params: 12, loaded_buffers: 0
[36m(vLLMHttpServer pid=121375)[0m (Worker pid=122556) INFO:2026-07-30 12:16:15,578:Loading standard weights (non-FP8, async), loaded_params: 1, loaded_buffers: 0
[36m(vLLMHttpServer pid=121375)[0m (EngineCore pid=122102) WARNING 07-30 12:16:17 [scheduler.py:1883] reset_connector called but no KV connector is configured.
[36m(TaskRunnerV1 pid=108806)[0m Training Progress:  32%|███▏      | 40/125 [1:40:29<3:33:32, 150.74s/it]
[36m(TaskRunnerV1 pid=108806)[0m Dumped generations to /mnt/lv_model/npu60005420a/qy_owner_experiments_20260730/qy_owner_verl_full125_noeval_final_npu23/rollouts/40.jsonl
[36m(TaskRunnerV1 pid=108806)[0m step:40 - global_seqlen/min:62340.0 - global_seqlen/max:62340.0 - global_seqlen/minmax_diff:0.0 - global_seqlen/balanced_min:62340.0 - global_seqlen/balanced_max:62340.0 - global_seqlen/mean:62340.0 - actor/pg_clipfrac:0.00145361089380458 - actor/ppo_kl:0.0008124813821268617 - actor/pg_clipfrac_lower:0.0 - actor/pg_loss:0.003743815462883049 - actor/loss:0.003743816167116165 - actor/grad_norm:0.01587747037410736 - actor/lr:1.7e-05 - actor/perf/max_memory_allocated_gb:22.93751096725464 - actor/perf/max_memory_reserved_gb:25.5703125 - actor/perf/cpu_memory_used_gb:98.80842590332031 - perf/mfu/actor:0.19233643173192996 - training/global_step:40 - training/epoch:0 - critic/score/mean:0.5625 - critic/score/max:1.0 - critic/score/min:0.0 - critic/rewards/mean:0.5625 - critic/rewards/max:1.0 - critic/rewards/min:0.0 - critic/advantages/mean:-0.0036260103806853294 - critic/advantages/max:1.4999970197677612 - critic/advantages/min:-1.4999970197677612 - critic/returns/mean:-0.0036260103806853294 - critic/returns/max:1.4999970197677612 - critic/returns/min:-1.4999970197677612 - response_length/mean:883.375 - response_length/max:1024.0 - response_length/min:325.0 - response_length/clip_ratio:0.546875 - response_length_non_aborted/mean:883.375 - response_length_non_aborted/max:1024.0 - response_length_non_aborted/min:325.0 - response_length_non_aborted/clip_ratio:0.546875 - response/aborted_ratio:0.0 - prompt_length/mean:90.6875 - prompt_length/max:208.0 - prompt_length/min:63.0 - prompt_length/clip_ratio:0.0625 - timing_s/gen:56.203144947998226 - timing_s/old_log_prob:0.13044640328735113 - timing_s/adv:0.17364549729973078 - timing_s/update_actor:25.349651499651372 - timing_s/update_weights:66.5901210475713 - timing_s/step:148.60548415686935 - timing_per_token_ms/adv:0.0027854587311474297 - timing_per_token_ms/update_actor:0.4066354106456749 - timing_per_token_ms/gen:0.9941125114616921 - perf/total_num_tokens:62340 - perf/time_per_step:148.60548415686935 - perf/throughput:209.7499979684239 - training/num_turns/mean:2.0 - training/num_turns/max:2 - training/num_turns/min:2 - training/off_policy/trajectory_spans/mean:1.0 - training/off_policy/trajectory_spans/max:1 - training/off_policy/trajectory_spans/min:1 - training/off_policy/trajectory_staleness/mean:0.0 - training/off_policy/trajectory_staleness/max:0 - training/off_policy/trajectory_staleness/min:0 - training/off_policy/trajectory_staleness_worst/mean:0.0 - training/off_policy/trajectory_staleness_worst/max:0 - training/off_policy/trajectory_staleness_worst/min:0
[36m(vLLMHttpServer pid=121375)[0m (Worker pid=122556) INFO:2026-07-30 12:18:24,229:Loading standard weights (non-FP8, async), loaded_params: 3, loaded_buffers: 0
[36m(vLLMHttpServer pid=121375)[0m (Worker pid=122556) INFO:2026-07-30 12:18:26,699:Loading standard weights (non-FP8, async), loaded_params: 43, loaded_buffers: 0
[36m(vLLMHttpServer pid=121375)[0m (Worker pid=122556) INFO:2026-07-30 12:18:29,114:Loading standard weights (non-FP8, async), loaded_params: 43, loaded_buffers: 0
[36m(vLLMHttpServer pid=121375)[0m (Worker pid=122556) INFO:2026-07-30 12:18:31,357:Loading standard weights (non-FP8, async), loaded_params: 41, loaded_buffers: 0
[36m(vLLMHttpServer pid=121375)[0m (Worker pid=122556) INFO:2026-07-30 12:18:33,539:Loading standard weights (non-FP8, async), loaded_params: 43, loaded_buffers: 0
[36m(vLLMHttpServer pid=121375)[0m (Worker pid=122556) INFO:2026-07-30 12:18:36,035:Loading standard weights (non-FP8, async), loaded_params: 43, loaded_buffers: 0
[36m(vLLMHttpServer pid=121375)[0m (Worker pid=122556) INFO:2026-07-30 12:18:38,317:Loading standard weights (non-FP8, async), loaded_params: 41, loaded_buffers: 0
[36m(vLLMHttpServer pid=121375)[0m (Worker pid=122556) INFO:2026-07-30 12:18:40,472:Loading standard weights (non-FP8, async), loaded_params: 43, loaded_buffers: 0
[36m(vLLMHttpServer pid=121375)[0m (Worker pid=122556) INFO:2026-07-30 12:18:42,633:Loading standard weights (non-FP8, async), loaded_params: 43, loaded_buffers: 0
[36m(vLLMHttpServer pid=121375)[0m (Worker pid=122556) INFO:2026-07-30 12:18:44,712:Loading standard weights (non-FP8, async), loaded_params: 43, loaded_buffers: 0
[36m(vLLMHttpServer pid=121375)[0m (Worker pid=122556) INFO:2026-07-30 12:18:45,305:Loading standard weights (non-FP8, async), loaded_params: 12, loaded_buffers: 0
[36m(vLLMHttpServer pid=121375)[0m (Worker pid=122556) INFO:2026-07-30 12:18:46,842:Loading standard weights (non-FP8, async), loaded_params: 1, loaded_buffers: 0
[36m(vLLMHttpServer pid=121375)[0m (EngineCore pid=122102) WARNING 07-30 12:18:48 [scheduler.py:1883] reset_connector called but no KV connector is configured.
[36m(TaskRunnerV1 pid=108806)[0m Dumped generations to /mnt/lv_model/npu60005420a/qy_owner_experiments_20260730/qy_owner_verl_full125_noeval_final_npu23/rollouts/41.jsonl
[36m(TaskRunnerV1 pid=108806)[0m Training Progress:  33%|███▎      | 41/125 [1:42:59<3:30:52, 150.63s/it]
[36m(TaskRunnerV1 pid=108806)[0m step:41 - global_seqlen/min:66026.0 - global_seqlen/max:66026.0 - global_seqlen/minmax_diff:0.0 - global_seqlen/balanced_min:66026.0 - global_seqlen/balanced_max:66026.0 - global_seqlen/mean:66026.0 - actor/pg_clipfrac:0.002080258047071231 - actor/ppo_kl:0.0006804282672473003 - actor/pg_clipfrac_lower:0.0 - actor/pg_loss:0.038177815651579294 - actor/loss:0.038177818059921265 - actor/grad_norm:0.022405903786420822 - actor/lr:1.7e-05 - actor/perf/max_memory_allocated_gb:22.93751096725464 - actor/perf/max_memory_reserved_gb:25.5703125 - actor/perf/cpu_memory_used_gb:98.85150909423828 - perf/mfu/actor:0.18382903392712868 - training/global_step:41 - training/epoch:0 - critic/score/mean:0.421875 - critic/score/max:1.0 - critic/score/min:0.0 - critic/rewards/mean:0.421875 - critic/rewards/max:1.0 - critic/rewards/min:0.0 - critic/advantages/mean:-0.03803965449333191 - critic/advantages/max:1.4999970197677612 - critic/advantages/min:-1.4999970197677612 - critic/returns/mean:-0.03803965449333191 - critic/returns/max:1.4999970197677612 - critic/returns/min:-1.4999970197677612 - response_length/mean:936.28125 - response_length/max:1024.0 - response_length/min:355.0 - response_length/clip_ratio:0.609375 - response_length_non_aborted/mean:936.28125 - response_length_non_aborted/max:1024.0 - response_length_non_aborted/min:355.0 - response_length_non_aborted/clip_ratio:0.609375 - response/aborted_ratio:0.0 - prompt_length/mean:95.375 - prompt_length/max:148.0 - prompt_length/min:69.0 - prompt_length/clip_ratio:0.0625 - timing_s/gen:56.192902494221926 - timing_s/old_log_prob:0.13824214693158865 - timing_s/adv:0.18431696575134993 - timing_s/update_actor:28.086493698880076 - timing_s/update_weights:65.34291476104409 - timing_s/step:150.10736195277423 - timing_per_token_ms/adv:0.00279158158530503 - timing_per_token_ms/update_actor:0.4253853587810874 - timing_per_token_ms/gen:0.9377674726181023 - perf/total_num_tokens:66026 - perf/time_per_step:150.10736195277423 - perf/throughput:219.92925310609567 - training/num_turns/mean:2.0 - training/num_turns/max:2 - training/num_turns/min:2 - training/off_policy/trajectory_spans/mean:1.0 - training/off_policy/trajectory_spans/max:1 - training/off_policy/trajectory_spans/min:1 - training/off_policy/trajectory_staleness/mean:0.0 - training/off_policy/trajectory_staleness/max:0 - training/off_policy/trajectory_staleness/min:0 - training/off_policy/trajectory_staleness_worst/mean:0.0 - training/off_policy/trajectory_staleness_worst/max:0 - training/off_policy/trajectory_staleness_worst/min:0
[36m(vLLMHttpServer pid=121375)[0m (Worker pid=122556) INFO:2026-07-30 12:20:52,563:Loading standard weights (non-FP8, async), loaded_params: 3, loaded_buffers: 0
[36m(vLLMHttpServer pid=121375)[0m (Worker pid=122556) INFO:2026-07-30 12:20:54,919:Loading standard weights (non-FP8, async), loaded_params: 43, loaded_buffers: 0
[36m(vLLMHttpServer pid=121375)[0m (Worker pid=122556) INFO:2026-07-30 12:20:57,176:Loading standard weights (non-FP8, async), loaded_params: 43, loaded_buffers: 0
[36m(vLLMHttpServer pid=121375)[0m (Worker pid=122556) INFO:2026-07-30 12:20:59,501:Loading standard weights (non-FP8, async), loaded_params: 41, loaded_buffers: 0
[36m(vLLMHttpServer pid=121375)[0m (Worker pid=122556) INFO:2026-07-30 12:21:01,760:Loading standard weights (non-FP8, async), loaded_params: 43, loaded_buffers: 0
[36m(vLLMHttpServer pid=121375)[0m (Worker pid=122556) INFO:2026-07-30 12:21:04,066:Loading standard weights (non-FP8, async), loaded_params: 43, loaded_buffers: 0
[36m(vLLMHttpServer pid=121375)[0m (Worker pid=122556) INFO:2026-07-30 12:21:06,428:Loading standard weights (non-FP8, async), loaded_params: 41, loaded_buffers: 0
[36m(vLLMHttpServer pid=121375)[0m (Worker pid=122556) INFO:2026-07-30 12:21:08,551:Loading standard weights (non-FP8, async), loaded_params: 43, loaded_buffers: 0
[36m(vLLMHttpServer pid=121375)[0m (Worker pid=122556) INFO:2026-07-30 12:21:10,624:Loading standard weights (non-FP8, async), loaded_params: 43, loaded_buffers: 0
[36m(vLLMHttpServer pid=121375)[0m (Worker pid=122556) INFO:2026-07-30 12:21:12,646:Loading standard weights (non-FP8, async), loaded_params: 43, loaded_buffers: 0
[36m(vLLMHttpServer pid=121375)[0m (Worker pid=122556) INFO:2026-07-30 12:21:13,192:Loading standard weights (non-FP8, async), loaded_params: 12, loaded_buffers: 0
[36m(vLLMHttpServer pid=121375)[0m (Worker pid=122556) INFO:2026-07-30 12:21:14,688:Loading standard weights (non-FP8, async), loaded_params: 1, loaded_buffers: 0
[36m(vLLMHttpServer pid=121375)[0m (EngineCore pid=122102) WARNING 07-30 12:21:16 [scheduler.py:1883] reset_connector called but no KV connector is configured.
[36m(TaskRunnerV1 pid=108806)[0m Dumped generations to /mnt/lv_model/npu60005420a/qy_owner_experiments_20260730/qy_owner_verl_full125_noeval_final_npu23/rollouts/42.jsonl
[36m(TaskRunnerV1 pid=108806)[0m Training Progress:  34%|███▎      | 42/125 [1:45:27<3:27:19, 149.88s/it]
[36m(TaskRunnerV1 pid=108806)[0m step:42 - global_seqlen/min:67299.0 - global_seqlen/max:67299.0 - global_seqlen/minmax_diff:0.0 - global_seqlen/balanced_min:67299.0 - global_seqlen/balanced_max:67299.0 - global_seqlen/mean:67299.0 - actor/pg_clipfrac:0.0023398825707023636 - actor/ppo_kl:0.0006901545634986285 - actor/pg_clipfrac_lower:0.0 - actor/pg_loss:0.007177963820140576 - actor/loss:0.007177961990237236 - actor/grad_norm:0.01931038871407509 - actor/lr:1.7e-05 - actor/perf/max_memory_allocated_gb:22.93751096725464 - actor/perf/max_memory_reserved_gb:25.5703125 - actor/perf/cpu_memory_used_gb:98.8270378112793 - perf/mfu/actor:0.1915005396559508 - training/global_step:42 - training/epoch:0 - critic/score/mean:0.390625 - critic/score/max:1.0 - critic/score/min:0.0 - critic/rewards/mean:0.390625 - critic/rewards/max:1.0 - critic/rewards/min:0.0 - critic/advantages/mean:-0.007170102559030056 - critic/advantages/max:0.8660238981246948 - critic/advantages/min:-1.4999970197677612 - critic/returns/mean:-0.007170102559030056 - critic/returns/max:0.8660238981246948 - critic/returns/min:-1.4999970197677612 - response_length/mean:966.109375 - response_length/max:1024.0 - response_length/min:416.0 - response_length/clip_ratio:0.78125 - response_length_non_aborted/mean:966.109375 - response_length_non_aborted/max:1024.0 - response_length_non_aborted/min:416.0 - response_length_non_aborted/clip_ratio:0.78125 - response/aborted_ratio:0.0 - prompt_length/mean:85.4375 - prompt_length/max:118.0 - prompt_length/min:62.0 - prompt_length/clip_ratio:0.0625 - timing_s/gen:56.19455858133733 - timing_s/old_log_prob:0.13604450318962336 - timing_s/adv:0.18642828613519669 - timing_s/update_actor:27.501048933714628 - timing_s/update_weights:63.677748097106814 - timing_s/step:147.8544831480831 - timing_per_token_ms/adv:0.002770149424734345 - timing_per_token_ms/update_actor:0.4086397856389341 - timing_per_token_ms/gen:0.9088411732195393 - perf/total_num_tokens:67299 - perf/time_per_step:147.8544831480831 - perf/throughput:227.5852533081359 - training/num_turns/mean:2.0 - training/num_turns/max:2 - training/num_turns/min:2 - training/off_policy/trajectory_spans/mean:1.0 - training/off_policy/trajectory_spans/max:1 - training/off_policy/trajectory_spans/min:1 - training/off_policy/trajectory_staleness/mean:0.0 - training/off_policy/trajectory_staleness/max:0 - training/off_policy/trajectory_staleness/min:0 - training/off_policy/trajectory_staleness_worst/mean:0.0 - training/off_policy/trajectory_staleness_worst/max:0 - training/off_policy/trajectory_staleness_worst/min:0
[36m(vLLMHttpServer pid=121375)[0m (Worker pid=122556) INFO:2026-07-30 12:23:18,661:Loading standard weights (non-FP8, async), loaded_params: 3, loaded_buffers: 0
[36m(vLLMHttpServer pid=121375)[0m (Worker pid=122556) INFO:2026-07-30 12:23:21,068:Loading standard weights (non-FP8, async), loaded_params: 43, loaded_buffers: 0
[36m(vLLMHttpServer pid=121375)[0m (Worker pid=122556) INFO:2026-07-30 12:23:23,270:Loading standard weights (non-FP8, async), loaded_params: 43, loaded_buffers: 0
[36m(vLLMHttpServer pid=121375)[0m (Worker pid=122556) INFO:2026-07-30 12:23:25,805:Loading standard weights (non-FP8, async), loaded_params: 41, loaded_buffers: 0
[36m(vLLMHttpServer pid=121375)[0m (Worker pid=122556) INFO:2026-07-30 12:23:28,120:Loading standard weights (non-FP8, async), loaded_params: 43, loaded_buffers: 0
[36m(vLLMHttpServer pid=121375)[0m (Worker pid=122556) INFO:2026-07-30 12:23:30,541:Loading standard weights (non-FP8, async), loaded_params: 43, loaded_buffers: 0
[36m(vLLMHttpServer pid=121375)[0m (Worker pid=122556) INFO:2026-07-30 12:23:32,907:Loading standard weights (non-FP8, async), loaded_params: 41, loaded_buffers: 0
[36m(vLLMHttpServer pid=121375)[0m (Worker pid=122556) INFO:2026-07-30 12:23:35,121:Loading standard weights (non-FP8, async), loaded_params: 43, loaded_buffers: 0
[36m(vLLMHttpServer pid=121375)[0m (Worker pid=122556) INFO:2026-07-30 12:23:37,326:Loading standard weights (non-FP8, async), loaded_params: 43, loaded_buffers: 0
[36m(vLLMHttpServer pid=121375)[0m (Worker pid=122556) INFO:2026-07-30 12:23:39,465:Loading standard weights (non-FP8, async), loaded_params: 43, loaded_buffers: 0
[36m(vLLMHttpServer pid=121375)[0m (Worker pid=122556) INFO:2026-07-30 12:23:40,052:Loading standard weights (non-FP8, async), loaded_params: 12, loaded_buffers: 0
[36m(vLLMHttpServer pid=121375)[0m (Worker pid=122556) INFO:2026-07-30 12:23:41,631:Loading standard weights (non-FP8, async), loaded_params: 1, loaded_buffers: 0
[36m(vLLMHttpServer pid=121375)[0m (EngineCore pid=122102) WARNING 07-30 12:23:42 [scheduler.py:1883] reset_connector called but no KV connector is configured.
[36m(TaskRunnerV1 pid=108806)[0m Training Progress:  34%|███▍      | 43/125 [1:47:54<3:23:31, 148.92s/it]
[36m(TaskRunnerV1 pid=108806)[0m Dumped generations to /mnt/lv_model/npu60005420a/qy_owner_experiments_20260730/qy_owner_verl_full125_noeval_final_npu23/rollouts/43.jsonl
[36m(TaskRunnerV1 pid=108806)[0m step:43 - global_seqlen/min:62136.0 - global_seqlen/max:62136.0 - global_seqlen/minmax_diff:0.0 - global_seqlen/balanced_min:62136.0 - global_seqlen/balanced_max:62136.0 - global_seqlen/mean:62136.0 - actor/pg_clipfrac:0.0016279537994705606 - actor/ppo_kl:0.0006339580233998277 - actor/pg_clipfrac_lower:0.0 - actor/pg_loss:0.010162206832319498 - actor/loss:0.01016220822930336 - actor/grad_norm:0.01738765276968479 - actor/lr:1.7e-05 - actor/perf/max_memory_allocated_gb:22.93751096725464 - actor/perf/max_memory_reserved_gb:25.5703125 - actor/perf/cpu_memory_used_gb:98.84410858154297 - perf/mfu/actor:0.200789390760106 - training/global_step:43 - training/epoch:0 - critic/score/mean:0.484375 - critic/score/max:1.0 - critic/score/min:0.0 - critic/rewards/mean:0.484375 - critic/rewards/max:1.0 - critic/rewards/min:0.0 - critic/advantages/mean:-0.010114598087966442 - critic/advantages/max:1.4999970197677612 - critic/advantages/min:-0.8660238981246948 - critic/returns/mean:-0.010114598087966442 - critic/returns/max:1.4999970197677612 - critic/returns/min:-0.8660238981246948 - response_length/mean:878.3125 - response_length/max:1024.0 - response_length/min:373.0 - response_length/clip_ratio:0.59375 - response_length_non_aborted/mean:878.3125 - response_length_non_aborted/max:1024.0 - response_length_non_aborted/min:373.0 - response_length_non_aborted/clip_ratio:0.59375 - response/aborted_ratio:0.0 - prompt_length/mean:92.5625 - prompt_length/max:155.0 - prompt_length/min:67.0 - prompt_length/clip_ratio:0.0625 - timing_s/gen:56.197666792199016 - timing_s/old_log_prob:0.13029943872243166 - timing_s/adv:0.17583823576569557 - timing_s/update_actor:24.2047066539526 - timing_s/update_weights:65.55875543877482 - timing_s/step:146.4286166075617 - timing_per_token_ms/adv:0.002829893069487826 - timing_per_token_ms/update_actor:0.38954401078203615 - timing_per_token_ms/gen:0.9997450151604464 - perf/total_num_tokens:62136 - perf/time_per_step:146.4286166075617 - perf/throughput:212.1716418537524 - training/num_turns/mean:2.0 - training/num_turns/max:2 - training/num_turns/min:2 - training/off_policy/trajectory_spans/mean:1.0 - training/off_policy/trajectory_spans/max:1 - training/off_policy/trajectory_spans/min:1 - training/off_policy/trajectory_staleness/mean:0.0 - training/off_policy/trajectory_staleness/max:0 - training/off_policy/trajectory_staleness/min:0 - training/off_policy/trajectory_staleness_worst/mean:0.0 - training/off_policy/trajectory_staleness_worst/max:0 - training/off_policy/trajectory_staleness_worst/min:0
[36m(vLLMHttpServer pid=121375)[0m (Worker pid=122556) INFO:2026-07-30 12:25:42,514:Loading standard weights (non-FP8, async), loaded_params: 3, loaded_buffers: 0
[36m(vLLMHttpServer pid=121375)[0m (Worker pid=122556) INFO:2026-07-30 12:25:44,747:Loading standard weights (non-FP8, async), loaded_params: 43, loaded_buffers: 0
[36m(vLLMHttpServer pid=121375)[0m (Worker pid=122556) INFO:2026-07-30 12:25:47,062:Loading standard weights (non-FP8, async), loaded_params: 43, loaded_buffers: 0
[36m(vLLMHttpServer pid=121375)[0m (Worker pid=122556) INFO:2026-07-30 12:25:49,610:Loading standard weights (non-FP8, async), loaded_params: 41, loaded_buffers: 0
[36m(vLLMHttpServer pid=121375)[0m (Worker pid=122556) INFO:2026-07-30 12:25:51,674:Loading standard weights (non-FP8, async), loaded_params: 43, loaded_buffers: 0
[36m(vLLMHttpServer pid=121375)[0m (Worker pid=122556) INFO:2026-07-30 12:25:53,881:Loading standard weights (non-FP8, async), loaded_params: 43, loaded_buffers: 0
[36m(vLLMHttpServer pid=121375)[0m (Worker pid=122556) INFO:2026-07-30 12:25:56,096:Loading standard weights (non-FP8, async), loaded_params: 41, loaded_buffers: 0
[36m(vLLMHttpServer pid=121375)[0m (Worker pid=122556) INFO:2026-07-30 12:25:58,217:Loading standard weights (non-FP8, async), loaded_params: 43, loaded_buffers: 0
[36m(vLLMHttpServer pid=121375)[0m (Worker pid=122556) INFO:2026-07-30 12:26:00,421:Loading standard weights (non-FP8, async), loaded_params: 43, loaded_buffers: 0
[36m(vLLMHttpServer pid=121375)[0m (Worker pid=122556) INFO:2026-07-30 12:26:02,557:Loading standard weights (non-FP8, async), loaded_params: 43, loaded_buffers: 0
[36m(vLLMHttpServer pid=121375)[0m (Worker pid=122556) INFO:2026-07-30 12:26:03,136:Loading standard weights (non-FP8, async), loaded_params: 12, loaded_buffers: 0
[36m(vLLMHttpServer pid=121375)[0m (Worker pid=122556) INFO:2026-07-30 12:26:04,667:Loading standard weights (non-FP8, async), loaded_params: 1, loaded_buffers: 0
[36m(vLLMHttpServer pid=121375)[0m (EngineCore pid=122102) WARNING 07-30 12:26:06 [scheduler.py:1883] reset_connector called but no KV connector is configured.
[36m(TaskRunnerV1 pid=108806)[0m Training Progress:  35%|███▌      | 44/125 [1:50:17<3:18:46, 147.24s/it]
[36m(TaskRunnerV1 pid=108806)[0m Dumped generations to /mnt/lv_model/npu60005420a/qy_owner_experiments_20260730/qy_owner_verl_full125_noeval_final_npu23/rollouts/44.jsonl
[36m(TaskRunnerV1 pid=108806)[0m step:44 - global_seqlen/min:62317.0 - global_seqlen/max:62317.0 - global_seqlen/minmax_diff:0.0 - global_seqlen/balanced_min:62317.0 - global_seqlen/balanced_max:62317.0 - global_seqlen/mean:62317.0 - actor/pg_clipfrac:0.0012850048115069512 - actor/ppo_kl:0.0008983669220015145 - actor/pg_clipfrac_lower:0.0 - actor/pg_loss:0.0056978740037578746 - actor/loss:0.005697876214981079 - actor/grad_norm:0.014114483259618282 - actor/lr:1.7e-05 - actor/perf/max_memory_allocated_gb:22.93751096725464 - actor/perf/max_memory_reserved_gb:25.5703125 - actor/perf/cpu_memory_used_gb:98.83373260498047 - perf/mfu/actor:0.1993050801623257 - training/global_step:44 - training/epoch:0 - critic/score/mean:0.546875 - critic/score/max:1.0 - critic/score/min:0.0 - critic/rewards/mean:0.546875 - critic/rewards/max:1.0 - critic/rewards/min:0.0 - critic/advantages/mean:-0.005624475888907909 - critic/advantages/max:1.4999970197677612 - critic/advantages/min:-1.4999970197677612 - critic/returns/mean:-0.005624475888907909 - critic/returns/max:1.4999970197677612 - critic/returns/min:-1.4999970197677612 - response_length/mean:888.390625 - response_length/max:1024.0 - response_length/min:490.0 - response_length/clip_ratio:0.515625 - response_length_non_aborted/mean:888.390625 - response_length_non_aborted/max:1024.0 - response_length_non_aborted/min:490.0 - response_length_non_aborted/clip_ratio:0.515625 - response/aborted_ratio:0.0 - prompt_length/mean:85.3125 - prompt_length/max:134.0 - prompt_length/min:61.0 - prompt_length/clip_ratio:0.0625 - timing_s/gen:54.18633343279362 - timing_s/old_log_prob:0.13411223329603672 - timing_s/adv:0.18367766309529543 - timing_s/update_actor:24.44599760323763 - timing_s/update_weights:63.92867635097355 - timing_s/step:143.03707879502326 - timing_per_token_ms/adv:0.0029474728099121495 - timing_per_token_ms/update_actor:0.39228457087532503 - timing_per_token_ms/gen:0.9530283594419969 - perf/total_num_tokens:62317 - perf/time_per_step:143.03707879502326 - perf/throughput:217.8351254268212 - training/num_turns/mean:2.0 - training/num_turns/max:2 - training/num_turns/min:2 - training/off_policy/trajectory_spans/mean:1.0 - training/off_policy/trajectory_spans/max:1 - training/off_policy/trajectory_spans/min:1 - training/off_policy/trajectory_staleness/mean:0.0 - training/off_policy/trajectory_staleness/max:0 - training/off_policy/trajectory_staleness/min:0 - training/off_policy/trajectory_staleness_worst/mean:0.0 - training/off_policy/trajectory_staleness_worst/max:0 - training/off_policy/trajectory_staleness_worst/min:0
[36m(vLLMHttpServer pid=121375)[0m (Worker pid=122556) INFO:2026-07-30 12:28:09,054:Loading standard weights (non-FP8, async), loaded_params: 3, loaded_buffers: 0
[36m(vLLMHttpServer pid=121375)[0m (Worker pid=122556) INFO:2026-07-30 12:28:11,565:Loading standard weights (non-FP8, async), loaded_params: 43, loaded_buffers: 0
[36m(vLLMHttpServer pid=121375)[0m (Worker pid=122556) INFO:2026-07-30 12:28:14,163:Loading standard weights (non-FP8, async), loaded_params: 43, loaded_buffers: 0
[36m(vLLMHttpServer pid=121375)[0m (Worker pid=122556) INFO:2026-07-30 12:28:16,623:Loading standard weights (non-FP8, async), loaded_params: 41, loaded_buffers: 0
[36m(vLLMHttpServer pid=121375)[0m (Worker pid=122556) INFO:2026-07-30 12:28:19,031:Loading standard weights (non-FP8, async), loaded_params: 43, loaded_buffers: 0
[36m(vLLMHttpServer pid=121375)[0m (Worker pid=122556) INFO:2026-07-30 12:28:21,390:Loading standard weights (non-FP8, async), loaded_params: 43, loaded_buffers: 0
[36m(vLLMHttpServer pid=121375)[0m (Worker pid=122556) INFO:2026-07-30 12:28:23,997:Loading standard weights (non-FP8, async), loaded_params: 41, loaded_buffers: 0
[36m(vLLMHttpServer pid=121375)[0m (Worker pid=122556) INFO:2026-07-30 12:28:26,350:Loading standard weights (non-FP8, async), loaded_params: 43, loaded_buffers: 0
[36m(vLLMHttpServer pid=121375)[0m (Worker pid=122556) INFO:2026-07-30 12:28:28,702:Loading standard weights (non-FP8, async), loaded_params: 43, loaded_buffers: 0
[36m(vLLMHttpServer pid=121375)[0m (Worker pid=122556) INFO:2026-07-30 12:28:30,959:Loading standard weights (non-FP8, async), loaded_params: 43, loaded_buffers: 0
[36m(vLLMHttpServer pid=121375)[0m (Worker pid=122556) INFO:2026-07-30 12:28:31,642:Loading standard weights (non-FP8, async), loaded_params: 12, loaded_buffers: 0
[36m(vLLMHttpServer pid=121375)[0m (Worker pid=122556) INFO:2026-07-30 12:28:33,300:Loading standard weights (non-FP8, async), loaded_params: 1, loaded_buffers: 0
[36m(vLLMHttpServer pid=121375)[0m (EngineCore pid=122102) WARNING 07-30 12:28:35 [scheduler.py:1883] reset_connector called but no KV connector is configured.
[36m(TaskRunnerV1 pid=108806)[0m Dumped generations to /mnt/lv_model/npu60005420a/qy_owner_experiments_20260730/qy_owner_verl_full125_noeval_final_npu23/rollouts/45.jsonl
[36m(TaskRunnerV1 pid=108806)[0m Training Progress:  36%|███▌      | 45/125 [1:52:46<3:16:58, 147.73s/it]
[36m(TaskRunnerV1 pid=108806)[0m step:45 - global_seqlen/min:67039.0 - global_seqlen/max:67039.0 - global_seqlen/minmax_diff:0.0 - global_seqlen/balanced_min:67039.0 - global_seqlen/balanced_max:67039.0 - global_seqlen/mean:67039.0 - actor/pg_clipfrac:0.0025972328285741456 - actor/ppo_kl:0.0007137647618733087 - actor/pg_clipfrac_lower:0.0 - actor/pg_loss:0.023870831646490842 - actor/loss:0.02387082949280739 - actor/grad_norm:0.020733680576086044 - actor/lr:1.7e-05 - actor/perf/max_memory_allocated_gb:22.93751096725464 - actor/perf/max_memory_reserved_gb:25.5703125 - actor/perf/cpu_memory_used_gb:98.87328720092773 - perf/mfu/actor:0.19542644818094895 - training/global_step:45 - training/epoch:0 - critic/score/mean:0.46875 - critic/score/max:1.0 - critic/score/min:0.0 - critic/rewards/mean:0.46875 - critic/rewards/max:1.0 - critic/rewards/min:0.0 - critic/advantages/mean:-0.02387840487062931 - critic/advantages/max:1.4999970197677612 - critic/advantages/min:-1.4999970197677612 - critic/returns/mean:-0.02387840487062931 - critic/returns/max:1.4999970197677612 - critic/returns/min:-1.4999970197677612 - response_length/mean:961.671875 - response_length/max:1024.0 - response_length/min:477.0 - response_length/clip_ratio:0.65625 - response_length_non_aborted/mean:961.671875 - response_length_non_aborted/max:1024.0 - response_length_non_aborted/min:477.0 - response_length_non_aborted/clip_ratio:0.65625 - response/aborted_ratio:0.0 - prompt_length/mean:85.8125 - prompt_length/max:135.0 - prompt_length/min:70.0 - prompt_length/clip_ratio:0.0625 - timing_s/gen:54.19459807034582 - timing_s/old_log_prob:0.13409915007650852 - timing_s/adv:0.17682455386966467 - timing_s/update_actor:26.838029123842716 - timing_s/update_weights:67.10700305085629 - timing_s/step:148.613805715926 - timing_per_token_ms/adv:0.0026376371048145806 - timing_per_token_ms/update_actor:0.4003345682937203 - timing_per_token_ms/gen:0.8805400437120545 - perf/total_num_tokens:67039 - perf/time_per_step:148.613805715926 - perf/throughput:225.54768608827794 - training/num_turns/mean:2.0 - training/num_turns/max:2 - training/num_turns/min:2 - training/off_policy/trajectory_spans/mean:1.0 - training/off_policy/trajectory_spans/max:1 - training/off_policy/trajectory_spans/min:1 - training/off_policy/trajectory_staleness/mean:0.0 - training/off_policy/trajectory_staleness/max:0 - training/off_policy/trajectory_staleness/min:0 - training/off_policy/trajectory_staleness_worst/mean:0.0 - training/off_policy/trajectory_staleness_worst/max:0 - training/off_policy/trajectory_staleness_worst/min:0
[36m(vLLMHttpServer pid=121375)[0m (Worker pid=122556) INFO:2026-07-30 12:30:35,566:Loading standard weights (non-FP8, async), loaded_params: 3, loaded_buffers: 0
[36m(vLLMHttpServer pid=121375)[0m (Worker pid=122556) INFO:2026-07-30 12:30:38,084:Loading standard weights (non-FP8, async), loaded_params: 43, loaded_buffers: 0
[36m(vLLMHttpServer pid=121375)[0m (Worker pid=122556) INFO:2026-07-30 12:30:40,288:Loading standard weights (non-FP8, async), loaded_params: 43, loaded_buffers: 0
[36m(vLLMHttpServer pid=121375)[0m (Worker pid=122556) INFO:2026-07-30 12:30:42,827:Loading standard weights (non-FP8, async), loaded_params: 41, loaded_buffers: 0
[36m(vLLMHttpServer pid=121375)[0m (Worker pid=122556) INFO:2026-07-30 12:30:45,088:Loading standard weights (non-FP8, async), loaded_params: 43, loaded_buffers: 0
[36m(vLLMHttpServer pid=121375)[0m (Worker pid=122556) INFO:2026-07-30 12:30:47,377:Loading standard weights (non-FP8, async), loaded_params: 43, loaded_buffers: 0
[36m(vLLMHttpServer pid=121375)[0m (Worker pid=122556) INFO:2026-07-30 12:30:49,651:Loading standard weights (non-FP8, async), loaded_params: 41, loaded_buffers: 0
[36m(vLLMHttpServer pid=121375)[0m (Worker pid=122556) INFO:2026-07-30 12:30:51,823:Loading standard weights (non-FP8, async), loaded_params: 43, loaded_buffers: 0
[36m(vLLMHttpServer pid=121375)[0m (Worker pid=122556) INFO:2026-07-30 12:30:54,042:Loading standard weights (non-FP8, async), loaded_params: 43, loaded_buffers: 0
[36m(vLLMHttpServer pid=121375)[0m (Worker pid=122556) INFO:2026-07-30 12:30:56,159:Loading standard weights (non-FP8, async), loaded_params: 43, loaded_buffers: 0
[36m(vLLMHttpServer pid=121375)[0m (Worker pid=122556) INFO:2026-07-30 12:30:56,706:Loading standard weights (non-FP8, async), loaded_params: 12, loaded_buffers: 0
[36m(vLLMHttpServer pid=121375)[0m (Worker pid=122556) INFO:2026-07-30 12:30:58,238:Loading standard weights (non-FP8, async), loaded_params: 1, loaded_buffers: 0
[36m(vLLMHttpServer pid=121375)[0m (EngineCore pid=122102) WARNING 07-30 12:30:59 [scheduler.py:1883] reset_connector called but no KV connector is configured.
[36m(TaskRunnerV1 pid=108806)[0m Dumped generations to /mnt/lv_model/npu60005420a/qy_owner_experiments_20260730/qy_owner_verl_full125_noeval_final_npu23/rollouts/46.jsonl
[36m(TaskRunnerV1 pid=108806)[0m Training Progress:  37%|███▋      | 46/125 [1:55:10<3:13:11, 146.73s/it]
[36m(TaskRunnerV1 pid=108806)[0m step:46 - global_seqlen/min:64757.0 - global_seqlen/max:64757.0 - global_seqlen/minmax_diff:0.0 - global_seqlen/balanced_min:64757.0 - global_seqlen/balanced_max:64757.0 - global_seqlen/mean:64757.0 - actor/pg_clipfrac:0.0032937954310909845 - actor/ppo_kl:0.0007651058467672556 - actor/pg_clipfrac_lower:0.0 - actor/pg_loss:0.021482004871359095 - actor/loss:0.021482005715370178 - actor/grad_norm:0.022991284728050232 - actor/lr:1.7e-05 - actor/perf/max_memory_allocated_gb:22.93751096725464 - actor/perf/max_memory_reserved_gb:25.5703125 - actor/perf/cpu_memory_used_gb:98.88624954223633 - perf/mfu/actor:0.21273159585593168 - training/global_step:46 - training/epoch:0 - critic/score/mean:0.578125 - critic/score/max:1.0 - critic/score/min:0.0 - critic/rewards/mean:0.578125 - critic/rewards/max:1.0 - critic/rewards/min:0.0 - critic/advantages/mean:-0.0214201919734478 - critic/advantages/max:1.4999970197677612 - critic/advantages/min:-1.4999970197677612 - critic/returns/mean:-0.0214201919734478 - critic/returns/max:1.4999970197677612 - critic/returns/min:-1.4999970197677612 - response_length/mean:924.578125 - response_length/max:1024.0 - response_length/min:340.0 - response_length/clip_ratio:0.546875 - response_length_non_aborted/mean:924.578125 - response_length_non_aborted/max:1024.0 - response_length_non_aborted/min:340.0 - response_length_non_aborted/clip_ratio:0.546875 - response/aborted_ratio:0.0 - prompt_length/mean:87.25 - prompt_length/max:119.0 - prompt_length/min:62.0 - prompt_length/clip_ratio:0.0625 - timing_s/gen:54.176020903512836 - timing_s/old_log_prob:0.1379822427406907 - timing_s/adv:0.18106534890830517 - timing_s/update_actor:24.436276364140213 - timing_s/update_weights:65.0176906939596 - timing_s/step:144.10868021752685 - timing_per_token_ms/adv:0.0027960737666708644 - timing_per_token_ms/update_actor:0.3773534345961087 - timing_per_token_ms/gen:0.9155530546619715 - perf/total_num_tokens:64757 - perf/time_per_step:144.10868021752685 - perf/throughput:224.68112226915008 - training/num_turns/mean:2.0 - training/num_turns/max:2 - training/num_turns/min:2 - training/off_policy/trajectory_spans/mean:1.0 - training/off_policy/trajectory_spans/max:1 - training/off_policy/trajectory_spans/min:1 - training/off_policy/trajectory_staleness/mean:0.0 - training/off_policy/trajectory_staleness/max:0 - training/off_policy/trajectory_staleness/min:0 - training/off_policy/trajectory_staleness_worst/mean:0.0 - training/off_policy/trajectory_staleness_worst/max:0 - training/off_policy/trajectory_staleness_worst/min:0
[36m(vLLMHttpServer pid=121375)[0m (Worker pid=122556) INFO:2026-07-30 12:32:59,730:Loading standard weights (non-FP8, async), loaded_params: 3, loaded_buffers: 0
[36m(vLLMHttpServer pid=121375)[0m (Worker pid=122556) INFO:2026-07-30 12:33:01,992:Loading standard weights (non-FP8, async), loaded_params: 43, loaded_buffers: 0
[36m(vLLMHttpServer pid=121375)[0m (Worker pid=122556) INFO:2026-07-30 12:33:04,167:Loading standard weights (non-FP8, async), loaded_params: 43, loaded_buffers: 0
[36m(vLLMHttpServer pid=121375)[0m (Worker pid=122556) INFO:2026-07-30 12:33:06,415:Loading standard weights (non-FP8, async), loaded_params: 41, loaded_buffers: 0
[36m(vLLMHttpServer pid=121375)[0m (Worker pid=122556) INFO:2026-07-30 12:33:08,643:Loading standard weights (non-FP8, async), loaded_params: 43, loaded_buffers: 0
[36m(vLLMHttpServer pid=121375)[0m (Worker pid=122556) INFO:2026-07-30 12:33:10,915:Loading standard weights (non-FP8, async), loaded_params: 43, loaded_buffers: 0
[36m(vLLMHttpServer pid=121375)[0m (Worker pid=122556) INFO:2026-07-30 12:33:13,155:Loading standard weights (non-FP8, async), loaded_params: 41, loaded_buffers: 0
[36m(vLLMHttpServer pid=121375)[0m (Worker pid=122556) INFO:2026-07-30 12:33:15,312:Loading standard weights (non-FP8, async), loaded_params: 43, loaded_buffers: 0
[36m(vLLMHttpServer pid=121375)[0m (Worker pid=122556) INFO:2026-07-30 12:33:17,461:Loading standard weights (non-FP8, async), loaded_params: 43, loaded_buffers: 0
[36m(vLLMHttpServer pid=121375)[0m (Worker pid=122556) INFO:2026-07-30 12:33:19,630:Loading standard weights (non-FP8, async), loaded_params: 43, loaded_buffers: 0
[36m(vLLMHttpServer pid=121375)[0m (Worker pid=122556) INFO:2026-07-30 12:33:20,233:Loading standard weights (non-FP8, async), loaded_params: 12, loaded_buffers: 0
[36m(vLLMHttpServer pid=121375)[0m (Worker pid=122556) INFO:2026-07-30 12:33:21,800:Loading standard weights (non-FP8, async), loaded_params: 1, loaded_buffers: 0
[36m(vLLMHttpServer pid=121375)[0m (EngineCore pid=122102) WARNING 07-30 12:33:23 [scheduler.py:1883] reset_connector called but no KV connector is configured.
[36m(TaskRunnerV1 pid=108806)[0m Training Progress:  38%|███▊      | 47/125 [1:57:34<3:09:41, 145.92s/it]
[36m(TaskRunnerV1 pid=108806)[0m Dumped generations to /mnt/lv_model/npu60005420a/qy_owner_experiments_20260730/qy_owner_verl_full125_noeval_final_npu23/rollouts/47.jsonl
[36m(TaskRunnerV1 pid=108806)[0m step:47 - global_seqlen/min:62714.0 - global_seqlen/max:62714.0 - global_seqlen/minmax_diff:0.0 - global_seqlen/balanced_min:62714.0 - global_seqlen/balanced_max:62714.0 - global_seqlen/mean:62714.0 - actor/pg_clipfrac:0.0023118515618989477 - actor/ppo_kl:0.0005142633155514886 - actor/pg_clipfrac_lower:0.0 - actor/pg_loss:0.030710133374668658 - actor/loss:0.030710136517882347 - actor/grad_norm:0.01991313323378563 - actor/lr:1.7e-05 - actor/perf/max_memory_allocated_gb:22.93751096725464 - actor/perf/max_memory_reserved_gb:25.5703125 - actor/perf/cpu_memory_used_gb:98.92329788208008 - perf/mfu/actor:0.19880890799103143 - training/global_step:47 - training/epoch:0 - critic/score/mean:0.515625 - critic/score/max:1.0 - critic/score/min:0.0 - critic/rewards/mean:0.515625 - critic/rewards/max:1.0 - critic/rewards/min:0.0 - critic/advantages/mean:-0.030680501833558083 - critic/advantages/max:1.4999970197677612 - critic/advantages/min:-1.4999970197677612 - critic/returns/mean:-0.030680501833558083 - critic/returns/max:1.4999970197677612 - critic/returns/min:-1.4999970197677612 - response_length/mean:890.78125 - response_length/max:1024.0 - response_length/min:423.0 - response_length/clip_ratio:0.53125 - response_length_non_aborted/mean:890.78125 - response_length_non_aborted/max:1024.0 - response_length_non_aborted/min:423.0 - response_length_non_aborted/clip_ratio:0.53125 - response/aborted_ratio:0.0 - prompt_length/mean:89.125 - prompt_length/max:128.0 - prompt_length/min:65.0 - prompt_length/clip_ratio:0.0625 - timing_s/gen:54.193624364212155 - timing_s/old_log_prob:0.1258223308250308 - timing_s/adv:0.17350427620112896 - timing_s/update_actor:24.671113303862512 - timing_s/update_weights:64.4359695026651 - timing_s/step:143.76011838577688 - timing_per_token_ms/adv:0.0027665955958977094 - timing_per_token_ms/update_actor:0.39339084261668067 - timing_per_token_ms/gen:0.950598568044416 - perf/total_num_tokens:62714 - perf/time_per_step:143.76011838577688 - perf/throughput:218.120298954222 - training/num_turns/mean:2.0 - training/num_turns/max:2 - training/num_turns/min:2 - training/off_policy/trajectory_spans/mean:1.0 - training/off_policy/trajectory_spans/max:1 - training/off_policy/trajectory_spans/min:1 - training/off_policy/trajectory_staleness/mean:0.0 - training/off_policy/trajectory_staleness/max:0 - training/off_policy/trajectory_staleness/min:0 - training/off_policy/trajectory_staleness_worst/mean:0.0 - training/off_policy/trajectory_staleness_worst/max:0 - training/off_policy/trajectory_staleness_worst/min:0
[36m(vLLMHttpServer pid=121375)[0m (Worker pid=122556) INFO:2026-07-30 12:35:27,858:Loading standard weights (non-FP8, async), loaded_params: 3, loaded_buffers: 0
[36m(vLLMHttpServer pid=121375)[0m (Worker pid=122556) INFO:2026-07-30 12:35:29,926:Loading standard weights (non-FP8, async), loaded_params: 43, loaded_buffers: 0
[36m(vLLMHttpServer pid=121375)[0m (Worker pid=122556) INFO:2026-07-30 12:35:34,926:Loading standard weights (non-FP8, async), loaded_params: 43, loaded_buffers: 0
[36m(vLLMHttpServer pid=121375)[0m (Worker pid=122556) INFO:2026-07-30 12:35:36,973:Loading standard weights (non-FP8, async), loaded_params: 41, loaded_buffers: 0
[36m(vLLMHttpServer pid=121375)[0m (Worker pid=122556) INFO:2026-07-30 12:35:38,992:Loading standard weights (non-FP8, async), loaded_params: 43, loaded_buffers: 0
[36m(vLLMHttpServer pid=121375)[0m (Worker pid=122556) INFO:2026-07-30 12:35:41,016:Loading standard weights (non-FP8, async), loaded_params: 43, loaded_buffers: 0
[36m(vLLMHttpServer pid=121375)[0m (Worker pid=122556) INFO:2026-07-30 12:35:43,143:Loading standard weights (non-FP8, async), loaded_params: 41, loaded_buffers: 0
[36m(vLLMHttpServer pid=121375)[0m (Worker pid=122556) INFO:2026-07-30 12:35:45,113:Loading standard weights (non-FP8, async), loaded_params: 43, loaded_buffers: 0
[36m(vLLMHttpServer pid=121375)[0m (Worker pid=122556) INFO:2026-07-30 12:35:47,142:Loading standard weights (non-FP8, async), loaded_params: 43, loaded_buffers: 0
[36m(vLLMHttpServer pid=121375)[0m (Worker pid=122556) INFO:2026-07-30 12:35:49,099:Loading standard weights (non-FP8, async), loaded_params: 43, loaded_buffers: 0
[36m(vLLMHttpServer pid=121375)[0m (Worker pid=122556) INFO:2026-07-30 12:35:49,599:Loading standard weights (non-FP8, async), loaded_params: 12, loaded_buffers: 0
[36m(vLLMHttpServer pid=121375)[0m (Worker pid=122556) INFO:2026-07-30 12:35:51,045:Loading standard weights (non-FP8, async), loaded_params: 1, loaded_buffers: 0
[36m(vLLMHttpServer pid=121375)[0m (EngineCore pid=122102) WARNING 07-30 12:35:52 [scheduler.py:1883] reset_connector called but no KV connector is configured.
[36m(TaskRunnerV1 pid=108806)[0m Training Progress:  38%|███▊      | 48/125 [2:00:03<3:08:25, 146.82s/it]
[36m(TaskRunnerV1 pid=108806)[0m Dumped generations to /mnt/lv_model/npu60005420a/qy_owner_experiments_20260730/qy_owner_verl_full125_noeval_final_npu23/rollouts/48.jsonl
[36m(TaskRunnerV1 pid=108806)[0m step:48 - global_seqlen/min:67787.0 - global_seqlen/max:67787.0 - global_seqlen/minmax_diff:0.0 - global_seqlen/balanced_min:67787.0 - global_seqlen/balanced_max:67787.0 - global_seqlen/mean:67787.0 - actor/pg_clipfrac:0.001818292130551794 - actor/ppo_kl:0.0008307880780193955 - actor/pg_clipfrac_lower:0.0 - actor/pg_loss:0.021291757933795452 - actor/loss:0.02129175513982773 - actor/grad_norm:0.019783146679401398 - actor/lr:1.7e-05 - actor/perf/max_memory_allocated_gb:22.93751096725464 - actor/perf/max_memory_reserved_gb:25.5703125 - actor/perf/cpu_memory_used_gb:98.8876953125 - perf/mfu/actor:0.19625088599732007 - training/global_step:48 - training/epoch:0 - critic/score/mean:0.40625 - critic/score/max:1.0 - critic/score/min:0.0 - critic/rewards/mean:0.40625 - critic/rewards/max:1.0 - critic/rewards/min:0.0 - critic/advantages/mean:-0.02118595875799656 - critic/advantages/max:1.4999970197677612 - critic/advantages/min:-1.4999970197677612 - critic/returns/mean:-0.02118595875799656 - critic/returns/max:1.4999970197677612 - critic/returns/min:-1.4999970197677612 - response_length/mean:958.234375 - response_length/max:1024.0 - response_length/min:503.0 - response_length/clip_ratio:0.703125 - response_length_non_aborted/mean:958.234375 - response_length_non_aborted/max:1024.0 - response_length_non_aborted/min:503.0 - response_length_non_aborted/clip_ratio:0.703125 - response/aborted_ratio:0.0 - prompt_length/mean:100.9375 - prompt_length/max:174.0 - prompt_length/min:65.0 - prompt_length/clip_ratio:0.0625 - timing_s/gen:56.18294332548976 - timing_s/old_log_prob:0.13065906148403883 - timing_s/adv:0.17224807012826204 - timing_s/update_actor:27.03430232964456 - timing_s/update_weights:64.98895622882992 - timing_s/step:148.66884016804397 - timing_per_token_ms/adv:0.002541019223866848 - timing_per_token_ms/update_actor:0.3988124910328612 - timing_per_token_ms/gen:0.9161208493076419 - perf/total_num_tokens:67787 - perf/time_per_step:148.66884016804397 - perf/throughput:227.97985079919476 - training/num_turns/mean:2.0 - training/num_turns/max:2 - training/num_turns/min:2 - training/off_policy/trajectory_spans/mean:1.0 - training/off_policy/trajectory_spans/max:1 - training/off_policy/trajectory_spans/min:1 - training/off_policy/trajectory_staleness/mean:0.0 - training/off_policy/trajectory_staleness/max:0 - training/off_policy/trajectory_staleness/min:0 - training/off_policy/trajectory_staleness_worst/mean:0.0 - training/off_policy/trajectory_staleness_worst/max:0 - training/off_policy/trajectory_staleness_worst/min:0
[36m(vLLMHttpServer pid=121375)[0m (Worker pid=122556) INFO:2026-07-30 12:37:57,704:Loading standard weights (non-FP8, async), loaded_params: 3, loaded_buffers: 0
[36m(vLLMHttpServer pid=121375)[0m (Worker pid=122556) INFO:2026-07-30 12:38:00,031:Loading standard weights (non-FP8, async), loaded_params: 43, loaded_buffers: 0
[36m(vLLMHttpServer pid=121375)[0m (Worker pid=122556) INFO:2026-07-30 12:38:02,804:Loading standard weights (non-FP8, async), loaded_params: 43, loaded_buffers: 0
[36m(vLLMHttpServer pid=121375)[0m (Worker pid=122556) INFO:2026-07-30 12:38:05,188:Loading standard weights (non-FP8, async), loaded_params: 41, loaded_buffers: 0
[36m(vLLMHttpServer pid=121375)[0m (Worker pid=122556) INFO:2026-07-30 12:38:07,415:Loading standard weights (non-FP8, async), loaded_params: 43, loaded_buffers: 0
[36m(vLLMHttpServer pid=121375)[0m (Worker pid=122556) INFO:2026-07-30 12:38:09,573:Loading standard weights (non-FP8, async), loaded_params: 43, loaded_buffers: 0
[36m(vLLMHttpServer pid=121375)[0m (Worker pid=122556) INFO:2026-07-30 12:38:11,671:Loading standard weights (non-FP8, async), loaded_params: 41, loaded_buffers: 0
[36m(vLLMHttpServer pid=121375)[0m (Worker pid=122556) INFO:2026-07-30 12:38:13,907:Loading standard weights (non-FP8, async), loaded_params: 43, loaded_buffers: 0
[36m(vLLMHttpServer pid=121375)[0m (Worker pid=122556) INFO:2026-07-30 12:38:16,115:Loading standard weights (non-FP8, async), loaded_params: 43, loaded_buffers: 0
[36m(vLLMHttpServer pid=121375)[0m (Worker pid=122556) INFO:2026-07-30 12:38:18,299:Loading standard weights (non-FP8, async), loaded_params: 43, loaded_buffers: 0
[36m(vLLMHttpServer pid=121375)[0m (Worker pid=122556) INFO:2026-07-30 12:38:18,789:Loading standard weights (non-FP8, async), loaded_params: 12, loaded_buffers: 0
[36m(vLLMHttpServer pid=121375)[0m (Worker pid=122556) INFO:2026-07-30 12:38:20,555:Loading standard weights (non-FP8, async), loaded_params: 1, loaded_buffers: 0
[36m(vLLMHttpServer pid=121375)[0m (EngineCore pid=122102) WARNING 07-30 12:38:21 [scheduler.py:1883] reset_connector called but no KV connector is configured.
[36m(TaskRunnerV1 pid=108806)[0m Training Progress:  39%|███▉      | 49/125 [2:02:33<3:06:56, 147.58s/it]
[36m(TaskRunnerV1 pid=108806)[0m Dumped generations to /mnt/lv_model/npu60005420a/qy_owner_experiments_20260730/qy_owner_verl_full125_noeval_final_npu23/rollouts/49.jsonl
[36m(TaskRunnerV1 pid=108806)[0m step:49 - global_seqlen/min:65820.0 - global_seqlen/max:65820.0 - global_seqlen/minmax_diff:0.0 - global_seqlen/balanced_min:65820.0 - global_seqlen/balanced_max:65820.0 - global_seqlen/mean:65820.0 - actor/pg_clipfrac:0.002585111165364437 - actor/ppo_kl:0.0006194991228232324 - actor/pg_clipfrac_lower:0.0 - actor/pg_loss:0.018844838181394152 - actor/loss:0.018844835460186005 - actor/grad_norm:0.02381579764187336 - actor/lr:1.7e-05 - actor/perf/max_memory_allocated_gb:22.93751096725464 - actor/perf/max_memory_reserved_gb:25.5703125 - actor/perf/cpu_memory_used_gb:98.88288879394531 - perf/mfu/actor:0.18182921800608765 - training/global_step:49 - training/epoch:0 - critic/score/mean:0.421875 - critic/score/max:1.0 - critic/score/min:0.0 - critic/rewards/mean:0.421875 - critic/rewards/max:1.0 - critic/rewards/min:0.0 - critic/advantages/mean:-0.018632378429174423 - critic/advantages/max:1.4999970197677612 - critic/advantages/min:-1.4999970197677612 - critic/returns/mean:-0.018632378429174423 - critic/returns/max:1.4999970197677612 - critic/returns/min:-1.4999970197677612 - response_length/mean:932.0 - response_length/max:1024.0 - response_length/min:430.0 - response_length/clip_ratio:0.6875 - response_length_non_aborted/mean:932.0 - response_length_non_aborted/max:1024.0 - response_length_non_aborted/min:430.0 - response_length_non_aborted/clip_ratio:0.6875 - response/aborted_ratio:0.0 - prompt_length/mean:96.4375 - prompt_length/max:154.0 - prompt_length/min:72.0 - prompt_length/clip_ratio:0.0625 - timing_s/gen:56.18633332196623 - timing_s/old_log_prob:0.14234944060444832 - timing_s/adv:0.1893336270004511 - timing_s/update_actor:28.309302122332156 - timing_s/update_weights:64.10331744980067 - timing_s/step:149.0927606849 - timing_per_token_ms/adv:0.002876536417509132 - timing_per_token_ms/update_actor:0.4301018250126429 - timing_per_token_ms/gen:0.9419650838580712 - perf/total_num_tokens:65820 - perf/time_per_step:149.0927606849 - perf/throughput:220.73506351897007 - training/num_turns/mean:2.0 - training/num_turns/max:2 - training/num_turns/min:2 - training/off_policy/trajectory_spans/mean:1.0 - training/off_policy/trajectory_spans/max:1 - training/off_policy/trajectory_spans/min:1 - training/off_policy/trajectory_staleness/mean:0.0 - training/off_policy/trajectory_staleness/max:0 - training/off_policy/trajectory_staleness/min:0 - training/off_policy/trajectory_staleness_worst/mean:0.0 - training/off_policy/trajectory_staleness_worst/max:0 - training/off_policy/trajectory_staleness_worst/min:0
[36m(vLLMHttpServer pid=121375)[0m (Worker pid=122556) INFO:2026-07-30 12:40:27,472:Loading standard weights (non-FP8, async), loaded_params: 3, loaded_buffers: 0
[36m(vLLMHttpServer pid=121375)[0m (Worker pid=122556) INFO:2026-07-30 12:40:30,036:Loading standard weights (non-FP8, async), loaded_params: 43, loaded_buffers: 0
[36m(vLLMHttpServer pid=121375)[0m (Worker pid=122556) INFO:2026-07-30 12:40:33,079:Loading standard weights (non-FP8, async), loaded_params: 43, loaded_buffers: 0
[36m(vLLMHttpServer pid=121375)[0m (Worker pid=122556) INFO:2026-07-30 12:40:35,737:Loading standard weights (non-FP8, async), loaded_params: 41, loaded_buffers: 0
[36m(vLLMHttpServer pid=121375)[0m (Worker pid=122556) INFO:2026-07-30 12:40:38,703:Loading standard weights (non-FP8, async), loaded_params: 43, loaded_buffers: 0
[36m(vLLMHttpServer pid=121375)[0m (Worker pid=122556) INFO:2026-07-30 12:40:41,453:Loading standard weights (non-FP8, async), loaded_params: 43, loaded_buffers: 0
[36m(vLLMHttpServer pid=121375)[0m (Worker pid=122556) INFO:2026-07-30 12:40:43,934:Loading standard weights (non-FP8, async), loaded_params: 41, loaded_buffers: 0
[36m(vLLMHttpServer pid=121375)[0m (Worker pid=122556) INFO:2026-07-30 12:40:46,698:Loading standard weights (non-FP8, async), loaded_params: 43, loaded_buffers: 0
[36m(vLLMHttpServer pid=121375)[0m (Worker pid=122556) INFO:2026-07-30 12:40:49,459:Loading standard weights (non-FP8, async), loaded_params: 43, loaded_buffers: 0
[36m(vLLMHttpServer pid=121375)[0m (Worker pid=122556) INFO:2026-07-30 12:40:51,690:Loading standard weights (non-FP8, async), loaded_params: 43, loaded_buffers: 0
[36m(vLLMHttpServer pid=121375)[0m (Worker pid=122556) INFO:2026-07-30 12:40:52,294:Loading standard weights (non-FP8, async), loaded_params: 12, loaded_buffers: 0
[36m(vLLMHttpServer pid=121375)[0m (Worker pid=122556) INFO:2026-07-30 12:40:53,940:Loading standard weights (non-FP8, async), loaded_params: 1, loaded_buffers: 0
[36m(vLLMHttpServer pid=121375)[0m (EngineCore pid=122102) WARNING 07-30 12:40:55 [scheduler.py:1883] reset_connector called but no KV connector is configured.
[36m(TaskRunnerV1 pid=108806)[0m Dumped generations to /mnt/lv_model/npu60005420a/qy_owner_experiments_20260730/qy_owner_verl_full125_noeval_final_npu23/rollouts/50.jsonl
[36m(TaskRunnerV1 pid=108806)[0m Training Progress:  40%|████      | 50/125 [2:05:06<3:06:41, 149.35s/it]
[36m(TaskRunnerV1 pid=108806)[0m step:50 - global_seqlen/min:68893.0 - global_seqlen/max:68893.0 - global_seqlen/minmax_diff:0.0 - global_seqlen/balanced_min:68893.0 - global_seqlen/balanced_max:68893.0 - global_seqlen/mean:68893.0 - actor/pg_clipfrac:0.003058165842530263 - actor/ppo_kl:0.0006369152190874208 - actor/pg_clipfrac_lower:0.0 - actor/pg_loss:0.02109903551172465 - actor/loss:0.0210990309715271 - actor/grad_norm:0.023653943091630936 - actor/lr:1.7e-05 - actor/perf/max_memory_allocated_gb:22.93751096725464 - actor/perf/max_memory_reserved_gb:25.5703125 - actor/perf/cpu_memory_used_gb:98.87276077270508 - perf/mfu/actor:0.20101603827841524 - training/global_step:50 - training/epoch:0 - critic/score/mean:0.390625 - critic/score/max:1.0 - critic/score/min:0.0 - critic/rewards/mean:0.390625 - critic/rewards/max:1.0 - critic/rewards/min:0.0 - critic/advantages/mean:-0.021107155829668045 - critic/advantages/max:1.4999970197677612 - critic/advantages/min:-1.4999970197677612 - critic/returns/mean:-0.021107155829668045 - critic/returns/max:1.4999970197677612 - critic/returns/min:-1.4999970197677612 - response_length/mean:983.515625 - response_length/max:1024.0 - response_length/min:740.0 - response_length/clip_ratio:0.734375 - response_length_non_aborted/mean:983.515625 - response_length_non_aborted/max:1024.0 - response_length_non_aborted/min:740.0 - response_length_non_aborted/clip_ratio:0.734375 - response/aborted_ratio:0.0 - prompt_length/mean:92.9375 - prompt_length/max:113.0 - prompt_length/min:65.0 - prompt_length/clip_ratio:0.0625 - timing_s/gen:58.199844560585916 - timing_s/old_log_prob:0.12812081538140774 - timing_s/adv:0.17988830152899027 - timing_s/update_actor:26.828900074586272 - timing_s/update_weights:67.70212690997869 - timing_s/step:153.19506370089948 - timing_per_token_ms/adv:0.002611125971129001 - timing_per_token_ms/update_actor:0.3894285351862493 - timing_per_token_ms/gen:0.9246142594421466 - perf/total_num_tokens:68893 - perf/time_per_step:153.19506370089948 - perf/throughput:224.85385082155065 - training/num_turns/mean:2.0 - training/num_turns/max:2 - training/num_turns/min:2 - training/off_policy/trajectory_spans/mean:1.0 - training/off_policy/trajectory_spans/max:1 - training/off_policy/trajectory_spans/min:1 - training/off_policy/trajectory_staleness/mean:0.0 - training/off_policy/trajectory_staleness/max:0 - training/off_policy/trajectory_staleness/min:0 - training/off_policy/trajectory_staleness_worst/mean:0.0 - training/off_policy/trajectory_staleness_worst/max:0 - training/off_policy/trajectory_staleness_worst/min:0
[36m(vLLMHttpServer pid=121375)[0m (Worker pid=122556) INFO:2026-07-30 12:42:58,881:Loading standard weights (non-FP8, async), loaded_params: 3, loaded_buffers: 0
[36m(vLLMHttpServer pid=121375)[0m (Worker pid=122556) INFO:2026-07-30 12:43:01,219:Loading standard weights (non-FP8, async), loaded_params: 43, loaded_buffers: 0
[36m(vLLMHttpServer pid=121375)[0m (Worker pid=122556) INFO:2026-07-30 12:43:03,842:Loading standard weights (non-FP8, async), loaded_params: 43, loaded_buffers: 0
[36m(vLLMHttpServer pid=121375)[0m (Worker pid=122556) INFO:2026-07-30 12:43:06,500:Loading standard weights (non-FP8, async), loaded_params: 41, loaded_buffers: 0
[36m(vLLMHttpServer pid=121375)[0m (Worker pid=122556) INFO:2026-07-30 12:43:08,955:Loading standard weights (non-FP8, async), loaded_params: 43, loaded_buffers: 0
[36m(vLLMHttpServer pid=121375)[0m (Worker pid=122556) INFO:2026-07-30 12:43:11,386:Loading standard weights (non-FP8, async), loaded_params: 43, loaded_buffers: 0
[36m(vLLMHttpServer pid=121375)[0m (Worker pid=122556) INFO:2026-07-30 12:43:13,857:Loading standard weights (non-FP8, async), loaded_params: 41, loaded_buffers: 0
[36m(vLLMHttpServer pid=121375)[0m (Worker pid=122556) INFO:2026-07-30 12:43:16,120:Loading standard weights (non-FP8, async), loaded_params: 43, loaded_buffers: 0
[36m(vLLMHttpServer pid=121375)[0m (Worker pid=122556) INFO:2026-07-30 12:43:18,372:Loading standard weights (non-FP8, async), loaded_params: 43, loaded_buffers: 0
[36m(vLLMHttpServer pid=121375)[0m (Worker pid=122556) INFO:2026-07-30 12:43:20,702:Loading standard weights (non-FP8, async), loaded_params: 43, loaded_buffers: 0
[36m(vLLMHttpServer pid=121375)[0m (Worker pid=122556) INFO:2026-07-30 12:43:21,358:Loading standard weights (non-FP8, async), loaded_params: 12, loaded_buffers: 0
[36m(vLLMHttpServer pid=121375)[0m (Worker pid=122556) INFO:2026-07-30 12:43:22,995:Loading standard weights (non-FP8, async), loaded_params: 1, loaded_buffers: 0
[36m(vLLMHttpServer pid=121375)[0m (EngineCore pid=122102) WARNING 07-30 12:43:24 [scheduler.py:1883] reset_connector called but no KV connector is configured.
[36m(TaskRunnerV1 pid=108806)[0m Dumped generations to /mnt/lv_model/npu60005420a/qy_owner_experiments_20260730/qy_owner_verl_full125_noeval_final_npu23/rollouts/51.jsonl
[36m(TaskRunnerV1 pid=108806)[0m Training Progress:  41%|████      | 51/125 [2:07:36<3:04:13, 149.38s/it]
[36m(TaskRunnerV1 pid=108806)[0m step:51 - global_seqlen/min:67337.0 - global_seqlen/max:67337.0 - global_seqlen/minmax_diff:0.0 - global_seqlen/balanced_min:67337.0 - global_seqlen/balanced_max:67337.0 - global_seqlen/mean:67337.0 - actor/pg_clipfrac:0.0030175668584621128 - actor/ppo_kl:0.0008850219412980711 - actor/pg_clipfrac_lower:0.0 - actor/pg_loss:0.03434648463735357 - actor/loss:0.03434648737311363 - actor/grad_norm:0.02144933119416237 - actor/lr:1.7e-05 - actor/perf/max_memory_allocated_gb:22.93751096725464 - actor/perf/max_memory_reserved_gb:25.5703125 - actor/perf/cpu_memory_used_gb:98.90389633178711 - perf/mfu/actor:0.19054353415417996 - training/global_step:51 - training/epoch:0 - critic/score/mean:0.296875 - critic/score/max:1.0 - critic/score/min:0.0 - critic/rewards/mean:0.296875 - critic/rewards/max:1.0 - critic/rewards/min:0.0 - critic/advantages/mean:-0.03441713750362396 - critic/advantages/max:1.4999970197677612 - critic/advantages/min:-1.4999970197677612 - critic/returns/mean:-0.03441713750362396 - critic/returns/max:1.4999970197677612 - critic/returns/min:-1.4999970197677612 - response_length/mean:954.890625 - response_length/max:1024.0 - response_length/min:403.0 - response_length/clip_ratio:0.796875 - response_length_non_aborted/mean:954.890625 - response_length_non_aborted/max:1024.0 - response_length_non_aborted/min:403.0 - response_length_non_aborted/clip_ratio:0.796875 - response/aborted_ratio:0.0 - prompt_length/mean:97.25 - prompt_length/max:173.0 - prompt_length/min:56.0 - prompt_length/clip_ratio:0.0625 - timing_s/gen:54.17239423468709 - timing_s/old_log_prob:0.1318579465150833 - timing_s/adv:0.17934202402830124 - timing_s/update_actor:27.669021376408637 - timing_s/update_weights:66.86699855513871 - timing_s/step:149.18017252534628 - timing_per_token_ms/adv:0.0026633503724297377 - timing_per_token_ms/update_actor:0.4109036841024791 - timing_per_token_ms/gen:0.8864299614597073 - perf/total_num_tokens:67337 - perf/time_per_step:149.18017252534628 - perf/throughput:225.69018006920186 - training/num_turns/mean:2.0 - training/num_turns/max:2 - training/num_turns/min:2 - training/off_policy/trajectory_spans/mean:1.0 - training/off_policy/trajectory_spans/max:1 - training/off_policy/trajectory_spans/min:1 - training/off_policy/trajectory_staleness/mean:0.0 - training/off_policy/trajectory_staleness/max:0 - training/off_policy/trajectory_staleness/min:0 - training/off_policy/trajectory_staleness_worst/mean:0.0 - training/off_policy/trajectory_staleness_worst/max:0 - training/off_policy/trajectory_staleness_worst/min:0
[36m(vLLMHttpServer pid=121375)[0m (Worker pid=122556) INFO:2026-07-30 12:45:30,262:Loading standard weights (non-FP8, async), loaded_params: 3, loaded_buffers: 0
[36m(vLLMHttpServer pid=121375)[0m (Worker pid=122556) INFO:2026-07-30 12:45:32,737:Loading standard weights (non-FP8, async), loaded_params: 43, loaded_buffers: 0
[36m(vLLMHttpServer pid=121375)[0m (Worker pid=122556) INFO:2026-07-30 12:45:35,274:Loading standard weights (non-FP8, async), loaded_params: 43, loaded_buffers: 0
[36m(vLLMHttpServer pid=121375)[0m (Worker pid=122556) INFO:2026-07-30 12:45:37,954:Loading standard weights (non-FP8, async), loaded_params: 41, loaded_buffers: 0
[36m(vLLMHttpServer pid=121375)[0m (Worker pid=122556) INFO:2026-07-30 12:45:40,270:Loading standard weights (non-FP8, async), loaded_params: 43, loaded_buffers: 0
[36m(vLLMHttpServer pid=121375)[0m (Worker pid=122556) INFO:2026-07-30 12:45:42,810:Loading standard weights (non-FP8, async), loaded_params: 43, loaded_buffers: 0
[36m(vLLMHttpServer pid=121375)[0m (Worker pid=122556) INFO:2026-07-30 12:45:45,130:Loading standard weights (non-FP8, async), loaded_params: 41, loaded_buffers: 0
[36m(vLLMHttpServer pid=121375)[0m (Worker pid=122556) INFO:2026-07-30 12:45:47,392:Loading standard weights (non-FP8, async), loaded_params: 43, loaded_buffers: 0
[36m(vLLMHttpServer pid=121375)[0m (Worker pid=122556) INFO:2026-07-30 12:45:49,659:Loading standard weights (non-FP8, async), loaded_params: 43, loaded_buffers: 0
[36m(vLLMHttpServer pid=121375)[0m (Worker pid=122556) INFO:2026-07-30 12:45:51,961:Loading standard weights (non-FP8, async), loaded_params: 43, loaded_buffers: 0
[36m(vLLMHttpServer pid=121375)[0m (Worker pid=122556) INFO:2026-07-30 12:45:52,637:Loading standard weights (non-FP8, async), loaded_params: 12, loaded_buffers: 0
[36m(vLLMHttpServer pid=121375)[0m (Worker pid=122556) INFO:2026-07-30 12:45:54,387:Loading standard weights (non-FP8, async), loaded_params: 1, loaded_buffers: 0
[36m(vLLMHttpServer pid=121375)[0m (EngineCore pid=122102) WARNING 07-30 12:45:55 [scheduler.py:1883] reset_connector called but no KV connector is configured.
[36m(TaskRunnerV1 pid=108806)[0m Training Progress:  42%|████▏     | 52/125 [2:10:07<3:02:17, 149.83s/it]
[36m(TaskRunnerV1 pid=108806)[0m Dumped generations to /mnt/lv_model/npu60005420a/qy_owner_experiments_20260730/qy_owner_verl_full125_noeval_final_npu23/rollouts/52.jsonl
[36m(TaskRunnerV1 pid=108806)[0m step:52 - global_seqlen/min:67299.0 - global_seqlen/max:67299.0 - global_seqlen/minmax_diff:0.0 - global_seqlen/balanced_min:67299.0 - global_seqlen/balanced_max:67299.0 - global_seqlen/mean:67299.0 - actor/pg_clipfrac:0.0016914589299738187 - actor/ppo_kl:0.001054080850307775 - actor/pg_clipfrac_lower:0.0 - actor/pg_loss:0.013416945352219045 - actor/loss:0.013416942209005356 - actor/grad_norm:0.018513647839426994 - actor/lr:1.7e-05 - actor/perf/max_memory_allocated_gb:22.93751096725464 - actor/perf/max_memory_reserved_gb:25.5703125 - actor/perf/cpu_memory_used_gb:98.93229675292969 - perf/mfu/actor:0.1880241080246915 - training/global_step:52 - training/epoch:0 - critic/score/mean:0.4375 - critic/score/max:1.0 - critic/score/min:0.0 - critic/rewards/mean:0.4375 - critic/rewards/max:1.0 - critic/rewards/min:0.0 - critic/advantages/mean:-0.013422570191323757 - critic/advantages/max:1.4999970197677612 - critic/advantages/min:-1.4999970197677612 - critic/returns/mean:-0.013422570191323757 - critic/returns/max:1.4999970197677612 - critic/returns/min:-1.4999970197677612 - response_length/mean:952.234375 - response_length/max:1024.0 - response_length/min:614.0 - response_length/clip_ratio:0.59375 - response_length_non_aborted/mean:952.234375 - response_length_non_aborted/max:1024.0 - response_length_non_aborted/min:614.0 - response_length_non_aborted/clip_ratio:0.59375 - response/aborted_ratio:0.0 - prompt_length/mean:99.3125 - prompt_length/max:158.0 - prompt_length/min:66.0 - prompt_length/clip_ratio:0.0625 - timing_s/gen:56.20033518318087 - timing_s/old_log_prob:0.13950557820498943 - timing_s/adv:0.1835715314373374 - timing_s/update_actor:27.993829338811338 - timing_s/update_weights:65.95204508025199 - timing_s/step:150.62971347291023 - timing_per_token_ms/adv:0.002727700730134733 - timing_per_token_ms/update_actor:0.4159620401315226 - timing_per_token_ms/gen:0.9221786781612469 - perf/total_num_tokens:67299 - perf/time_per_step:150.62971347291023 - perf/throughput:223.39217956523328 - training/num_turns/mean:2.0 - training/num_turns/max:2 - training/num_turns/min:2 - training/off_policy/trajectory_spans/mean:1.0 - training/off_policy/trajectory_spans/max:1 - training/off_policy/trajectory_spans/min:1 - training/off_policy/trajectory_staleness/mean:0.0 - training/off_policy/trajectory_staleness/max:0 - training/off_policy/trajectory_staleness/min:0 - training/off_policy/trajectory_staleness_worst/mean:0.0 - training/off_policy/trajectory_staleness_worst/max:0 - training/off_policy/trajectory_staleness_worst/min:0
[36m(vLLMHttpServer pid=121375)[0m (Worker pid=122556) INFO:2026-07-30 12:48:02,461:Loading standard weights (non-FP8, async), loaded_params: 3, loaded_buffers: 0
[36m(vLLMHttpServer pid=121375)[0m (Worker pid=122556) INFO:2026-07-30 12:48:04,634:Loading standard weights (non-FP8, async), loaded_params: 43, loaded_buffers: 0
[36m(vLLMHttpServer pid=121375)[0m (Worker pid=122556) INFO:2026-07-30 12:48:06,906:Loading standard weights (non-FP8, async), loaded_params: 43, loaded_buffers: 0
[36m(vLLMHttpServer pid=121375)[0m (Worker pid=122556) INFO:2026-07-30 12:48:09,461:Loading standard weights (non-FP8, async), loaded_params: 41, loaded_buffers: 0
[36m(vLLMHttpServer pid=121375)[0m (Worker pid=122556) INFO:2026-07-30 12:48:11,801:Loading standard weights (non-FP8, async), loaded_params: 43, loaded_buffers: 0
[36m(vLLMHttpServer pid=121375)[0m (Worker pid=122556) INFO:2026-07-30 12:48:14,168:Loading standard weights (non-FP8, async), loaded_params: 43, loaded_buffers: 0
[36m(vLLMHttpServer pid=121375)[0m (Worker pid=122556) INFO:2026-07-30 12:48:16,446:Loading standard weights (non-FP8, async), loaded_params: 41, loaded_buffers: 0
[36m(vLLMHttpServer pid=121375)[0m (Worker pid=122556) INFO:2026-07-30 12:48:18,621:Loading standard weights (non-FP8, async), loaded_params: 43, loaded_buffers: 0
[36m(vLLMHttpServer pid=121375)[0m (Worker pid=122556) INFO:2026-07-30 12:48:20,852:Loading standard weights (non-FP8, async), loaded_params: 43, loaded_buffers: 0
[36m(vLLMHttpServer pid=121375)[0m (Worker pid=122556) INFO:2026-07-30 12:48:23,025:Loading standard weights (non-FP8, async), loaded_params: 43, loaded_buffers: 0
[36m(vLLMHttpServer pid=121375)[0m (Worker pid=122556) INFO:2026-07-30 12:48:23,612:Loading standard weights (non-FP8, async), loaded_params: 12, loaded_buffers: 0
[36m(vLLMHttpServer pid=121375)[0m (Worker pid=122556) INFO:2026-07-30 12:48:25,267:Loading standard weights (non-FP8, async), loaded_params: 1, loaded_buffers: 0
[36m(vLLMHttpServer pid=121375)[0m (EngineCore pid=122102) WARNING 07-30 12:48:27 [scheduler.py:1883] reset_connector called but no KV connector is configured.
[36m(TaskRunnerV1 pid=108806)[0m Dumped generations to /mnt/lv_model/npu60005420a/qy_owner_experiments_20260730/qy_owner_verl_full125_noeval_final_npu23/rollouts/53.jsonl
[36m(TaskRunnerV1 pid=108806)[0m Training Progress:  42%|████▏     | 53/125 [2:12:38<3:00:24, 150.35s/it]
[36m(TaskRunnerV1 pid=108806)[0m step:53 - global_seqlen/min:66004.0 - global_seqlen/max:66004.0 - global_seqlen/minmax_diff:0.0 - global_seqlen/balanced_min:66004.0 - global_seqlen/balanced_max:66004.0 - global_seqlen/mean:66004.0 - actor/pg_clipfrac:0.0022521678954088953 - actor/ppo_kl:0.0004636661914820947 - actor/pg_clipfrac_lower:0.0 - actor/pg_loss:0.022941186718526296 - actor/loss:0.022941183298826218 - actor/grad_norm:0.020991617813706398 - actor/lr:1.7e-05 - actor/perf/max_memory_allocated_gb:22.93751096725464 - actor/perf/max_memory_reserved_gb:25.5703125 - actor/perf/cpu_memory_used_gb:98.91434478759766 - perf/mfu/actor:0.17663202375101716 - training/global_step:53 - training/epoch:0 - critic/score/mean:0.40625 - critic/score/max:1.0 - critic/score/min:0.0 - critic/rewards/mean:0.40625 - critic/rewards/max:1.0 - critic/rewards/min:0.0 - critic/advantages/mean:-0.022719575092196465 - critic/advantages/max:1.4999970197677612 - critic/advantages/min:-1.4999970197677612 - critic/returns/mean:-0.022719575092196465 - critic/returns/max:1.4999970197677612 - critic/returns/min:-1.4999970197677612 - response_length/mean:934.9375 - response_length/max:1024.0 - response_length/min:383.0 - response_length/clip_ratio:0.6875 - response_length_non_aborted/mean:934.9375 - response_length_non_aborted/max:1024.0 - response_length_non_aborted/min:383.0 - response_length_non_aborted/clip_ratio:0.6875 - response/aborted_ratio:0.0 - prompt_length/mean:96.375 - prompt_length/max:203.0 - prompt_length/min:63.0 - prompt_length/clip_ratio:0.0625 - timing_s/gen:56.1981352455914 - timing_s/old_log_prob:0.1398321222513914 - timing_s/adv:0.17880671843886375 - timing_s/update_actor:29.213878801092505 - timing_s/update_weights:65.3791666124016 - timing_s/step:151.27581391949207 - timing_per_token_ms/adv:0.002709028520072477 - timing_per_token_ms/update_actor:0.4426077025800331 - timing_per_token_ms/gen:0.9392027415868608 - perf/total_num_tokens:66004 - perf/time_per_step:151.27581391949207 - perf/throughput:218.15780821092414 - training/num_turns/mean:2.0 - training/num_turns/max:2 - training/num_turns/min:2 - training/off_policy/trajectory_spans/mean:1.0 - training/off_policy/trajectory_spans/max:1 - training/off_policy/trajectory_spans/min:1 - training/off_policy/trajectory_staleness/mean:0.0 - training/off_policy/trajectory_staleness/max:0 - training/off_policy/trajectory_staleness/min:0 - training/off_policy/trajectory_staleness_worst/mean:0.0 - training/off_policy/trajectory_staleness_worst/max:0 - training/off_policy/trajectory_staleness_worst/min:0
[36m(vLLMHttpServer pid=121375)[0m (Worker pid=122556) INFO:2026-07-30 12:50:33,832:Loading standard weights (non-FP8, async), loaded_params: 3, loaded_buffers: 0
[36m(vLLMHttpServer pid=121375)[0m (Worker pid=122556) INFO:2026-07-30 12:50:36,413:Loading standard weights (non-FP8, async), loaded_params: 43, loaded_buffers: 0
[36m(vLLMHttpServer pid=121375)[0m (Worker pid=122556) INFO:2026-07-30 12:50:38,783:Loading standard weights (non-FP8, async), loaded_params: 43, loaded_buffers: 0
[36m(vLLMHttpServer pid=121375)[0m (Worker pid=122556) INFO:2026-07-30 12:50:41,241:Loading standard weights (non-FP8, async), loaded_params: 41, loaded_buffers: 0
[36m(vLLMHttpServer pid=121375)[0m (Worker pid=122556) INFO:2026-07-30 12:50:43,482:Loading standard weights (non-FP8, async), loaded_params: 43, loaded_buffers: 0
[36m(vLLMHttpServer pid=121375)[0m (Worker pid=122556) INFO:2026-07-30 12:50:45,748:Loading standard weights (non-FP8, async), loaded_params: 43, loaded_buffers: 0
[36m(vLLMHttpServer pid=121375)[0m (Worker pid=122556) INFO:2026-07-30 12:50:48,128:Loading standard weights (non-FP8, async), loaded_params: 41, loaded_buffers: 0
[36m(vLLMHttpServer pid=121375)[0m (Worker pid=122556) INFO:2026-07-30 12:50:50,311:Loading standard weights (non-FP8, async), loaded_params: 43, loaded_buffers: 0
[36m(vLLMHttpServer pid=121375)[0m (Worker pid=122556) INFO:2026-07-30 12:50:52,597:Loading standard weights (non-FP8, async), loaded_params: 43, loaded_buffers: 0
[36m(vLLMHttpServer pid=121375)[0m (Worker pid=122556) INFO:2026-07-30 12:50:54,794:Loading standard weights (non-FP8, async), loaded_params: 43, loaded_buffers: 0
[36m(vLLMHttpServer pid=121375)[0m (Worker pid=122556) INFO:2026-07-30 12:50:55,406:Loading standard weights (non-FP8, async), loaded_params: 12, loaded_buffers: 0
[36m(vLLMHttpServer pid=121375)[0m (Worker pid=122556) INFO:2026-07-30 12:50:57,036:Loading standard weights (non-FP8, async), loaded_params: 1, loaded_buffers: 0
[36m(vLLMHttpServer pid=121375)[0m (EngineCore pid=122102) WARNING 07-30 12:50:58 [scheduler.py:1883] reset_connector called but no KV connector is configured.
[36m(TaskRunnerV1 pid=108806)[0m Training Progress:  43%|████▎     | 54/125 [2:15:10<2:58:22, 150.73s/it]
[36m(TaskRunnerV1 pid=108806)[0m Dumped generations to /mnt/lv_model/npu60005420a/qy_owner_experiments_20260730/qy_owner_verl_full125_noeval_final_npu23/rollouts/54.jsonl
[36m(TaskRunnerV1 pid=108806)[0m step:54 - global_seqlen/min:69180.0 - global_seqlen/max:69180.0 - global_seqlen/minmax_diff:0.0 - global_seqlen/balanced_min:69180.0 - global_seqlen/balanced_max:69180.0 - global_seqlen/mean:69180.0 - actor/pg_clipfrac:0.0015401061922174825 - actor/ppo_kl:0.00039722594374325126 - actor/pg_clipfrac_lower:0.0 - actor/pg_loss:0.017725706391502172 - actor/loss:0.017725706100463867 - actor/grad_norm:0.018327342346310616 - actor/lr:1.7e-05 - actor/perf/max_memory_allocated_gb:22.93751096725464 - actor/perf/max_memory_reserved_gb:25.5703125 - actor/perf/cpu_memory_used_gb:98.89886856079102 - perf/mfu/actor:0.1887880179364747 - training/global_step:54 - training/epoch:0 - critic/score/mean:0.28125 - critic/score/max:1.0 - critic/score/min:0.0 - critic/rewards/mean:0.28125 - critic/rewards/max:1.0 - critic/rewards/min:0.0 - critic/advantages/mean:-0.01766594499349594 - critic/advantages/max:1.4999970197677612 - critic/advantages/min:-1.4999970197677612 - critic/returns/mean:-0.01766594499349594 - critic/returns/max:1.4999970197677612 - critic/returns/min:-1.4999970197677612 - response_length/mean:989.0625 - response_length/max:1024.0 - response_length/min:577.0 - response_length/clip_ratio:0.765625 - response_length_non_aborted/mean:989.0625 - response_length_non_aborted/max:1024.0 - response_length_non_aborted/min:577.0 - response_length_non_aborted/clip_ratio:0.765625 - response/aborted_ratio:0.0 - prompt_length/mean:91.875 - prompt_length/max:129.0 - prompt_length/min:69.0 - prompt_length/clip_ratio:0.0625 - timing_s/gen:56.191870394162834 - timing_s/old_log_prob:0.13731509912759066 - timing_s/adv:0.18649849109351635 - timing_s/update_actor:28.68726090155542 - timing_s/update_weights:65.98686420638114 - timing_s/step:151.35499274544418 - timing_per_token_ms/adv:0.002695844045873321 - timing_per_token_ms/update_actor:0.41467564182647326 - timing_per_token_ms/gen:0.8877072732095235 - perf/total_num_tokens:69180 - perf/time_per_step:151.35499274544418 - perf/throughput:228.53557304300534 - training/num_turns/mean:2.0 - training/num_turns/max:2 - training/num_turns/min:2 - training/off_policy/trajectory_spans/mean:1.0 - training/off_policy/trajectory_spans/max:1 - training/off_policy/trajectory_spans/min:1 - training/off_policy/trajectory_staleness/mean:0.0 - training/off_policy/trajectory_staleness/max:0 - training/off_policy/trajectory_staleness/min:0 - training/off_policy/trajectory_staleness_worst/mean:0.0 - training/off_policy/trajectory_staleness_worst/max:0 - training/off_policy/trajectory_staleness_worst/min:0
[36m(vLLMHttpServer pid=121375)[0m (Worker pid=122556) INFO:2026-07-30 12:53:02,873:Loading standard weights (non-FP8, async), loaded_params: 3, loaded_buffers: 0
[36m(vLLMHttpServer pid=121375)[0m (Worker pid=122556) INFO:2026-07-30 12:53:05,153:Loading standard weights (non-FP8, async), loaded_params: 43, loaded_buffers: 0
[36m(vLLMHttpServer pid=121375)[0m (Worker pid=122556) INFO:2026-07-30 12:53:07,401:Loading standard weights (non-FP8, async), loaded_params: 43, loaded_buffers: 0
[36m(vLLMHttpServer pid=121375)[0m (Worker pid=122556) INFO:2026-07-30 12:53:09,689:Loading standard weights (non-FP8, async), loaded_params: 41, loaded_buffers: 0
[36m(vLLMHttpServer pid=121375)[0m (Worker pid=122556) INFO:2026-07-30 12:53:11,992:Loading standard weights (non-FP8, async), loaded_params: 43, loaded_buffers: 0
[36m(vLLMHttpServer pid=121375)[0m (Worker pid=122556) INFO:2026-07-30 12:53:14,423:Loading standard weights (non-FP8, async), loaded_params: 43, loaded_buffers: 0
[36m(vLLMHttpServer pid=121375)[0m (Worker pid=122556) INFO:2026-07-30 12:53:16,786:Loading standard weights (non-FP8, async), loaded_params: 41, loaded_buffers: 0
[36m(vLLMHttpServer pid=121375)[0m (Worker pid=122556) INFO:2026-07-30 12:53:19,039:Loading standard weights (non-FP8, async), loaded_params: 43, loaded_buffers: 0
[36m(vLLMHttpServer pid=121375)[0m (Worker pid=122556) INFO:2026-07-30 12:53:21,319:Loading standard weights (non-FP8, async), loaded_params: 43, loaded_buffers: 0
[36m(vLLMHttpServer pid=121375)[0m (Worker pid=122556) INFO:2026-07-30 12:53:23,483:Loading standard weights (non-FP8, async), loaded_params: 43, loaded_buffers: 0
[36m(vLLMHttpServer pid=121375)[0m (Worker pid=122556) INFO:2026-07-30 12:53:24,088:Loading standard weights (non-FP8, async), loaded_params: 12, loaded_buffers: 0
[36m(vLLMHttpServer pid=121375)[0m (Worker pid=122556) INFO:2026-07-30 12:53:25,733:Loading standard weights (non-FP8, async), loaded_params: 1, loaded_buffers: 0
[36m(vLLMHttpServer pid=121375)[0m (EngineCore pid=122102) WARNING 07-30 12:53:27 [scheduler.py:1883] reset_connector called but no KV connector is configured.
[36m(TaskRunnerV1 pid=108806)[0m Training Progress:  44%|████▍     | 55/125 [2:17:38<2:55:08, 150.12s/it]
[36m(TaskRunnerV1 pid=108806)[0m Dumped generations to /mnt/lv_model/npu60005420a/qy_owner_experiments_20260730/qy_owner_verl_full125_noeval_final_npu23/rollouts/55.jsonl
[36m(TaskRunnerV1 pid=108806)[0m step:55 - global_seqlen/min:65676.0 - global_seqlen/max:65676.0 - global_seqlen/minmax_diff:0.0 - global_seqlen/balanced_min:65676.0 - global_seqlen/balanced_max:65676.0 - global_seqlen/mean:65676.0 - actor/pg_clipfrac:0.0019110989250133142 - actor/ppo_kl:0.0008799071288462181 - actor/pg_clipfrac_lower:0.0 - actor/pg_loss:0.015153492718127382 - actor/loss:0.015153493732213974 - actor/grad_norm:0.01843979023396969 - actor/lr:1.7e-05 - actor/perf/max_memory_allocated_gb:22.93751096725464 - actor/perf/max_memory_reserved_gb:25.5703125 - actor/perf/cpu_memory_used_gb:98.9128646850586 - perf/mfu/actor:0.19149143670593796 - training/global_step:55 - training/epoch:0 - critic/score/mean:0.34375 - critic/score/max:1.0 - critic/score/min:0.0 - critic/rewards/mean:0.34375 - critic/rewards/max:1.0 - critic/rewards/min:0.0 - critic/advantages/mean:-0.015038742683827877 - critic/advantages/max:1.4999970197677612 - critic/advantages/min:-0.8660238981246948 - critic/returns/mean:-0.015038742683827877 - critic/returns/max:1.4999970197677612 - critic/returns/min:-0.8660238981246948 - response_length/mean:933.6875 - response_length/max:1024.0 - response_length/min:412.0 - response_length/clip_ratio:0.734375 - response_length_non_aborted/mean:933.6875 - response_length_non_aborted/max:1024.0 - response_length_non_aborted/min:412.0 - response_length_non_aborted/clip_ratio:0.734375 - response/aborted_ratio:0.0 - prompt_length/mean:92.5 - prompt_length/max:150.0 - prompt_length/min:60.0 - prompt_length/clip_ratio:0.0625 - timing_s/gen:56.19083691481501 - timing_s/old_log_prob:0.1359390076249838 - timing_s/adv:0.18177481554448605 - timing_s/update_actor:26.834193483926356 - timing_s/update_weights:64.90940549131483 - timing_s/step:148.41494385898113 - timing_per_token_ms/adv:0.0027677510132237963 - timing_per_token_ms/update_actor:0.40858446744513 - timing_per_token_ms/gen:0.9403379897385201 - perf/total_num_tokens:65676 - perf/time_per_step:148.41494385898113 - perf/throughput:221.2580427965634 - training/num_turns/mean:2.0 - training/num_turns/max:2 - training/num_turns/min:2 - training/off_policy/trajectory_spans/mean:1.0 - training/off_policy/trajectory_spans/max:1 - training/off_policy/trajectory_spans/min:1 - training/off_policy/trajectory_staleness/mean:0.0 - training/off_policy/trajectory_staleness/max:0 - training/off_policy/trajectory_staleness/min:0 - training/off_policy/trajectory_staleness_worst/mean:0.0 - training/off_policy/trajectory_staleness_worst/max:0 - training/off_policy/trajectory_staleness_worst/min:0
[36m(vLLMHttpServer pid=121375)[0m (Worker pid=122556) INFO:2026-07-30 12:55:33,849:Loading standard weights (non-FP8, async), loaded_params: 3, loaded_buffers: 0
[36m(vLLMHttpServer pid=121375)[0m (Worker pid=122556) INFO:2026-07-30 12:55:36,147:Loading standard weights (non-FP8, async), loaded_params: 43, loaded_buffers: 0
[36m(vLLMHttpServer pid=121375)[0m (Worker pid=122556) INFO:2026-07-30 12:55:38,379:Loading standard weights (non-FP8, async), loaded_params: 43, loaded_buffers: 0
[36m(vLLMHttpServer pid=121375)[0m (Worker pid=122556) INFO:2026-07-30 12:55:41,235:Loading standard weights (non-FP8, async), loaded_params: 41, loaded_buffers: 0
[36m(vLLMHttpServer pid=121375)[0m (Worker pid=122556) INFO:2026-07-30 12:55:43,489:Loading standard weights (non-FP8, async), loaded_params: 43, loaded_buffers: 0
[36m(vLLMHttpServer pid=121375)[0m (Worker pid=122556) INFO:2026-07-30 12:55:46,317:Loading standard weights (non-FP8, async), loaded_params: 43, loaded_buffers: 0
[36m(vLLMHttpServer pid=121375)[0m (Worker pid=122556) INFO:2026-07-30 12:55:48,771:Loading standard weights (non-FP8, async), loaded_params: 41, loaded_buffers: 0
[36m(vLLMHttpServer pid=121375)[0m (Worker pid=122556) INFO:2026-07-30 12:55:50,992:Loading standard weights (non-FP8, async), loaded_params: 43, loaded_buffers: 0
[36m(vLLMHttpServer pid=121375)[0m (Worker pid=122556) INFO:2026-07-30 12:55:53,263:Loading standard weights (non-FP8, async), loaded_params: 43, loaded_buffers: 0
[36m(vLLMHttpServer pid=121375)[0m (Worker pid=122556) INFO:2026-07-30 12:55:55,464:Loading standard weights (non-FP8, async), loaded_params: 43, loaded_buffers: 0
[36m(vLLMHttpServer pid=121375)[0m (Worker pid=122556) INFO:2026-07-30 12:55:56,046:Loading standard weights (non-FP8, async), loaded_params: 12, loaded_buffers: 0
[36m(vLLMHttpServer pid=121375)[0m (Worker pid=122556) INFO:2026-07-30 12:55:57,620:Loading standard weights (non-FP8, async), loaded_params: 1, loaded_buffers: 0
[36m(vLLMHttpServer pid=121375)[0m (EngineCore pid=122102) WARNING 07-30 12:55:59 [scheduler.py:1883] reset_connector called but no KV connector is configured.
[36m(TaskRunnerV1 pid=108806)[0m Training Progress:  45%|████▍     | 56/125 [2:20:10<2:53:14, 150.65s/it]
[36m(TaskRunnerV1 pid=108806)[0m Dumped generations to /mnt/lv_model/npu60005420a/qy_owner_experiments_20260730/qy_owner_verl_full125_noeval_final_npu23/rollouts/56.jsonl
[36m(TaskRunnerV1 pid=108806)[0m step:56 - global_seqlen/min:67044.0 - global_seqlen/max:67044.0 - global_seqlen/minmax_diff:0.0 - global_seqlen/balanced_min:67044.0 - global_seqlen/balanced_max:67044.0 - global_seqlen/mean:67044.0 - actor/pg_clipfrac:0.0019341874764958287 - actor/ppo_kl:0.0007741847396520076 - actor/pg_clipfrac_lower:0.0 - actor/pg_loss:0.017585987458005548 - actor/loss:0.017585987225174904 - actor/grad_norm:0.019470684230327606 - actor/lr:1.7e-05 - actor/perf/max_memory_allocated_gb:22.93751096725464 - actor/perf/max_memory_reserved_gb:25.5703125 - actor/perf/cpu_memory_used_gb:98.8517074584961 - perf/mfu/actor:0.1885290770763843 - training/global_step:56 - training/epoch:0 - critic/score/mean:0.53125 - critic/score/max:1.0 - critic/score/min:0.0 - critic/rewards/mean:0.53125 - critic/rewards/max:1.0 - critic/rewards/min:0.0 - critic/advantages/mean:-0.017398297786712646 - critic/advantages/max:1.4999970197677612 - critic/advantages/min:-1.4999970197677612 - critic/returns/mean:-0.017398297786712646 - critic/returns/max:1.4999970197677612 - critic/returns/min:-1.4999970197677612 - response_length/mean:952.875 - response_length/max:1024.0 - response_length/min:609.0 - response_length/clip_ratio:0.59375 - response_length_non_aborted/mean:952.875 - response_length_non_aborted/max:1024.0 - response_length_non_aborted/min:609.0 - response_length_non_aborted/clip_ratio:0.59375 - response/aborted_ratio:0.0 - prompt_length/mean:94.6875 - prompt_length/max:134.0 - prompt_length/min:65.0 - prompt_length/clip_ratio:0.0625 - timing_s/gen:56.193990444764495 - timing_s/old_log_prob:0.13751858845353127 - timing_s/adv:0.18197639007121325 - timing_s/update_actor:27.815096359699965 - timing_s/update_weights:67.1118657561019 - timing_s/step:151.6025354899466 - timing_per_token_ms/adv:0.0027142830092359233 - timing_per_token_ms/update_actor:0.4148782345877329 - timing_per_token_ms/gen:0.9214546511341417 - perf/total_num_tokens:67044 - perf/time_per_step:151.6025354899466 - perf/throughput:221.1176738678159 - training/num_turns/mean:2.0 - training/num_turns/max:2 - training/num_turns/min:2 - training/off_policy/trajectory_spans/mean:1.0 - training/off_policy/trajectory_spans/max:1 - training/off_policy/trajectory_spans/min:1 - training/off_policy/trajectory_staleness/mean:0.0 - training/off_policy/trajectory_staleness/max:0 - training/off_policy/trajectory_staleness/min:0 - training/off_policy/trajectory_staleness_worst/mean:0.0 - training/off_policy/trajectory_staleness_worst/max:0 - training/off_policy/trajectory_staleness_worst/min:0
[36m(vLLMHttpServer pid=121375)[0m (Worker pid=122556) INFO:2026-07-30 12:58:07,484:Loading standard weights (non-FP8, async), loaded_params: 3, loaded_buffers: 0
[36m(vLLMHttpServer pid=121375)[0m (Worker pid=122556) INFO:2026-07-30 12:58:10,090:Loading standard weights (non-FP8, async), loaded_params: 43, loaded_buffers: 0
[36m(vLLMHttpServer pid=121375)[0m (Worker pid=122556) INFO:2026-07-30 12:58:12,556:Loading standard weights (non-FP8, async), loaded_params: 43, loaded_buffers: 0
[36m(vLLMHttpServer pid=121375)[0m (Worker pid=122556) INFO:2026-07-30 12:58:14,947:Loading standard weights (non-FP8, async), loaded_params: 41, loaded_buffers: 0
[36m(vLLMHttpServer pid=121375)[0m (Worker pid=122556) INFO:2026-07-30 12:58:17,483:Loading standard weights (non-FP8, async), loaded_params: 43, loaded_buffers: 0
[36m(vLLMHttpServer pid=121375)[0m (Worker pid=122556) INFO:2026-07-30 12:58:19,886:Loading standard weights (non-FP8, async), loaded_params: 43, loaded_buffers: 0
[36m(vLLMHttpServer pid=121375)[0m (Worker pid=122556) INFO:2026-07-30 12:58:22,252:Loading standard weights (non-FP8, async), loaded_params: 41, loaded_buffers: 0
[36m(vLLMHttpServer pid=121375)[0m (Worker pid=122556) INFO:2026-07-30 12:58:24,417:Loading standard weights (non-FP8, async), loaded_params: 43, loaded_buffers: 0
[36m(vLLMHttpServer pid=121375)[0m (Worker pid=122556) INFO:2026-07-30 12:58:26,668:Loading standard weights (non-FP8, async), loaded_params: 43, loaded_buffers: 0
[36m(vLLMHttpServer pid=121375)[0m (Worker pid=122556) INFO:2026-07-30 12:58:28,858:Loading standard weights (non-FP8, async), loaded_params: 43, loaded_buffers: 0
[36m(vLLMHttpServer pid=121375)[0m (Worker pid=122556) INFO:2026-07-30 12:58:29,451:Loading standard weights (non-FP8, async), loaded_params: 12, loaded_buffers: 0
[36m(vLLMHttpServer pid=121375)[0m (Worker pid=122556) INFO:2026-07-30 12:58:31,114:Loading standard weights (non-FP8, async), loaded_params: 1, loaded_buffers: 0
[36m(vLLMHttpServer pid=121375)[0m (EngineCore pid=122102) WARNING 07-30 12:58:32 [scheduler.py:1883] reset_connector called but no KV connector is configured.
[36m(TaskRunnerV1 pid=108806)[0m Dumped generations to /mnt/lv_model/npu60005420a/qy_owner_experiments_20260730/qy_owner_verl_full125_noeval_final_npu23/rollouts/57.jsonl
[36m(TaskRunnerV1 pid=108806)[0m Training Progress:  46%|████▌     | 57/125 [2:22:44<2:51:42, 151.51s/it]
[36m(TaskRunnerV1 pid=108806)[0m step:57 - global_seqlen/min:69820.0 - global_seqlen/max:69820.0 - global_seqlen/minmax_diff:0.0 - global_seqlen/balanced_min:69820.0 - global_seqlen/balanced_max:69820.0 - global_seqlen/mean:69820.0 - actor/pg_clipfrac:0.0026529299405713878 - actor/ppo_kl:0.0007858130647946382 - actor/pg_clipfrac_lower:0.0 - actor/pg_loss:0.020255734500096878 - actor/loss:0.020255737006664276 - actor/grad_norm:0.021601827815175056 - actor/lr:1.7e-05 - actor/perf/max_memory_allocated_gb:22.93751096725464 - actor/perf/max_memory_reserved_gb:25.5703125 - actor/perf/cpu_memory_used_gb:98.94331741333008 - perf/mfu/actor:0.17871153857501765 - training/global_step:57 - training/epoch:0 - critic/score/mean:0.28125 - critic/score/max:1.0 - critic/score/min:0.0 - critic/rewards/mean:0.28125 - critic/rewards/max:1.0 - critic/rewards/min:0.0 - critic/advantages/mean:-0.02014213241636753 - critic/advantages/max:1.4999970197677612 - critic/advantages/min:-1.4999970197677612 - critic/returns/mean:-0.02014213241636753 - critic/returns/max:1.4999970197677612 - critic/returns/min:-1.4999970197677612 - response_length/mean:999.5 - response_length/max:1024.0 - response_length/min:671.0 - response_length/clip_ratio:0.859375 - response_length_non_aborted/mean:999.5 - response_length_non_aborted/max:1024.0 - response_length_non_aborted/min:671.0 - response_length_non_aborted/clip_ratio:0.859375 - response/aborted_ratio:0.0 - prompt_length/mean:91.4375 - prompt_length/max:129.0 - prompt_length/min:65.0 - prompt_length/clip_ratio:0.0625 - timing_s/gen:56.21980413142592 - timing_s/old_log_prob:0.13328572362661362 - timing_s/adv:0.17743267677724361 - timing_s/update_actor:30.562076207250357 - timing_s/update_weights:65.97816011216491 - timing_s/step:153.23516693152487 - timing_per_token_ms/adv:0.002541287264068227 - timing_per_token_ms/update_actor:0.43772667154469147 - timing_per_token_ms/gen:0.8788738764917758 - perf/total_num_tokens:69820 - perf/time_per_step:153.23516693152487 - perf/throughput:227.81976682676233 - training/num_turns/mean:2.0 - training/num_turns/max:2 - training/num_turns/min:2 - training/off_policy/trajectory_spans/mean:1.0 - training/off_policy/trajectory_spans/max:1 - training/off_policy/trajectory_spans/min:1 - training/off_policy/trajectory_staleness/mean:0.0 - training/off_policy/trajectory_staleness/max:0 - training/off_policy/trajectory_staleness/min:0 - training/off_policy/trajectory_staleness_worst/mean:0.0 - training/off_policy/trajectory_staleness_worst/max:0 - training/off_policy/trajectory_staleness_worst/min:0
[36m(vLLMHttpServer pid=121375)[0m (Worker pid=122556) INFO:2026-07-30 13:00:38,853:Loading standard weights (non-FP8, async), loaded_params: 3, loaded_buffers: 0
[36m(vLLMHttpServer pid=121375)[0m (Worker pid=122556) INFO:2026-07-30 13:00:41,336:Loading standard weights (non-FP8, async), loaded_params: 43, loaded_buffers: 0
[36m(vLLMHttpServer pid=121375)[0m (Worker pid=122556) INFO:2026-07-30 13:00:43,598:Loading standard weights (non-FP8, async), loaded_params: 43, loaded_buffers: 0
[36m(vLLMHttpServer pid=121375)[0m (Worker pid=122556) INFO:2026-07-30 13:00:46,008:Loading standard weights (non-FP8, async), loaded_params: 41, loaded_buffers: 0
[36m(vLLMHttpServer pid=121375)[0m (Worker pid=122556) INFO:2026-07-30 13:00:48,249:Loading standard weights (non-FP8, async), loaded_params: 43, loaded_buffers: 0
[36m(vLLMHttpServer pid=121375)[0m (Worker pid=122556) INFO:2026-07-30 13:00:50,486:Loading standard weights (non-FP8, async), loaded_params: 43, loaded_buffers: 0
[36m(vLLMHttpServer pid=121375)[0m (Worker pid=122556) INFO:2026-07-30 13:00:52,859:Loading standard weights (non-FP8, async), loaded_params: 41, loaded_buffers: 0
[36m(vLLMHttpServer pid=121375)[0m (Worker pid=122556) INFO:2026-07-30 13:00:55,136:Loading standard weights (non-FP8, async), loaded_params: 43, loaded_buffers: 0
[36m(vLLMHttpServer pid=121375)[0m (Worker pid=122556) INFO:2026-07-30 13:00:57,363:Loading standard weights (non-FP8, async), loaded_params: 43, loaded_buffers: 0
[36m(vLLMHttpServer pid=121375)[0m (Worker pid=122556) INFO:2026-07-30 13:00:59,572:Loading standard weights (non-FP8, async), loaded_params: 43, loaded_buffers: 0
[36m(vLLMHttpServer pid=121375)[0m (Worker pid=122556) INFO:2026-07-30 13:01:00,184:Loading standard weights (non-FP8, async), loaded_params: 12, loaded_buffers: 0
[36m(vLLMHttpServer pid=121375)[0m (Worker pid=122556) INFO:2026-07-30 13:01:01,812:Loading standard weights (non-FP8, async), loaded_params: 1, loaded_buffers: 0
[36m(vLLMHttpServer pid=121375)[0m (EngineCore pid=122102) WARNING 07-30 13:01:03 [scheduler.py:1883] reset_connector called but no KV connector is configured.
[36m(TaskRunnerV1 pid=108806)[0m Training Progress:  46%|████▋     | 58/125 [2:25:14<2:48:54, 151.26s/it]
[36m(TaskRunnerV1 pid=108806)[0m Dumped generations to /mnt/lv_model/npu60005420a/qy_owner_experiments_20260730/qy_owner_verl_full125_noeval_final_npu23/rollouts/58.jsonl
[36m(TaskRunnerV1 pid=108806)[0m step:58 - global_seqlen/min:69762.0 - global_seqlen/max:69762.0 - global_seqlen/minmax_diff:0.0 - global_seqlen/balanced_min:69762.0 - global_seqlen/balanced_max:69762.0 - global_seqlen/mean:69762.0 - actor/pg_clipfrac:0.0010985405097017065 - actor/ppo_kl:0.0004633614434068376 - actor/pg_clipfrac_lower:0.0 - actor/pg_loss:0.008890615194104612 - actor/loss:0.008890614844858646 - actor/grad_norm:0.01519513875246048 - actor/lr:1.7e-05 - actor/perf/max_memory_allocated_gb:22.93751096725464 - actor/perf/max_memory_reserved_gb:25.5703125 - actor/perf/cpu_memory_used_gb:98.92315292358398 - perf/mfu/actor:0.19057989678911447 - training/global_step:58 - training/epoch:0 - critic/score/mean:0.34375 - critic/score/max:1.0 - critic/score/min:0.0 - critic/rewards/mean:0.34375 - critic/rewards/max:1.0 - critic/rewards/min:0.0 - critic/advantages/mean:-0.008914747275412083 - critic/advantages/max:1.4999970197677612 - critic/advantages/min:-1.4999970197677612 - critic/returns/mean:-0.008914747275412083 - critic/returns/max:1.4999970197677612 - critic/returns/min:-1.4999970197677612 - response_length/mean:990.28125 - response_length/max:1024.0 - response_length/min:673.0 - response_length/clip_ratio:0.78125 - response_length_non_aborted/mean:990.28125 - response_length_non_aborted/max:1024.0 - response_length_non_aborted/min:673.0 - response_length_non_aborted/clip_ratio:0.78125 - response/aborted_ratio:0.0 - prompt_length/mean:99.75 - prompt_length/max:137.0 - prompt_length/min:78.0 - prompt_length/clip_ratio:0.0625 - timing_s/gen:56.19314356986433 - timing_s/old_log_prob:0.14212340954691172 - timing_s/adv:0.1857405062764883 - timing_s/update_actor:28.65739430114627 - timing_s/update_weights:65.06191061902791 - timing_s/step:150.39983673859388 - timing_per_token_ms/adv:0.0026624882640475947 - timing_per_token_ms/update_actor:0.41078802644915957 - timing_per_token_ms/gen:0.8866348507347082 - perf/total_num_tokens:69762 - perf/time_per_step:150.39983673859388 - perf/throughput:231.92179430770113 - training/num_turns/mean:2.0 - training/num_turns/max:2 - training/num_turns/min:2 - training/off_policy/trajectory_spans/mean:1.0 - training/off_policy/trajectory_spans/max:1 - training/off_policy/trajectory_spans/min:1 - training/off_policy/trajectory_staleness/mean:0.0 - training/off_policy/trajectory_staleness/max:0 - training/off_policy/trajectory_staleness/min:0 - training/off_policy/trajectory_staleness_worst/mean:0.0 - training/off_policy/trajectory_staleness_worst/max:0 - training/off_policy/trajectory_staleness_worst/min:0
[36m(vLLMHttpServer pid=121375)[0m (Worker pid=122556) INFO:2026-07-30 13:03:06,504:Loading standard weights (non-FP8, async), loaded_params: 3, loaded_buffers: 0
[36m(vLLMHttpServer pid=121375)[0m (Worker pid=122556) INFO:2026-07-30 13:03:08,758:Loading standard weights (non-FP8, async), loaded_params: 43, loaded_buffers: 0
[36m(vLLMHttpServer pid=121375)[0m (Worker pid=122556) INFO:2026-07-30 13:03:10,857:Loading standard weights (non-FP8, async), loaded_params: 43, loaded_buffers: 0
[36m(vLLMHttpServer pid=121375)[0m (Worker pid=122556) INFO:2026-07-30 13:03:13,251:Loading standard weights (non-FP8, async), loaded_params: 41, loaded_buffers: 0
[36m(vLLMHttpServer pid=121375)[0m (Worker pid=122556) INFO:2026-07-30 13:03:15,670:Loading standard weights (non-FP8, async), loaded_params: 43, loaded_buffers: 0
[36m(vLLMHttpServer pid=121375)[0m (Worker pid=122556) INFO:2026-07-30 13:03:18,166:Loading standard weights (non-FP8, async), loaded_params: 43, loaded_buffers: 0
[36m(vLLMHttpServer pid=121375)[0m (Worker pid=122556) INFO:2026-07-30 13:03:20,510:Loading standard weights (non-FP8, async), loaded_params: 41, loaded_buffers: 0
[36m(vLLMHttpServer pid=121375)[0m (Worker pid=122556) INFO:2026-07-30 13:03:22,702:Loading standard weights (non-FP8, async), loaded_params: 43, loaded_buffers: 0
[36m(vLLMHttpServer pid=121375)[0m (Worker pid=122556) INFO:2026-07-30 13:03:24,950:Loading standard weights (non-FP8, async), loaded_params: 43, loaded_buffers: 0
[36m(vLLMHttpServer pid=121375)[0m (Worker pid=122556) INFO:2026-07-30 13:03:27,125:Loading standard weights (non-FP8, async), loaded_params: 43, loaded_buffers: 0
[36m(vLLMHttpServer pid=121375)[0m (Worker pid=122556) INFO:2026-07-30 13:03:27,686:Loading standard weights (non-FP8, async), loaded_params: 12, loaded_buffers: 0
[36m(vLLMHttpServer pid=121375)[0m (Worker pid=122556) INFO:2026-07-30 13:03:29,279:Loading standard weights (non-FP8, async), loaded_params: 1, loaded_buffers: 0
[36m(vLLMHttpServer pid=121375)[0m (EngineCore pid=122102) WARNING 07-30 13:03:31 [scheduler.py:1883] reset_connector called but no KV connector is configured.
[36m(TaskRunnerV1 pid=108806)[0m Dumped generations to /mnt/lv_model/npu60005420a/qy_owner_experiments_20260730/qy_owner_verl_full125_noeval_final_npu23/rollouts/59.jsonl
[36m(TaskRunnerV1 pid=108806)[0m Training Progress:  47%|████▋     | 59/125 [2:27:42<2:45:15, 150.23s/it]
[36m(TaskRunnerV1 pid=108806)[0m step:59 - global_seqlen/min:64157.0 - global_seqlen/max:64157.0 - global_seqlen/minmax_diff:0.0 - global_seqlen/balanced_min:64157.0 - global_seqlen/balanced_max:64157.0 - global_seqlen/mean:64157.0 - actor/pg_clipfrac:0.002922274899901822 - actor/ppo_kl:0.0006670452298749296 - actor/pg_clipfrac_lower:0.0 - actor/pg_loss:0.017267568793613464 - actor/loss:0.017267562448978424 - actor/grad_norm:0.02379692904651165 - actor/lr:1.7e-05 - actor/perf/max_memory_allocated_gb:22.93751096725464 - actor/perf/max_memory_reserved_gb:25.5703125 - actor/perf/cpu_memory_used_gb:98.96724319458008 - perf/mfu/actor:0.18028410630311706 - training/global_step:59 - training/epoch:0 - critic/score/mean:0.5625 - critic/score/max:1.0 - critic/score/min:0.0 - critic/rewards/mean:0.5625 - critic/rewards/max:1.0 - critic/rewards/min:0.0 - critic/advantages/mean:-0.017247186973690987 - critic/advantages/max:1.4999970197677612 - critic/advantages/min:-1.4999970197677612 - critic/returns/mean:-0.017247186973690987 - critic/returns/max:1.4999970197677612 - critic/returns/min:-1.4999970197677612 - response_length/mean:915.828125 - response_length/max:1024.0 - response_length/min:494.0 - response_length/clip_ratio:0.53125 - response_length_non_aborted/mean:915.828125 - response_length_non_aborted/max:1024.0 - response_length_non_aborted/min:494.0 - response_length_non_aborted/clip_ratio:0.53125 - response/aborted_ratio:0.0 - prompt_length/mean:86.625 - prompt_length/max:106.0 - prompt_length/min:69.0 - prompt_length/clip_ratio:0.0625 - timing_s/gen:54.208532348275185 - timing_s/old_log_prob:0.1353179207071662 - timing_s/adv:0.18068085703998804 - timing_s/update_actor:27.79947778582573 - timing_s/update_weights:65.08314685057849 - timing_s/step:147.57245134934783 - timing_per_token_ms/adv:0.0028162298274543394 - timing_per_token_ms/update_actor:0.43330389179396994 - timing_per_token_ms/gen:0.9248551063462915 - perf/total_num_tokens:64157 - perf/time_per_step:147.57245134934783 - perf/throughput:217.3745824961643 - training/num_turns/mean:2.0 - training/num_turns/max:2 - training/num_turns/min:2 - training/off_policy/trajectory_spans/mean:1.0 - training/off_policy/trajectory_spans/max:1 - training/off_policy/trajectory_spans/min:1 - training/off_policy/trajectory_staleness/mean:0.0 - training/off_policy/trajectory_staleness/max:0 - training/off_policy/trajectory_staleness/min:0 - training/off_policy/trajectory_staleness_worst/mean:0.0 - training/off_policy/trajectory_staleness_worst/max:0 - training/off_policy/trajectory_staleness_worst/min:0
[36m(vLLMHttpServer pid=121375)[0m (Worker pid=122556) INFO:2026-07-30 13:05:33,294:Loading standard weights (non-FP8, async), loaded_params: 3, loaded_buffers: 0
[36m(vLLMHttpServer pid=121375)[0m (Worker pid=122556) INFO:2026-07-30 13:05:35,606:Loading standard weights (non-FP8, async), loaded_params: 43, loaded_buffers: 0
[36m(vLLMHttpServer pid=121375)[0m (Worker pid=122556) INFO:2026-07-30 13:05:39,538:Loading standard weights (non-FP8, async), loaded_params: 43, loaded_buffers: 0
[36m(vLLMHttpServer pid=121375)[0m (Worker pid=122556) INFO:2026-07-30 13:05:42,178:Loading standard weights (non-FP8, async), loaded_params: 41, loaded_buffers: 0
[36m(vLLMHttpServer pid=121375)[0m (Worker pid=122556) INFO:2026-07-30 13:05:44,423:Loading standard weights (non-FP8, async), loaded_params: 43, loaded_buffers: 0
[36m(vLLMHttpServer pid=121375)[0m (Worker pid=122556) INFO:2026-07-30 13:05:46,730:Loading standard weights (non-FP8, async), loaded_params: 43, loaded_buffers: 0
[36m(vLLMHttpServer pid=121375)[0m (Worker pid=122556) INFO:2026-07-30 13:05:49,043:Loading standard weights (non-FP8, async), loaded_params: 41, loaded_buffers: 0
[36m(vLLMHttpServer pid=121375)[0m (Worker pid=122556) INFO:2026-07-30 13:05:51,215:Loading standard weights (non-FP8, async), loaded_params: 43, loaded_buffers: 0
[36m(vLLMHttpServer pid=121375)[0m (Worker pid=122556) INFO:2026-07-30 13:05:53,497:Loading standard weights (non-FP8, async), loaded_params: 43, loaded_buffers: 0
[36m(vLLMHttpServer pid=121375)[0m (Worker pid=122556) INFO:2026-07-30 13:05:55,751:Loading standard weights (non-FP8, async), loaded_params: 43, loaded_buffers: 0
[36m(vLLMHttpServer pid=121375)[0m (Worker pid=122556) INFO:2026-07-30 13:05:56,340:Loading standard weights (non-FP8, async), loaded_params: 12, loaded_buffers: 0
[36m(vLLMHttpServer pid=121375)[0m (Worker pid=122556) INFO:2026-07-30 13:05:57,992:Loading standard weights (non-FP8, async), loaded_params: 1, loaded_buffers: 0
[36m(vLLMHttpServer pid=121375)[0m (EngineCore pid=122102) WARNING 07-30 13:05:59 [scheduler.py:1883] reset_connector called but no KV connector is configured.
[36m(TaskRunnerV1 pid=108806)[0m Dumped generations to /mnt/lv_model/npu60005420a/qy_owner_experiments_20260730/qy_owner_verl_full125_noeval_final_npu23/rollouts/60.jsonl
[36m(TaskRunnerV1 pid=108806)[0m Training Progress:  48%|████▊     | 60/125 [2:30:11<2:42:12, 149.74s/it]
[36m(TaskRunnerV1 pid=108806)[0m step:60 - global_seqlen/min:62651.0 - global_seqlen/max:62651.0 - global_seqlen/minmax_diff:0.0 - global_seqlen/balanced_min:62651.0 - global_seqlen/balanced_max:62651.0 - global_seqlen/mean:62651.0 - actor/pg_clipfrac:0.0010394543496659026 - actor/ppo_kl:0.0007551208045697422 - actor/pg_clipfrac_lower:0.0 - actor/pg_loss:0.009164152489574917 - actor/loss:0.009164153598248959 - actor/grad_norm:0.014658934436738491 - actor/lr:1.7e-05 - actor/perf/max_memory_allocated_gb:22.93751096725464 - actor/perf/max_memory_reserved_gb:25.5703125 - actor/perf/cpu_memory_used_gb:98.92789840698242 - perf/mfu/actor:0.1844302648870395 - training/global_step:60 - training/epoch:0 - critic/score/mean:0.40625 - critic/score/max:1.0 - critic/score/min:0.0 - critic/rewards/mean:0.40625 - critic/rewards/max:1.0 - critic/rewards/min:0.0 - critic/advantages/mean:-0.0091211823746562 - critic/advantages/max:1.4999970197677612 - critic/advantages/min:-1.4999970197677612 - critic/returns/mean:-0.0091211823746562 - critic/returns/max:1.4999970197677612 - critic/returns/min:-1.4999970197677612 - response_length/mean:895.921875 - response_length/max:1024.0 - response_length/min:351.0 - response_length/clip_ratio:0.625 - response_length_non_aborted/mean:895.921875 - response_length_non_aborted/max:1024.0 - response_length_non_aborted/min:351.0 - response_length_non_aborted/clip_ratio:0.625 - response/aborted_ratio:0.0 - prompt_length/mean:83.0 - prompt_length/max:109.0 - prompt_length/min:64.0 - prompt_length/clip_ratio:0.0625 - timing_s/gen:54.203101196326315 - timing_s/old_log_prob:0.12894237414002419 - timing_s/adv:0.17004429269582033 - timing_s/update_actor:26.549765990115702 - timing_s/update_weights:67.09882890153676 - timing_s/step:148.31329747661948 - timing_per_token_ms/adv:0.002714151293607769 - timing_per_token_ms/update_actor:0.42377242167109386 - timing_per_token_ms/gen:0.9453094960903803 - perf/total_num_tokens:62651 - perf/time_per_step:148.31329747661948 - perf/throughput:211.21167510241781 - training/num_turns/mean:2.0 - training/num_turns/max:2 - training/num_turns/min:2 - training/off_policy/trajectory_spans/mean:1.0 - training/off_policy/trajectory_spans/max:1 - training/off_policy/trajectory_spans/min:1 - training/off_policy/trajectory_staleness/mean:0.0 - training/off_policy/trajectory_staleness/max:0 - training/off_policy/trajectory_staleness/min:0 - training/off_policy/trajectory_staleness_worst/mean:0.0 - training/off_policy/trajectory_staleness_worst/max:0 - training/off_policy/trajectory_staleness_worst/min:0
[36m(vLLMHttpServer pid=121375)[0m (Worker pid=122556) INFO:2026-07-30 13:08:03,507:Loading standard weights (non-FP8, async), loaded_params: 3, loaded_buffers: 0
[36m(vLLMHttpServer pid=121375)[0m (Worker pid=122556) INFO:2026-07-30 13:08:05,947:Loading standard weights (non-FP8, async), loaded_params: 43, loaded_buffers: 0
[36m(vLLMHttpServer pid=121375)[0m (Worker pid=122556) INFO:2026-07-30 13:08:08,364:Loading standard weights (non-FP8, async), loaded_params: 43, loaded_buffers: 0
[36m(vLLMHttpServer pid=121375)[0m (Worker pid=122556) INFO:2026-07-30 13:08:10,932:Loading standard weights (non-FP8, async), loaded_params: 41, loaded_buffers: 0
[36m(vLLMHttpServer pid=121375)[0m (Worker pid=122556) INFO:2026-07-30 13:08:13,323:Loading standard weights (non-FP8, async), loaded_params: 43, loaded_buffers: 0
[36m(vLLMHttpServer pid=121375)[0m (Worker pid=122556) INFO:2026-07-30 13:08:15,610:Loading standard weights (non-FP8, async), loaded_params: 43, loaded_buffers: 0
[36m(vLLMHttpServer pid=121375)[0m (Worker pid=122556) INFO:2026-07-30 13:08:18,033:Loading standard weights (non-FP8, async), loaded_params: 41, loaded_buffers: 0
[36m(vLLMHttpServer pid=121375)[0m (Worker pid=122556) INFO:2026-07-30 13:08:20,296:Loading standard weights (non-FP8, async), loaded_params: 43, loaded_buffers: 0
[36m(vLLMHttpServer pid=121375)[0m (Worker pid=122556) INFO:2026-07-30 13:08:22,508:Loading standard weights (non-FP8, async), loaded_params: 43, loaded_buffers: 0
[36m(vLLMHttpServer pid=121375)[0m (Worker pid=122556) INFO:2026-07-30 13:08:24,702:Loading standard weights (non-FP8, async), loaded_params: 43, loaded_buffers: 0
[36m(vLLMHttpServer pid=121375)[0m (Worker pid=122556) INFO:2026-07-30 13:08:25,302:Loading standard weights (non-FP8, async), loaded_params: 12, loaded_buffers: 0
[36m(vLLMHttpServer pid=121375)[0m (Worker pid=122556) INFO:2026-07-30 13:08:26,909:Loading standard weights (non-FP8, async), loaded_params: 1, loaded_buffers: 0
[36m(vLLMHttpServer pid=121375)[0m (EngineCore pid=122102) WARNING 07-30 13:08:28 [scheduler.py:1883] reset_connector called but no KV connector is configured.
[36m(TaskRunnerV1 pid=108806)[0m Training Progress:  49%|████▉     | 61/125 [2:32:40<2:39:24, 149.44s/it]
[36m(TaskRunnerV1 pid=108806)[0m Dumped generations to /mnt/lv_model/npu60005420a/qy_owner_experiments_20260730/qy_owner_verl_full125_noeval_final_npu23/rollouts/61.jsonl
[36m(TaskRunnerV1 pid=108806)[0m step:61 - global_seqlen/min:61620.0 - global_seqlen/max:61620.0 - global_seqlen/minmax_diff:0.0 - global_seqlen/balanced_min:61620.0 - global_seqlen/balanced_max:61620.0 - global_seqlen/mean:61620.0 - actor/pg_clipfrac:0.0024700586072867736 - actor/ppo_kl:0.0003775830974745986 - actor/pg_clipfrac_lower:0.0 - actor/pg_loss:0.028725788011797704 - actor/loss:0.02872578799724579 - actor/grad_norm:0.022121135145425797 - actor/lr:1.7e-05 - actor/perf/max_memory_allocated_gb:22.93751096725464 - actor/perf/max_memory_reserved_gb:25.5703125 - actor/perf/cpu_memory_used_gb:98.92108917236328 - perf/mfu/actor:0.17698397409370858 - training/global_step:61 - training/epoch:0 - critic/score/mean:0.59375 - critic/score/max:1.0 - critic/score/min:0.0 - critic/rewards/mean:0.59375 - critic/rewards/max:1.0 - critic/rewards/min:0.0 - critic/advantages/mean:-0.028569133952260017 - critic/advantages/max:1.4999970197677612 - critic/advantages/min:-1.4999970197677612 - critic/returns/mean:-0.028569133952260017 - critic/returns/max:1.4999970197677612 - critic/returns/min:-1.4999970197677612 - response_length/mean:878.625 - response_length/max:1024.0 - response_length/min:361.0 - response_length/clip_ratio:0.5 - response_length_non_aborted/mean:878.625 - response_length_non_aborted/max:1024.0 - response_length_non_aborted/min:361.0 - response_length_non_aborted/clip_ratio:0.5 - response/aborted_ratio:0.0 - prompt_length/mean:84.1875 - prompt_length/max:108.0 - prompt_length/min:70.0 - prompt_length/clip_ratio:0.0625 - timing_s/gen:54.18553961254656 - timing_s/old_log_prob:0.1328570693731308 - timing_s/adv:0.18544424884021282 - timing_s/update_actor:27.18136421777308 - timing_s/update_weights:66.63527104724199 - timing_s/step:148.48394929245114 - timing_per_token_ms/adv:0.003009481480691542 - timing_per_token_ms/update_actor:0.4411126942189724 - timing_per_token_ms/gen:0.963606836188408 - perf/total_num_tokens:61620 - perf/time_per_step:148.48394929245114 - perf/throughput:207.49717492573703 - training/num_turns/mean:2.0 - training/num_turns/max:2 - training/num_turns/min:2 - training/off_policy/trajectory_spans/mean:1.0 - training/off_policy/trajectory_spans/max:1 - training/off_policy/trajectory_spans/min:1 - training/off_policy/trajectory_staleness/mean:0.0 - training/off_policy/trajectory_staleness/max:0 - training/off_policy/trajectory_staleness/min:0 - training/off_policy/trajectory_staleness_worst/mean:0.0 - training/off_policy/trajectory_staleness_worst/max:0 - training/off_policy/trajectory_staleness_worst/min:0
[36m(vLLMHttpServer pid=121375)[0m (Worker pid=122556) INFO:2026-07-30 13:10:32,237:Loading standard weights (non-FP8, async), loaded_params: 3, loaded_buffers: 0
[36m(vLLMHttpServer pid=121375)[0m (Worker pid=122556) INFO:2026-07-30 13:10:34,831:Loading standard weights (non-FP8, async), loaded_params: 43, loaded_buffers: 0
[36m(vLLMHttpServer pid=121375)[0m (Worker pid=122556) INFO:2026-07-30 13:10:37,995:Loading standard weights (non-FP8, async), loaded_params: 43, loaded_buffers: 0
[36m(vLLMHttpServer pid=121375)[0m (Worker pid=122556) INFO:2026-07-30 13:10:40,407:Loading standard weights (non-FP8, async), loaded_params: 41, loaded_buffers: 0
[36m(vLLMHttpServer pid=121375)[0m (Worker pid=122556) INFO:2026-07-30 13:10:42,683:Loading standard weights (non-FP8, async), loaded_params: 43, loaded_buffers: 0
[36m(vLLMHttpServer pid=121375)[0m (Worker pid=122556) INFO:2026-07-30 13:10:44,972:Loading standard weights (non-FP8, async), loaded_params: 43, loaded_buffers: 0
[36m(vLLMHttpServer pid=121375)[0m (Worker pid=122556) INFO:2026-07-30 13:10:47,269:Loading standard weights (non-FP8, async), loaded_params: 41, loaded_buffers: 0
[36m(vLLMHttpServer pid=121375)[0m (Worker pid=122556) INFO:2026-07-30 13:10:49,437:Loading standard weights (non-FP8, async), loaded_params: 43, loaded_buffers: 0
[36m(vLLMHttpServer pid=121375)[0m (Worker pid=122556) INFO:2026-07-30 13:10:51,656:Loading standard weights (non-FP8, async), loaded_params: 43, loaded_buffers: 0
[36m(vLLMHttpServer pid=121375)[0m (Worker pid=122556) INFO:2026-07-30 13:10:53,910:Loading standard weights (non-FP8, async), loaded_params: 43, loaded_buffers: 0
[36m(vLLMHttpServer pid=121375)[0m (Worker pid=122556) INFO:2026-07-30 13:10:54,516:Loading standard weights (non-FP8, async), loaded_params: 12, loaded_buffers: 0
[36m(vLLMHttpServer pid=121375)[0m (Worker pid=122556) INFO:2026-07-30 13:10:56,087:Loading standard weights (non-FP8, async), loaded_params: 1, loaded_buffers: 0
[36m(vLLMHttpServer pid=121375)[0m (EngineCore pid=122102) WARNING 07-30 13:10:57 [scheduler.py:1883] reset_connector called but no KV connector is configured.
[36m(TaskRunnerV1 pid=108806)[0m Training Progress:  50%|████▉     | 62/125 [2:35:09<2:36:48, 149.34s/it]
[36m(TaskRunnerV1 pid=108806)[0m Dumped generations to /mnt/lv_model/npu60005420a/qy_owner_experiments_20260730/qy_owner_verl_full125_noeval_final_npu23/rollouts/62.jsonl
[36m(TaskRunnerV1 pid=108806)[0m step:62 - global_seqlen/min:68476.0 - global_seqlen/max:68476.0 - global_seqlen/minmax_diff:0.0 - global_seqlen/balanced_min:68476.0 - global_seqlen/balanced_max:68476.0 - global_seqlen/mean:68476.0 - actor/pg_clipfrac:0.0022101083065054435 - actor/ppo_kl:0.001121786405907615 - actor/pg_clipfrac_lower:0.0 - actor/pg_loss:0.018605238787131384 - actor/loss:0.018605243414640427 - actor/grad_norm:0.01935991272330284 - actor/lr:1.7e-05 - actor/perf/max_memory_allocated_gb:22.93751096725464 - actor/perf/max_memory_reserved_gb:25.5703125 - actor/perf/cpu_memory_used_gb:98.9116439819336 - perf/mfu/actor:0.2052286565648027 - training/global_step:62 - training/epoch:0 - critic/score/mean:0.328125 - critic/score/max:1.0 - critic/score/min:0.0 - critic/rewards/mean:0.328125 - critic/rewards/max:1.0 - critic/rewards/min:0.0 - critic/advantages/mean:-0.018480412662029266 - critic/advantages/max:1.4999970197677612 - critic/advantages/min:-1.4999970197677612 - critic/returns/mean:-0.018480412662029266 - critic/returns/max:1.4999970197677612 - critic/returns/min:-1.4999970197677612 - response_length/mean:981.0625 - response_length/max:1024.0 - response_length/min:606.0 - response_length/clip_ratio:0.734375 - response_length_non_aborted/mean:981.0625 - response_length_non_aborted/max:1024.0 - response_length_non_aborted/min:606.0 - response_length_non_aborted/clip_ratio:0.734375 - response/aborted_ratio:0.0 - prompt_length/mean:88.875 - prompt_length/max:119.0 - prompt_length/min:69.0 - prompt_length/clip_ratio:0.0625 - timing_s/gen:56.197212499566376 - timing_s/old_log_prob:0.1284181997179985 - timing_s/adv:0.17592251859605312 - timing_s/update_actor:26.12256342638284 - timing_s/update_weights:66.0341529250145 - timing_s/step:148.82353212870657 - timing_per_token_ms/adv:0.002569112077166498 - timing_per_token_ms/update_actor:0.38148494985663356 - timing_per_token_ms/gen:0.8950310966994709 - perf/total_num_tokens:68476 - perf/time_per_step:148.82353212870657 - perf/throughput:230.05770330991783 - training/num_turns/mean:2.0 - training/num_turns/max:2 - training/num_turns/min:2 - training/off_policy/trajectory_spans/mean:1.0 - training/off_policy/trajectory_spans/max:1 - training/off_policy/trajectory_spans/min:1 - training/off_policy/trajectory_staleness/mean:0.0 - training/off_policy/trajectory_staleness/max:0 - training/off_policy/trajectory_staleness/min:0 - training/off_policy/trajectory_staleness_worst/mean:0.0 - training/off_policy/trajectory_staleness_worst/max:0 - training/off_policy/trajectory_staleness_worst/min:0
[36m(vLLMHttpServer pid=121375)[0m (Worker pid=122556) INFO:2026-07-30 13:13:04,502:Loading standard weights (non-FP8, async), loaded_params: 3, loaded_buffers: 0
[36m(vLLMHttpServer pid=121375)[0m (Worker pid=122556) INFO:2026-07-30 13:13:07,128:Loading standard weights (non-FP8, async), loaded_params: 43, loaded_buffers: 0
[36m(vLLMHttpServer pid=121375)[0m (Worker pid=122556) INFO:2026-07-30 13:13:09,663:Loading standard weights (non-FP8, async), loaded_params: 43, loaded_buffers: 0
[36m(vLLMHttpServer pid=121375)[0m (Worker pid=122556) INFO:2026-07-30 13:13:12,001:Loading standard weights (non-FP8, async), loaded_params: 41, loaded_buffers: 0
[36m(vLLMHttpServer pid=121375)[0m (Worker pid=122556) INFO:2026-07-30 13:13:14,402:Loading standard weights (non-FP8, async), loaded_params: 43, loaded_buffers: 0
[36m(vLLMHttpServer pid=121375)[0m (Worker pid=122556) INFO:2026-07-30 13:13:16,848:Loading standard weights (non-FP8, async), loaded_params: 43, loaded_buffers: 0
[36m(vLLMHttpServer pid=121375)[0m (Worker pid=122556) INFO:2026-07-30 13:13:19,319:Loading standard weights (non-FP8, async), loaded_params: 41, loaded_buffers: 0
[36m(vLLMHttpServer pid=121375)[0m (Worker pid=122556) INFO:2026-07-30 13:13:21,648:Loading standard weights (non-FP8, async), loaded_params: 43, loaded_buffers: 0
[36m(vLLMHttpServer pid=121375)[0m (Worker pid=122556) INFO:2026-07-30 13:13:24,020:Loading standard weights (non-FP8, async), loaded_params: 43, loaded_buffers: 0
[36m(vLLMHttpServer pid=121375)[0m (Worker pid=122556) INFO:2026-07-30 13:13:26,292:Loading standard weights (non-FP8, async), loaded_params: 43, loaded_buffers: 0
[36m(vLLMHttpServer pid=121375)[0m (Worker pid=122556) INFO:2026-07-30 13:13:26,889:Loading standard weights (non-FP8, async), loaded_params: 12, loaded_buffers: 0
[36m(vLLMHttpServer pid=121375)[0m (Worker pid=122556) INFO:2026-07-30 13:13:28,641:Loading standard weights (non-FP8, async), loaded_params: 1, loaded_buffers: 0
[36m(vLLMHttpServer pid=121375)[0m (EngineCore pid=122102) WARNING 07-30 13:13:29 [scheduler.py:1883] reset_connector called but no KV connector is configured.
[36m(TaskRunnerV1 pid=108806)[0m Training Progress:  50%|█████     | 63/125 [2:37:41<2:35:09, 150.15s/it]
[36m(TaskRunnerV1 pid=108806)[0m Dumped generations to /mnt/lv_model/npu60005420a/qy_owner_experiments_20260730/qy_owner_verl_full125_noeval_final_npu23/rollouts/63.jsonl
[36m(TaskRunnerV1 pid=108806)[0m step:63 - global_seqlen/min:67447.0 - global_seqlen/max:67447.0 - global_seqlen/minmax_diff:0.0 - global_seqlen/balanced_min:67447.0 - global_seqlen/balanced_max:67447.0 - global_seqlen/mean:67447.0 - actor/pg_clipfrac:0.0031601489651674297 - actor/ppo_kl:0.000838383797706817 - actor/pg_clipfrac_lower:0.0 - actor/pg_loss:0.019946046978247978 - actor/loss:0.01994604989886284 - actor/grad_norm:0.024627868086099625 - actor/lr:1.7e-05 - actor/perf/max_memory_allocated_gb:22.93751096725464 - actor/perf/max_memory_reserved_gb:25.5703125 - actor/perf/cpu_memory_used_gb:98.9324836730957 - perf/mfu/actor:0.17944290346116876 - training/global_step:63 - training/epoch:0 - critic/score/mean:0.40625 - critic/score/max:1.0 - critic/score/min:0.0 - critic/rewards/mean:0.40625 - critic/rewards/max:1.0 - critic/rewards/min:0.0 - critic/advantages/mean:-0.01986670307815075 - critic/advantages/max:1.4999970197677612 - critic/advantages/min:-1.4999970197677612 - critic/returns/mean:-0.01986670307815075 - critic/returns/max:1.4999970197677612 - critic/returns/min:-1.4999970197677612 - response_length/mean:952.046875 - response_length/max:1024.0 - response_length/min:430.0 - response_length/clip_ratio:0.75 - response_length_non_aborted/mean:952.046875 - response_length_non_aborted/max:1024.0 - response_length_non_aborted/min:430.0 - response_length_non_aborted/clip_ratio:0.75 - response/aborted_ratio:0.0 - prompt_length/mean:101.8125 - prompt_length/max:171.0 - prompt_length/min:69.0 - prompt_length/clip_ratio:0.0625 - timing_s/gen:56.216554588638246 - timing_s/old_log_prob:0.13815848249942064 - timing_s/adv:0.17670111637562513 - timing_s/update_actor:29.39976465795189 - timing_s/update_weights:65.65986637026072 - timing_s/step:151.75552490446717 - timing_per_token_ms/adv:0.002619851385170951 - timing_per_token_ms/update_actor:0.4358943267743842 - timing_per_token_ms/gen:0.9226264887928681 - perf/total_num_tokens:67447 - perf/time_per_step:151.75552490446717 - perf/throughput:222.22255183941112 - training/num_turns/mean:2.0 - training/num_turns/max:2 - training/num_turns/min:2 - training/off_policy/trajectory_spans/mean:1.0 - training/off_policy/trajectory_spans/max:1 - training/off_policy/trajectory_spans/min:1 - training/off_policy/trajectory_staleness/mean:0.0 - training/off_policy/trajectory_staleness/max:0 - training/off_policy/trajectory_staleness/min:0 - training/off_policy/trajectory_staleness_worst/mean:0.0 - training/off_policy/trajectory_staleness_worst/max:0 - training/off_policy/trajectory_staleness_worst/min:0
[36m(vLLMHttpServer pid=121375)[0m (Worker pid=122556) INFO:2026-07-30 13:15:30,845:Loading standard weights (non-FP8, async), loaded_params: 3, loaded_buffers: 0
[36m(vLLMHttpServer pid=121375)[0m (Worker pid=122556) INFO:2026-07-30 13:15:33,227:Loading standard weights (non-FP8, async), loaded_params: 43, loaded_buffers: 0
[36m(vLLMHttpServer pid=121375)[0m (Worker pid=122556) INFO:2026-07-30 13:15:35,666:Loading standard weights (non-FP8, async), loaded_params: 43, loaded_buffers: 0
[36m(vLLMHttpServer pid=121375)[0m (Worker pid=122556) INFO:2026-07-30 13:15:37,985:Loading standard weights (non-FP8, async), loaded_params: 41, loaded_buffers: 0
[36m(vLLMHttpServer pid=121375)[0m (Worker pid=122556) INFO:2026-07-30 13:15:40,360:Loading standard weights (non-FP8, async), loaded_params: 43, loaded_buffers: 0
[36m(vLLMHttpServer pid=121375)[0m (Worker pid=122556) INFO:2026-07-30 13:15:42,716:Loading standard weights (non-FP8, async), loaded_params: 43, loaded_buffers: 0
[36m(vLLMHttpServer pid=121375)[0m (Worker pid=122556) INFO:2026-07-30 13:15:44,956:Loading standard weights (non-FP8, async), loaded_params: 41, loaded_buffers: 0
[36m(vLLMHttpServer pid=121375)[0m (Worker pid=122556) INFO:2026-07-30 13:15:47,148:Loading standard weights (non-FP8, async), loaded_params: 43, loaded_buffers: 0
[36m(vLLMHttpServer pid=121375)[0m (Worker pid=122556) INFO:2026-07-30 13:15:49,388:Loading standard weights (non-FP8, async), loaded_params: 43, loaded_buffers: 0
[36m(vLLMHttpServer pid=121375)[0m (Worker pid=122556) INFO:2026-07-30 13:15:51,605:Loading standard weights (non-FP8, async), loaded_params: 43, loaded_buffers: 0
[36m(vLLMHttpServer pid=121375)[0m (Worker pid=122556) INFO:2026-07-30 13:15:52,186:Loading standard weights (non-FP8, async), loaded_params: 12, loaded_buffers: 0
[36m(vLLMHttpServer pid=121375)[0m (Worker pid=122556) INFO:2026-07-30 13:15:53,787:Loading standard weights (non-FP8, async), loaded_params: 1, loaded_buffers: 0
[36m(vLLMHttpServer pid=121375)[0m (EngineCore pid=122102) WARNING 07-30 13:15:55 [scheduler.py:1883] reset_connector called but no KV connector is configured.
[36m(TaskRunnerV1 pid=108806)[0m Training Progress:  51%|█████     | 64/125 [2:40:06<2:31:16, 148.79s/it]
[36m(TaskRunnerV1 pid=108806)[0m Dumped generations to /mnt/lv_model/npu60005420a/qy_owner_experiments_20260730/qy_owner_verl_full125_noeval_final_npu23/rollouts/64.jsonl
[36m(TaskRunnerV1 pid=108806)[0m step:64 - global_seqlen/min:63410.0 - global_seqlen/max:63410.0 - global_seqlen/minmax_diff:0.0 - global_seqlen/balanced_min:63410.0 - global_seqlen/balanced_max:63410.0 - global_seqlen/mean:63410.0 - actor/pg_clipfrac:0.0013812160868837964 - actor/ppo_kl:0.0008442801627097651 - actor/pg_clipfrac_lower:0.0 - actor/pg_loss:0.02305352548137307 - actor/loss:0.023053523153066635 - actor/grad_norm:0.01523379236459732 - actor/lr:1.7e-05 - actor/perf/max_memory_allocated_gb:22.93751096725464 - actor/perf/max_memory_reserved_gb:25.5703125 - actor/perf/cpu_memory_used_gb:98.93584823608398 - perf/mfu/actor:0.19705752481884325 - training/global_step:64 - training/epoch:0 - critic/score/mean:0.4375 - critic/score/max:1.0 - critic/score/min:0.0 - critic/rewards/mean:0.4375 - critic/rewards/max:1.0 - critic/rewards/min:0.0 - critic/advantages/mean:-0.02298232913017273 - critic/advantages/max:1.4999970197677612 - critic/advantages/min:-0.8660238981246948 - critic/returns/mean:-0.02298232913017273 - critic/returns/max:1.4999970197677612 - critic/returns/min:-0.8660238981246948 - response_length/mean:904.96875 - response_length/max:1024.0 - response_length/min:377.0 - response_length/clip_ratio:0.59375 - response_length_non_aborted/mean:904.96875 - response_length_non_aborted/max:1024.0 - response_length_non_aborted/min:377.0 - response_length_non_aborted/clip_ratio:0.59375 - response/aborted_ratio:0.0 - prompt_length/mean:85.8125 - prompt_length/max:112.0 - prompt_length/min:60.0 - prompt_length/clip_ratio:0.0625 - timing_s/gen:54.167077110148966 - timing_s/old_log_prob:0.13725397549569607 - timing_s/adv:0.17936551477760077 - timing_s/update_actor:25.1626794366166 - timing_s/update_weights:65.54296532832086 - timing_s/step:145.35052580479532 - timing_per_token_ms/adv:0.002828662904551345 - timing_per_token_ms/update_actor:0.3968250975653146 - timing_per_token_ms/gen:0.9352373547109528 - perf/total_num_tokens:63410 - perf/time_per_step:145.35052580479532 - perf/throughput:218.12786589144906 - training/num_turns/mean:2.0 - training/num_turns/max:2 - training/num_turns/min:2 - training/off_policy/trajectory_spans/mean:1.0 - training/off_policy/trajectory_spans/max:1 - training/off_policy/trajectory_spans/min:1 - training/off_policy/trajectory_staleness/mean:0.0 - training/off_policy/trajectory_staleness/max:0 - training/off_policy/trajectory_staleness/min:0 - training/off_policy/trajectory_staleness_worst/mean:0.0 - training/off_policy/trajectory_staleness_worst/max:0 - training/off_policy/trajectory_staleness_worst/min:0
[36m(vLLMHttpServer pid=121375)[0m (Worker pid=122556) INFO:2026-07-30 13:18:04,263:Loading standard weights (non-FP8, async), loaded_params: 3, loaded_buffers: 0
[36m(vLLMHttpServer pid=121375)[0m (Worker pid=122556) INFO:2026-07-30 13:18:06,714:Loading standard weights (non-FP8, async), loaded_params: 43, loaded_buffers: 0
[36m(vLLMHttpServer pid=121375)[0m (Worker pid=122556) INFO:2026-07-30 13:18:09,467:Loading standard weights (non-FP8, async), loaded_params: 43, loaded_buffers: 0
[36m(vLLMHttpServer pid=121375)[0m (Worker pid=122556) INFO:2026-07-30 13:18:12,217:Loading standard weights (non-FP8, async), loaded_params: 41, loaded_buffers: 0
[36m(vLLMHttpServer pid=121375)[0m (Worker pid=122556) INFO:2026-07-30 13:18:14,613:Loading standard weights (non-FP8, async), loaded_params: 43, loaded_buffers: 0
[36m(vLLMHttpServer pid=121375)[0m (Worker pid=122556) INFO:2026-07-30 13:18:17,076:Loading standard weights (non-FP8, async), loaded_params: 43, loaded_buffers: 0
[36m(vLLMHttpServer pid=121375)[0m (Worker pid=122556) INFO:2026-07-30 13:18:19,566:Loading standard weights (non-FP8, async), loaded_params: 41, loaded_buffers: 0
[36m(vLLMHttpServer pid=121375)[0m (Worker pid=122556) INFO:2026-07-30 13:18:21,871:Loading standard weights (non-FP8, async), loaded_params: 43, loaded_buffers: 0
[36m(vLLMHttpServer pid=121375)[0m (Worker pid=122556) INFO:2026-07-30 13:18:24,155:Loading standard weights (non-FP8, async), loaded_params: 43, loaded_buffers: 0
[36m(vLLMHttpServer pid=121375)[0m (Worker pid=122556) INFO:2026-07-30 13:18:26,412:Loading standard weights (non-FP8, async), loaded_params: 43, loaded_buffers: 0
[36m(vLLMHttpServer pid=121375)[0m (Worker pid=122556) INFO:2026-07-30 13:18:27,032:Loading standard weights (non-FP8, async), loaded_params: 12, loaded_buffers: 0
[36m(vLLMHttpServer pid=121375)[0m (Worker pid=122556) INFO:2026-07-30 13:18:28,593:Loading standard weights (non-FP8, async), loaded_params: 1, loaded_buffers: 0
[36m(vLLMHttpServer pid=121375)[0m (EngineCore pid=122102) WARNING 07-30 13:18:29 [scheduler.py:1883] reset_connector called but no KV connector is configured.
[36m(TaskRunnerV1 pid=108806)[0m Dumped generations to /mnt/lv_model/npu60005420a/qy_owner_experiments_20260730/qy_owner_verl_full125_noeval_final_npu23/rollouts/65.jsonl
[36m(TaskRunnerV1 pid=108806)[0m Training Progress:  52%|█████▏    | 65/125 [2:42:41<2:30:27, 150.45s/it]
[36m(TaskRunnerV1 pid=108806)[0m step:65 - global_seqlen/min:69958.0 - global_seqlen/max:69958.0 - global_seqlen/minmax_diff:0.0 - global_seqlen/balanced_min:69958.0 - global_seqlen/balanced_max:69958.0 - global_seqlen/mean:69958.0 - actor/pg_clipfrac:0.0018248549183934098 - actor/ppo_kl:0.00036679089801812853 - actor/pg_clipfrac_lower:0.0 - actor/pg_loss:0.011479354070615955 - actor/loss:0.01147935725748539 - actor/grad_norm:0.019883902743458748 - actor/lr:1.7e-05 - actor/perf/max_memory_allocated_gb:22.93751096725464 - actor/perf/max_memory_reserved_gb:25.5703125 - actor/perf/cpu_memory_used_gb:98.90643692016602 - perf/mfu/actor:0.16450773959237108 - training/global_step:65 - training/epoch:0 - critic/score/mean:0.421875 - critic/score/max:1.0 - critic/score/min:0.0 - critic/rewards/mean:0.421875 - critic/rewards/max:1.0 - critic/rewards/min:0.0 - critic/advantages/mean:-0.011219321750104427 - critic/advantages/max:1.4999970197677612 - critic/advantages/min:-1.4999970197677612 - critic/returns/mean:-0.011219321750104427 - critic/returns/max:1.4999970197677612 - critic/returns/min:-1.4999970197677612 - response_length/mean:996.65625 - response_length/max:1024.0 - response_length/min:640.0 - response_length/clip_ratio:0.78125 - response_length_non_aborted/mean:996.65625 - response_length_non_aborted/max:1024.0 - response_length_non_aborted/min:640.0 - response_length_non_aborted/clip_ratio:0.78125 - response/aborted_ratio:0.0 - prompt_length/mean:96.4375 - prompt_length/max:141.0 - prompt_length/min:65.0 - prompt_length/clip_ratio:0.0625 - timing_s/gen:54.213309524580836 - timing_s/old_log_prob:0.13630535546690226 - timing_s/adv:0.18307104893028736 - timing_s/update_actor:33.24665372632444 - timing_s/update_weights:66.12776347156614 - timing_s/step:154.06387601792812 - timing_per_token_ms/adv:0.0026168708214970035 - timing_per_token_ms/update_actor:0.4752373384934452 - timing_per_token_ms/gen:0.8499248976982541 - perf/total_num_tokens:69958 - perf/time_per_step:154.06387601792812 - perf/throughput:227.04219122677117 - training/num_turns/mean:2.0 - training/num_turns/max:2 - training/num_turns/min:2 - training/off_policy/trajectory_spans/mean:1.0 - training/off_policy/trajectory_spans/max:1 - training/off_policy/trajectory_spans/min:1 - training/off_policy/trajectory_staleness/mean:0.0 - training/off_policy/trajectory_staleness/max:0 - training/off_policy/trajectory_staleness/min:0 - training/off_policy/trajectory_staleness_worst/mean:0.0 - training/off_policy/trajectory_staleness_worst/max:0 - training/off_policy/trajectory_staleness_worst/min:0
[36m(vLLMHttpServer pid=121375)[0m (Worker pid=122556) INFO:2026-07-30 13:20:33,551:Loading standard weights (non-FP8, async), loaded_params: 3, loaded_buffers: 0
[36m(vLLMHttpServer pid=121375)[0m (Worker pid=122556) INFO:2026-07-30 13:20:35,901:Loading standard weights (non-FP8, async), loaded_params: 43, loaded_buffers: 0
[36m(vLLMHttpServer pid=121375)[0m (Worker pid=122556) INFO:2026-07-30 13:20:38,242:Loading standard weights (non-FP8, async), loaded_params: 43, loaded_buffers: 0
[36m(vLLMHttpServer pid=121375)[0m (Worker pid=122556) INFO:2026-07-30 13:20:40,608:Loading standard weights (non-FP8, async), loaded_params: 41, loaded_buffers: 0
[36m(vLLMHttpServer pid=121375)[0m (Worker pid=122556) INFO:2026-07-30 13:20:43,067:Loading standard weights (non-FP8, async), loaded_params: 43, loaded_buffers: 0
[36m(vLLMHttpServer pid=121375)[0m (Worker pid=122556) INFO:2026-07-30 13:20:45,772:Loading standard weights (non-FP8, async), loaded_params: 43, loaded_buffers: 0
[36m(vLLMHttpServer pid=121375)[0m (Worker pid=122556) INFO:2026-07-30 13:20:48,113:Loading standard weights (non-FP8, async), loaded_params: 41, loaded_buffers: 0
[36m(vLLMHttpServer pid=121375)[0m (Worker pid=122556) INFO:2026-07-30 13:20:50,295:Loading standard weights (non-FP8, async), loaded_params: 43, loaded_buffers: 0
[36m(vLLMHttpServer pid=121375)[0m (Worker pid=122556) INFO:2026-07-30 13:20:52,533:Loading standard weights (non-FP8, async), loaded_params: 43, loaded_buffers: 0
[36m(vLLMHttpServer pid=121375)[0m (Worker pid=122556) INFO:2026-07-30 13:20:54,766:Loading standard weights (non-FP8, async), loaded_params: 43, loaded_buffers: 0
[36m(vLLMHttpServer pid=121375)[0m (Worker pid=122556) INFO:2026-07-30 13:20:55,375:Loading standard weights (non-FP8, async), loaded_params: 12, loaded_buffers: 0
[36m(vLLMHttpServer pid=121375)[0m (Worker pid=122556) INFO:2026-07-30 13:20:56,995:Loading standard weights (non-FP8, async), loaded_params: 1, loaded_buffers: 0
[36m(vLLMHttpServer pid=121375)[0m (EngineCore pid=122102) WARNING 07-30 13:20:58 [scheduler.py:1883] reset_connector called but no KV connector is configured.
[36m(TaskRunnerV1 pid=108806)[0m Dumped generations to /mnt/lv_model/npu60005420a/qy_owner_experiments_20260730/qy_owner_verl_full125_noeval_final_npu23/rollouts/66.jsonl
[36m(TaskRunnerV1 pid=108806)[0m Training Progress:  53%|█████▎    | 66/125 [2:45:10<2:27:29, 150.00s/it]
[36m(TaskRunnerV1 pid=108806)[0m step:66 - global_seqlen/min:68168.0 - global_seqlen/max:68168.0 - global_seqlen/minmax_diff:0.0 - global_seqlen/balanced_min:68168.0 - global_seqlen/balanced_max:68168.0 - global_seqlen/mean:68168.0 - actor/pg_clipfrac:0.0020546526528264887 - actor/ppo_kl:0.0007414766467477688 - actor/pg_clipfrac_lower:0.0 - actor/pg_loss:0.009193266741931438 - actor/loss:0.009193263947963715 - actor/grad_norm:0.01952776499092579 - actor/lr:1.7e-05 - actor/perf/max_memory_allocated_gb:22.93751096725464 - actor/perf/max_memory_reserved_gb:25.5703125 - actor/perf/cpu_memory_used_gb:98.89439392089844 - perf/mfu/actor:0.17980879026094498 - training/global_step:66 - training/epoch:0 - critic/score/mean:0.46875 - critic/score/max:1.0 - critic/score/min:0.0 - critic/rewards/mean:0.46875 - critic/rewards/max:1.0 - critic/rewards/min:0.0 - critic/advantages/mean:-0.009009483270347118 - critic/advantages/max:1.4999970197677612 - critic/advantages/min:-1.4999970197677612 - critic/returns/mean:-0.009009483270347118 - critic/returns/max:1.4999970197677612 - critic/returns/min:-1.4999970197677612 - response_length/mean:979.0 - response_length/max:1024.0 - response_length/min:649.0 - response_length/clip_ratio:0.6875 - response_length_non_aborted/mean:979.0 - response_length_non_aborted/max:1024.0 - response_length_non_aborted/min:649.0 - response_length_non_aborted/clip_ratio:0.6875 - response/aborted_ratio:0.0 - prompt_length/mean:86.125 - prompt_length/max:124.0 - prompt_length/min:67.0 - prompt_length/clip_ratio:0.0625 - timing_s/gen:52.19021402671933 - timing_s/old_log_prob:0.1385806668549776 - timing_s/adv:0.17980212718248367 - timing_s/update_actor:29.63767354656011 - timing_s/update_weights:66.3396408231929 - timing_s/step:148.64673048071563 - timing_per_token_ms/adv:0.0026376324255146647 - timing_per_token_ms/update_actor:0.43477399287877166 - timing_per_token_ms/gen:0.8329643454213377 - perf/total_num_tokens:68168 - perf/time_per_step:148.64673048071563 - perf/throughput:229.29532247210653 - training/num_turns/mean:2.0 - training/num_turns/max:2 - training/num_turns/min:2 - training/off_policy/trajectory_spans/mean:1.0 - training/off_policy/trajectory_spans/max:1 - training/off_policy/trajectory_spans/min:1 - training/off_policy/trajectory_staleness/mean:0.0 - training/off_policy/trajectory_staleness/max:0 - training/off_policy/trajectory_staleness/min:0 - training/off_policy/trajectory_staleness_worst/mean:0.0 - training/off_policy/trajectory_staleness_worst/max:0 - training/off_policy/trajectory_staleness_worst/min:0
[36m(vLLMHttpServer pid=121375)[0m (Worker pid=122556) INFO:2026-07-30 13:23:01,583:Loading standard weights (non-FP8, async), loaded_params: 3, loaded_buffers: 0
[36m(vLLMHttpServer pid=121375)[0m (Worker pid=122556) INFO:2026-07-30 13:23:04,152:Loading standard weights (non-FP8, async), loaded_params: 43, loaded_buffers: 0
[36m(vLLMHttpServer pid=121375)[0m (Worker pid=122556) INFO:2026-07-30 13:23:06,838:Loading standard weights (non-FP8, async), loaded_params: 43, loaded_buffers: 0
[36m(vLLMHttpServer pid=121375)[0m (Worker pid=122556) INFO:2026-07-30 13:23:09,414:Loading standard weights (non-FP8, async), loaded_params: 41, loaded_buffers: 0
[36m(vLLMHttpServer pid=121375)[0m (Worker pid=122556) INFO:2026-07-30 13:23:11,785:Loading standard weights (non-FP8, async), loaded_params: 43, loaded_buffers: 0
[36m(vLLMHttpServer pid=121375)[0m (Worker pid=122556) INFO:2026-07-30 13:23:14,188:Loading standard weights (non-FP8, async), loaded_params: 43, loaded_buffers: 0
[36m(vLLMHttpServer pid=121375)[0m (Worker pid=122556) INFO:2026-07-30 13:23:16,681:Loading standard weights (non-FP8, async), loaded_params: 41, loaded_buffers: 0
[36m(vLLMHttpServer pid=121375)[0m (Worker pid=122556) INFO:2026-07-30 13:23:18,962:Loading standard weights (non-FP8, async), loaded_params: 43, loaded_buffers: 0
[36m(vLLMHttpServer pid=121375)[0m (Worker pid=122556) INFO:2026-07-30 13:23:21,254:Loading standard weights (non-FP8, async), loaded_params: 43, loaded_buffers: 0
[36m(vLLMHttpServer pid=121375)[0m (Worker pid=122556) INFO:2026-07-30 13:23:23,474:Loading standard weights (non-FP8, async), loaded_params: 43, loaded_buffers: 0
[36m(vLLMHttpServer pid=121375)[0m (Worker pid=122556) INFO:2026-07-30 13:23:24,061:Loading standard weights (non-FP8, async), loaded_params: 12, loaded_buffers: 0
[36m(vLLMHttpServer pid=121375)[0m (Worker pid=122556) INFO:2026-07-30 13:23:25,762:Loading standard weights (non-FP8, async), loaded_params: 1, loaded_buffers: 0
[36m(vLLMHttpServer pid=121375)[0m (EngineCore pid=122102) WARNING 07-30 13:23:27 [scheduler.py:1883] reset_connector called but no KV connector is configured.
[36m(TaskRunnerV1 pid=108806)[0m Dumped generations to /mnt/lv_model/npu60005420a/qy_owner_experiments_20260730/qy_owner_verl_full125_noeval_final_npu23/rollouts/67.jsonl
[36m(TaskRunnerV1 pid=108806)[0m Training Progress:  54%|█████▎    | 67/125 [2:47:38<2:24:38, 149.62s/it]
[36m(TaskRunnerV1 pid=108806)[0m step:67 - global_seqlen/min:64364.0 - global_seqlen/max:64364.0 - global_seqlen/minmax_diff:0.0 - global_seqlen/balanced_min:64364.0 - global_seqlen/balanced_max:64364.0 - global_seqlen/mean:64364.0 - actor/pg_clipfrac:0.0013327134856808698 - actor/ppo_kl:0.0006123092070993152 - actor/pg_clipfrac_lower:0.0 - actor/pg_loss:0.010936382226645947 - actor/loss:0.01093638688325882 - actor/grad_norm:0.01486965548247099 - actor/lr:1.7e-05 - actor/perf/max_memory_allocated_gb:22.93751096725464 - actor/perf/max_memory_reserved_gb:25.5703125 - actor/perf/cpu_memory_used_gb:98.92126083374023 - perf/mfu/actor:0.18380016905129576 - training/global_step:67 - training/epoch:0 - critic/score/mean:0.421875 - critic/score/max:1.0 - critic/score/min:0.0 - critic/rewards/mean:0.421875 - critic/rewards/max:1.0 - critic/rewards/min:0.0 - critic/advantages/mean:-0.010912742465734482 - critic/advantages/max:1.4999970197677612 - critic/advantages/min:-0.8660238981246948 - critic/returns/mean:-0.010912742465734482 - critic/returns/max:1.4999970197677612 - critic/returns/min:-0.8660238981246948 - response_length/mean:917.5 - response_length/max:1024.0 - response_length/min:384.0 - response_length/clip_ratio:0.625 - response_length_non_aborted/mean:917.5 - response_length_non_aborted/max:1024.0 - response_length_non_aborted/min:384.0 - response_length_non_aborted/clip_ratio:0.625 - response/aborted_ratio:0.0 - prompt_length/mean:88.1875 - prompt_length/max:173.0 - prompt_length/min:60.0 - prompt_length/clip_ratio:0.0625 - timing_s/gen:54.188085057772696 - timing_s/old_log_prob:0.1346624894067645 - timing_s/adv:0.1803210973739624 - timing_s/update_actor:27.37612945586443 - timing_s/update_weights:66.42152533307672 - timing_s/step:148.4673143401742 - timing_per_token_ms/adv:0.0028015831423460692 - timing_per_token_ms/update_actor:0.4253329416422912 - timing_per_token_ms/gen:0.9228216120192898 - perf/total_num_tokens:64364 - perf/time_per_step:148.4673143401742 - perf/throughput:216.76151510536067 - training/num_turns/mean:2.0 - training/num_turns/max:2 - training/num_turns/min:2 - training/off_policy/trajectory_spans/mean:1.0 - training/off_policy/trajectory_spans/max:1 - training/off_policy/trajectory_spans/min:1 - training/off_policy/trajectory_staleness/mean:0.0 - training/off_policy/trajectory_staleness/max:0 - training/off_policy/trajectory_staleness/min:0 - training/off_policy/trajectory_staleness_worst/mean:0.0 - training/off_policy/trajectory_staleness_worst/max:0 - training/off_policy/trajectory_staleness_worst/min:0
[36m(vLLMHttpServer pid=121375)[0m (Worker pid=122556) INFO:2026-07-30 13:25:38,246:Loading standard weights (non-FP8, async), loaded_params: 3, loaded_buffers: 0
[36m(vLLMHttpServer pid=121375)[0m (Worker pid=122556) INFO:2026-07-30 13:25:40,622:Loading standard weights (non-FP8, async), loaded_params: 43, loaded_buffers: 0
[36m(vLLMHttpServer pid=121375)[0m (Worker pid=122556) INFO:2026-07-30 13:25:43,021:Loading standard weights (non-FP8, async), loaded_params: 43, loaded_buffers: 0
[36m(vLLMHttpServer pid=121375)[0m (Worker pid=122556) INFO:2026-07-30 13:25:45,480:Loading standard weights (non-FP8, async), loaded_params: 41, loaded_buffers: 0
[36m(vLLMHttpServer pid=121375)[0m (Worker pid=122556) INFO:2026-07-30 13:25:47,765:Loading standard weights (non-FP8, async), loaded_params: 43, loaded_buffers: 0
[36m(vLLMHttpServer pid=121375)[0m (Worker pid=122556) INFO:2026-07-30 13:25:50,339:Loading standard weights (non-FP8, async), loaded_params: 43, loaded_buffers: 0
[36m(vLLMHttpServer pid=121375)[0m (Worker pid=122556) INFO:2026-07-30 13:25:52,773:Loading standard weights (non-FP8, async), loaded_params: 41, loaded_buffers: 0
[36m(vLLMHttpServer pid=121375)[0m (Worker pid=122556) INFO:2026-07-30 13:25:54,983:Loading standard weights (non-FP8, async), loaded_params: 43, loaded_buffers: 0
[36m(vLLMHttpServer pid=121375)[0m (Worker pid=122556) INFO:2026-07-30 13:25:57,242:Loading standard weights (non-FP8, async), loaded_params: 43, loaded_buffers: 0
[36m(vLLMHttpServer pid=121375)[0m (Worker pid=122556) INFO:2026-07-30 13:25:59,468:Loading standard weights (non-FP8, async), loaded_params: 43, loaded_buffers: 0
[36m(vLLMHttpServer pid=121375)[0m (Worker pid=122556) INFO:2026-07-30 13:26:00,056:Loading standard weights (non-FP8, async), loaded_params: 12, loaded_buffers: 0
[36m(vLLMHttpServer pid=121375)[0m (Worker pid=122556) INFO:2026-07-30 13:26:01,713:Loading standard weights (non-FP8, async), loaded_params: 1, loaded_buffers: 0
[36m(vLLMHttpServer pid=121375)[0m (EngineCore pid=122102) WARNING 07-30 13:26:02 [scheduler.py:1883] reset_connector called but no KV connector is configured.
[36m(TaskRunnerV1 pid=108806)[0m Training Progress:  54%|█████▍    | 68/125 [2:50:14<2:23:47, 151.37s/it]
[36m(TaskRunnerV1 pid=108806)[0m Dumped generations to /mnt/lv_model/npu60005420a/qy_owner_experiments_20260730/qy_owner_verl_full125_noeval_final_npu23/rollouts/68.jsonl
[36m(TaskRunnerV1 pid=108806)[0m step:68 - global_seqlen/min:69826.0 - global_seqlen/max:69826.0 - global_seqlen/minmax_diff:0.0 - global_seqlen/balanced_min:69826.0 - global_seqlen/balanced_max:69826.0 - global_seqlen/mean:69826.0 - actor/pg_clipfrac:0.0029503472194644725 - actor/ppo_kl:0.000625157182690196 - actor/pg_clipfrac_lower:0.0 - actor/pg_loss:0.015404822304844856 - actor/loss:0.015404819510877132 - actor/grad_norm:0.021666446700692177 - actor/lr:1.7e-05 - actor/perf/max_memory_allocated_gb:22.93751096725464 - actor/perf/max_memory_reserved_gb:25.5703125 - actor/perf/cpu_memory_used_gb:98.90947341918945 - perf/mfu/actor:0.178754581771048 - training/global_step:68 - training/epoch:0 - critic/score/mean:0.34375 - critic/score/max:1.0 - critic/score/min:0.0 - critic/rewards/mean:0.34375 - critic/rewards/max:1.0 - critic/rewards/min:0.0 - critic/advantages/mean:-0.015257995575666428 - critic/advantages/max:1.4999970197677612 - critic/advantages/min:-0.8660238981246948 - critic/returns/mean:-0.015257995575666428 - critic/returns/max:1.4999970197677612 - critic/returns/min:-0.8660238981246948 - response_length/mean:999.78125 - response_length/max:1024.0 - response_length/min:671.0 - response_length/clip_ratio:0.796875 - response_length_non_aborted/mean:999.78125 - response_length_non_aborted/max:1024.0 - response_length_non_aborted/min:671.0 - response_length_non_aborted/clip_ratio:0.796875 - response/aborted_ratio:0.0 - prompt_length/mean:91.25 - prompt_length/max:134.0 - prompt_length/min:63.0 - prompt_length/clip_ratio:0.0625 - timing_s/gen:58.18327858950943 - timing_s/old_log_prob:0.1327046463266015 - timing_s/adv:0.18037174735218287 - timing_s/update_actor:30.55485522095114 - timing_s/update_weights:65.95612216088921 - timing_s/step:155.17353192344308 - timing_per_token_ms/adv:0.0025831602462146317 - timing_per_token_ms/update_actor:0.4375856446159187 - timing_per_token_ms/gen:0.9093126401011069 - perf/total_num_tokens:69826 - perf/time_per_step:155.17353192344308 - perf/throughput:224.99326764840794 - training/num_turns/mean:2.0 - training/num_turns/max:2 - training/num_turns/min:2 - training/off_policy/trajectory_spans/mean:1.0 - training/off_policy/trajectory_spans/max:1 - training/off_policy/trajectory_spans/min:1 - training/off_policy/trajectory_staleness/mean:0.0 - training/off_policy/trajectory_staleness/max:0 - training/off_policy/trajectory_staleness/min:0 - training/off_policy/trajectory_staleness_worst/mean:0.0 - training/off_policy/trajectory_staleness_worst/max:0 - training/off_policy/trajectory_staleness_worst/min:0
[36m(vLLMHttpServer pid=121375)[0m (Worker pid=122556) INFO:2026-07-30 13:28:10,893:Loading standard weights (non-FP8, async), loaded_params: 3, loaded_buffers: 0
[36m(vLLMHttpServer pid=121375)[0m (Worker pid=122556) INFO:2026-07-30 13:28:13,346:Loading standard weights (non-FP8, async), loaded_params: 43, loaded_buffers: 0
[36m(vLLMHttpServer pid=121375)[0m (Worker pid=122556) INFO:2026-07-30 13:28:15,784:Loading standard weights (non-FP8, async), loaded_params: 43, loaded_buffers: 0
[36m(vLLMHttpServer pid=121375)[0m (Worker pid=122556) INFO:2026-07-30 13:28:18,066:Loading standard weights (non-FP8, async), loaded_params: 41, loaded_buffers: 0
[36m(vLLMHttpServer pid=121375)[0m (Worker pid=122556) INFO:2026-07-30 13:28:20,462:Loading standard weights (non-FP8, async), loaded_params: 43, loaded_buffers: 0
[36m(vLLMHttpServer pid=121375)[0m (Worker pid=122556) INFO:2026-07-30 13:28:22,907:Loading standard weights (non-FP8, async), loaded_params: 43, loaded_buffers: 0
[36m(vLLMHttpServer pid=121375)[0m (Worker pid=122556) INFO:2026-07-30 13:28:25,222:Loading standard weights (non-FP8, async), loaded_params: 41, loaded_buffers: 0
[36m(vLLMHttpServer pid=121375)[0m (Worker pid=122556) INFO:2026-07-30 13:28:27,545:Loading standard weights (non-FP8, async), loaded_params: 43, loaded_buffers: 0
[36m(vLLMHttpServer pid=121375)[0m (Worker pid=122556) INFO:2026-07-30 13:28:29,833:Loading standard weights (non-FP8, async), loaded_params: 43, loaded_buffers: 0
[36m(vLLMHttpServer pid=121375)[0m (Worker pid=122556) INFO:2026-07-30 13:28:32,072:Loading standard weights (non-FP8, async), loaded_params: 43, loaded_buffers: 0
[36m(vLLMHttpServer pid=121375)[0m (Worker pid=122556) INFO:2026-07-30 13:28:32,668:Loading standard weights (non-FP8, async), loaded_params: 12, loaded_buffers: 0
[36m(vLLMHttpServer pid=121375)[0m (Worker pid=122556) INFO:2026-07-30 13:28:34,354:Loading standard weights (non-FP8, async), loaded_params: 1, loaded_buffers: 0
[36m(vLLMHttpServer pid=121375)[0m (EngineCore pid=122102) WARNING 07-30 13:28:35 [scheduler.py:1883] reset_connector called but no KV connector is configured.
[36m(TaskRunnerV1 pid=108806)[0m Training Progress:  55%|█████▌    | 69/125 [2:52:47<2:21:37, 151.75s/it]
[36m(TaskRunnerV1 pid=108806)[0m Dumped generations to /mnt/lv_model/npu60005420a/qy_owner_experiments_20260730/qy_owner_verl_full125_noeval_final_npu23/rollouts/69.jsonl
[36m(TaskRunnerV1 pid=108806)[0m step:69 - global_seqlen/min:62784.0 - global_seqlen/max:62784.0 - global_seqlen/minmax_diff:0.0 - global_seqlen/balanced_min:62784.0 - global_seqlen/balanced_max:62784.0 - global_seqlen/mean:62784.0 - actor/pg_clipfrac:0.0030555608245776966 - actor/ppo_kl:0.0011299292909825454 - actor/pg_clipfrac_lower:0.0 - actor/pg_loss:0.016867359780007973 - actor/loss:0.01686735823750496 - actor/grad_norm:0.021038223057985306 - actor/lr:1.7e-05 - actor/perf/max_memory_allocated_gb:22.93751096725464 - actor/perf/max_memory_reserved_gb:25.5703125 - actor/perf/cpu_memory_used_gb:98.93561172485352 - perf/mfu/actor:0.1618138099199839 - training/global_step:69 - training/epoch:0 - critic/score/mean:0.515625 - critic/score/max:1.0 - critic/score/min:0.0 - critic/rewards/mean:0.515625 - critic/rewards/max:1.0 - critic/rewards/min:0.0 - critic/advantages/mean:-0.01698019914329052 - critic/advantages/max:1.4999970197677612 - critic/advantages/min:-1.4999970197677612 - critic/returns/mean:-0.01698019914329052 - critic/returns/max:1.4999970197677612 - critic/returns/min:-1.4999970197677612 - response_length/mean:882.0 - response_length/max:1024.0 - response_length/min:352.0 - response_length/clip_ratio:0.625 - response_length_non_aborted/mean:882.0 - response_length_non_aborted/max:1024.0 - response_length_non_aborted/min:352.0 - response_length_non_aborted/clip_ratio:0.625 - response/aborted_ratio:0.0 - prompt_length/mean:99.0 - prompt_length/max:162.0 - prompt_length/min:74.0 - prompt_length/clip_ratio:0.0625 - timing_s/gen:56.21311238594353 - timing_s/old_log_prob:0.1377389170229435 - timing_s/adv:0.1835654517635703 - timing_s/update_actor:30.29573110025376 - timing_s/update_weights:65.37660161871463 - timing_s/step:152.36897014267743 - timing_per_token_ms/adv:0.002923761655255643 - timing_per_token_ms/update_actor:0.482539040205367 - timing_per_token_ms/gen:0.9958388673813693 - perf/total_num_tokens:62784 - perf/time_per_step:152.36897014267743 - perf/throughput:206.0262005486072 - training/num_turns/mean:2.0 - training/num_turns/max:2 - training/num_turns/min:2 - training/off_policy/trajectory_spans/mean:1.0 - training/off_policy/trajectory_spans/max:1 - training/off_policy/trajectory_spans/min:1 - training/off_policy/trajectory_staleness/mean:0.0 - training/off_policy/trajectory_staleness/max:0 - training/off_policy/trajectory_staleness/min:0 - training/off_policy/trajectory_staleness_worst/mean:0.0 - training/off_policy/trajectory_staleness_worst/max:0 - training/off_policy/trajectory_staleness_worst/min:0
[36m(vLLMHttpServer pid=121375)[0m (Worker pid=122556) INFO:2026-07-30 13:30:45,150:Loading standard weights (non-FP8, async), loaded_params: 3, loaded_buffers: 0
[36m(vLLMHttpServer pid=121375)[0m (Worker pid=122556) INFO:2026-07-30 13:30:47,532:Loading standard weights (non-FP8, async), loaded_params: 43, loaded_buffers: 0
[36m(vLLMHttpServer pid=121375)[0m (Worker pid=122556) INFO:2026-07-30 13:30:49,722:Loading standard weights (non-FP8, async), loaded_params: 43, loaded_buffers: 0
[36m(vLLMHttpServer pid=121375)[0m (Worker pid=122556) INFO:2026-07-30 13:30:52,076:Loading standard weights (non-FP8, async), loaded_params: 41, loaded_buffers: 0
[36m(vLLMHttpServer pid=121375)[0m (Worker pid=122556) INFO:2026-07-30 13:30:54,639:Loading standard weights (non-FP8, async), loaded_params: 43, loaded_buffers: 0
[36m(vLLMHttpServer pid=121375)[0m (Worker pid=122556) INFO:2026-07-30 13:30:57,247:Loading standard weights (non-FP8, async), loaded_params: 43, loaded_buffers: 0
[36m(vLLMHttpServer pid=121375)[0m (Worker pid=122556) INFO:2026-07-30 13:30:59,588:Loading standard weights (non-FP8, async), loaded_params: 41, loaded_buffers: 0
[36m(vLLMHttpServer pid=121375)[0m (Worker pid=122556) INFO:2026-07-30 13:31:01,875:Loading standard weights (non-FP8, async), loaded_params: 43, loaded_buffers: 0
[36m(vLLMHttpServer pid=121375)[0m (Worker pid=122556) INFO:2026-07-30 13:31:04,175:Loading standard weights (non-FP8, async), loaded_params: 43, loaded_buffers: 0
[36m(vLLMHttpServer pid=121375)[0m (Worker pid=122556) INFO:2026-07-30 13:31:06,333:Loading standard weights (non-FP8, async), loaded_params: 43, loaded_buffers: 0
[36m(vLLMHttpServer pid=121375)[0m (Worker pid=122556) INFO:2026-07-30 13:31:06,897:Loading standard weights (non-FP8, async), loaded_params: 12, loaded_buffers: 0
[36m(vLLMHttpServer pid=121375)[0m (Worker pid=122556) INFO:2026-07-30 13:31:08,477:Loading standard weights (non-FP8, async), loaded_params: 1, loaded_buffers: 0
[36m(vLLMHttpServer pid=121375)[0m (EngineCore pid=122102) WARNING 07-30 13:31:09 [scheduler.py:1883] reset_connector called but no KV connector is configured.
[36m(TaskRunnerV1 pid=108806)[0m Dumped generations to /mnt/lv_model/npu60005420a/qy_owner_experiments_20260730/qy_owner_verl_full125_noeval_final_npu23/rollouts/70.jsonl
[36m(TaskRunnerV1 pid=108806)[0m Training Progress:  56%|█████▌    | 70/125 [2:55:21<2:19:45, 152.47s/it]
[36m(TaskRunnerV1 pid=108806)[0m step:70 - global_seqlen/min:70881.0 - global_seqlen/max:70881.0 - global_seqlen/minmax_diff:0.0 - global_seqlen/balanced_min:70881.0 - global_seqlen/balanced_max:70881.0 - global_seqlen/mean:70881.0 - actor/pg_clipfrac:0.0017698336289160782 - actor/ppo_kl:0.0007498167430336858 - actor/pg_clipfrac_lower:0.0 - actor/pg_loss:0.006175085142331227 - actor/loss:0.006175088696181774 - actor/grad_norm:0.016510752961039543 - actor/lr:1.7e-05 - actor/perf/max_memory_allocated_gb:22.93751096725464 - actor/perf/max_memory_reserved_gb:25.5703125 - actor/perf/cpu_memory_used_gb:98.96821975708008 - perf/mfu/actor:0.17346607366702377 - training/global_step:70 - training/epoch:0 - critic/score/mean:0.1875 - critic/score/max:1.0 - critic/score/min:0.0 - critic/rewards/mean:0.1875 - critic/rewards/max:1.0 - critic/rewards/min:0.0 - critic/advantages/mean:-0.006055973935872316 - critic/advantages/max:1.4999970197677612 - critic/advantages/min:-1.4999970197677612 - critic/returns/mean:-0.006055973935872316 - critic/returns/max:1.4999970197677612 - critic/returns/min:-1.4999970197677612 - response_length/mean:1013.703125 - response_length/max:1024.0 - response_length/min:851.0 - response_length/clip_ratio:0.890625 - response_length_non_aborted/mean:1013.703125 - response_length_non_aborted/max:1024.0 - response_length_non_aborted/min:851.0 - response_length_non_aborted/clip_ratio:0.890625 - response/aborted_ratio:0.0 - prompt_length/mean:93.8125 - prompt_length/max:125.0 - prompt_length/min:67.0 - prompt_length/clip_ratio:0.125 - timing_s/gen:56.182923624292016 - timing_s/old_log_prob:0.13395014684647322 - timing_s/adv:0.18113416898995638 - timing_s/update_actor:31.975572516210377 - timing_s/update_weights:65.23899354785681 - timing_s/step:153.87665850762278 - timing_per_token_ms/adv:0.002555468588055422 - timing_per_token_ms/update_actor:0.45111627257248593 - timing_per_token_ms/gen:0.865991393318002 - perf/total_num_tokens:70881 - perf/time_per_step:153.87665850762278 - perf/throughput:230.31758256073869 - training/num_turns/mean:2.0 - training/num_turns/max:2 - training/num_turns/min:2 - training/off_policy/trajectory_spans/mean:1.0 - training/off_policy/trajectory_spans/max:1 - training/off_policy/trajectory_spans/min:1 - training/off_policy/trajectory_staleness/mean:0.0 - training/off_policy/trajectory_staleness/max:0 - training/off_policy/trajectory_staleness/min:0 - training/off_policy/trajectory_staleness_worst/mean:0.0 - training/off_policy/trajectory_staleness_worst/max:0 - training/off_policy/trajectory_staleness_worst/min:0
[36m(vLLMHttpServer pid=121375)[0m (Worker pid=122556) INFO:2026-07-30 13:33:13,226:Loading standard weights (non-FP8, async), loaded_params: 3, loaded_buffers: 0
[36m(vLLMHttpServer pid=121375)[0m (Worker pid=122556) INFO:2026-07-30 13:33:15,546:Loading standard weights (non-FP8, async), loaded_params: 43, loaded_buffers: 0
[36m(vLLMHttpServer pid=121375)[0m (Worker pid=122556) INFO:2026-07-30 13:33:17,777:Loading standard weights (non-FP8, async), loaded_params: 43, loaded_buffers: 0
[36m(vLLMHttpServer pid=121375)[0m (Worker pid=122556) INFO:2026-07-30 13:33:20,213:Loading standard weights (non-FP8, async), loaded_params: 41, loaded_buffers: 0
[36m(vLLMHttpServer pid=121375)[0m (Worker pid=122556) INFO:2026-07-30 13:33:22,582:Loading standard weights (non-FP8, async), loaded_params: 43, loaded_buffers: 0
[36m(vLLMHttpServer pid=121375)[0m (Worker pid=122556) INFO:2026-07-30 13:33:24,974:Loading standard weights (non-FP8, async), loaded_params: 43, loaded_buffers: 0
[36m(vLLMHttpServer pid=121375)[0m (Worker pid=122556) INFO:2026-07-30 13:33:27,285:Loading standard weights (non-FP8, async), loaded_params: 41, loaded_buffers: 0
[36m(vLLMHttpServer pid=121375)[0m (Worker pid=122556) INFO:2026-07-30 13:33:29,561:Loading standard weights (non-FP8, async), loaded_params: 43, loaded_buffers: 0
[36m(vLLMHttpServer pid=121375)[0m (Worker pid=122556) INFO:2026-07-30 13:33:31,846:Loading standard weights (non-FP8, async), loaded_params: 43, loaded_buffers: 0
[36m(vLLMHttpServer pid=121375)[0m (Worker pid=122556) INFO:2026-07-30 13:33:34,011:Loading standard weights (non-FP8, async), loaded_params: 43, loaded_buffers: 0
[36m(vLLMHttpServer pid=121375)[0m (Worker pid=122556) INFO:2026-07-30 13:33:34,581:Loading standard weights (non-FP8, async), loaded_params: 12, loaded_buffers: 0
[36m(vLLMHttpServer pid=121375)[0m (Worker pid=122556) INFO:2026-07-30 13:33:36,143:Loading standard weights (non-FP8, async), loaded_params: 1, loaded_buffers: 0
[36m(vLLMHttpServer pid=121375)[0m (EngineCore pid=122102) WARNING 07-30 13:33:37 [scheduler.py:1883] reset_connector called but no KV connector is configured.
[36m(TaskRunnerV1 pid=108806)[0m Training Progress:  57%|█████▋    | 71/125 [2:57:48<2:15:55, 151.02s/it]
[36m(TaskRunnerV1 pid=108806)[0m Dumped generations to /mnt/lv_model/npu60005420a/qy_owner_experiments_20260730/qy_owner_verl_full125_noeval_final_npu23/rollouts/71.jsonl
[36m(TaskRunnerV1 pid=108806)[0m step:71 - global_seqlen/min:65015.0 - global_seqlen/max:65015.0 - global_seqlen/minmax_diff:0.0 - global_seqlen/balanced_min:65015.0 - global_seqlen/balanced_max:65015.0 - global_seqlen/mean:65015.0 - actor/pg_clipfrac:0.001584921763424063 - actor/ppo_kl:0.0007065225202040892 - actor/pg_clipfrac_lower:0.0 - actor/pg_loss:0.020817705430090427 - actor/loss:0.020817704498767853 - actor/grad_norm:0.018446175381541252 - actor/lr:1.7e-05 - actor/perf/max_memory_allocated_gb:22.93751096725464 - actor/perf/max_memory_reserved_gb:25.5703125 - actor/perf/cpu_memory_used_gb:98.95180130004883 - perf/mfu/actor:0.1839315025660006 - training/global_step:71 - training/epoch:0 - critic/score/mean:0.3125 - critic/score/max:1.0 - critic/score/min:0.0 - critic/rewards/mean:0.3125 - critic/rewards/max:1.0 - critic/rewards/min:0.0 - critic/advantages/mean:-0.02090463787317276 - critic/advantages/max:1.4999970197677612 - critic/advantages/min:-1.4999970197677612 - critic/returns/mean:-0.02090463787317276 - critic/returns/max:1.4999970197677612 - critic/returns/min:-1.4999970197677612 - response_length/mean:917.109375 - response_length/max:1024.0 - response_length/min:308.0 - response_length/clip_ratio:0.75 - response_length_non_aborted/mean:917.109375 - response_length_non_aborted/max:1024.0 - response_length_non_aborted/min:308.0 - response_length_non_aborted/clip_ratio:0.75 - response/aborted_ratio:0.0 - prompt_length/mean:98.75 - prompt_length/max:149.0 - prompt_length/min:66.0 - prompt_length/clip_ratio:0.0625 - timing_s/gen:54.18808970786631 - timing_s/old_log_prob:0.12951354030519724 - timing_s/adv:0.17123579885810614 - timing_s/update_actor:27.649504016153514 - timing_s/update_weights:65.0643500238657 - timing_s/step:147.3691003890708 - timing_per_token_ms/adv:0.0026337891080228585 - timing_per_token_ms/update_actor:0.425278843592302 - timing_per_token_ms/gen:0.9232147492608622 - perf/total_num_tokens:65015 - perf/time_per_step:147.3691003890708 - perf/throughput:220.58559029115727 - training/num_turns/mean:2.0 - training/num_turns/max:2 - training/num_turns/min:2 - training/off_policy/trajectory_spans/mean:1.0 - training/off_policy/trajectory_spans/max:1 - training/off_policy/trajectory_spans/min:1 - training/off_policy/trajectory_staleness/mean:0.0 - training/off_policy/trajectory_staleness/max:0 - training/off_policy/trajectory_staleness/min:0 - training/off_policy/trajectory_staleness_worst/mean:0.0 - training/off_policy/trajectory_staleness_worst/max:0 - training/off_policy/trajectory_staleness_worst/min:0
[36m(vLLMHttpServer pid=121375)[0m (Worker pid=122556) INFO:2026-07-30 13:35:46,993:Loading standard weights (non-FP8, async), loaded_params: 3, loaded_buffers: 0
[36m(vLLMHttpServer pid=121375)[0m (Worker pid=122556) INFO:2026-07-30 13:35:49,439:Loading standard weights (non-FP8, async), loaded_params: 43, loaded_buffers: 0
[36m(vLLMHttpServer pid=121375)[0m (Worker pid=122556) INFO:2026-07-30 13:35:51,855:Loading standard weights (non-FP8, async), loaded_params: 43, loaded_buffers: 0
[36m(vLLMHttpServer pid=121375)[0m (Worker pid=122556) INFO:2026-07-30 13:35:54,332:Loading standard weights (non-FP8, async), loaded_params: 41, loaded_buffers: 0
[36m(vLLMHttpServer pid=121375)[0m (Worker pid=122556) INFO:2026-07-30 13:35:56,657:Loading standard weights (non-FP8, async), loaded_params: 43, loaded_buffers: 0
[36m(vLLMHttpServer pid=121375)[0m (Worker pid=122556) INFO:2026-07-30 13:35:58,985:Loading standard weights (non-FP8, async), loaded_params: 43, loaded_buffers: 0
[36m(vLLMHttpServer pid=121375)[0m (Worker pid=122556) INFO:2026-07-30 13:36:01,411:Loading standard weights (non-FP8, async), loaded_params: 41, loaded_buffers: 0
[36m(vLLMHttpServer pid=121375)[0m (Worker pid=122556) INFO:2026-07-30 13:36:03,792:Loading standard weights (non-FP8, async), loaded_params: 43, loaded_buffers: 0
[36m(vLLMHttpServer pid=121375)[0m (Worker pid=122556) INFO:2026-07-30 13:36:06,174:Loading standard weights (non-FP8, async), loaded_params: 43, loaded_buffers: 0
[36m(vLLMHttpServer pid=121375)[0m (Worker pid=122556) INFO:2026-07-30 13:36:08,537:Loading standard weights (non-FP8, async), loaded_params: 43, loaded_buffers: 0
[36m(vLLMHttpServer pid=121375)[0m (Worker pid=122556) INFO:2026-07-30 13:36:09,227:Loading standard weights (non-FP8, async), loaded_params: 12, loaded_buffers: 0
[36m(vLLMHttpServer pid=121375)[0m (Worker pid=122556) INFO:2026-07-30 13:36:11,025:Loading standard weights (non-FP8, async), loaded_params: 1, loaded_buffers: 0
[36m(vLLMHttpServer pid=121375)[0m (EngineCore pid=122102) WARNING 07-30 13:36:12 [scheduler.py:1883] reset_connector called but no KV connector is configured.
[36m(TaskRunnerV1 pid=108806)[0m Dumped generations to /mnt/lv_model/npu60005420a/qy_owner_experiments_20260730/qy_owner_verl_full125_noeval_final_npu23/rollouts/72.jsonl
[36m(TaskRunnerV1 pid=108806)[0m Training Progress:  58%|█████▊    | 72/125 [3:00:24<2:14:32, 152.32s/it]
[36m(TaskRunnerV1 pid=108806)[0m step:72 - global_seqlen/min:67664.0 - global_seqlen/max:67664.0 - global_seqlen/minmax_diff:0.0 - global_seqlen/balanced_min:67664.0 - global_seqlen/balanced_max:67664.0 - global_seqlen/mean:67664.0 - actor/pg_clipfrac:0.0018636345407952938 - actor/ppo_kl:0.0006433187935566393 - actor/pg_clipfrac_lower:0.0 - actor/pg_loss:0.008043845184147358 - actor/loss:0.00804384145885706 - actor/grad_norm:0.025888610631227493 - actor/lr:1.7e-05 - actor/perf/max_memory_allocated_gb:22.93751096725464 - actor/perf/max_memory_reserved_gb:25.5703125 - actor/perf/cpu_memory_used_gb:98.95460510253906 - perf/mfu/actor:0.16690689886611554 - training/global_step:72 - training/epoch:0 - critic/score/mean:0.4375 - critic/score/max:1.0 - critic/score/min:0.0 - critic/rewards/mean:0.4375 - critic/rewards/max:1.0 - critic/rewards/min:0.0 - critic/advantages/mean:-0.007955714128911495 - critic/advantages/max:1.4999970197677612 - critic/advantages/min:-1.4999970197677612 - critic/returns/mean:-0.007955714128911495 - critic/returns/max:1.4999970197677612 - critic/returns/min:-1.4999970197677612 - response_length/mean:969.1875 - response_length/max:1024.0 - response_length/min:532.0 - response_length/clip_ratio:0.734375 - response_length_non_aborted/mean:969.1875 - response_length_non_aborted/max:1024.0 - response_length_non_aborted/min:532.0 - response_length_non_aborted/clip_ratio:0.734375 - response/aborted_ratio:0.0 - prompt_length/mean:88.0625 - prompt_length/max:114.0 - prompt_length/min:69.0 - prompt_length/clip_ratio:0.0625 - timing_s/gen:56.187472365796566 - timing_s/old_log_prob:0.13353420421481133 - timing_s/adv:0.1837996756657958 - timing_s/update_actor:31.678901514038444 - timing_s/update_weights:66.7075981060043 - timing_s/step:155.05543027911335 - timing_per_token_ms/adv:0.0027163584131265637 - timing_per_token_ms/update_actor:0.4681795565446684 - timing_per_token_ms/gen:0.9058404650447631 - perf/total_num_tokens:67664 - perf/time_per_step:155.05543027911335 - perf/throughput:218.1929387387429 - training/num_turns/mean:2.0 - training/num_turns/max:2 - training/num_turns/min:2 - training/off_policy/trajectory_spans/mean:1.0 - training/off_policy/trajectory_spans/max:1 - training/off_policy/trajectory_spans/min:1 - training/off_policy/trajectory_staleness/mean:0.0 - training/off_policy/trajectory_staleness/max:0 - training/off_policy/trajectory_staleness/min:0 - training/off_policy/trajectory_staleness_worst/mean:0.0 - training/off_policy/trajectory_staleness_worst/max:0 - training/off_policy/trajectory_staleness_worst/min:0
[36m(vLLMHttpServer pid=121375)[0m (Worker pid=122556) INFO:2026-07-30 13:38:20,691:Loading standard weights (non-FP8, async), loaded_params: 3, loaded_buffers: 0
[36m(vLLMHttpServer pid=121375)[0m (Worker pid=122556) INFO:2026-07-30 13:38:22,892:Loading standard weights (non-FP8, async), loaded_params: 43, loaded_buffers: 0
[36m(vLLMHttpServer pid=121375)[0m (Worker pid=122556) INFO:2026-07-30 13:38:25,157:Loading standard weights (non-FP8, async), loaded_params: 43, loaded_buffers: 0
[36m(vLLMHttpServer pid=121375)[0m (Worker pid=122556) INFO:2026-07-30 13:38:27,441:Loading standard weights (non-FP8, async), loaded_params: 41, loaded_buffers: 0
[36m(vLLMHttpServer pid=121375)[0m (Worker pid=122556) INFO:2026-07-30 13:38:29,586:Loading standard weights (non-FP8, async), loaded_params: 43, loaded_buffers: 0
[36m(vLLMHttpServer pid=121375)[0m (Worker pid=122556) INFO:2026-07-30 13:38:31,712:Loading standard weights (non-FP8, async), loaded_params: 43, loaded_buffers: 0
[36m(vLLMHttpServer pid=121375)[0m (Worker pid=122556) INFO:2026-07-30 13:38:33,878:Loading standard weights (non-FP8, async), loaded_params: 41, loaded_buffers: 0
[36m(vLLMHttpServer pid=121375)[0m (Worker pid=122556) INFO:2026-07-30 13:38:35,952:Loading standard weights (non-FP8, async), loaded_params: 43, loaded_buffers: 0
[36m(vLLMHttpServer pid=121375)[0m (Worker pid=122556) INFO:2026-07-30 13:38:38,132:Loading standard weights (non-FP8, async), loaded_params: 43, loaded_buffers: 0
[36m(vLLMHttpServer pid=121375)[0m (Worker pid=122556) INFO:2026-07-30 13:38:40,297:Loading standard weights (non-FP8, async), loaded_params: 43, loaded_buffers: 0
[36m(vLLMHttpServer pid=121375)[0m (Worker pid=122556) INFO:2026-07-30 13:38:40,888:Loading standard weights (non-FP8, async), loaded_params: 12, loaded_buffers: 0
[36m(vLLMHttpServer pid=121375)[0m (Worker pid=122556) INFO:2026-07-30 13:38:42,410:Loading standard weights (non-FP8, async), loaded_params: 1, loaded_buffers: 0
[36m(vLLMHttpServer pid=121375)[0m (EngineCore pid=122102) WARNING 07-30 13:38:44 [scheduler.py:1883] reset_connector called but no KV connector is configured.
[36m(TaskRunnerV1 pid=108806)[0m Training Progress:  58%|█████▊    | 73/125 [3:02:55<2:11:46, 152.05s/it]
[36m(TaskRunnerV1 pid=108806)[0m Dumped generations to /mnt/lv_model/npu60005420a/qy_owner_experiments_20260730/qy_owner_verl_full125_noeval_final_npu23/rollouts/73.jsonl
[36m(TaskRunnerV1 pid=108806)[0m step:73 - global_seqlen/min:66576.0 - global_seqlen/max:66576.0 - global_seqlen/minmax_diff:0.0 - global_seqlen/balanced_min:66576.0 - global_seqlen/balanced_max:66576.0 - global_seqlen/mean:66576.0 - actor/pg_clipfrac:0.002273125306922285 - actor/ppo_kl:0.00039966657170546516 - actor/pg_clipfrac_lower:0.0 - actor/pg_loss:0.010826370233189664 - actor/loss:0.010826372541487217 - actor/grad_norm:0.01813063956797123 - actor/lr:1.7e-05 - actor/perf/max_memory_allocated_gb:22.93751096725464 - actor/perf/max_memory_reserved_gb:25.5703125 - actor/perf/cpu_memory_used_gb:98.98609924316406 - perf/mfu/actor:0.18370351000403629 - training/global_step:73 - training/epoch:0 - critic/score/mean:0.5625 - critic/score/max:1.0 - critic/score/min:0.0 - critic/rewards/mean:0.5625 - critic/rewards/max:1.0 - critic/rewards/min:0.0 - critic/advantages/mean:-0.010786976665258408 - critic/advantages/max:1.4999970197677612 - critic/advantages/min:-1.4999970197677612 - critic/returns/mean:-0.010786976665258408 - critic/returns/max:1.4999970197677612 - critic/returns/min:-1.4999970197677612 - response_length/mean:943.6875 - response_length/max:1024.0 - response_length/min:638.0 - response_length/clip_ratio:0.609375 - response_length_non_aborted/mean:943.6875 - response_length_non_aborted/max:1024.0 - response_length_non_aborted/min:638.0 - response_length_non_aborted/clip_ratio:0.609375 - response/aborted_ratio:0.0 - prompt_length/mean:96.5625 - prompt_length/max:159.0 - prompt_length/min:64.0 - prompt_length/clip_ratio:0.0625 - timing_s/gen:58.21478884015232 - timing_s/old_log_prob:0.13238697219640017 - timing_s/adv:0.17624663189053535 - timing_s/update_actor:28.328728658147156 - timing_s/update_weights:64.1332641672343 - timing_s/step:151.14599352609366 - timing_per_token_ms/adv:0.0026472998060943186 - timing_per_token_ms/update_actor:0.4255096229594322 - timing_per_token_ms/gen:0.9638848407204504 - perf/total_num_tokens:66576 - perf/time_per_step:151.14599352609366 - perf/throughput:220.2373958013859 - training/num_turns/mean:2.0 - training/num_turns/max:2 - training/num_turns/min:2 - training/off_policy/trajectory_spans/mean:1.0 - training/off_policy/trajectory_spans/max:1 - training/off_policy/trajectory_spans/min:1 - training/off_policy/trajectory_staleness/mean:0.0 - training/off_policy/trajectory_staleness/max:0 - training/off_policy/trajectory_staleness/min:0 - training/off_policy/trajectory_staleness_worst/mean:0.0 - training/off_policy/trajectory_staleness_worst/max:0 - training/off_policy/trajectory_staleness_worst/min:0
[36m(vLLMHttpServer pid=121375)[0m (Worker pid=122556) INFO:2026-07-30 13:40:48,361:Loading standard weights (non-FP8, async), loaded_params: 3, loaded_buffers: 0
[36m(vLLMHttpServer pid=121375)[0m (Worker pid=122556) INFO:2026-07-30 13:40:50,424:Loading standard weights (non-FP8, async), loaded_params: 43, loaded_buffers: 0
[36m(vLLMHttpServer pid=121375)[0m (Worker pid=122556) INFO:2026-07-30 13:40:52,764:Loading standard weights (non-FP8, async), loaded_params: 43, loaded_buffers: 0
[36m(vLLMHttpServer pid=121375)[0m (Worker pid=122556) INFO:2026-07-30 13:40:55,819:Loading standard weights (non-FP8, async), loaded_params: 41, loaded_buffers: 0
[36m(vLLMHttpServer pid=121375)[0m (Worker pid=122556) INFO:2026-07-30 13:40:57,964:Loading standard weights (non-FP8, async), loaded_params: 43, loaded_buffers: 0
[36m(vLLMHttpServer pid=121375)[0m (Worker pid=122556) INFO:2026-07-30 13:41:00,206:Loading standard weights (non-FP8, async), loaded_params: 43, loaded_buffers: 0
[36m(vLLMHttpServer pid=121375)[0m (Worker pid=122556) INFO:2026-07-30 13:41:02,393:Loading standard weights (non-FP8, async), loaded_params: 41, loaded_buffers: 0
[36m(vLLMHttpServer pid=121375)[0m (Worker pid=122556) INFO:2026-07-30 13:41:04,471:Loading standard weights (non-FP8, async), loaded_params: 43, loaded_buffers: 0
[36m(vLLMHttpServer pid=121375)[0m (Worker pid=122556) INFO:2026-07-30 13:41:06,599:Loading standard weights (non-FP8, async), loaded_params: 43, loaded_buffers: 0
[36m(vLLMHttpServer pid=121375)[0m (Worker pid=122556) INFO:2026-07-30 13:41:08,698:Loading standard weights (non-FP8, async), loaded_params: 43, loaded_buffers: 0
[36m(vLLMHttpServer pid=121375)[0m (Worker pid=122556) INFO:2026-07-30 13:41:09,280:Loading standard weights (non-FP8, async), loaded_params: 12, loaded_buffers: 0
[36m(vLLMHttpServer pid=121375)[0m (Worker pid=122556) INFO:2026-07-30 13:41:10,827:Loading standard weights (non-FP8, async), loaded_params: 1, loaded_buffers: 0
[36m(vLLMHttpServer pid=121375)[0m (EngineCore pid=122102) WARNING 07-30 13:41:12 [scheduler.py:1883] reset_connector called but no KV connector is configured.
[36m(TaskRunnerV1 pid=108806)[0m Training Progress:  59%|█████▉    | 74/125 [3:05:23<2:08:18, 150.95s/it]
[36m(TaskRunnerV1 pid=108806)[0m Dumped generations to /mnt/lv_model/npu60005420a/qy_owner_experiments_20260730/qy_owner_verl_full125_noeval_final_npu23/rollouts/74.jsonl
[36m(TaskRunnerV1 pid=108806)[0m step:74 - global_seqlen/min:65628.0 - global_seqlen/max:65628.0 - global_seqlen/minmax_diff:0.0 - global_seqlen/balanced_min:65628.0 - global_seqlen/balanced_max:65628.0 - global_seqlen/mean:65628.0 - actor/pg_clipfrac:0.0024508721167769503 - actor/ppo_kl:0.0007947975305689718 - actor/pg_clipfrac_lower:0.0 - actor/pg_loss:0.018127716481103562 - actor/loss:0.018127720803022385 - actor/grad_norm:0.022121865302324295 - actor/lr:1.7e-05 - actor/perf/max_memory_allocated_gb:22.93751096725464 - actor/perf/max_memory_reserved_gb:25.5703125 - actor/perf/cpu_memory_used_gb:98.97150039672852 - perf/mfu/actor:0.17939915056449443 - training/global_step:74 - training/epoch:0 - critic/score/mean:0.53125 - critic/score/max:1.0 - critic/score/min:0.0 - critic/rewards/mean:0.53125 - critic/rewards/max:1.0 - critic/rewards/min:0.0 - critic/advantages/mean:-0.017832735553383827 - critic/advantages/max:1.4999970197677612 - critic/advantages/min:-1.4999970197677612 - critic/returns/mean:-0.017832735553383827 - critic/returns/max:1.4999970197677612 - critic/returns/min:-1.4999970197677612 - response_length/mean:929.625 - response_length/max:1024.0 - response_length/min:398.0 - response_length/clip_ratio:0.5625 - response_length_non_aborted/mean:929.625 - response_length_non_aborted/max:1024.0 - response_length_non_aborted/min:398.0 - response_length_non_aborted/clip_ratio:0.5625 - response/aborted_ratio:0.0 - prompt_length/mean:95.8125 - prompt_length/max:149.0 - prompt_length/min:67.0 - prompt_length/clip_ratio:0.0625 - timing_s/gen:54.18719902727753 - timing_s/old_log_prob:0.1336090425029397 - timing_s/adv:0.17842191830277443 - timing_s/update_actor:28.59952147025615 - timing_s/update_weights:64.86137456353754 - timing_s/step:148.12264217808843 - timing_per_token_ms/adv:0.0027186859008772844 - timing_per_token_ms/update_actor:0.43578231045066357 - timing_per_token_ms/gen:0.9107704556151259 - perf/total_num_tokens:65628 - perf/time_per_step:148.12264217808843 - perf/throughput:221.532640233001 - training/num_turns/mean:2.0 - training/num_turns/max:2 - training/num_turns/min:2 - training/off_policy/trajectory_spans/mean:1.0 - training/off_policy/trajectory_spans/max:1 - training/off_policy/trajectory_spans/min:1 - training/off_policy/trajectory_staleness/mean:0.0 - training/off_policy/trajectory_staleness/max:0 - training/off_policy/trajectory_staleness/min:0 - training/off_policy/trajectory_staleness_worst/mean:0.0 - training/off_policy/trajectory_staleness_worst/max:0 - training/off_policy/trajectory_staleness_worst/min:0
[36m(vLLMHttpServer pid=121375)[0m (Worker pid=122556) INFO:2026-07-30 13:43:19,950:Loading standard weights (non-FP8, async), loaded_params: 3, loaded_buffers: 0
[36m(vLLMHttpServer pid=121375)[0m (Worker pid=122556) INFO:2026-07-30 13:43:22,444:Loading standard weights (non-FP8, async), loaded_params: 43, loaded_buffers: 0
[36m(vLLMHttpServer pid=121375)[0m (Worker pid=122556) INFO:2026-07-30 13:43:24,925:Loading standard weights (non-FP8, async), loaded_params: 43, loaded_buffers: 0
[36m(vLLMHttpServer pid=121375)[0m (Worker pid=122556) INFO:2026-07-30 13:43:27,297:Loading standard weights (non-FP8, async), loaded_params: 41, loaded_buffers: 0
[36m(vLLMHttpServer pid=121375)[0m (Worker pid=122556) INFO:2026-07-30 13:43:29,775:Loading standard weights (non-FP8, async), loaded_params: 43, loaded_buffers: 0
[36m(vLLMHttpServer pid=121375)[0m (Worker pid=122556) INFO:2026-07-30 13:43:32,183:Loading standard weights (non-FP8, async), loaded_params: 43, loaded_buffers: 0
[36m(vLLMHttpServer pid=121375)[0m (Worker pid=122556) INFO:2026-07-30 13:43:34,869:Loading standard weights (non-FP8, async), loaded_params: 41, loaded_buffers: 0
[36m(vLLMHttpServer pid=121375)[0m (Worker pid=122556) INFO:2026-07-30 13:43:37,360:Loading standard weights (non-FP8, async), loaded_params: 43, loaded_buffers: 0
[36m(vLLMHttpServer pid=121375)[0m (Worker pid=122556) INFO:2026-07-30 13:43:39,771:Loading standard weights (non-FP8, async), loaded_params: 43, loaded_buffers: 0
[36m(vLLMHttpServer pid=121375)[0m (Worker pid=122556) INFO:2026-07-30 13:43:42,253:Loading standard weights (non-FP8, async), loaded_params: 43, loaded_buffers: 0
[36m(vLLMHttpServer pid=121375)[0m (Worker pid=122556) INFO:2026-07-30 13:43:42,892:Loading standard weights (non-FP8, async), loaded_params: 12, loaded_buffers: 0
[36m(vLLMHttpServer pid=121375)[0m (Worker pid=122556) INFO:2026-07-30 13:43:44,793:Loading standard weights (non-FP8, async), loaded_params: 1, loaded_buffers: 0
[36m(vLLMHttpServer pid=121375)[0m (EngineCore pid=122102) WARNING 07-30 13:43:46 [scheduler.py:1883] reset_connector called but no KV connector is configured.
[36m(TaskRunnerV1 pid=108806)[0m Dumped generations to /mnt/lv_model/npu60005420a/qy_owner_experiments_20260730/qy_owner_verl_full125_noeval_final_npu23/rollouts/75.jsonl
[36m(TaskRunnerV1 pid=108806)[0m Training Progress:  60%|██████    | 75/125 [3:07:57<2:06:25, 151.71s/it]
[36m(TaskRunnerV1 pid=108806)[0m step:75 - global_seqlen/min:68757.0 - global_seqlen/max:68757.0 - global_seqlen/minmax_diff:0.0 - global_seqlen/balanced_min:68757.0 - global_seqlen/balanced_max:68757.0 - global_seqlen/mean:68757.0 - actor/pg_clipfrac:0.001580692663350526 - actor/ppo_kl:0.0007579125286771587 - actor/pg_clipfrac_lower:0.0 - actor/pg_loss:0.010819856775924563 - actor/loss:0.010819857008755207 - actor/grad_norm:0.016285905614495277 - actor/lr:1.7e-05 - actor/perf/max_memory_allocated_gb:22.93751096725464 - actor/perf/max_memory_reserved_gb:25.5703125 - actor/perf/cpu_memory_used_gb:98.98126602172852 - perf/mfu/actor:0.18457365808634435 - training/global_step:75 - training/epoch:0 - critic/score/mean:0.3125 - critic/score/max:1.0 - critic/score/min:0.0 - critic/rewards/mean:0.3125 - critic/rewards/max:1.0 - critic/rewards/min:0.0 - critic/advantages/mean:-0.010620161890983582 - critic/advantages/max:1.4999970197677612 - critic/advantages/min:-1.4999970197677612 - critic/returns/mean:-0.010620161890983582 - critic/returns/max:1.4999970197677612 - critic/returns/min:-1.4999970197677612 - response_length/mean:981.328125 - response_length/max:1024.0 - response_length/min:503.0 - response_length/clip_ratio:0.78125 - response_length_non_aborted/mean:981.328125 - response_length_non_aborted/max:1024.0 - response_length_non_aborted/min:503.0 - response_length_non_aborted/clip_ratio:0.78125 - response/aborted_ratio:0.0 - prompt_length/mean:93.0 - prompt_length/max:129.0 - prompt_length/min:61.0 - prompt_length/clip_ratio:0.0625 - timing_s/gen:56.19969557132572 - timing_s/old_log_prob:0.1398750776425004 - timing_s/adv:0.18362727295607328 - timing_s/update_actor:29.152831147424877 - timing_s/update_weights:67.37045594025403 - timing_s/step:153.20774219743907 - timing_per_token_ms/adv:0.0026706702293013552 - timing_per_token_ms/update_actor:0.42399800961974604 - timing_per_token_ms/gen:0.8948283667116587 - perf/total_num_tokens:68757 - perf/time_per_step:153.20774219743907 - perf/throughput:224.39140155003636 - training/num_turns/mean:2.0 - training/num_turns/max:2 - training/num_turns/min:2 - training/off_policy/trajectory_spans/mean:1.0 - training/off_policy/trajectory_spans/max:1 - training/off_policy/trajectory_spans/min:1 - training/off_policy/trajectory_staleness/mean:0.0 - training/off_policy/trajectory_staleness/max:0 - training/off_policy/trajectory_staleness/min:0 - training/off_policy/trajectory_staleness_worst/mean:0.0 - training/off_policy/trajectory_staleness_worst/max:0 - training/off_policy/trajectory_staleness_worst/min:0
[36m(vLLMHttpServer pid=121375)[0m (Worker pid=122556) INFO:2026-07-30 13:45:49,267:Loading standard weights (non-FP8, async), loaded_params: 3, loaded_buffers: 0
[36m(vLLMHttpServer pid=121375)[0m (Worker pid=122556) INFO:2026-07-30 13:45:51,828:Loading standard weights (non-FP8, async), loaded_params: 43, loaded_buffers: 0
[36m(vLLMHttpServer pid=121375)[0m (Worker pid=122556) INFO:2026-07-30 13:45:54,567:Loading standard weights (non-FP8, async), loaded_params: 43, loaded_buffers: 0
[36m(vLLMHttpServer pid=121375)[0m (Worker pid=122556) INFO:2026-07-30 13:45:56,993:Loading standard weights (non-FP8, async), loaded_params: 41, loaded_buffers: 0
[36m(vLLMHttpServer pid=121375)[0m (Worker pid=122556) INFO:2026-07-30 13:45:59,546:Loading standard weights (non-FP8, async), loaded_params: 43, loaded_buffers: 0
[36m(vLLMHttpServer pid=121375)[0m (Worker pid=122556) INFO:2026-07-30 13:46:02,162:Loading standard weights (non-FP8, async), loaded_params: 43, loaded_buffers: 0
[36m(vLLMHttpServer pid=121375)[0m (Worker pid=122556) INFO:2026-07-30 13:46:05,056:Loading standard weights (non-FP8, async), loaded_params: 41, loaded_buffers: 0
[36m(vLLMHttpServer pid=121375)[0m (Worker pid=122556) INFO:2026-07-30 13:46:07,410:Loading standard weights (non-FP8, async), loaded_params: 43, loaded_buffers: 0
[36m(vLLMHttpServer pid=121375)[0m (Worker pid=122556) INFO:2026-07-30 13:46:09,838:Loading standard weights (non-FP8, async), loaded_params: 43, loaded_buffers: 0
[36m(vLLMHttpServer pid=121375)[0m (Worker pid=122556) INFO:2026-07-30 13:46:12,339:Loading standard weights (non-FP8, async), loaded_params: 43, loaded_buffers: 0
[36m(vLLMHttpServer pid=121375)[0m (Worker pid=122556) INFO:2026-07-30 13:46:13,113:Loading standard weights (non-FP8, async), loaded_params: 12, loaded_buffers: 0
[36m(vLLMHttpServer pid=121375)[0m (Worker pid=122556) INFO:2026-07-30 13:46:14,853:Loading standard weights (non-FP8, async), loaded_params: 1, loaded_buffers: 0
[36m(vLLMHttpServer pid=121375)[0m (EngineCore pid=122102) WARNING 07-30 13:46:16 [scheduler.py:1883] reset_connector called but no KV connector is configured.
[36m(TaskRunnerV1 pid=108806)[0m Training Progress:  61%|██████    | 76/125 [3:10:27<2:03:29, 151.21s/it]
[36m(TaskRunnerV1 pid=108806)[0m Dumped generations to /mnt/lv_model/npu60005420a/qy_owner_experiments_20260730/qy_owner_verl_full125_noeval_final_npu23/rollouts/76.jsonl
[36m(TaskRunnerV1 pid=108806)[0m step:76 - global_seqlen/min:65047.0 - global_seqlen/max:65047.0 - global_seqlen/minmax_diff:0.0 - global_seqlen/balanced_min:65047.0 - global_seqlen/balanced_max:65047.0 - global_seqlen/mean:65047.0 - actor/pg_clipfrac:0.0017212086477229604 - actor/ppo_kl:0.00045459791158464213 - actor/pg_clipfrac_lower:0.0 - actor/pg_loss:0.021965900115901604 - actor/loss:0.02196590043604374 - actor/grad_norm:0.023295078426599503 - actor/lr:1.7e-05 - actor/perf/max_memory_allocated_gb:23.0568790435791 - actor/perf/max_memory_reserved_gb:25.5703125 - actor/perf/cpu_memory_used_gb:98.95088195800781 - perf/mfu/actor:0.18668104841089303 - training/global_step:76 - training/epoch:0 - critic/score/mean:0.5 - critic/score/max:1.0 - critic/score/min:0.0 - critic/rewards/mean:0.5 - critic/rewards/max:1.0 - critic/rewards/min:0.0 - critic/advantages/mean:-0.021962573751807213 - critic/advantages/max:1.4999970197677612 - critic/advantages/min:-1.4999970197677612 - critic/returns/mean:-0.021962573751807213 - critic/returns/max:1.4999970197677612 - critic/returns/min:-1.4999970197677612 - response_length/mean:918.421875 - response_length/max:1024.0 - response_length/min:461.0 - response_length/clip_ratio:0.53125 - response_length_non_aborted/mean:918.421875 - response_length_non_aborted/max:1024.0 - response_length_non_aborted/min:461.0 - response_length_non_aborted/clip_ratio:0.53125 - response/aborted_ratio:0.0 - prompt_length/mean:97.9375 - prompt_length/max:229.0 - prompt_length/min:56.0 - prompt_length/clip_ratio:0.0625 - timing_s/gen:54.181579171679914 - timing_s/old_log_prob:0.13792767003178596 - timing_s/adv:0.18366148974746466 - timing_s/update_actor:27.249560855329037 - timing_s/update_weights:67.86903568170965 - timing_s/step:149.7815336259082 - timing_per_token_ms/adv:0.002823519758750821 - timing_per_token_ms/update_actor:0.41892110097820096 - timing_per_token_ms/gen:0.9217846368886833 - perf/total_num_tokens:65047 - perf/time_per_step:149.7815336259082 - perf/throughput:217.1395846515375 - training/num_turns/mean:2.0 - training/num_turns/max:2 - training/num_turns/min:2 - training/off_policy/trajectory_spans/mean:1.0 - training/off_policy/trajectory_spans/max:1 - training/off_policy/trajectory_spans/min:1 - training/off_policy/trajectory_staleness/mean:0.0 - training/off_policy/trajectory_staleness/max:0 - training/off_policy/trajectory_staleness/min:0 - training/off_policy/trajectory_staleness_worst/mean:0.0 - training/off_policy/trajectory_staleness_worst/max:0 - training/off_policy/trajectory_staleness_worst/min:0
[36m(vLLMHttpServer pid=121375)[0m (Worker pid=122556) INFO:2026-07-30 13:48:27,857:Loading standard weights (non-FP8, async), loaded_params: 3, loaded_buffers: 0
[36m(vLLMHttpServer pid=121375)[0m (Worker pid=122556) INFO:2026-07-30 13:48:30,237:Loading standard weights (non-FP8, async), loaded_params: 43, loaded_buffers: 0
[36m(vLLMHttpServer pid=121375)[0m (Worker pid=122556) INFO:2026-07-30 13:48:32,751:Loading standard weights (non-FP8, async), loaded_params: 43, loaded_buffers: 0
[36m(vLLMHttpServer pid=121375)[0m (Worker pid=122556) INFO:2026-07-30 13:48:35,172:Loading standard weights (non-FP8, async), loaded_params: 41, loaded_buffers: 0
[36m(vLLMHttpServer pid=121375)[0m (Worker pid=122556) INFO:2026-07-30 13:48:37,803:Loading standard weights (non-FP8, async), loaded_params: 43, loaded_buffers: 0
[36m(vLLMHttpServer pid=121375)[0m (Worker pid=122556) INFO:2026-07-30 13:48:40,410:Loading standard weights (non-FP8, async), loaded_params: 43, loaded_buffers: 0
[36m(vLLMHttpServer pid=121375)[0m (Worker pid=122556) INFO:2026-07-30 13:48:42,898:Loading standard weights (non-FP8, async), loaded_params: 41, loaded_buffers: 0
[36m(vLLMHttpServer pid=121375)[0m (Worker pid=122556) INFO:2026-07-30 13:48:45,241:Loading standard weights (non-FP8, async), loaded_params: 43, loaded_buffers: 0
[36m(vLLMHttpServer pid=121375)[0m (Worker pid=122556) INFO:2026-07-30 13:48:47,605:Loading standard weights (non-FP8, async), loaded_params: 43, loaded_buffers: 0
[36m(vLLMHttpServer pid=121375)[0m (Worker pid=122556) INFO:2026-07-30 13:48:49,989:Loading standard weights (non-FP8, async), loaded_params: 43, loaded_buffers: 0
[36m(vLLMHttpServer pid=121375)[0m (Worker pid=122556) INFO:2026-07-30 13:48:50,628:Loading standard weights (non-FP8, async), loaded_params: 12, loaded_buffers: 0
[36m(vLLMHttpServer pid=121375)[0m (Worker pid=122556) INFO:2026-07-30 13:48:52,417:Loading standard weights (non-FP8, async), loaded_params: 1, loaded_buffers: 0
[36m(vLLMHttpServer pid=121375)[0m (EngineCore pid=122102) WARNING 07-30 13:48:53 [scheduler.py:1883] reset_connector called but no KV connector is configured.
[36m(TaskRunnerV1 pid=108806)[0m Dumped generations to /mnt/lv_model/npu60005420a/qy_owner_experiments_20260730/qy_owner_verl_full125_noeval_final_npu23/rollouts/77.jsonl
[36m(TaskRunnerV1 pid=108806)[0m Training Progress:  62%|██████▏   | 77/125 [3:13:05<2:02:30, 153.13s/it]
[36m(TaskRunnerV1 pid=108806)[0m step:77 - global_seqlen/min:70831.0 - global_seqlen/max:70831.0 - global_seqlen/minmax_diff:0.0 - global_seqlen/balanced_min:70831.0 - global_seqlen/balanced_max:70831.0 - global_seqlen/mean:70831.0 - actor/pg_clipfrac:0.002055949610722665 - actor/ppo_kl:0.0007765870872794443 - actor/pg_clipfrac_lower:0.0 - actor/pg_loss:0.0034513365562816034 - actor/loss:0.0034513361752033234 - actor/grad_norm:0.016057511791586876 - actor/lr:1.7e-05 - actor/perf/max_memory_allocated_gb:23.0568790435791 - actor/perf/max_memory_reserved_gb:25.5703125 - actor/perf/cpu_memory_used_gb:98.9499626159668 - perf/mfu/actor:0.16782223181145697 - training/global_step:77 - training/epoch:0 - critic/score/mean:0.265625 - critic/score/max:1.0 - critic/score/min:0.0 - critic/rewards/mean:0.265625 - critic/rewards/max:1.0 - critic/rewards/min:0.0 - critic/advantages/mean:-0.0033420920372009277 - critic/advantages/max:1.4999970197677612 - critic/advantages/min:-1.4999970197677612 - critic/returns/mean:-0.0033420920372009277 - critic/returns/max:1.4999970197677612 - critic/returns/min:-1.4999970197677612 - response_length/mean:1005.171875 - response_length/max:1024.0 - response_length/min:721.0 - response_length/clip_ratio:0.875 - response_length_non_aborted/mean:1005.171875 - response_length_non_aborted/max:1024.0 - response_length_non_aborted/min:721.0 - response_length_non_aborted/clip_ratio:0.875 - response/aborted_ratio:0.0 - prompt_length/mean:101.5625 - prompt_length/max:140.0 - prompt_length/min:79.0 - prompt_length/clip_ratio:0.0625 - timing_s/gen:56.192975216545165 - timing_s/old_log_prob:0.13498379942029715 - timing_s/adv:0.17530679889023304 - timing_s/update_actor:33.01068012416363 - timing_s/update_weights:67.64680023677647 - timing_s/step:157.32470353413373 - timing_per_token_ms/adv:0.002475001043190595 - timing_per_token_ms/update_actor:0.4660484833499969 - timing_per_token_ms/gen:0.873497617269204 - perf/total_num_tokens:70831 - perf/time_per_step:157.32470353413373 - perf/throughput:225.11086437430424 - training/num_turns/mean:2.0 - training/num_turns/max:2 - training/num_turns/min:2 - training/off_policy/trajectory_spans/mean:1.0 - training/off_policy/trajectory_spans/max:1 - training/off_policy/trajectory_spans/min:1 - training/off_policy/trajectory_staleness/mean:0.0 - training/off_policy/trajectory_staleness/max:0 - training/off_policy/trajectory_staleness/min:0 - training/off_policy/trajectory_staleness_worst/mean:0.0 - training/off_policy/trajectory_staleness_worst/max:0 - training/off_policy/trajectory_staleness_worst/min:0
[36m(vLLMHttpServer pid=121375)[0m (Worker pid=122556) INFO:2026-07-30 13:51:03,645:Loading standard weights (non-FP8, async), loaded_params: 3, loaded_buffers: 0
[36m(vLLMHttpServer pid=121375)[0m (Worker pid=122556) INFO:2026-07-30 13:51:05,966:Loading standard weights (non-FP8, async), loaded_params: 43, loaded_buffers: 0
[36m(vLLMHttpServer pid=121375)[0m (Worker pid=122556) INFO:2026-07-30 13:51:08,292:Loading standard weights (non-FP8, async), loaded_params: 43, loaded_buffers: 0
[36m(vLLMHttpServer pid=121375)[0m (Worker pid=122556) INFO:2026-07-30 13:51:10,631:Loading standard weights (non-FP8, async), loaded_params: 41, loaded_buffers: 0
[36m(vLLMHttpServer pid=121375)[0m (Worker pid=122556) INFO:2026-07-30 13:51:12,974:Loading standard weights (non-FP8, async), loaded_params: 43, loaded_buffers: 0
[36m(vLLMHttpServer pid=121375)[0m (Worker pid=122556) INFO:2026-07-30 13:51:15,436:Loading standard weights (non-FP8, async), loaded_params: 43, loaded_buffers: 0
[36m(vLLMHttpServer pid=121375)[0m (Worker pid=122556) INFO:2026-07-30 13:51:17,902:Loading standard weights (non-FP8, async), loaded_params: 41, loaded_buffers: 0
[36m(vLLMHttpServer pid=121375)[0m (Worker pid=122556) INFO:2026-07-30 13:51:20,179:Loading standard weights (non-FP8, async), loaded_params: 43, loaded_buffers: 0
[36m(vLLMHttpServer pid=121375)[0m (Worker pid=122556) INFO:2026-07-30 13:51:22,421:Loading standard weights (non-FP8, async), loaded_params: 43, loaded_buffers: 0
[36m(vLLMHttpServer pid=121375)[0m (Worker pid=122556) INFO:2026-07-30 13:51:24,623:Loading standard weights (non-FP8, async), loaded_params: 43, loaded_buffers: 0
[36m(vLLMHttpServer pid=121375)[0m (Worker pid=122556) INFO:2026-07-30 13:51:25,181:Loading standard weights (non-FP8, async), loaded_params: 12, loaded_buffers: 0
[36m(vLLMHttpServer pid=121375)[0m (Worker pid=122556) INFO:2026-07-30 13:51:26,772:Loading standard weights (non-FP8, async), loaded_params: 1, loaded_buffers: 0
[36m(vLLMHttpServer pid=121375)[0m (EngineCore pid=122102) WARNING 07-30 13:51:27 [scheduler.py:1883] reset_connector called but no KV connector is configured.
[36m(TaskRunnerV1 pid=108806)[0m Training Progress:  62%|██████▏   | 78/125 [3:15:39<2:00:13, 153.49s/it]
[36m(TaskRunnerV1 pid=108806)[0m Dumped generations to /mnt/lv_model/npu60005420a/qy_owner_experiments_20260730/qy_owner_verl_full125_noeval_final_npu23/rollouts/78.jsonl
[36m(TaskRunnerV1 pid=108806)[0m step:78 - global_seqlen/min:66794.0 - global_seqlen/max:66794.0 - global_seqlen/minmax_diff:0.0 - global_seqlen/balanced_min:66794.0 - global_seqlen/balanced_max:66794.0 - global_seqlen/mean:66794.0 - actor/pg_clipfrac:0.0026563792147071045 - actor/ppo_kl:0.000537474342255497 - actor/pg_clipfrac_lower:0.0 - actor/pg_loss:0.03382089827209711 - actor/loss:0.033820897340774536 - actor/grad_norm:0.020708516240119934 - actor/lr:1.7e-05 - actor/perf/max_memory_allocated_gb:23.0568790435791 - actor/perf/max_memory_reserved_gb:25.5703125 - actor/perf/cpu_memory_used_gb:98.93498229980469 - perf/mfu/actor:0.1629390557417139 - training/global_step:78 - training/epoch:0 - critic/score/mean:0.453125 - critic/score/max:1.0 - critic/score/min:0.0 - critic/rewards/mean:0.453125 - critic/rewards/max:1.0 - critic/rewards/min:0.0 - critic/advantages/mean:-0.033699747174978256 - critic/advantages/max:1.4999970197677612 - critic/advantages/min:-1.4999970197677612 - critic/returns/mean:-0.033699747174978256 - critic/returns/max:1.4999970197677612 - critic/returns/min:-1.4999970197677612 - response_length/mean:950.21875 - response_length/max:1024.0 - response_length/min:414.0 - response_length/clip_ratio:0.65625 - response_length_non_aborted/mean:950.21875 - response_length_non_aborted/max:1024.0 - response_length_non_aborted/min:414.0 - response_length_non_aborted/clip_ratio:0.65625 - response/aborted_ratio:0.0 - prompt_length/mean:93.4375 - prompt_length/max:148.0 - prompt_length/min:64.0 - prompt_length/clip_ratio:0.0625 - timing_s/gen:56.215743746608496 - timing_s/old_log_prob:0.13909152895212173 - timing_s/adv:0.1815133849158883 - timing_s/update_actor:32.02819300442934 - timing_s/update_weights:65.32847167924047 - timing_s/step:154.05683291051537 - timing_per_token_ms/adv:0.002717510329009916 - timing_per_token_ms/update_actor:0.47950703662648353 - timing_per_token_ms/gen:0.9243881959188426 - perf/total_num_tokens:66794 - perf/time_per_step:154.05683291051537 - perf/throughput:216.78363347504882 - training/num_turns/mean:2.0 - training/num_turns/max:2 - training/num_turns/min:2 - training/off_policy/trajectory_spans/mean:1.0 - training/off_policy/trajectory_spans/max:1 - training/off_policy/trajectory_spans/min:1 - training/off_policy/trajectory_staleness/mean:0.0 - training/off_policy/trajectory_staleness/max:0 - training/off_policy/trajectory_staleness/min:0 - training/off_policy/trajectory_staleness_worst/mean:0.0 - training/off_policy/trajectory_staleness_worst/max:0 - training/off_policy/trajectory_staleness_worst/min:0
[36m(vLLMHttpServer pid=121375)[0m (Worker pid=122556) INFO:2026-07-30 13:53:35,325:Loading standard weights (non-FP8, async), loaded_params: 3, loaded_buffers: 0
[36m(vLLMHttpServer pid=121375)[0m (Worker pid=122556) INFO:2026-07-30 13:53:37,982:Loading standard weights (non-FP8, async), loaded_params: 43, loaded_buffers: 0
[36m(vLLMHttpServer pid=121375)[0m (Worker pid=122556) INFO:2026-07-30 13:53:40,859:Loading standard weights (non-FP8, async), loaded_params: 43, loaded_buffers: 0
[36m(vLLMHttpServer pid=121375)[0m (Worker pid=122556) INFO:2026-07-30 13:53:43,468:Loading standard weights (non-FP8, async), loaded_params: 41, loaded_buffers: 0
[36m(vLLMHttpServer pid=121375)[0m (Worker pid=122556) INFO:2026-07-30 13:53:46,096:Loading standard weights (non-FP8, async), loaded_params: 43, loaded_buffers: 0
[36m(vLLMHttpServer pid=121375)[0m (Worker pid=122556) INFO:2026-07-30 13:53:48,603:Loading standard weights (non-FP8, async), loaded_params: 43, loaded_buffers: 0
[36m(vLLMHttpServer pid=121375)[0m (Worker pid=122556) INFO:2026-07-30 13:53:51,655:Loading standard weights (non-FP8, async), loaded_params: 41, loaded_buffers: 0
[36m(vLLMHttpServer pid=121375)[0m (Worker pid=122556) INFO:2026-07-30 13:53:54,222:Loading standard weights (non-FP8, async), loaded_params: 43, loaded_buffers: 0
[36m(vLLMHttpServer pid=121375)[0m (Worker pid=122556) INFO:2026-07-30 13:53:56,805:Loading standard weights (non-FP8, async), loaded_params: 43, loaded_buffers: 0
[36m(vLLMHttpServer pid=121375)[0m (Worker pid=122556) INFO:2026-07-30 13:53:59,384:Loading standard weights (non-FP8, async), loaded_params: 43, loaded_buffers: 0
[36m(vLLMHttpServer pid=121375)[0m (Worker pid=122556) INFO:2026-07-30 13:54:00,215:Loading standard weights (non-FP8, async), loaded_params: 12, loaded_buffers: 0
[36m(vLLMHttpServer pid=121375)[0m (Worker pid=122556) INFO:2026-07-30 13:54:02,125:Loading standard weights (non-FP8, async), loaded_params: 1, loaded_buffers: 0
[36m(vLLMHttpServer pid=121375)[0m (EngineCore pid=122102) WARNING 07-30 13:54:03 [scheduler.py:1883] reset_connector called but no KV connector is configured.
[36m(TaskRunnerV1 pid=108806)[0m Training Progress:  63%|██████▎   | 79/125 [3:18:15<1:58:09, 154.13s/it]
[36m(TaskRunnerV1 pid=108806)[0m Dumped generations to /mnt/lv_model/npu60005420a/qy_owner_experiments_20260730/qy_owner_verl_full125_noeval_final_npu23/rollouts/79.jsonl
[36m(TaskRunnerV1 pid=108806)[0m step:79 - global_seqlen/min:66211.0 - global_seqlen/max:66211.0 - global_seqlen/minmax_diff:0.0 - global_seqlen/balanced_min:66211.0 - global_seqlen/balanced_max:66211.0 - global_seqlen/mean:66211.0 - actor/pg_clipfrac:0.0018117579491124215 - actor/ppo_kl:0.000707740521594293 - actor/pg_clipfrac_lower:0.0 - actor/pg_loss:0.02325502947496716 - actor/loss:0.02325502783060074 - actor/grad_norm:0.01894957385957241 - actor/lr:1.7e-05 - actor/perf/max_memory_allocated_gb:23.0568790435791 - actor/perf/max_memory_reserved_gb:25.5703125 - actor/perf/cpu_memory_used_gb:98.92936706542969 - perf/mfu/actor:0.16351982775388121 - training/global_step:79 - training/epoch:0 - critic/score/mean:0.359375 - critic/score/max:1.0 - critic/score/min:0.0 - critic/rewards/mean:0.359375 - critic/rewards/max:1.0 - critic/rewards/min:0.0 - critic/advantages/mean:-0.023124102503061295 - critic/advantages/max:1.4999970197677612 - critic/advantages/min:-1.4999970197677612 - critic/returns/mean:-0.023124102503061295 - critic/returns/max:1.4999970197677612 - critic/returns/min:-1.4999970197677612 - response_length/mean:939.046875 - response_length/max:1024.0 - response_length/min:428.0 - response_length/clip_ratio:0.6875 - response_length_non_aborted/mean:939.046875 - response_length_non_aborted/max:1024.0 - response_length_non_aborted/min:428.0 - response_length_non_aborted/clip_ratio:0.6875 - response/aborted_ratio:0.0 - prompt_length/mean:95.5 - prompt_length/max:170.0 - prompt_length/min:63.0 - prompt_length/clip_ratio:0.0625 - timing_s/gen:54.19530495814979 - timing_s/old_log_prob:0.1354042813181877 - timing_s/adv:0.18641033861786127 - timing_s/update_actor:31.62992814835161 - timing_s/update_weights:69.05521375313401 - timing_s/step:155.35742118768394 - timing_per_token_ms/adv:0.0028153983268318144 - timing_per_token_ms/update_actor:0.4777140980856898 - timing_per_token_ms/gen:0.9017671668105923 - perf/total_num_tokens:66211 - perf/time_per_step:155.35742118768394 - perf/throughput:213.092491796745 - training/num_turns/mean:2.0 - training/num_turns/max:2 - training/num_turns/min:2 - training/off_policy/trajectory_spans/mean:1.0 - training/off_policy/trajectory_spans/max:1 - training/off_policy/trajectory_spans/min:1 - training/off_policy/trajectory_staleness/mean:0.0 - training/off_policy/trajectory_staleness/max:0 - training/off_policy/trajectory_staleness/min:0 - training/off_policy/trajectory_staleness_worst/mean:0.0 - training/off_policy/trajectory_staleness_worst/max:0 - training/off_policy/trajectory_staleness_worst/min:0
[36m(vLLMHttpServer pid=121375)[0m (Worker pid=122556) INFO:2026-07-30 13:56:15,084:Loading standard weights (non-FP8, async), loaded_params: 3, loaded_buffers: 0
[36m(vLLMHttpServer pid=121375)[0m (Worker pid=122556) INFO:2026-07-30 13:56:17,361:Loading standard weights (non-FP8, async), loaded_params: 43, loaded_buffers: 0
[36m(vLLMHttpServer pid=121375)[0m (Worker pid=122556) INFO:2026-07-30 13:56:19,673:Loading standard weights (non-FP8, async), loaded_params: 43, loaded_buffers: 0
[36m(vLLMHttpServer pid=121375)[0m (Worker pid=122556) INFO:2026-07-30 13:56:21,804:Loading standard weights (non-FP8, async), loaded_params: 41, loaded_buffers: 0
[36m(vLLMHttpServer pid=121375)[0m (Worker pid=122556) INFO:2026-07-30 13:56:24,008:Loading standard weights (non-FP8, async), loaded_params: 43, loaded_buffers: 0
[36m(vLLMHttpServer pid=121375)[0m (Worker pid=122556) INFO:2026-07-30 13:56:26,241:Loading standard weights (non-FP8, async), loaded_params: 43, loaded_buffers: 0
[36m(vLLMHttpServer pid=121375)[0m (Worker pid=122556) INFO:2026-07-30 13:56:28,482:Loading standard weights (non-FP8, async), loaded_params: 41, loaded_buffers: 0
[36m(vLLMHttpServer pid=121375)[0m (Worker pid=122556) INFO:2026-07-30 13:56:30,580:Loading standard weights (non-FP8, async), loaded_params: 43, loaded_buffers: 0
[36m(vLLMHttpServer pid=121375)[0m (Worker pid=122556) INFO:2026-07-30 13:56:32,698:Loading standard weights (non-FP8, async), loaded_params: 43, loaded_buffers: 0
[36m(vLLMHttpServer pid=121375)[0m (Worker pid=122556) INFO:2026-07-30 13:56:34,757:Loading standard weights (non-FP8, async), loaded_params: 43, loaded_buffers: 0
[36m(vLLMHttpServer pid=121375)[0m (Worker pid=122556) INFO:2026-07-30 13:56:35,361:Loading standard weights (non-FP8, async), loaded_params: 12, loaded_buffers: 0
[36m(vLLMHttpServer pid=121375)[0m (Worker pid=122556) INFO:2026-07-30 13:56:36,955:Loading standard weights (non-FP8, async), loaded_params: 1, loaded_buffers: 0
[36m(vLLMHttpServer pid=121375)[0m (EngineCore pid=122102) WARNING 07-30 13:56:38 [scheduler.py:1883] reset_connector called but no KV connector is configured.
[36m(TaskRunnerV1 pid=108806)[0m Training Progress:  64%|██████▍   | 80/125 [3:20:50<1:55:48, 154.42s/it]
[36m(TaskRunnerV1 pid=108806)[0m Dumped generations to /mnt/lv_model/npu60005420a/qy_owner_experiments_20260730/qy_owner_verl_full125_noeval_final_npu23/rollouts/80.jsonl
[36m(TaskRunnerV1 pid=108806)[0m step:80 - global_seqlen/min:69677.0 - global_seqlen/max:69677.0 - global_seqlen/minmax_diff:0.0 - global_seqlen/balanced_min:69677.0 - global_seqlen/balanced_max:69677.0 - global_seqlen/mean:69677.0 - actor/pg_clipfrac:0.0018159254104830325 - actor/ppo_kl:0.0008970087090144969 - actor/pg_clipfrac_lower:0.0 - actor/pg_loss:0.006436459720134735 - actor/loss:0.0064364587888121605 - actor/grad_norm:0.016992561519145966 - actor/lr:1.7e-05 - actor/perf/max_memory_allocated_gb:23.0568790435791 - actor/perf/max_memory_reserved_gb:25.5703125 - actor/perf/cpu_memory_used_gb:98.94007110595703 - perf/mfu/actor:0.1631620228793628 - training/global_step:80 - training/epoch:0 - critic/score/mean:0.3125 - critic/score/max:1.0 - critic/score/min:0.0 - critic/rewards/mean:0.3125 - critic/rewards/max:1.0 - critic/rewards/min:0.0 - critic/advantages/mean:-0.006375997792929411 - critic/advantages/max:1.4999970197677612 - critic/advantages/min:-0.8660238981246948 - critic/returns/mean:-0.006375997792929411 - critic/returns/max:1.4999970197677612 - critic/returns/min:-0.8660238981246948 - response_length/mean:991.703125 - response_length/max:1024.0 - response_length/min:548.0 - response_length/clip_ratio:0.875 - response_length_non_aborted/mean:991.703125 - response_length_non_aborted/max:1024.0 - response_length_non_aborted/min:548.0 - response_length_non_aborted/clip_ratio:0.875 - response/aborted_ratio:0.0 - prompt_length/mean:97.0 - prompt_length/max:165.0 - prompt_length/min:65.0 - prompt_length/clip_ratio:0.0625 - timing_s/gen:56.194668975658715 - timing_s/old_log_prob:0.1341924797743559 - timing_s/adv:0.1832143645733595 - timing_s/update_actor:33.38294383510947 - timing_s/update_weights:64.7485661348328 - timing_s/step:154.80424344353378 - timing_per_token_ms/adv:0.002629481243069585 - timing_per_token_ms/update_actor:0.4791099478322757 - timing_per_token_ms/gen:0.8853876534317339 - perf/total_num_tokens:69677 - perf/time_per_step:154.80424344353378 - perf/throughput:225.04874042879615 - training/num_turns/mean:2.0 - training/num_turns/max:2 - training/num_turns/min:2 - training/off_policy/trajectory_spans/mean:1.0 - training/off_policy/trajectory_spans/max:1 - training/off_policy/trajectory_spans/min:1 - training/off_policy/trajectory_staleness/mean:0.0 - training/off_policy/trajectory_staleness/max:0 - training/off_policy/trajectory_staleness/min:0 - training/off_policy/trajectory_staleness_worst/mean:0.0 - training/off_policy/trajectory_staleness_worst/max:0 - training/off_policy/trajectory_staleness_worst/min:0
[36m(vLLMHttpServer pid=121375)[0m (Worker pid=122556) INFO:2026-07-30 13:58:44,030:Loading standard weights (non-FP8, async), loaded_params: 3, loaded_buffers: 0
[36m(vLLMHttpServer pid=121375)[0m (Worker pid=122556) INFO:2026-07-30 13:58:46,505:Loading standard weights (non-FP8, async), loaded_params: 43, loaded_buffers: 0
[36m(vLLMHttpServer pid=121375)[0m (Worker pid=122556) INFO:2026-07-30 13:58:48,812:Loading standard weights (non-FP8, async), loaded_params: 43, loaded_buffers: 0
[36m(vLLMHttpServer pid=121375)[0m (Worker pid=122556) INFO:2026-07-30 13:58:51,260:Loading standard weights (non-FP8, async), loaded_params: 41, loaded_buffers: 0
[36m(vLLMHttpServer pid=121375)[0m (Worker pid=122556) INFO:2026-07-30 13:58:53,639:Loading standard weights (non-FP8, async), loaded_params: 43, loaded_buffers: 0
[36m(vLLMHttpServer pid=121375)[0m (Worker pid=122556) INFO:2026-07-30 13:58:56,141:Loading standard weights (non-FP8, async), loaded_params: 43, loaded_buffers: 0
[36m(vLLMHttpServer pid=121375)[0m (Worker pid=122556) INFO:2026-07-30 13:58:58,765:Loading standard weights (non-FP8, async), loaded_params: 41, loaded_buffers: 0
[36m(vLLMHttpServer pid=121375)[0m (Worker pid=122556) INFO:2026-07-30 13:59:01,118:Loading standard weights (non-FP8, async), loaded_params: 43, loaded_buffers: 0
[36m(vLLMHttpServer pid=121375)[0m (Worker pid=122556) INFO:2026-07-30 13:59:03,564:Loading standard weights (non-FP8, async), loaded_params: 43, loaded_buffers: 0
[36m(vLLMHttpServer pid=121375)[0m (Worker pid=122556) INFO:2026-07-30 13:59:05,937:Loading standard weights (non-FP8, async), loaded_params: 43, loaded_buffers: 0
[36m(vLLMHttpServer pid=121375)[0m (Worker pid=122556) INFO:2026-07-30 13:59:06,542:Loading standard weights (non-FP8, async), loaded_params: 12, loaded_buffers: 0
[36m(vLLMHttpServer pid=121375)[0m (Worker pid=122556) INFO:2026-07-30 13:59:08,191:Loading standard weights (non-FP8, async), loaded_params: 1, loaded_buffers: 0
[36m(vLLMHttpServer pid=121375)[0m (EngineCore pid=122102) WARNING 07-30 13:59:09 [scheduler.py:1883] reset_connector called but no KV connector is configured.
[36m(TaskRunnerV1 pid=108806)[0m Training Progress:  65%|██████▍   | 81/125 [3:23:21<1:52:32, 153.47s/it]
[36m(TaskRunnerV1 pid=108806)[0m Dumped generations to /mnt/lv_model/npu60005420a/qy_owner_experiments_20260730/qy_owner_verl_full125_noeval_final_npu23/rollouts/81.jsonl
[36m(TaskRunnerV1 pid=108806)[0m step:81 - global_seqlen/min:65984.0 - global_seqlen/max:65984.0 - global_seqlen/minmax_diff:0.0 - global_seqlen/balanced_min:65984.0 - global_seqlen/balanced_max:65984.0 - global_seqlen/mean:65984.0 - actor/pg_clipfrac:0.0008231162073035888 - actor/ppo_kl:0.0008821848806452609 - actor/pg_clipfrac_lower:0.0 - actor/pg_loss:0.009065515594556928 - actor/loss:0.009065519087016582 - actor/grad_norm:0.012368692085146904 - actor/lr:1.7e-05 - actor/perf/max_memory_allocated_gb:23.0568790435791 - actor/perf/max_memory_reserved_gb:25.5703125 - actor/perf/cpu_memory_used_gb:98.90545654296875 - perf/mfu/actor:0.17945996862537858 - training/global_step:81 - training/epoch:0 - critic/score/mean:0.421875 - critic/score/max:1.0 - critic/score/min:0.0 - critic/rewards/mean:0.421875 - critic/rewards/max:1.0 - critic/rewards/min:0.0 - critic/advantages/mean:-0.008889444172382355 - critic/advantages/max:1.4999970197677612 - critic/advantages/min:-1.4999970197677612 - critic/returns/mean:-0.008889444172382355 - critic/returns/max:1.4999970197677612 - critic/returns/min:-1.4999970197677612 - response_length/mean:940.1875 - response_length/max:1024.0 - response_length/min:459.0 - response_length/clip_ratio:0.625 - response_length_non_aborted/mean:940.1875 - response_length_non_aborted/max:1024.0 - response_length_non_aborted/min:459.0 - response_length_non_aborted/clip_ratio:0.625 - response/aborted_ratio:0.0 - prompt_length/mean:90.8125 - prompt_length/max:127.0 - prompt_length/min:65.0 - prompt_length/clip_ratio:0.0625 - timing_s/gen:54.175456419587135 - timing_s/old_log_prob:0.1382660921663046 - timing_s/adv:0.18103204015642405 - timing_s/update_actor:28.740370037965477 - timing_s/update_weights:67.58882569521666 - timing_s/step:150.98495678510517 - timing_per_token_ms/adv:0.002743574808384215 - timing_per_token_ms/update_actor:0.4355657437858492 - timing_per_token_ms/gen:0.9003432895630382 - perf/total_num_tokens:65984 - perf/time_per_step:150.98495678510517 - perf/throughput:218.51183523506296 - training/num_turns/mean:2.0 - training/num_turns/max:2 - training/num_turns/min:2 - training/off_policy/trajectory_spans/mean:1.0 - training/off_policy/trajectory_spans/max:1 - training/off_policy/trajectory_spans/min:1 - training/off_policy/trajectory_staleness/mean:0.0 - training/off_policy/trajectory_staleness/max:0 - training/off_policy/trajectory_staleness/min:0 - training/off_policy/trajectory_staleness_worst/mean:0.0 - training/off_policy/trajectory_staleness_worst/max:0 - training/off_policy/trajectory_staleness_worst/min:0
[36m(vLLMHttpServer pid=121375)[0m (Worker pid=122556) INFO:2026-07-30 14:01:12,104:Loading standard weights (non-FP8, async), loaded_params: 3, loaded_buffers: 0
[36m(vLLMHttpServer pid=121375)[0m (Worker pid=122556) INFO:2026-07-30 14:01:14,486:Loading standard weights (non-FP8, async), loaded_params: 43, loaded_buffers: 0
[36m(vLLMHttpServer pid=121375)[0m (Worker pid=122556) INFO:2026-07-30 14:01:16,768:Loading standard weights (non-FP8, async), loaded_params: 43, loaded_buffers: 0
[36m(vLLMHttpServer pid=121375)[0m (Worker pid=122556) INFO:2026-07-30 14:01:19,061:Loading standard weights (non-FP8, async), loaded_params: 41, loaded_buffers: 0
[36m(vLLMHttpServer pid=121375)[0m (Worker pid=122556) INFO:2026-07-30 14:01:21,363:Loading standard weights (non-FP8, async), loaded_params: 43, loaded_buffers: 0
[36m(vLLMHttpServer pid=121375)[0m (Worker pid=122556) INFO:2026-07-30 14:01:23,737:Loading standard weights (non-FP8, async), loaded_params: 43, loaded_buffers: 0
[36m(vLLMHttpServer pid=121375)[0m (Worker pid=122556) INFO:2026-07-30 14:01:26,079:Loading standard weights (non-FP8, async), loaded_params: 41, loaded_buffers: 0
[36m(vLLMHttpServer pid=121375)[0m (Worker pid=122556) INFO:2026-07-30 14:01:28,335:Loading standard weights (non-FP8, async), loaded_params: 43, loaded_buffers: 0
[36m(vLLMHttpServer pid=121375)[0m (Worker pid=122556) INFO:2026-07-30 14:01:30,664:Loading standard weights (non-FP8, async), loaded_params: 43, loaded_buffers: 0
[36m(vLLMHttpServer pid=121375)[0m (Worker pid=122556) INFO:2026-07-30 14:01:32,955:Loading standard weights (non-FP8, async), loaded_params: 43, loaded_buffers: 0
[36m(vLLMHttpServer pid=121375)[0m (Worker pid=122556) INFO:2026-07-30 14:01:33,576:Loading standard weights (non-FP8, async), loaded_params: 12, loaded_buffers: 0
[36m(vLLMHttpServer pid=121375)[0m (Worker pid=122556) INFO:2026-07-30 14:01:35,249:Loading standard weights (non-FP8, async), loaded_params: 1, loaded_buffers: 0
[36m(vLLMHttpServer pid=121375)[0m (EngineCore pid=122102) WARNING 07-30 14:01:36 [scheduler.py:1883] reset_connector called but no KV connector is configured.
[36m(TaskRunnerV1 pid=108806)[0m Training Progress:  66%|██████▌   | 82/125 [3:25:48<1:48:35, 151.53s/it]
[36m(TaskRunnerV1 pid=108806)[0m Dumped generations to /mnt/lv_model/npu60005420a/qy_owner_experiments_20260730/qy_owner_verl_full125_noeval_final_npu23/rollouts/82.jsonl
[36m(TaskRunnerV1 pid=108806)[0m step:82 - global_seqlen/min:67343.0 - global_seqlen/max:67343.0 - global_seqlen/minmax_diff:0.0 - global_seqlen/balanced_min:67343.0 - global_seqlen/balanced_max:67343.0 - global_seqlen/mean:67343.0 - actor/pg_clipfrac:0.0014978606041575618 - actor/ppo_kl:0.0005605943362538443 - actor/pg_clipfrac_lower:0.0 - actor/pg_loss:0.019547764444723725 - actor/loss:0.019547762349247932 - actor/grad_norm:0.015407528728246689 - actor/lr:1.7e-05 - actor/perf/max_memory_allocated_gb:23.0568790435791 - actor/perf/max_memory_reserved_gb:25.5703125 - actor/perf/cpu_memory_used_gb:98.91535186767578 - perf/mfu/actor:0.20318989356981024 - training/global_step:82 - training/epoch:0 - critic/score/mean:0.390625 - critic/score/max:1.0 - critic/score/min:0.0 - critic/rewards/mean:0.390625 - critic/rewards/max:1.0 - critic/rewards/min:0.0 - critic/advantages/mean:-0.01940133050084114 - critic/advantages/max:1.4999970197677612 - critic/advantages/min:-1.4999970197677612 - critic/returns/mean:-0.01940133050084114 - critic/returns/max:1.4999970197677612 - critic/returns/min:-1.4999970197677612 - response_length/mean:959.984375 - response_length/max:1024.0 - response_length/min:432.0 - response_length/clip_ratio:0.703125 - response_length_non_aborted/mean:959.984375 - response_length_non_aborted/max:1024.0 - response_length_non_aborted/min:432.0 - response_length_non_aborted/clip_ratio:0.703125 - response/aborted_ratio:0.0 - prompt_length/mean:92.25 - prompt_length/max:139.0 - prompt_length/min:64.0 - prompt_length/clip_ratio:0.0625 - timing_s/gen:54.204230716452 - timing_s/old_log_prob:0.131769179366529 - timing_s/adv:0.18095912784337997 - timing_s/update_actor:25.94385368656367 - timing_s/update_weights:66.09616816975176 - timing_s/step:146.7174311056733 - timing_per_token_ms/adv:0.0026871260241358415 - timing_per_token_ms/update_actor:0.385249449631939 - timing_per_token_ms/gen:0.8822446771017107 - perf/total_num_tokens:67343 - perf/time_per_step:146.7174311056733 - perf/throughput:229.49897463613632 - training/num_turns/mean:2.0 - training/num_turns/max:2 - training/num_turns/min:2 - training/off_policy/trajectory_spans/mean:1.0 - training/off_policy/trajectory_spans/max:1 - training/off_policy/trajectory_spans/min:1 - training/off_policy/trajectory_staleness/mean:0.0 - training/off_policy/trajectory_staleness/max:0 - training/off_policy/trajectory_staleness/min:0 - training/off_policy/trajectory_staleness_worst/mean:0.0 - training/off_policy/trajectory_staleness_worst/max:0 - training/off_policy/trajectory_staleness_worst/min:0
[36m(vLLMHttpServer pid=121375)[0m (Worker pid=122556) INFO:2026-07-30 14:03:43,624:Loading standard weights (non-FP8, async), loaded_params: 3, loaded_buffers: 0
[36m(vLLMHttpServer pid=121375)[0m (Worker pid=122556) INFO:2026-07-30 14:03:46,148:Loading standard weights (non-FP8, async), loaded_params: 43, loaded_buffers: 0
[36m(vLLMHttpServer pid=121375)[0m (Worker pid=122556) INFO:2026-07-30 14:03:48,760:Loading standard weights (non-FP8, async), loaded_params: 43, loaded_buffers: 0
[36m(vLLMHttpServer pid=121375)[0m (Worker pid=122556) INFO:2026-07-30 14:03:51,224:Loading standard weights (non-FP8, async), loaded_params: 41, loaded_buffers: 0
[36m(vLLMHttpServer pid=121375)[0m (Worker pid=122556) INFO:2026-07-30 14:03:53,930:Loading standard weights (non-FP8, async), loaded_params: 43, loaded_buffers: 0
[36m(vLLMHttpServer pid=121375)[0m (Worker pid=122556) INFO:2026-07-30 14:03:56,588:Loading standard weights (non-FP8, async), loaded_params: 43, loaded_buffers: 0
[36m(vLLMHttpServer pid=121375)[0m (Worker pid=122556) INFO:2026-07-30 14:03:59,350:Loading standard weights (non-FP8, async), loaded_params: 41, loaded_buffers: 0
[36m(vLLMHttpServer pid=121375)[0m (Worker pid=122556) INFO:2026-07-30 14:04:01,897:Loading standard weights (non-FP8, async), loaded_params: 43, loaded_buffers: 0
[36m(vLLMHttpServer pid=121375)[0m (Worker pid=122556) INFO:2026-07-30 14:04:04,528:Loading standard weights (non-FP8, async), loaded_params: 43, loaded_buffers: 0
[36m(vLLMHttpServer pid=121375)[0m (Worker pid=122556) INFO:2026-07-30 14:04:07,195:Loading standard weights (non-FP8, async), loaded_params: 43, loaded_buffers: 0
[36m(vLLMHttpServer pid=121375)[0m (Worker pid=122556) INFO:2026-07-30 14:04:08,013:Loading standard weights (non-FP8, async), loaded_params: 12, loaded_buffers: 0
[36m(vLLMHttpServer pid=121375)[0m (Worker pid=122556) INFO:2026-07-30 14:04:10,045:Loading standard weights (non-FP8, async), loaded_params: 1, loaded_buffers: 0
[36m(vLLMHttpServer pid=121375)[0m (EngineCore pid=122102) WARNING 07-30 14:04:11 [scheduler.py:1883] reset_connector called but no KV connector is configured.
[36m(TaskRunnerV1 pid=108806)[0m Dumped generations to /mnt/lv_model/npu60005420a/qy_owner_experiments_20260730/qy_owner_verl_full125_noeval_final_npu23/rollouts/83.jsonl
[36m(TaskRunnerV1 pid=108806)[0m Training Progress:  66%|██████▋   | 83/125 [3:28:22<1:46:39, 152.36s/it]
[36m(TaskRunnerV1 pid=108806)[0m step:83 - global_seqlen/min:66981.0 - global_seqlen/max:66981.0 - global_seqlen/minmax_diff:0.0 - global_seqlen/balanced_min:66981.0 - global_seqlen/balanced_max:66981.0 - global_seqlen/mean:66981.0 - actor/pg_clipfrac:0.0018912116681937786 - actor/ppo_kl:0.000752756022313192 - actor/pg_clipfrac_lower:0.0 - actor/pg_loss:0.018195106356870383 - actor/loss:0.018195107579231262 - actor/grad_norm:0.018747685477137566 - actor/lr:1.7e-05 - actor/perf/max_memory_allocated_gb:23.0568790435791 - actor/perf/max_memory_reserved_gb:25.5703125 - actor/perf/cpu_memory_used_gb:99.01229095458984 - perf/mfu/actor:0.18207986904762616 - training/global_step:83 - training/epoch:0 - critic/score/mean:0.421875 - critic/score/max:1.0 - critic/score/min:0.0 - critic/rewards/mean:0.421875 - critic/rewards/max:1.0 - critic/rewards/min:0.0 - critic/advantages/mean:-0.018179405480623245 - critic/advantages/max:1.4999970197677612 - critic/advantages/min:-1.4999970197677612 - critic/returns/mean:-0.018179405480623245 - critic/returns/max:1.4999970197677612 - critic/returns/min:-1.4999970197677612 - response_length/mean:955.828125 - response_length/max:1024.0 - response_length/min:350.0 - response_length/clip_ratio:0.640625 - response_length_non_aborted/mean:955.828125 - response_length_non_aborted/max:1024.0 - response_length_non_aborted/min:350.0 - response_length_non_aborted/clip_ratio:0.640625 - response/aborted_ratio:0.0 - prompt_length/mean:90.75 - prompt_length/max:143.0 - prompt_length/min:70.0 - prompt_length/clip_ratio:0.0625 - timing_s/gen:56.202490714378655 - timing_s/old_log_prob:0.13390286359936 - timing_s/adv:0.17854956910014153 - timing_s/update_actor:28.771219660528004 - timing_s/update_weights:68.58675730787218 - timing_s/step:154.03508838638663 - timing_per_token_ms/adv:0.002665674879445537 - timing_per_token_ms/update_actor:0.42954299966450193 - timing_per_token_ms/gen:0.9187466809602055 - perf/total_num_tokens:66981 - perf/time_per_step:154.03508838638663 - perf/throughput:217.4212405162604 - training/num_turns/mean:2.0 - training/num_turns/max:2 - training/num_turns/min:2 - training/off_policy/trajectory_spans/mean:1.0 - training/off_policy/trajectory_spans/max:1 - training/off_policy/trajectory_spans/min:1 - training/off_policy/trajectory_staleness/mean:0.0 - training/off_policy/trajectory_staleness/max:0 - training/off_policy/trajectory_staleness/min:0 - training/off_policy/trajectory_staleness_worst/mean:0.0 - training/off_policy/trajectory_staleness_worst/max:0 - training/off_policy/trajectory_staleness_worst/min:0
[36m(vLLMHttpServer pid=121375)[0m (Worker pid=122556) INFO:2026-07-30 14:06:12,153:Loading standard weights (non-FP8, async), loaded_params: 3, loaded_buffers: 0
[36m(vLLMHttpServer pid=121375)[0m (Worker pid=122556) INFO:2026-07-30 14:06:14,597:Loading standard weights (non-FP8, async), loaded_params: 43, loaded_buffers: 0
[36m(vLLMHttpServer pid=121375)[0m (Worker pid=122556) INFO:2026-07-30 14:06:16,959:Loading standard weights (non-FP8, async), loaded_params: 43, loaded_buffers: 0
[36m(vLLMHttpServer pid=121375)[0m (Worker pid=122556) INFO:2026-07-30 14:06:19,402:Loading standard weights (non-FP8, async), loaded_params: 41, loaded_buffers: 0
[36m(vLLMHttpServer pid=121375)[0m (Worker pid=122556) INFO:2026-07-30 14:06:21,714:Loading standard weights (non-FP8, async), loaded_params: 43, loaded_buffers: 0
[36m(vLLMHttpServer pid=121375)[0m (Worker pid=122556) INFO:2026-07-30 14:06:24,184:Loading standard weights (non-FP8, async), loaded_params: 43, loaded_buffers: 0
[36m(vLLMHttpServer pid=121375)[0m (Worker pid=122556) INFO:2026-07-30 14:06:27,048:Loading standard weights (non-FP8, async), loaded_params: 41, loaded_buffers: 0
[36m(vLLMHttpServer pid=121375)[0m (Worker pid=122556) INFO:2026-07-30 14:06:29,334:Loading standard weights (non-FP8, async), loaded_params: 43, loaded_buffers: 0
[36m(vLLMHttpServer pid=121375)[0m (Worker pid=122556) INFO:2026-07-30 14:06:31,555:Loading standard weights (non-FP8, async), loaded_params: 43, loaded_buffers: 0
[36m(vLLMHttpServer pid=121375)[0m (Worker pid=122556) INFO:2026-07-30 14:06:33,818:Loading standard weights (non-FP8, async), loaded_params: 43, loaded_buffers: 0
[36m(vLLMHttpServer pid=121375)[0m (Worker pid=122556) INFO:2026-07-30 14:06:34,398:Loading standard weights (non-FP8, async), loaded_params: 12, loaded_buffers: 0
[36m(vLLMHttpServer pid=121375)[0m (Worker pid=122556) INFO:2026-07-30 14:06:35,985:Loading standard weights (non-FP8, async), loaded_params: 1, loaded_buffers: 0
[36m(vLLMHttpServer pid=121375)[0m (EngineCore pid=122102) WARNING 07-30 14:06:37 [scheduler.py:1883] reset_connector called but no KV connector is configured.
[36m(TaskRunnerV1 pid=108806)[0m Dumped generations to /mnt/lv_model/npu60005420a/qy_owner_experiments_20260730/qy_owner_verl_full125_noeval_final_npu23/rollouts/84.jsonl
[36m(TaskRunnerV1 pid=108806)[0m Training Progress:  67%|██████▋   | 84/125 [3:30:48<1:42:47, 150.43s/it]
[36m(TaskRunnerV1 pid=108806)[0m step:84 - global_seqlen/min:64589.0 - global_seqlen/max:64589.0 - global_seqlen/minmax_diff:0.0 - global_seqlen/balanced_min:64589.0 - global_seqlen/balanced_max:64589.0 - global_seqlen/mean:64589.0 - actor/pg_clipfrac:0.0018097182583005633 - actor/ppo_kl:0.0006754435662514879 - actor/pg_clipfrac_lower:0.0 - actor/pg_loss:0.016039339010603726 - actor/loss:0.016039349138736725 - actor/grad_norm:0.016379645094275475 - actor/lr:1.7e-05 - actor/perf/max_memory_allocated_gb:23.0568790435791 - actor/perf/max_memory_reserved_gb:25.5703125 - actor/perf/cpu_memory_used_gb:99.08551406860352 - perf/mfu/actor:0.20369092051419416 - training/global_step:84 - training/epoch:0 - critic/score/mean:0.421875 - critic/score/max:1.0 - critic/score/min:0.0 - critic/rewards/mean:0.421875 - critic/rewards/max:1.0 - critic/rewards/min:0.0 - critic/advantages/mean:-0.01607310026884079 - critic/advantages/max:1.4999970197677612 - critic/advantages/min:-1.4999970197677612 - critic/returns/mean:-0.01607310026884079 - critic/returns/max:1.4999970197677612 - critic/returns/min:-1.4999970197677612 - response_length/mean:919.765625 - response_length/max:1024.0 - response_length/min:329.0 - response_length/clip_ratio:0.640625 - response_length_non_aborted/mean:919.765625 - response_length_non_aborted/max:1024.0 - response_length_non_aborted/min:329.0 - response_length_non_aborted/clip_ratio:0.640625 - response/aborted_ratio:0.0 - prompt_length/mean:89.4375 - prompt_length/max:114.0 - prompt_length/min:66.0 - prompt_length/clip_ratio:0.0625 - timing_s/gen:54.195693673565984 - timing_s/old_log_prob:0.13659910019487143 - timing_s/adv:0.18273646291345358 - timing_s/update_actor:24.825609392486513 - timing_s/update_weights:66.13078849483281 - timing_s/step:145.63907692581415 - timing_per_token_ms/adv:0.002829219571652349 - timing_per_token_ms/update_actor:0.3843628077921397 - timing_per_token_ms/gen:0.9206777146617852 - perf/total_num_tokens:64589 - perf/time_per_step:145.63907692581415 - perf/throughput:221.74337191418908 - training/num_turns/mean:2.0 - training/num_turns/max:2 - training/num_turns/min:2 - training/off_policy/trajectory_spans/mean:1.0 - training/off_policy/trajectory_spans/max:1 - training/off_policy/trajectory_spans/min:1 - training/off_policy/trajectory_staleness/mean:0.0 - training/off_policy/trajectory_staleness/max:0 - training/off_policy/trajectory_staleness/min:0 - training/off_policy/trajectory_staleness_worst/mean:0.0 - training/off_policy/trajectory_staleness_worst/max:0 - training/off_policy/trajectory_staleness_worst/min:0
[36m(vLLMHttpServer pid=121375)[0m (Worker pid=122556) INFO:2026-07-30 14:08:43,882:Loading standard weights (non-FP8, async), loaded_params: 3, loaded_buffers: 0
[36m(vLLMHttpServer pid=121375)[0m (Worker pid=122556) INFO:2026-07-30 14:08:46,464:Loading standard weights (non-FP8, async), loaded_params: 43, loaded_buffers: 0
[36m(vLLMHttpServer pid=121375)[0m (Worker pid=122556) INFO:2026-07-30 14:08:49,032:Loading standard weights (non-FP8, async), loaded_params: 43, loaded_buffers: 0
[36m(vLLMHttpServer pid=121375)[0m (Worker pid=122556) INFO:2026-07-30 14:08:51,484:Loading standard weights (non-FP8, async), loaded_params: 41, loaded_buffers: 0
[36m(vLLMHttpServer pid=121375)[0m (Worker pid=122556) INFO:2026-07-30 14:08:54,192:Loading standard weights (non-FP8, async), loaded_params: 43, loaded_buffers: 0
[36m(vLLMHttpServer pid=121375)[0m (Worker pid=122556) INFO:2026-07-30 14:08:56,761:Loading standard weights (non-FP8, async), loaded_params: 43, loaded_buffers: 0
[36m(vLLMHttpServer pid=121375)[0m (Worker pid=122556) INFO:2026-07-30 14:08:59,278:Loading standard weights (non-FP8, async), loaded_params: 41, loaded_buffers: 0
[36m(vLLMHttpServer pid=121375)[0m (Worker pid=122556) INFO:2026-07-30 14:09:01,590:Loading standard weights (non-FP8, async), loaded_params: 43, loaded_buffers: 0
[36m(vLLMHttpServer pid=121375)[0m (Worker pid=122556) INFO:2026-07-30 14:09:03,992:Loading standard weights (non-FP8, async), loaded_params: 43, loaded_buffers: 0
[36m(vLLMHttpServer pid=121375)[0m (Worker pid=122556) INFO:2026-07-30 14:09:06,397:Loading standard weights (non-FP8, async), loaded_params: 43, loaded_buffers: 0
[36m(vLLMHttpServer pid=121375)[0m (Worker pid=122556) INFO:2026-07-30 14:09:07,050:Loading standard weights (non-FP8, async), loaded_params: 12, loaded_buffers: 0
[36m(vLLMHttpServer pid=121375)[0m (Worker pid=122556) INFO:2026-07-30 14:09:08,881:Loading standard weights (non-FP8, async), loaded_params: 1, loaded_buffers: 0
[36m(vLLMHttpServer pid=121375)[0m (EngineCore pid=122102) WARNING 07-30 14:09:10 [scheduler.py:1883] reset_connector called but no KV connector is configured.
[36m(TaskRunnerV1 pid=108806)[0m Dumped generations to /mnt/lv_model/npu60005420a/qy_owner_experiments_20260730/qy_owner_verl_full125_noeval_final_npu23/rollouts/85.jsonl
[36m(TaskRunnerV1 pid=108806)[0m Training Progress:  68%|██████▊   | 85/125 [3:33:22<1:40:53, 151.34s/it]
[36m(TaskRunnerV1 pid=108806)[0m step:85 - global_seqlen/min:66746.0 - global_seqlen/max:66746.0 - global_seqlen/minmax_diff:0.0 - global_seqlen/balanced_min:66746.0 - global_seqlen/balanced_max:66746.0 - global_seqlen/mean:66746.0 - actor/pg_clipfrac:0.0024981752640622504 - actor/ppo_kl:0.0006333231409799363 - actor/pg_clipfrac_lower:0.0 - actor/pg_loss:0.020111264660954475 - actor/loss:0.020111266523599625 - actor/grad_norm:0.01833581179380417 - actor/lr:1.7e-05 - actor/perf/max_memory_allocated_gb:23.0568790435791 - actor/perf/max_memory_reserved_gb:25.5703125 - actor/perf/cpu_memory_used_gb:99.04281234741211 - perf/mfu/actor:0.1819610423670988 - training/global_step:85 - training/epoch:0 - critic/score/mean:0.453125 - critic/score/max:1.0 - critic/score/min:0.0 - critic/rewards/mean:0.453125 - critic/rewards/max:1.0 - critic/rewards/min:0.0 - critic/advantages/mean:-0.020068112760782242 - critic/advantages/max:1.4999970197677612 - critic/advantages/min:-1.4999970197677612 - critic/returns/mean:-0.020068112760782242 - critic/returns/max:1.4999970197677612 - critic/returns/min:-1.4999970197677612 - response_length/mean:952.90625 - response_length/max:1024.0 - response_length/min:551.0 - response_length/clip_ratio:0.625 - response_length_non_aborted/mean:952.90625 - response_length_non_aborted/max:1024.0 - response_length_non_aborted/min:551.0 - response_length_non_aborted/clip_ratio:0.625 - response/aborted_ratio:0.0 - prompt_length/mean:90.0 - prompt_length/max:117.0 - prompt_length/min:69.0 - prompt_length/clip_ratio:0.0625 - timing_s/gen:56.199728219769895 - timing_s/old_log_prob:0.1457367967814207 - timing_s/adv:0.18318720906972885 - timing_s/update_actor:28.677770850248635 - timing_s/update_weights:67.8337610848248 - timing_s/step:153.20254734531045 - timing_per_token_ms/adv:0.00274454213091015 - timing_per_token_ms/update_actor:0.4296552729788847 - timing_per_token_ms/gen:0.9215185160490915 - perf/total_num_tokens:66746 - perf/time_per_step:153.20254734531045 - perf/throughput:217.8358035051403 - training/num_turns/mean:2.0 - training/num_turns/max:2 - training/num_turns/min:2 - training/off_policy/trajectory_spans/mean:1.0 - training/off_policy/trajectory_spans/max:1 - training/off_policy/trajectory_spans/min:1 - training/off_policy/trajectory_staleness/mean:0.0 - training/off_policy/trajectory_staleness/max:0 - training/off_policy/trajectory_staleness/min:0 - training/off_policy/trajectory_staleness_worst/mean:0.0 - training/off_policy/trajectory_staleness_worst/max:0 - training/off_policy/trajectory_staleness_worst/min:0
[36m(vLLMHttpServer pid=121375)[0m (Worker pid=122556) INFO:2026-07-30 14:11:16,974:Loading standard weights (non-FP8, async), loaded_params: 3, loaded_buffers: 0
[36m(vLLMHttpServer pid=121375)[0m (Worker pid=122556) INFO:2026-07-30 14:11:19,490:Loading standard weights (non-FP8, async), loaded_params: 43, loaded_buffers: 0
[36m(vLLMHttpServer pid=121375)[0m (Worker pid=122556) INFO:2026-07-30 14:11:21,988:Loading standard weights (non-FP8, async), loaded_params: 43, loaded_buffers: 0
[36m(vLLMHttpServer pid=121375)[0m (Worker pid=122556) INFO:2026-07-30 14:11:24,504:Loading standard weights (non-FP8, async), loaded_params: 41, loaded_buffers: 0
[36m(vLLMHttpServer pid=121375)[0m (Worker pid=122556) INFO:2026-07-30 14:11:27,020:Loading standard weights (non-FP8, async), loaded_params: 43, loaded_buffers: 0
[36m(vLLMHttpServer pid=121375)[0m (Worker pid=122556) INFO:2026-07-30 14:11:29,474:Loading standard weights (non-FP8, async), loaded_params: 43, loaded_buffers: 0
[36m(vLLMHttpServer pid=121375)[0m (Worker pid=122556) INFO:2026-07-30 14:11:31,954:Loading standard weights (non-FP8, async), loaded_params: 41, loaded_buffers: 0
[36m(vLLMHttpServer pid=121375)[0m (Worker pid=122556) INFO:2026-07-30 14:11:34,422:Loading standard weights (non-FP8, async), loaded_params: 43, loaded_buffers: 0
[36m(vLLMHttpServer pid=121375)[0m (Worker pid=122556) INFO:2026-07-30 14:11:36,920:Loading standard weights (non-FP8, async), loaded_params: 43, loaded_buffers: 0
[36m(vLLMHttpServer pid=121375)[0m (Worker pid=122556) INFO:2026-07-30 14:11:39,385:Loading standard weights (non-FP8, async), loaded_params: 43, loaded_buffers: 0
[36m(vLLMHttpServer pid=121375)[0m (Worker pid=122556) INFO:2026-07-30 14:11:40,079:Loading standard weights (non-FP8, async), loaded_params: 12, loaded_buffers: 0
[36m(vLLMHttpServer pid=121375)[0m (Worker pid=122556) INFO:2026-07-30 14:11:41,862:Loading standard weights (non-FP8, async), loaded_params: 1, loaded_buffers: 0
[36m(vLLMHttpServer pid=121375)[0m (EngineCore pid=122102) WARNING 07-30 14:11:43 [scheduler.py:1883] reset_connector called but no KV connector is configured.
[36m(TaskRunnerV1 pid=108806)[0m Dumped generations to /mnt/lv_model/npu60005420a/qy_owner_experiments_20260730/qy_owner_verl_full125_noeval_final_npu23/rollouts/86.jsonl
[36m(TaskRunnerV1 pid=108806)[0m Training Progress:  69%|██████▉   | 86/125 [3:35:54<1:38:34, 151.67s/it]
[36m(TaskRunnerV1 pid=108806)[0m step:86 - global_seqlen/min:66363.0 - global_seqlen/max:66363.0 - global_seqlen/minmax_diff:0.0 - global_seqlen/balanced_min:66363.0 - global_seqlen/balanced_max:66363.0 - global_seqlen/mean:66363.0 - actor/pg_clipfrac:0.0020332215011448543 - actor/ppo_kl:0.0006184106014723726 - actor/pg_clipfrac_lower:0.0 - actor/pg_loss:0.012499351858423324 - actor/loss:0.012499354779720306 - actor/grad_norm:0.020439669489860535 - actor/lr:1.7e-05 - actor/perf/max_memory_allocated_gb:23.0568790435791 - actor/perf/max_memory_reserved_gb:25.5703125 - actor/perf/cpu_memory_used_gb:99.08483123779297 - perf/mfu/actor:0.16825849902981294 - training/global_step:86 - training/epoch:0 - critic/score/mean:0.515625 - critic/score/max:1.0 - critic/score/min:0.0 - critic/rewards/mean:0.515625 - critic/rewards/max:1.0 - critic/rewards/min:0.0 - critic/advantages/mean:-0.012452203780412674 - critic/advantages/max:1.4999970197677612 - critic/advantages/min:-1.4999970197677612 - critic/returns/mean:-0.012452203780412674 - critic/returns/max:1.4999970197677612 - critic/returns/min:-1.4999970197677612 - response_length/mean:938.984375 - response_length/max:1024.0 - response_length/min:466.0 - response_length/clip_ratio:0.625 - response_length_non_aborted/mean:938.984375 - response_length_non_aborted/max:1024.0 - response_length_non_aborted/min:466.0 - response_length_non_aborted/clip_ratio:0.625 - response/aborted_ratio:0.0 - prompt_length/mean:97.9375 - prompt_length/max:160.0 - prompt_length/min:64.0 - prompt_length/clip_ratio:0.0625 - timing_s/gen:54.190616296604276 - timing_s/old_log_prob:0.13938249461352825 - timing_s/adv:0.1832242114469409 - timing_s/update_actor:30.821552509441972 - timing_s/update_weights:66.65384407155216 - timing_s/step:152.15105291549116 - timing_per_token_ms/adv:0.002760939249987808 - timing_per_token_ms/update_actor:0.46443880640480345 - timing_per_token_ms/gen:0.9017491687595354 - perf/total_num_tokens:66363 - perf/time_per_step:152.15105291549116 - perf/throughput:218.08261832029456 - training/num_turns/mean:2.0 - training/num_turns/max:2 - training/num_turns/min:2 - training/off_policy/trajectory_spans/mean:1.0 - training/off_policy/trajectory_spans/max:1 - training/off_policy/trajectory_spans/min:1 - training/off_policy/trajectory_staleness/mean:0.0 - training/off_policy/trajectory_staleness/max:0 - training/off_policy/trajectory_staleness/min:0 - training/off_policy/trajectory_staleness_worst/mean:0.0 - training/off_policy/trajectory_staleness_worst/max:0 - training/off_policy/trajectory_staleness_worst/min:0
[36m(vLLMHttpServer pid=121375)[0m (Worker pid=122556) INFO:2026-07-30 14:13:53,707:Loading standard weights (non-FP8, async), loaded_params: 3, loaded_buffers: 0
[36m(vLLMHttpServer pid=121375)[0m (Worker pid=122556) INFO:2026-07-30 14:13:56,130:Loading standard weights (non-FP8, async), loaded_params: 43, loaded_buffers: 0
[36m(vLLMHttpServer pid=121375)[0m (Worker pid=122556) INFO:2026-07-30 14:13:58,541:Loading standard weights (non-FP8, async), loaded_params: 43, loaded_buffers: 0
[36m(vLLMHttpServer pid=121375)[0m (Worker pid=122556) INFO:2026-07-30 14:14:00,964:Loading standard weights (non-FP8, async), loaded_params: 41, loaded_buffers: 0
[36m(vLLMHttpServer pid=121375)[0m (Worker pid=122556) INFO:2026-07-30 14:14:03,409:Loading standard weights (non-FP8, async), loaded_params: 43, loaded_buffers: 0
[36m(vLLMHttpServer pid=121375)[0m (Worker pid=122556) INFO:2026-07-30 14:14:05,829:Loading standard weights (non-FP8, async), loaded_params: 43, loaded_buffers: 0
[36m(vLLMHttpServer pid=121375)[0m (Worker pid=122556) INFO:2026-07-30 14:14:08,324:Loading standard weights (non-FP8, async), loaded_params: 41, loaded_buffers: 0
[36m(vLLMHttpServer pid=121375)[0m (Worker pid=122556) INFO:2026-07-30 14:14:10,684:Loading standard weights (non-FP8, async), loaded_params: 43, loaded_buffers: 0
[36m(vLLMHttpServer pid=121375)[0m (Worker pid=122556) INFO:2026-07-30 14:14:13,020:Loading standard weights (non-FP8, async), loaded_params: 43, loaded_buffers: 0
[36m(vLLMHttpServer pid=121375)[0m (Worker pid=122556) INFO:2026-07-30 14:14:15,240:Loading standard weights (non-FP8, async), loaded_params: 43, loaded_buffers: 0
[36m(vLLMHttpServer pid=121375)[0m (Worker pid=122556) INFO:2026-07-30 14:14:15,859:Loading standard weights (non-FP8, async), loaded_params: 12, loaded_buffers: 0
[36m(vLLMHttpServer pid=121375)[0m (Worker pid=122556) INFO:2026-07-30 14:14:17,456:Loading standard weights (non-FP8, async), loaded_params: 1, loaded_buffers: 0
[36m(vLLMHttpServer pid=121375)[0m (EngineCore pid=122102) WARNING 07-30 14:14:18 [scheduler.py:1883] reset_connector called but no KV connector is configured.
[36m(TaskRunnerV1 pid=108806)[0m Training Progress:  70%|██████▉   | 87/125 [3:38:30<1:36:48, 152.85s/it]
[36m(TaskRunnerV1 pid=108806)[0m Dumped generations to /mnt/lv_model/npu60005420a/qy_owner_experiments_20260730/qy_owner_verl_full125_noeval_final_npu23/rollouts/87.jsonl
[36m(TaskRunnerV1 pid=108806)[0m step:87 - global_seqlen/min:69711.0 - global_seqlen/max:69711.0 - global_seqlen/minmax_diff:0.0 - global_seqlen/balanced_min:69711.0 - global_seqlen/balanced_max:69711.0 - global_seqlen/mean:69711.0 - actor/pg_clipfrac:0.0015449683350096974 - actor/ppo_kl:0.0009373362313959256 - actor/pg_clipfrac_lower:0.0 - actor/pg_loss:0.012943068286404014 - actor/loss:0.012943065725266933 - actor/grad_norm:0.014701873995363712 - actor/lr:1.7e-05 - actor/perf/max_memory_allocated_gb:23.0568790435791 - actor/perf/max_memory_reserved_gb:25.5703125 - actor/perf/cpu_memory_used_gb:99.05258178710938 - perf/mfu/actor:0.15697211474000064 - training/global_step:87 - training/epoch:0 - critic/score/mean:0.3125 - critic/score/max:1.0 - critic/score/min:0.0 - critic/rewards/mean:0.3125 - critic/rewards/max:1.0 - critic/rewards/min:0.0 - critic/advantages/mean:-0.012933028861880302 - critic/advantages/max:1.4999970197677612 - critic/advantages/min:-0.8660238981246948 - critic/returns/mean:-0.012933028861880302 - critic/returns/max:1.4999970197677612 - critic/returns/min:-0.8660238981246948 - response_length/mean:981.484375 - response_length/max:1024.0 - response_length/min:648.0 - response_length/clip_ratio:0.71875 - response_length_non_aborted/mean:981.484375 - response_length_non_aborted/max:1024.0 - response_length_non_aborted/min:648.0 - response_length_non_aborted/clip_ratio:0.71875 - response/aborted_ratio:0.0 - prompt_length/mean:107.75 - prompt_length/max:185.0 - prompt_length/min:67.0 - prompt_length/clip_ratio:0.0625 - timing_s/gen:54.18649161607027 - timing_s/old_log_prob:0.13635239843279123 - timing_s/adv:0.193146794103086 - timing_s/update_actor:34.70471119508147 - timing_s/update_weights:65.96857032179832 - timing_s/step:155.3476137239486 - timing_per_token_ms/adv:0.0027706788613430593 - timing_per_token_ms/update_actor:0.49783694388376976 - timing_per_token_ms/gen:0.8626361795123819 - perf/total_num_tokens:69711 - perf/time_per_step:155.3476137239486 - perf/throughput:224.37100361218248 - training/num_turns/mean:2.0 - training/num_turns/max:2 - training/num_turns/min:2 - training/off_policy/trajectory_spans/mean:1.0 - training/off_policy/trajectory_spans/max:1 - training/off_policy/trajectory_spans/min:1 - training/off_policy/trajectory_staleness/mean:0.0 - training/off_policy/trajectory_staleness/max:0 - training/off_policy/trajectory_staleness/min:0 - training/off_policy/trajectory_staleness_worst/mean:0.0 - training/off_policy/trajectory_staleness_worst/max:0 - training/off_policy/trajectory_staleness_worst/min:0
[36m(vLLMHttpServer pid=121375)[0m (Worker pid=122556) INFO:2026-07-30 14:16:22,234:Loading standard weights (non-FP8, async), loaded_params: 3, loaded_buffers: 0
[36m(vLLMHttpServer pid=121375)[0m (Worker pid=122556) INFO:2026-07-30 14:16:24,589:Loading standard weights (non-FP8, async), loaded_params: 43, loaded_buffers: 0
[36m(vLLMHttpServer pid=121375)[0m (Worker pid=122556) INFO:2026-07-30 14:16:29,720:Loading standard weights (non-FP8, async), loaded_params: 43, loaded_buffers: 0
[36m(vLLMHttpServer pid=121375)[0m (Worker pid=122556) INFO:2026-07-30 14:16:32,205:Loading standard weights (non-FP8, async), loaded_params: 41, loaded_buffers: 0
[36m(vLLMHttpServer pid=121375)[0m (Worker pid=122556) INFO:2026-07-30 14:16:34,527:Loading standard weights (non-FP8, async), loaded_params: 43, loaded_buffers: 0
[36m(vLLMHttpServer pid=121375)[0m (Worker pid=122556) INFO:2026-07-30 14:16:36,933:Loading standard weights (non-FP8, async), loaded_params: 43, loaded_buffers: 0
[36m(vLLMHttpServer pid=121375)[0m (Worker pid=122556) INFO:2026-07-30 14:16:39,383:Loading standard weights (non-FP8, async), loaded_params: 41, loaded_buffers: 0
[36m(vLLMHttpServer pid=121375)[0m (Worker pid=122556) INFO:2026-07-30 14:16:41,665:Loading standard weights (non-FP8, async), loaded_params: 43, loaded_buffers: 0
[36m(vLLMHttpServer pid=121375)[0m (Worker pid=122556) INFO:2026-07-30 14:16:44,036:Loading standard weights (non-FP8, async), loaded_params: 43, loaded_buffers: 0
[36m(vLLMHttpServer pid=121375)[0m (Worker pid=122556) INFO:2026-07-30 14:16:46,301:Loading standard weights (non-FP8, async), loaded_params: 43, loaded_buffers: 0
[36m(vLLMHttpServer pid=121375)[0m (Worker pid=122556) INFO:2026-07-30 14:16:46,873:Loading standard weights (non-FP8, async), loaded_params: 12, loaded_buffers: 0
[36m(vLLMHttpServer pid=121375)[0m (Worker pid=122556) INFO:2026-07-30 14:16:48,540:Loading standard weights (non-FP8, async), loaded_params: 1, loaded_buffers: 0
[36m(vLLMHttpServer pid=121375)[0m (EngineCore pid=122102) WARNING 07-30 14:16:49 [scheduler.py:1883] reset_connector called but no KV connector is configured.
[36m(TaskRunnerV1 pid=108806)[0m Training Progress:  70%|███████   | 88/125 [3:41:01<1:33:55, 152.32s/it]
[36m(TaskRunnerV1 pid=108806)[0m Dumped generations to /mnt/lv_model/npu60005420a/qy_owner_experiments_20260730/qy_owner_verl_full125_noeval_final_npu23/rollouts/88.jsonl
[36m(TaskRunnerV1 pid=108806)[0m step:88 - global_seqlen/min:66477.0 - global_seqlen/max:66477.0 - global_seqlen/minmax_diff:0.0 - global_seqlen/balanced_min:66477.0 - global_seqlen/balanced_max:66477.0 - global_seqlen/mean:66477.0 - actor/pg_clipfrac:0.002071926722933045 - actor/ppo_kl:0.000904382838651894 - actor/pg_clipfrac_lower:0.0 - actor/pg_loss:0.03366265492513776 - actor/loss:0.03366265445947647 - actor/grad_norm:0.018635820597410202 - actor/lr:1.7e-05 - actor/perf/max_memory_allocated_gb:23.0568790435791 - actor/perf/max_memory_reserved_gb:25.5703125 - actor/perf/cpu_memory_used_gb:99.07777404785156 - perf/mfu/actor:0.20150146871455477 - training/global_step:88 - training/epoch:0 - critic/score/mean:0.40625 - critic/score/max:1.0 - critic/score/min:0.0 - critic/rewards/mean:0.40625 - critic/rewards/max:1.0 - critic/rewards/min:0.0 - critic/advantages/mean:-0.03350520879030228 - critic/advantages/max:1.4999970197677612 - critic/advantages/min:-1.4999970197677612 - critic/returns/mean:-0.03350520879030228 - critic/returns/max:1.4999970197677612 - critic/returns/min:-1.4999970197677612 - response_length/mean:945.703125 - response_length/max:1024.0 - response_length/min:520.0 - response_length/clip_ratio:0.671875 - response_length_non_aborted/mean:945.703125 - response_length_non_aborted/max:1024.0 - response_length_non_aborted/min:520.0 - response_length_non_aborted/clip_ratio:0.671875 - response/aborted_ratio:0.0 - prompt_length/mean:93.0 - prompt_length/max:134.0 - prompt_length/min:64.0 - prompt_length/clip_ratio:0.0625 - timing_s/gen:56.18589269556105 - timing_s/old_log_prob:0.1395534761250019 - timing_s/adv:0.18265744857490063 - timing_s/update_actor:25.818867094814777 - timing_s/update_weights:68.31059683207422 - timing_s/step:150.80074582528323 - timing_per_token_ms/adv:0.00274767887502295 - timing_per_token_ms/update_actor:0.3883879701974334 - timing_per_token_ms/gen:0.9283088425536729 - perf/total_num_tokens:66477 - perf/time_per_step:150.80074582528323 - perf/throughput:220.41336611497871 - training/num_turns/mean:2.0 - training/num_turns/max:2 - training/num_turns/min:2 - training/off_policy/trajectory_spans/mean:1.0 - training/off_policy/trajectory_spans/max:1 - training/off_policy/trajectory_spans/min:1 - training/off_policy/trajectory_staleness/mean:0.0 - training/off_policy/trajectory_staleness/max:0 - training/off_policy/trajectory_staleness/min:0 - training/off_policy/trajectory_staleness_worst/mean:0.0 - training/off_policy/trajectory_staleness_worst/max:0 - training/off_policy/trajectory_staleness_worst/min:0
[36m(vLLMHttpServer pid=121375)[0m (Worker pid=122556) INFO:2026-07-30 14:18:56,465:Loading standard weights (non-FP8, async), loaded_params: 3, loaded_buffers: 0
[36m(vLLMHttpServer pid=121375)[0m (Worker pid=122556) INFO:2026-07-30 14:18:58,747:Loading standard weights (non-FP8, async), loaded_params: 43, loaded_buffers: 0
[36m(vLLMHttpServer pid=121375)[0m (Worker pid=122556) INFO:2026-07-30 14:19:02,336:Loading standard weights (non-FP8, async), loaded_params: 43, loaded_buffers: 0
[36m(vLLMHttpServer pid=121375)[0m (Worker pid=122556) INFO:2026-07-30 14:19:04,968:Loading standard weights (non-FP8, async), loaded_params: 41, loaded_buffers: 0
[36m(vLLMHttpServer pid=121375)[0m (Worker pid=122556) INFO:2026-07-30 14:19:07,319:Loading standard weights (non-FP8, async), loaded_params: 43, loaded_buffers: 0
[36m(vLLMHttpServer pid=121375)[0m (Worker pid=122556) INFO:2026-07-30 14:19:09,828:Loading standard weights (non-FP8, async), loaded_params: 43, loaded_buffers: 0
[36m(vLLMHttpServer pid=121375)[0m (Worker pid=122556) INFO:2026-07-30 14:19:12,284:Loading standard weights (non-FP8, async), loaded_params: 41, loaded_buffers: 0
[36m(vLLMHttpServer pid=121375)[0m (Worker pid=122556) INFO:2026-07-30 14:19:14,631:Loading standard weights (non-FP8, async), loaded_params: 43, loaded_buffers: 0
[36m(vLLMHttpServer pid=121375)[0m (Worker pid=122556) INFO:2026-07-30 14:19:17,018:Loading standard weights (non-FP8, async), loaded_params: 43, loaded_buffers: 0
[36m(vLLMHttpServer pid=121375)[0m (Worker pid=122556) INFO:2026-07-30 14:19:19,331:Loading standard weights (non-FP8, async), loaded_params: 43, loaded_buffers: 0
[36m(vLLMHttpServer pid=121375)[0m (Worker pid=122556) INFO:2026-07-30 14:19:19,916:Loading standard weights (non-FP8, async), loaded_params: 12, loaded_buffers: 0
[36m(vLLMHttpServer pid=121375)[0m (Worker pid=122556) INFO:2026-07-30 14:19:21,543:Loading standard weights (non-FP8, async), loaded_params: 1, loaded_buffers: 0
[36m(vLLMHttpServer pid=121375)[0m (EngineCore pid=122102) WARNING 07-30 14:19:23 [scheduler.py:1883] reset_connector called but no KV connector is configured.
[36m(TaskRunnerV1 pid=108806)[0m Dumped generations to /mnt/lv_model/npu60005420a/qy_owner_experiments_20260730/qy_owner_verl_full125_noeval_final_npu23/rollouts/89.jsonl
[36m(TaskRunnerV1 pid=108806)[0m Training Progress:  71%|███████   | 89/125 [3:43:34<1:31:36, 152.68s/it]
[36m(TaskRunnerV1 pid=108806)[0m step:89 - global_seqlen/min:68899.0 - global_seqlen/max:68899.0 - global_seqlen/minmax_diff:0.0 - global_seqlen/balanced_min:68899.0 - global_seqlen/balanced_max:68899.0 - global_seqlen/mean:68899.0 - actor/pg_clipfrac:0.0018163126951549202 - actor/ppo_kl:0.0007214509057575924 - actor/pg_clipfrac_lower:0.0 - actor/pg_loss:0.010554083215538412 - actor/loss:0.010554078966379166 - actor/grad_norm:0.018073413521051407 - actor/lr:1.7e-05 - actor/perf/max_memory_allocated_gb:23.0568790435791 - actor/perf/max_memory_reserved_gb:25.5703125 - actor/perf/cpu_memory_used_gb:99.1276626586914 - perf/mfu/actor:0.19354250167339168 - training/global_step:89 - training/epoch:0 - critic/score/mean:0.265625 - critic/score/max:1.0 - critic/score/min:0.0 - critic/rewards/mean:0.265625 - critic/rewards/max:1.0 - critic/rewards/min:0.0 - critic/advantages/mean:-0.010632969439029694 - critic/advantages/max:1.4999970197677612 - critic/advantages/min:-1.4999970197677612 - critic/returns/mean:-0.010632969439029694 - critic/returns/max:1.4999970197677612 - critic/returns/min:-1.4999970197677612 - response_length/mean:982.234375 - response_length/max:1024.0 - response_length/min:607.0 - response_length/clip_ratio:0.765625 - response_length_non_aborted/mean:982.234375 - response_length_non_aborted/max:1024.0 - response_length_non_aborted/min:607.0 - response_length_non_aborted/clip_ratio:0.765625 - response/aborted_ratio:0.0 - prompt_length/mean:94.3125 - prompt_length/max:128.0 - prompt_length/min:62.0 - prompt_length/clip_ratio:0.0625 - timing_s/gen:56.205917737446725 - timing_s/old_log_prob:0.13457841239869595 - timing_s/adv:0.1844159960746765 - timing_s/update_actor:28.45699538104236 - timing_s/update_weights:68.10500187240541 - timing_s/step:153.24680202826858 - timing_per_token_ms/adv:0.0026766135368390905 - timing_per_token_ms/update_actor:0.41302479544031645 - timing_per_token_ms/gen:0.8941017408880697 - perf/total_num_tokens:68899 - perf/time_per_step:153.24680202826858 - perf/throughput:224.79751318820536 - training/num_turns/mean:2.0 - training/num_turns/max:2 - training/num_turns/min:2 - training/off_policy/trajectory_spans/mean:1.0 - training/off_policy/trajectory_spans/max:1 - training/off_policy/trajectory_spans/min:1 - training/off_policy/trajectory_staleness/mean:0.0 - training/off_policy/trajectory_staleness/max:0 - training/off_policy/trajectory_staleness/min:0 - training/off_policy/trajectory_staleness_worst/mean:0.0 - training/off_policy/trajectory_staleness_worst/max:0 - training/off_policy/trajectory_staleness_worst/min:0
[36m(vLLMHttpServer pid=121375)[0m (Worker pid=122556) INFO:2026-07-30 14:21:30,599:Loading standard weights (non-FP8, async), loaded_params: 3, loaded_buffers: 0
[36m(vLLMHttpServer pid=121375)[0m (Worker pid=122556) INFO:2026-07-30 14:21:33,090:Loading standard weights (non-FP8, async), loaded_params: 43, loaded_buffers: 0
[36m(vLLMHttpServer pid=121375)[0m (Worker pid=122556) INFO:2026-07-30 14:21:35,786:Loading standard weights (non-FP8, async), loaded_params: 43, loaded_buffers: 0
[36m(vLLMHttpServer pid=121375)[0m (Worker pid=122556) INFO:2026-07-30 14:21:38,889:Loading standard weights (non-FP8, async), loaded_params: 41, loaded_buffers: 0
[36m(vLLMHttpServer pid=121375)[0m (Worker pid=122556) INFO:2026-07-30 14:21:41,381:Loading standard weights (non-FP8, async), loaded_params: 43, loaded_buffers: 0
[36m(vLLMHttpServer pid=121375)[0m (Worker pid=122556) INFO:2026-07-30 14:21:43,892:Loading standard weights (non-FP8, async), loaded_params: 43, loaded_buffers: 0
[36m(vLLMHttpServer pid=121375)[0m (Worker pid=122556) INFO:2026-07-30 14:21:46,401:Loading standard weights (non-FP8, async), loaded_params: 41, loaded_buffers: 0
[36m(vLLMHttpServer pid=121375)[0m (Worker pid=122556) INFO:2026-07-30 14:21:48,813:Loading standard weights (non-FP8, async), loaded_params: 43, loaded_buffers: 0
[36m(vLLMHttpServer pid=121375)[0m (Worker pid=122556) INFO:2026-07-30 14:21:51,261:Loading standard weights (non-FP8, async), loaded_params: 43, loaded_buffers: 0
[36m(vLLMHttpServer pid=121375)[0m (Worker pid=122556) INFO:2026-07-30 14:21:53,714:Loading standard weights (non-FP8, async), loaded_params: 43, loaded_buffers: 0
[36m(vLLMHttpServer pid=121375)[0m (Worker pid=122556) INFO:2026-07-30 14:21:54,430:Loading standard weights (non-FP8, async), loaded_params: 12, loaded_buffers: 0
[36m(vLLMHttpServer pid=121375)[0m (Worker pid=122556) INFO:2026-07-30 14:21:56,206:Loading standard weights (non-FP8, async), loaded_params: 1, loaded_buffers: 0
[36m(vLLMHttpServer pid=121375)[0m (EngineCore pid=122102) WARNING 07-30 14:21:57 [scheduler.py:1883] reset_connector called but no KV connector is configured.
[36m(TaskRunnerV1 pid=108806)[0m Training Progress:  72%|███████▏  | 90/125 [3:46:09<1:29:24, 153.27s/it]
[36m(TaskRunnerV1 pid=108806)[0m Dumped generations to /mnt/lv_model/npu60005420a/qy_owner_experiments_20260730/qy_owner_verl_full125_noeval_final_npu23/rollouts/90.jsonl
[36m(TaskRunnerV1 pid=108806)[0m step:90 - global_seqlen/min:67128.0 - global_seqlen/max:67128.0 - global_seqlen/minmax_diff:0.0 - global_seqlen/balanced_min:67128.0 - global_seqlen/balanced_max:67128.0 - global_seqlen/mean:67128.0 - actor/pg_clipfrac:0.002099981199374751 - actor/ppo_kl:0.0007119502920164343 - actor/pg_clipfrac_lower:0.0 - actor/pg_loss:0.010019903590546164 - actor/loss:0.010019902139902115 - actor/grad_norm:0.01874990202486515 - actor/lr:1.7e-05 - actor/perf/max_memory_allocated_gb:23.0568790435791 - actor/perf/max_memory_reserved_gb:25.5703125 - actor/perf/cpu_memory_used_gb:99.1083755493164 - perf/mfu/actor:0.18015155539019434 - training/global_step:90 - training/epoch:0 - critic/score/mean:0.375 - critic/score/max:1.0 - critic/score/min:0.0 - critic/rewards/mean:0.375 - critic/rewards/max:1.0 - critic/rewards/min:0.0 - critic/advantages/mean:-0.009862827137112617 - critic/advantages/max:1.4999970197677612 - critic/advantages/min:-1.4999970197677612 - critic/returns/mean:-0.009862827137112617 - critic/returns/max:1.4999970197677612 - critic/returns/min:-1.4999970197677612 - response_length/mean:953.25 - response_length/max:1024.0 - response_length/min:412.0 - response_length/clip_ratio:0.765625 - response_length_non_aborted/mean:953.25 - response_length_non_aborted/max:1024.0 - response_length_non_aborted/min:412.0 - response_length_non_aborted/clip_ratio:0.765625 - response/aborted_ratio:0.0 - prompt_length/mean:95.625 - prompt_length/max:143.0 - prompt_length/min:68.0 - prompt_length/clip_ratio:0.0625 - timing_s/gen:56.22217363584787 - timing_s/old_log_prob:0.13890057615935802 - timing_s/adv:0.1801403844729066 - timing_s/update_actor:29.15011605527252 - timing_s/update_weights:68.5281188506633 - timing_s/step:154.38251563627273 - timing_per_token_ms/adv:0.002683535700049258 - timing_per_token_ms/update_actor:0.43424675329627754 - timing_per_token_ms/gen:0.9215541180803807 - perf/total_num_tokens:67128 - perf/time_per_step:154.38251563627273 - perf/throughput:217.4080391271589 - training/num_turns/mean:2.0 - training/num_turns/max:2 - training/num_turns/min:2 - training/off_policy/trajectory_spans/mean:1.0 - training/off_policy/trajectory_spans/max:1 - training/off_policy/trajectory_spans/min:1 - training/off_policy/trajectory_staleness/mean:0.0 - training/off_policy/trajectory_staleness/max:0 - training/off_policy/trajectory_staleness/min:0 - training/off_policy/trajectory_staleness_worst/mean:0.0 - training/off_policy/trajectory_staleness_worst/max:0 - training/off_policy/trajectory_staleness_worst/min:0
[36m(vLLMHttpServer pid=121375)[0m (Worker pid=122556) INFO:2026-07-30 14:24:05,229:Loading standard weights (non-FP8, async), loaded_params: 3, loaded_buffers: 0
[36m(vLLMHttpServer pid=121375)[0m (Worker pid=122556) INFO:2026-07-30 14:24:07,709:Loading standard weights (non-FP8, async), loaded_params: 43, loaded_buffers: 0
[36m(vLLMHttpServer pid=121375)[0m (Worker pid=122556) INFO:2026-07-30 14:24:10,476:Loading standard weights (non-FP8, async), loaded_params: 43, loaded_buffers: 0
[36m(vLLMHttpServer pid=121375)[0m (Worker pid=122556) INFO:2026-07-30 14:24:13,196:Loading standard weights (non-FP8, async), loaded_params: 41, loaded_buffers: 0
[36m(vLLMHttpServer pid=121375)[0m (Worker pid=122556) INFO:2026-07-30 14:24:15,679:Loading standard weights (non-FP8, async), loaded_params: 43, loaded_buffers: 0
[36m(vLLMHttpServer pid=121375)[0m (Worker pid=122556) INFO:2026-07-30 14:24:18,235:Loading standard weights (non-FP8, async), loaded_params: 43, loaded_buffers: 0
[36m(vLLMHttpServer pid=121375)[0m (Worker pid=122556) INFO:2026-07-30 14:24:20,665:Loading standard weights (non-FP8, async), loaded_params: 41, loaded_buffers: 0
[36m(vLLMHttpServer pid=121375)[0m (Worker pid=122556) INFO:2026-07-30 14:24:23,018:Loading standard weights (non-FP8, async), loaded_params: 43, loaded_buffers: 0
[36m(vLLMHttpServer pid=121375)[0m (Worker pid=122556) INFO:2026-07-30 14:24:25,453:Loading standard weights (non-FP8, async), loaded_params: 43, loaded_buffers: 0
[36m(vLLMHttpServer pid=121375)[0m (Worker pid=122556) INFO:2026-07-30 14:24:27,805:Loading standard weights (non-FP8, async), loaded_params: 43, loaded_buffers: 0
[36m(vLLMHttpServer pid=121375)[0m (Worker pid=122556) INFO:2026-07-30 14:24:28,410:Loading standard weights (non-FP8, async), loaded_params: 12, loaded_buffers: 0
[36m(vLLMHttpServer pid=121375)[0m (Worker pid=122556) INFO:2026-07-30 14:24:30,213:Loading standard weights (non-FP8, async), loaded_params: 1, loaded_buffers: 0
[36m(vLLMHttpServer pid=121375)[0m (EngineCore pid=122102) WARNING 07-30 14:24:31 [scheduler.py:1883] reset_connector called but no KV connector is configured.
[36m(TaskRunnerV1 pid=108806)[0m Training Progress:  73%|███████▎  | 91/125 [3:48:42<1:26:53, 153.34s/it]
[36m(TaskRunnerV1 pid=108806)[0m Dumped generations to /mnt/lv_model/npu60005420a/qy_owner_experiments_20260730/qy_owner_verl_full125_noeval_final_npu23/rollouts/91.jsonl
[36m(TaskRunnerV1 pid=108806)[0m step:91 - global_seqlen/min:68440.0 - global_seqlen/max:68440.0 - global_seqlen/minmax_diff:0.0 - global_seqlen/balanced_min:68440.0 - global_seqlen/balanced_max:68440.0 - global_seqlen/mean:68440.0 - actor/pg_clipfrac:0.0019033008909044677 - actor/ppo_kl:0.0006959647760274546 - actor/pg_clipfrac_lower:0.0 - actor/pg_loss:0.024143261936842464 - actor/loss:0.024143259972333908 - actor/grad_norm:0.02039044350385666 - actor/lr:1.7e-05 - actor/perf/max_memory_allocated_gb:23.0568790435791 - actor/perf/max_memory_reserved_gb:25.5703125 - actor/perf/cpu_memory_used_gb:99.06728744506836 - perf/mfu/actor:0.18341636081773877 - training/global_step:91 - training/epoch:0 - critic/score/mean:0.453125 - critic/score/max:1.0 - critic/score/min:0.0 - critic/rewards/mean:0.453125 - critic/rewards/max:1.0 - critic/rewards/min:0.0 - critic/advantages/mean:-0.024093305692076683 - critic/advantages/max:1.4999970197677612 - critic/advantages/min:-1.4999970197677612 - critic/returns/mean:-0.024093305692076683 - critic/returns/max:1.4999970197677612 - critic/returns/min:-1.4999970197677612 - response_length/mean:972.1875 - response_length/max:1024.0 - response_length/min:691.0 - response_length/clip_ratio:0.703125 - response_length_non_aborted/mean:972.1875 - response_length_non_aborted/max:1024.0 - response_length_non_aborted/min:691.0 - response_length_non_aborted/clip_ratio:0.703125 - response/aborted_ratio:0.0 - prompt_length/mean:97.1875 - prompt_length/max:114.0 - prompt_length/min:67.0 - prompt_length/clip_ratio:0.0625 - timing_s/gen:56.21776036079973 - timing_s/old_log_prob:0.13967035058885813 - timing_s/adv:0.18439204711467028 - timing_s/update_actor:29.192447579465806 - timing_s/update_weights:67.32906909752637 - timing_s/step:153.22582891583443 - timing_per_token_ms/adv:0.0026942145984025466 - timing_per_token_ms/update_actor:0.4265407302668879 - timing_per_token_ms/gen:0.9035319890838915 - perf/total_num_tokens:68440 - perf/time_per_step:153.22582891583443 - perf/throughput:223.33049357361767 - training/num_turns/mean:2.0 - training/num_turns/max:2 - training/num_turns/min:2 - training/off_policy/trajectory_spans/mean:1.0 - training/off_policy/trajectory_spans/max:1 - training/off_policy/trajectory_spans/min:1 - training/off_policy/trajectory_staleness/mean:0.0 - training/off_policy/trajectory_staleness/max:0 - training/off_policy/trajectory_staleness/min:0 - training/off_policy/trajectory_staleness_worst/mean:0.0 - training/off_policy/trajectory_staleness_worst/max:0 - training/off_policy/trajectory_staleness_worst/min:0
[36m(vLLMHttpServer pid=121375)[0m (Worker pid=122556) INFO:2026-07-30 14:26:37,738:Loading standard weights (non-FP8, async), loaded_params: 3, loaded_buffers: 0
[36m(vLLMHttpServer pid=121375)[0m (Worker pid=122556) INFO:2026-07-30 14:26:40,319:Loading standard weights (non-FP8, async), loaded_params: 43, loaded_buffers: 0
[36m(vLLMHttpServer pid=121375)[0m (Worker pid=122556) INFO:2026-07-30 14:26:42,599:Loading standard weights (non-FP8, async), loaded_params: 43, loaded_buffers: 0
[36m(vLLMHttpServer pid=121375)[0m (Worker pid=122556) INFO:2026-07-30 14:26:45,388:Loading standard weights (non-FP8, async), loaded_params: 41, loaded_buffers: 0
[36m(vLLMHttpServer pid=121375)[0m (Worker pid=122556) INFO:2026-07-30 14:26:47,745:Loading standard weights (non-FP8, async), loaded_params: 43, loaded_buffers: 0
[36m(vLLMHttpServer pid=121375)[0m (Worker pid=122556) INFO:2026-07-30 14:26:50,168:Loading standard weights (non-FP8, async), loaded_params: 43, loaded_buffers: 0
[36m(vLLMHttpServer pid=121375)[0m (Worker pid=122556) INFO:2026-07-30 14:26:52,586:Loading standard weights (non-FP8, async), loaded_params: 41, loaded_buffers: 0
[36m(vLLMHttpServer pid=121375)[0m (Worker pid=122556) INFO:2026-07-30 14:26:54,856:Loading standard weights (non-FP8, async), loaded_params: 43, loaded_buffers: 0
[36m(vLLMHttpServer pid=121375)[0m (Worker pid=122556) INFO:2026-07-30 14:26:57,220:Loading standard weights (non-FP8, async), loaded_params: 43, loaded_buffers: 0
[36m(vLLMHttpServer pid=121375)[0m (Worker pid=122556) INFO:2026-07-30 14:26:59,494:Loading standard weights (non-FP8, async), loaded_params: 43, loaded_buffers: 0
[36m(vLLMHttpServer pid=121375)[0m (Worker pid=122556) INFO:2026-07-30 14:27:00,086:Loading standard weights (non-FP8, async), loaded_params: 12, loaded_buffers: 0
[36m(vLLMHttpServer pid=121375)[0m (Worker pid=122556) INFO:2026-07-30 14:27:01,763:Loading standard weights (non-FP8, async), loaded_params: 1, loaded_buffers: 0
[36m(vLLMHttpServer pid=121375)[0m (EngineCore pid=122102) WARNING 07-30 14:27:03 [scheduler.py:1883] reset_connector called but no KV connector is configured.
[36m(TaskRunnerV1 pid=108806)[0m Training Progress:  74%|███████▎  | 92/125 [3:51:14<1:24:07, 152.95s/it]
[36m(TaskRunnerV1 pid=108806)[0m Dumped generations to /mnt/lv_model/npu60005420a/qy_owner_experiments_20260730/qy_owner_verl_full125_noeval_final_npu23/rollouts/92.jsonl
[36m(TaskRunnerV1 pid=108806)[0m step:92 - global_seqlen/min:66306.0 - global_seqlen/max:66306.0 - global_seqlen/minmax_diff:0.0 - global_seqlen/balanced_min:66306.0 - global_seqlen/balanced_max:66306.0 - global_seqlen/mean:66306.0 - actor/pg_clipfrac:0.003043259819284739 - actor/ppo_kl:0.0010812702838687554 - actor/pg_clipfrac_lower:0.0 - actor/pg_loss:0.02144361427053809 - actor/loss:0.021443616598844528 - actor/grad_norm:0.021897463127970695 - actor/lr:1.7e-05 - actor/perf/max_memory_allocated_gb:23.0568790435791 - actor/perf/max_memory_reserved_gb:25.5703125 - actor/perf/cpu_memory_used_gb:99.09369659423828 - perf/mfu/actor:0.18214811173471765 - training/global_step:92 - training/epoch:0 - critic/score/mean:0.4375 - critic/score/max:1.0 - critic/score/min:0.0 - critic/rewards/mean:0.4375 - critic/rewards/max:1.0 - critic/rewards/min:0.0 - critic/advantages/mean:-0.021257741376757622 - critic/advantages/max:1.4999970197677612 - critic/advantages/min:-1.4999970197677612 - critic/returns/mean:-0.021257741376757622 - critic/returns/max:1.4999970197677612 - critic/returns/min:-1.4999970197677612 - response_length/mean:944.59375 - response_length/max:1024.0 - response_length/min:498.0 - response_length/clip_ratio:0.6875 - response_length_non_aborted/mean:944.59375 - response_length_non_aborted/max:1024.0 - response_length_non_aborted/min:498.0 - response_length_non_aborted/clip_ratio:0.6875 - response/aborted_ratio:0.0 - prompt_length/mean:91.4375 - prompt_length/max:138.0 - prompt_length/min:68.0 - prompt_length/clip_ratio:0.0625 - timing_s/gen:56.19785226602107 - timing_s/old_log_prob:0.13982556480914354 - timing_s/adv:0.18673475086688995 - timing_s/update_actor:28.46973962057382 - timing_s/update_weights:66.62841874081641 - timing_s/step:151.78031385410577 - timing_per_token_ms/adv:0.0028162572145339782 - timing_per_token_ms/update_actor:0.4293689804930748 - timing_per_token_ms/gen:0.929596921064298 - perf/total_num_tokens:66306 - perf/time_per_step:151.78031385410577 - perf/throughput:218.427536207807 - training/num_turns/mean:2.0 - training/num_turns/max:2 - training/num_turns/min:2 - training/off_policy/trajectory_spans/mean:1.0 - training/off_policy/trajectory_spans/max:1 - training/off_policy/trajectory_spans/min:1 - training/off_policy/trajectory_staleness/mean:0.0 - training/off_policy/trajectory_staleness/max:0 - training/off_policy/trajectory_staleness/min:0 - training/off_policy/trajectory_staleness_worst/mean:0.0 - training/off_policy/trajectory_staleness_worst/max:0 - training/off_policy/trajectory_staleness_worst/min:0
[36m(vLLMHttpServer pid=121375)[0m (Worker pid=122556) INFO:2026-07-30 14:29:09,586:Loading standard weights (non-FP8, async), loaded_params: 3, loaded_buffers: 0
[36m(vLLMHttpServer pid=121375)[0m (Worker pid=122556) INFO:2026-07-30 14:29:11,836:Loading standard weights (non-FP8, async), loaded_params: 43, loaded_buffers: 0
[36m(vLLMHttpServer pid=121375)[0m (Worker pid=122556) INFO:2026-07-30 14:29:14,118:Loading standard weights (non-FP8, async), loaded_params: 43, loaded_buffers: 0
[36m(vLLMHttpServer pid=121375)[0m (Worker pid=122556) INFO:2026-07-30 14:29:16,349:Loading standard weights (non-FP8, async), loaded_params: 41, loaded_buffers: 0
[36m(vLLMHttpServer pid=121375)[0m (Worker pid=122556) INFO:2026-07-30 14:29:18,601:Loading standard weights (non-FP8, async), loaded_params: 43, loaded_buffers: 0
[36m(vLLMHttpServer pid=121375)[0m (Worker pid=122556) INFO:2026-07-30 14:29:20,841:Loading standard weights (non-FP8, async), loaded_params: 43, loaded_buffers: 0
[36m(vLLMHttpServer pid=121375)[0m (Worker pid=122556) INFO:2026-07-30 14:29:23,118:Loading standard weights (non-FP8, async), loaded_params: 41, loaded_buffers: 0
[36m(vLLMHttpServer pid=121375)[0m (Worker pid=122556) INFO:2026-07-30 14:29:25,389:Loading standard weights (non-FP8, async), loaded_params: 43, loaded_buffers: 0
[36m(vLLMHttpServer pid=121375)[0m (Worker pid=122556) INFO:2026-07-30 14:29:27,646:Loading standard weights (non-FP8, async), loaded_params: 43, loaded_buffers: 0
[36m(vLLMHttpServer pid=121375)[0m (Worker pid=122556) INFO:2026-07-30 14:29:29,874:Loading standard weights (non-FP8, async), loaded_params: 43, loaded_buffers: 0
[36m(vLLMHttpServer pid=121375)[0m (Worker pid=122556) INFO:2026-07-30 14:29:30,469:Loading standard weights (non-FP8, async), loaded_params: 12, loaded_buffers: 0
[36m(vLLMHttpServer pid=121375)[0m (Worker pid=122556) INFO:2026-07-30 14:29:32,063:Loading standard weights (non-FP8, async), loaded_params: 1, loaded_buffers: 0
[36m(vLLMHttpServer pid=121375)[0m (EngineCore pid=122102) WARNING 07-30 14:29:33 [scheduler.py:1883] reset_connector called but no KV connector is configured.
[36m(TaskRunnerV1 pid=108806)[0m Dumped generations to /mnt/lv_model/npu60005420a/qy_owner_experiments_20260730/qy_owner_verl_full125_noeval_final_npu23/rollouts/93.jsonl
[36m(TaskRunnerV1 pid=108806)[0m Training Progress:  74%|███████▍  | 93/125 [3:53:44<1:21:04, 152.00s/it]
[36m(TaskRunnerV1 pid=108806)[0m step:93 - global_seqlen/min:69187.0 - global_seqlen/max:69187.0 - global_seqlen/minmax_diff:0.0 - global_seqlen/balanced_min:69187.0 - global_seqlen/balanced_max:69187.0 - global_seqlen/mean:69187.0 - actor/pg_clipfrac:0.002225620088318144 - actor/ppo_kl:0.0005622627611634979 - actor/pg_clipfrac_lower:0.0 - actor/pg_loss:0.01076953012420745 - actor/loss:0.010769527405500412 - actor/grad_norm:0.020578524097800255 - actor/lr:1.7e-05 - actor/perf/max_memory_allocated_gb:23.0568790435791 - actor/perf/max_memory_reserved_gb:25.5703125 - actor/perf/cpu_memory_used_gb:99.11873245239258 - perf/mfu/actor:0.1936403863635763 - training/global_step:93 - training/epoch:0 - critic/score/mean:0.3125 - critic/score/max:1.0 - critic/score/min:0.0 - critic/rewards/mean:0.3125 - critic/rewards/max:1.0 - critic/rewards/min:0.0 - critic/advantages/mean:-0.010514230467379093 - critic/advantages/max:1.4999970197677612 - critic/advantages/min:-1.4999970197677612 - critic/returns/mean:-0.010514230467379093 - critic/returns/max:1.4999970197677612 - critic/returns/min:-1.4999970197677612 - response_length/mean:989.734375 - response_length/max:1024.0 - response_length/min:656.0 - response_length/clip_ratio:0.8125 - response_length_non_aborted/mean:989.734375 - response_length_non_aborted/max:1024.0 - response_length_non_aborted/min:656.0 - response_length_non_aborted/clip_ratio:0.8125 - response/aborted_ratio:0.0 - prompt_length/mean:91.3125 - prompt_length/max:121.0 - prompt_length/min:72.0 - prompt_length/clip_ratio:0.0625 - timing_s/gen:56.20788014866412 - timing_s/old_log_prob:0.14247378520667553 - timing_s/adv:0.18591414764523506 - timing_s/update_actor:27.974416569806635 - timing_s/update_weights:64.8318696115166 - timing_s/step:149.50820405222476 - timing_per_token_ms/adv:0.0026871254375133344 - timing_per_token_ms/update_actor:0.4043305327562495 - timing_per_token_ms/gen:0.8873574056906701 - perf/total_num_tokens:69187 - perf/time_per_step:149.50820405222476 - perf/throughput:231.38195137382652 - training/num_turns/mean:2.0 - training/num_turns/max:2 - training/num_turns/min:2 - training/off_policy/trajectory_spans/mean:1.0 - training/off_policy/trajectory_spans/max:1 - training/off_policy/trajectory_spans/min:1 - training/off_policy/trajectory_staleness/mean:0.0 - training/off_policy/trajectory_staleness/max:0 - training/off_policy/trajectory_staleness/min:0 - training/off_policy/trajectory_staleness_worst/mean:0.0 - training/off_policy/trajectory_staleness_worst/max:0 - training/off_policy/trajectory_staleness_worst/min:0
[36m(vLLMHttpServer pid=121375)[0m (Worker pid=122556) INFO:2026-07-30 14:31:35,630:Loading standard weights (non-FP8, async), loaded_params: 3, loaded_buffers: 0
[36m(vLLMHttpServer pid=121375)[0m (Worker pid=122556) INFO:2026-07-30 14:31:38,014:Loading standard weights (non-FP8, async), loaded_params: 43, loaded_buffers: 0
[36m(vLLMHttpServer pid=121375)[0m (Worker pid=122556) INFO:2026-07-30 14:31:40,504:Loading standard weights (non-FP8, async), loaded_params: 43, loaded_buffers: 0
[36m(vLLMHttpServer pid=121375)[0m (Worker pid=122556) INFO:2026-07-30 14:31:43,079:Loading standard weights (non-FP8, async), loaded_params: 41, loaded_buffers: 0
[36m(vLLMHttpServer pid=121375)[0m (Worker pid=122556) INFO:2026-07-30 14:31:45,355:Loading standard weights (non-FP8, async), loaded_params: 43, loaded_buffers: 0
[36m(vLLMHttpServer pid=121375)[0m (Worker pid=122556) INFO:2026-07-30 14:31:47,733:Loading standard weights (non-FP8, async), loaded_params: 43, loaded_buffers: 0
[36m(vLLMHttpServer pid=121375)[0m (Worker pid=122556) INFO:2026-07-30 14:31:50,125:Loading standard weights (non-FP8, async), loaded_params: 41, loaded_buffers: 0
[36m(vLLMHttpServer pid=121375)[0m (Worker pid=122556) INFO:2026-07-30 14:31:52,472:Loading standard weights (non-FP8, async), loaded_params: 43, loaded_buffers: 0
[36m(vLLMHttpServer pid=121375)[0m (Worker pid=122556) INFO:2026-07-30 14:31:54,785:Loading standard weights (non-FP8, async), loaded_params: 43, loaded_buffers: 0
[36m(vLLMHttpServer pid=121375)[0m (Worker pid=122556) INFO:2026-07-30 14:31:57,096:Loading standard weights (non-FP8, async), loaded_params: 43, loaded_buffers: 0
[36m(vLLMHttpServer pid=121375)[0m (Worker pid=122556) INFO:2026-07-30 14:31:57,698:Loading standard weights (non-FP8, async), loaded_params: 12, loaded_buffers: 0
[36m(vLLMHttpServer pid=121375)[0m (Worker pid=122556) INFO:2026-07-30 14:31:59,301:Loading standard weights (non-FP8, async), loaded_params: 1, loaded_buffers: 0
[36m(vLLMHttpServer pid=121375)[0m (EngineCore pid=122102) WARNING 07-30 14:32:01 [scheduler.py:1883] reset_connector called but no KV connector is configured.
[36m(TaskRunnerV1 pid=108806)[0m Training Progress:  75%|███████▌  | 94/125 [3:56:12<1:17:52, 150.73s/it]
[36m(TaskRunnerV1 pid=108806)[0m Dumped generations to /mnt/lv_model/npu60005420a/qy_owner_experiments_20260730/qy_owner_verl_full125_noeval_final_npu23/rollouts/94.jsonl
[36m(TaskRunnerV1 pid=108806)[0m step:94 - global_seqlen/min:63372.0 - global_seqlen/max:63372.0 - global_seqlen/minmax_diff:0.0 - global_seqlen/balanced_min:63372.0 - global_seqlen/balanced_max:63372.0 - global_seqlen/mean:63372.0 - actor/pg_clipfrac:0.003070534312428208 - actor/ppo_kl:0.0006523692882183241 - actor/pg_clipfrac_lower:0.0 - actor/pg_loss:0.04305278370156884 - actor/loss:0.043052788823843 - actor/grad_norm:0.02521366998553276 - actor/lr:1.7e-05 - actor/perf/max_memory_allocated_gb:23.0568790435791 - actor/perf/max_memory_reserved_gb:25.5703125 - actor/perf/cpu_memory_used_gb:99.0708122253418 - perf/mfu/actor:0.18622537109605436 - training/global_step:94 - training/epoch:0 - critic/score/mean:0.453125 - critic/score/max:1.0 - critic/score/min:0.0 - critic/rewards/mean:0.453125 - critic/rewards/max:1.0 - critic/rewards/min:0.0 - critic/advantages/mean:-0.04302890971302986 - critic/advantages/max:1.4999970197677612 - critic/advantages/min:-1.4999970197677612 - critic/returns/mean:-0.04302890971302986 - critic/returns/max:1.4999970197677612 - critic/returns/min:-1.4999970197677612 - response_length/mean:900.6875 - response_length/max:1024.0 - response_length/min:288.0 - response_length/clip_ratio:0.65625 - response_length_non_aborted/mean:900.6875 - response_length_non_aborted/max:1024.0 - response_length_non_aborted/min:288.0 - response_length_non_aborted/clip_ratio:0.65625 - response/aborted_ratio:0.0 - prompt_length/mean:89.5 - prompt_length/max:130.0 - prompt_length/min:61.0 - prompt_length/clip_ratio:0.0625 - timing_s/gen:54.19047706294805 - timing_s/old_log_prob:0.14309577085077763 - timing_s/adv:0.18067929800599813 - timing_s/update_actor:26.601013815030456 - timing_s/update_weights:66.21855747606605 - timing_s/step:147.49602082930505 - timing_per_token_ms/adv:0.002851090355456639 - timing_per_token_ms/update_actor:0.4197597332422908 - timing_per_token_ms/gen:0.9400887700879198 - perf/total_num_tokens:63372 - perf/time_per_step:147.49602082930505 - perf/throughput:214.8261344397198 - training/num_turns/mean:2.0 - training/num_turns/max:2 - training/num_turns/min:2 - training/off_policy/trajectory_spans/mean:1.0 - training/off_policy/trajectory_spans/max:1 - training/off_policy/trajectory_spans/min:1 - training/off_policy/trajectory_staleness/mean:0.0 - training/off_policy/trajectory_staleness/max:0 - training/off_policy/trajectory_staleness/min:0 - training/off_policy/trajectory_staleness_worst/mean:0.0 - training/off_policy/trajectory_staleness_worst/max:0 - training/off_policy/trajectory_staleness_worst/min:0
[36m(vLLMHttpServer pid=121375)[0m (Worker pid=122556) INFO:2026-07-30 14:34:03,658:Loading standard weights (non-FP8, async), loaded_params: 3, loaded_buffers: 0
[36m(vLLMHttpServer pid=121375)[0m (Worker pid=122556) INFO:2026-07-30 14:34:06,021:Loading standard weights (non-FP8, async), loaded_params: 43, loaded_buffers: 0
[36m(vLLMHttpServer pid=121375)[0m (Worker pid=122556) INFO:2026-07-30 14:34:08,454:Loading standard weights (non-FP8, async), loaded_params: 43, loaded_buffers: 0
[36m(vLLMHttpServer pid=121375)[0m (Worker pid=122556) INFO:2026-07-30 14:34:10,894:Loading standard weights (non-FP8, async), loaded_params: 41, loaded_buffers: 0
[36m(vLLMHttpServer pid=121375)[0m (Worker pid=122556) INFO:2026-07-30 14:34:13,499:Loading standard weights (non-FP8, async), loaded_params: 43, loaded_buffers: 0
[36m(vLLMHttpServer pid=121375)[0m (Worker pid=122556) INFO:2026-07-30 14:34:16,120:Loading standard weights (non-FP8, async), loaded_params: 43, loaded_buffers: 0
[36m(vLLMHttpServer pid=121375)[0m (Worker pid=122556) INFO:2026-07-30 14:34:18,677:Loading standard weights (non-FP8, async), loaded_params: 41, loaded_buffers: 0
[36m(vLLMHttpServer pid=121375)[0m (Worker pid=122556) INFO:2026-07-30 14:34:21,015:Loading standard weights (non-FP8, async), loaded_params: 43, loaded_buffers: 0
[36m(vLLMHttpServer pid=121375)[0m (Worker pid=122556) INFO:2026-07-30 14:34:23,419:Loading standard weights (non-FP8, async), loaded_params: 43, loaded_buffers: 0
[36m(vLLMHttpServer pid=121375)[0m (Worker pid=122556) INFO:2026-07-30 14:34:25,764:Loading standard weights (non-FP8, async), loaded_params: 43, loaded_buffers: 0
[36m(vLLMHttpServer pid=121375)[0m (Worker pid=122556) INFO:2026-07-30 14:34:26,365:Loading standard weights (non-FP8, async), loaded_params: 12, loaded_buffers: 0
[36m(vLLMHttpServer pid=121375)[0m (Worker pid=122556) INFO:2026-07-30 14:34:28,093:Loading standard weights (non-FP8, async), loaded_params: 1, loaded_buffers: 0
[36m(vLLMHttpServer pid=121375)[0m (EngineCore pid=122102) WARNING 07-30 14:34:29 [scheduler.py:1883] reset_connector called but no KV connector is configured.
[36m(TaskRunnerV1 pid=108806)[0m Dumped generations to /mnt/lv_model/npu60005420a/qy_owner_experiments_20260730/qy_owner_verl_full125_noeval_final_npu23/rollouts/95.jsonl
[36m(TaskRunnerV1 pid=108806)[0m Training Progress:  76%|███████▌  | 95/125 [3:58:41<1:15:04, 150.15s/it]
[36m(TaskRunnerV1 pid=108806)[0m step:95 - global_seqlen/min:62637.0 - global_seqlen/max:62637.0 - global_seqlen/minmax_diff:0.0 - global_seqlen/balanced_min:62637.0 - global_seqlen/balanced_max:62637.0 - global_seqlen/mean:62637.0 - actor/pg_clipfrac:0.0026299672754248604 - actor/ppo_kl:0.0005899368261452764 - actor/pg_clipfrac_lower:0.0 - actor/pg_loss:0.03145508759189397 - actor/loss:0.031455084681510925 - actor/grad_norm:0.021771740168333054 - actor/lr:1.7e-05 - actor/perf/max_memory_allocated_gb:23.0568790435791 - actor/perf/max_memory_reserved_gb:25.5703125 - actor/perf/cpu_memory_used_gb:99.07275009155273 - perf/mfu/actor:0.18197412622481932 - training/global_step:95 - training/epoch:0 - critic/score/mean:0.5 - critic/score/max:1.0 - critic/score/min:0.0 - critic/rewards/mean:0.5 - critic/rewards/max:1.0 - critic/rewards/min:0.0 - critic/advantages/mean:-0.0312577448785305 - critic/advantages/max:1.4999970197677612 - critic/advantages/min:-1.4999970197677612 - critic/returns/mean:-0.0312577448785305 - critic/returns/max:1.4999970197677612 - critic/returns/min:-1.4999970197677612 - response_length/mean:893.515625 - response_length/max:1024.0 - response_length/min:324.0 - response_length/clip_ratio:0.609375 - response_length_non_aborted/mean:893.515625 - response_length_non_aborted/max:1024.0 - response_length_non_aborted/min:324.0 - response_length_non_aborted/clip_ratio:0.609375 - response/aborted_ratio:0.0 - prompt_length/mean:85.1875 - prompt_length/max:102.0 - prompt_length/min:69.0 - prompt_length/clip_ratio:0.0625 - timing_s/gen:54.18616111483425 - timing_s/old_log_prob:0.1378666777163744 - timing_s/adv:0.17655511479824781 - timing_s/update_actor:26.89639539271593 - timing_s/update_weights:66.97130892239511 - timing_s/step:148.53693014476448 - timing_per_token_ms/adv:0.002818703239271482 - timing_per_token_ms/update_actor:0.42940107911802816 - timing_per_token_ms/gen:0.9475589947509705 - perf/total_num_tokens:62637 - perf/time_per_step:148.53693014476448 - perf/throughput:210.84655492392974 - training/num_turns/mean:2.0 - training/num_turns/max:2 - training/num_turns/min:2 - training/off_policy/trajectory_spans/mean:1.0 - training/off_policy/trajectory_spans/max:1 - training/off_policy/trajectory_spans/min:1 - training/off_policy/trajectory_staleness/mean:0.0 - training/off_policy/trajectory_staleness/max:0 - training/off_policy/trajectory_staleness/min:0 - training/off_policy/trajectory_staleness_worst/mean:0.0 - training/off_policy/trajectory_staleness_worst/max:0 - training/off_policy/trajectory_staleness_worst/min:0
[36m(vLLMHttpServer pid=121375)[0m (Worker pid=122556) INFO:2026-07-30 14:36:34,791:Loading standard weights (non-FP8, async), loaded_params: 3, loaded_buffers: 0
[36m(vLLMHttpServer pid=121375)[0m (Worker pid=122556) INFO:2026-07-30 14:36:37,254:Loading standard weights (non-FP8, async), loaded_params: 43, loaded_buffers: 0
[36m(vLLMHttpServer pid=121375)[0m (Worker pid=122556) INFO:2026-07-30 14:36:39,672:Loading standard weights (non-FP8, async), loaded_params: 43, loaded_buffers: 0
[36m(vLLMHttpServer pid=121375)[0m (Worker pid=122556) INFO:2026-07-30 14:36:42,183:Loading standard weights (non-FP8, async), loaded_params: 41, loaded_buffers: 0
[36m(vLLMHttpServer pid=121375)[0m (Worker pid=122556) INFO:2026-07-30 14:36:44,795:Loading standard weights (non-FP8, async), loaded_params: 43, loaded_buffers: 0
[36m(vLLMHttpServer pid=121375)[0m (Worker pid=122556) INFO:2026-07-30 14:36:47,180:Loading standard weights (non-FP8, async), loaded_params: 43, loaded_buffers: 0
[36m(vLLMHttpServer pid=121375)[0m (Worker pid=122556) INFO:2026-07-30 14:36:49,634:Loading standard weights (non-FP8, async), loaded_params: 41, loaded_buffers: 0
[36m(vLLMHttpServer pid=121375)[0m (Worker pid=122556) INFO:2026-07-30 14:36:52,003:Loading standard weights (non-FP8, async), loaded_params: 43, loaded_buffers: 0
[36m(vLLMHttpServer pid=121375)[0m (Worker pid=122556) INFO:2026-07-30 14:36:54,357:Loading standard weights (non-FP8, async), loaded_params: 43, loaded_buffers: 0
[36m(vLLMHttpServer pid=121375)[0m (Worker pid=122556) INFO:2026-07-30 14:36:56,694:Loading standard weights (non-FP8, async), loaded_params: 43, loaded_buffers: 0
[36m(vLLMHttpServer pid=121375)[0m (Worker pid=122556) INFO:2026-07-30 14:36:57,267:Loading standard weights (non-FP8, async), loaded_params: 12, loaded_buffers: 0
[36m(vLLMHttpServer pid=121375)[0m (Worker pid=122556) INFO:2026-07-30 14:36:58,920:Loading standard weights (non-FP8, async), loaded_params: 1, loaded_buffers: 0
[36m(vLLMHttpServer pid=121375)[0m (EngineCore pid=122102) WARNING 07-30 14:37:00 [scheduler.py:1883] reset_connector called but no KV connector is configured.
[36m(TaskRunnerV1 pid=108806)[0m Dumped generations to /mnt/lv_model/npu60005420a/qy_owner_experiments_20260730/qy_owner_verl_full125_noeval_final_npu23/rollouts/96.jsonl
[36m(TaskRunnerV1 pid=108806)[0m Training Progress:  77%|███████▋  | 96/125 [4:01:11<1:12:35, 150.20s/it]
[36m(TaskRunnerV1 pid=108806)[0m step:96 - global_seqlen/min:60905.0 - global_seqlen/max:60905.0 - global_seqlen/minmax_diff:0.0 - global_seqlen/balanced_min:60905.0 - global_seqlen/balanced_max:60905.0 - global_seqlen/mean:60905.0 - actor/pg_clipfrac:0.001899163176616033 - actor/ppo_kl:0.0007801752799423411 - actor/pg_clipfrac_lower:0.0 - actor/pg_loss:0.023043444325594464 - actor/loss:0.023043446242809296 - actor/grad_norm:0.017684437334537506 - actor/lr:1.7e-05 - actor/perf/max_memory_allocated_gb:23.561654567718506 - actor/perf/max_memory_reserved_gb:25.5703125 - actor/perf/cpu_memory_used_gb:99.0803337097168 - perf/mfu/actor:0.16298010179867295 - training/global_step:96 - training/epoch:0 - critic/score/mean:0.59375 - critic/score/max:1.0 - critic/score/min:0.0 - critic/rewards/mean:0.59375 - critic/rewards/max:1.0 - critic/rewards/min:0.0 - critic/advantages/mean:-0.02321484312415123 - critic/advantages/max:1.4999970197677612 - critic/advantages/min:-1.4999970197677612 - critic/returns/mean:-0.02321484312415123 - critic/returns/max:1.4999970197677612 - critic/returns/min:-1.4999970197677612 - response_length/mean:861.515625 - response_length/max:1024.0 - response_length/min:419.0 - response_length/clip_ratio:0.453125 - response_length_non_aborted/mean:861.515625 - response_length_non_aborted/max:1024.0 - response_length_non_aborted/min:419.0 - response_length_non_aborted/clip_ratio:0.453125 - response/aborted_ratio:0.0 - prompt_length/mean:90.125 - prompt_length/max:190.0 - prompt_length/min:71.0 - prompt_length/clip_ratio:0.0625 - timing_s/gen:54.20832748897374 - timing_s/old_log_prob:0.13712505903095007 - timing_s/adv:0.18454325571656227 - timing_s/update_actor:29.14437893219292 - timing_s/update_weights:66.1863842047751 - timing_s/step:150.02767395507544 - timing_per_token_ms/adv:0.0030300181547748507 - timing_per_token_ms/update_actor:0.4785219428978396 - timing_per_token_ms/gen:0.9831569996367908 - perf/total_num_tokens:60905 - perf/time_per_step:150.02767395507544 - perf/throughput:202.97921841485558 - training/num_turns/mean:2.0 - training/num_turns/max:2 - training/num_turns/min:2 - training/off_policy/trajectory_spans/mean:1.0 - training/off_policy/trajectory_spans/max:1 - training/off_policy/trajectory_spans/min:1 - training/off_policy/trajectory_staleness/mean:0.0 - training/off_policy/trajectory_staleness/max:0 - training/off_policy/trajectory_staleness/min:0 - training/off_policy/trajectory_staleness_worst/mean:0.0 - training/off_policy/trajectory_staleness_worst/max:0 - training/off_policy/trajectory_staleness_worst/min:0
[36m(vLLMHttpServer pid=121375)[0m (Worker pid=122556) INFO:2026-07-30 14:39:07,116:Loading standard weights (non-FP8, async), loaded_params: 3, loaded_buffers: 0
[36m(vLLMHttpServer pid=121375)[0m (Worker pid=122556) INFO:2026-07-30 14:39:09,787:Loading standard weights (non-FP8, async), loaded_params: 43, loaded_buffers: 0
[36m(vLLMHttpServer pid=121375)[0m (Worker pid=122556) INFO:2026-07-30 14:39:12,340:Loading standard weights (non-FP8, async), loaded_params: 43, loaded_buffers: 0
[36m(vLLMHttpServer pid=121375)[0m (Worker pid=122556) INFO:2026-07-30 14:39:14,765:Loading standard weights (non-FP8, async), loaded_params: 41, loaded_buffers: 0
[36m(vLLMHttpServer pid=121375)[0m (Worker pid=122556) INFO:2026-07-30 14:39:17,472:Loading standard weights (non-FP8, async), loaded_params: 43, loaded_buffers: 0
[36m(vLLMHttpServer pid=121375)[0m (Worker pid=122556) INFO:2026-07-30 14:39:20,071:Loading standard weights (non-FP8, async), loaded_params: 43, loaded_buffers: 0
[36m(vLLMHttpServer pid=121375)[0m (Worker pid=122556) INFO:2026-07-30 14:39:22,572:Loading standard weights (non-FP8, async), loaded_params: 41, loaded_buffers: 0
[36m(vLLMHttpServer pid=121375)[0m (Worker pid=122556) INFO:2026-07-30 14:39:24,985:Loading standard weights (non-FP8, async), loaded_params: 43, loaded_buffers: 0
[36m(vLLMHttpServer pid=121375)[0m (Worker pid=122556) INFO:2026-07-30 14:39:27,467:Loading standard weights (non-FP8, async), loaded_params: 43, loaded_buffers: 0
[36m(vLLMHttpServer pid=121375)[0m (Worker pid=122556) INFO:2026-07-30 14:39:29,817:Loading standard weights (non-FP8, async), loaded_params: 43, loaded_buffers: 0
[36m(vLLMHttpServer pid=121375)[0m (Worker pid=122556) INFO:2026-07-30 14:39:30,444:Loading standard weights (non-FP8, async), loaded_params: 12, loaded_buffers: 0
[36m(vLLMHttpServer pid=121375)[0m (Worker pid=122556) INFO:2026-07-30 14:39:32,308:Loading standard weights (non-FP8, async), loaded_params: 1, loaded_buffers: 0
[36m(vLLMHttpServer pid=121375)[0m (EngineCore pid=122102) WARNING 07-30 14:39:33 [scheduler.py:1883] reset_connector called but no KV connector is configured.
[36m(TaskRunnerV1 pid=108806)[0m Training Progress:  78%|███████▊  | 97/125 [4:03:45<1:10:35, 151.29s/it]
[36m(TaskRunnerV1 pid=108806)[0m Dumped generations to /mnt/lv_model/npu60005420a/qy_owner_experiments_20260730/qy_owner_verl_full125_noeval_final_npu23/rollouts/97.jsonl
[36m(TaskRunnerV1 pid=108806)[0m step:97 - global_seqlen/min:68843.0 - global_seqlen/max:68843.0 - global_seqlen/minmax_diff:0.0 - global_seqlen/balanced_min:68843.0 - global_seqlen/balanced_max:68843.0 - global_seqlen/mean:68843.0 - actor/pg_clipfrac:0.001289276686935302 - actor/ppo_kl:0.0005804424690722954 - actor/pg_clipfrac_lower:0.0 - actor/pg_loss:0.013934627842900227 - actor/loss:0.013934630900621414 - actor/grad_norm:0.015735628083348274 - actor/lr:1.7e-05 - actor/perf/max_memory_allocated_gb:23.561654567718506 - actor/perf/max_memory_reserved_gb:25.5703125 - actor/perf/cpu_memory_used_gb:99.07508087158203 - perf/mfu/actor:0.18568571075664878 - training/global_step:97 - training/epoch:0 - critic/score/mean:0.3125 - critic/score/max:1.0 - critic/score/min:0.0 - critic/rewards/mean:0.3125 - critic/rewards/max:1.0 - critic/rewards/min:0.0 - critic/advantages/mean:-0.013861394487321377 - critic/advantages/max:1.4999970197677612 - critic/advantages/min:-1.4999970197677612 - critic/returns/mean:-0.013861394487321377 - critic/returns/max:1.4999970197677612 - critic/returns/min:-1.4999970197677612 - response_length/mean:971.671875 - response_length/max:1024.0 - response_length/min:665.0 - response_length/clip_ratio:0.765625 - response_length_non_aborted/mean:971.671875 - response_length_non_aborted/max:1024.0 - response_length_non_aborted/min:665.0 - response_length_non_aborted/clip_ratio:0.765625 - response/aborted_ratio:0.0 - prompt_length/mean:104.0 - prompt_length/max:187.0 - prompt_length/min:64.0 - prompt_length/clip_ratio:0.0625 - timing_s/gen:56.19938343577087 - timing_s/old_log_prob:0.13672467228025198 - timing_s/adv:0.18446221761405468 - timing_s/update_actor:29.008395353332162 - timing_s/update_weights:67.85435541067272 - timing_s/step:153.5460561439395 - timing_per_token_ms/adv:0.00267946222003769 - timing_per_token_ms/update_actor:0.4213702969558584 - timing_per_token_ms/gen:0.9037159444219993 - perf/total_num_tokens:68843 - perf/time_per_step:153.5460561439395 - perf/throughput:224.17703759015518 - training/num_turns/mean:2.0 - training/num_turns/max:2 - training/num_turns/min:2 - training/off_policy/trajectory_spans/mean:1.0 - training/off_policy/trajectory_spans/max:1 - training/off_policy/trajectory_spans/min:1 - training/off_policy/trajectory_staleness/mean:0.0 - training/off_policy/trajectory_staleness/max:0 - training/off_policy/trajectory_staleness/min:0 - training/off_policy/trajectory_staleness_worst/mean:0.0 - training/off_policy/trajectory_staleness_worst/max:0 - training/off_policy/trajectory_staleness_worst/min:0
[36m(vLLMHttpServer pid=121375)[0m (Worker pid=122556) INFO:2026-07-30 14:41:41,268:Loading standard weights (non-FP8, async), loaded_params: 3, loaded_buffers: 0
[36m(vLLMHttpServer pid=121375)[0m (Worker pid=122556) INFO:2026-07-30 14:41:44,169:Loading standard weights (non-FP8, async), loaded_params: 43, loaded_buffers: 0
[36m(vLLMHttpServer pid=121375)[0m (Worker pid=122556) INFO:2026-07-30 14:41:46,826:Loading standard weights (non-FP8, async), loaded_params: 43, loaded_buffers: 0
[36m(vLLMHttpServer pid=121375)[0m (Worker pid=122556) INFO:2026-07-30 14:41:49,600:Loading standard weights (non-FP8, async), loaded_params: 41, loaded_buffers: 0
[36m(vLLMHttpServer pid=121375)[0m (Worker pid=122556) INFO:2026-07-30 14:41:52,348:Loading standard weights (non-FP8, async), loaded_params: 43, loaded_buffers: 0
[36m(vLLMHttpServer pid=121375)[0m (Worker pid=122556) INFO:2026-07-30 14:41:55,074:Loading standard weights (non-FP8, async), loaded_params: 43, loaded_buffers: 0
[36m(vLLMHttpServer pid=121375)[0m (Worker pid=122556) INFO:2026-07-30 14:41:57,733:Loading standard weights (non-FP8, async), loaded_params: 41, loaded_buffers: 0
[36m(vLLMHttpServer pid=121375)[0m (Worker pid=122556) INFO:2026-07-30 14:42:00,165:Loading standard weights (non-FP8, async), loaded_params: 43, loaded_buffers: 0
[36m(vLLMHttpServer pid=121375)[0m (Worker pid=122556) INFO:2026-07-30 14:42:02,835:Loading standard weights (non-FP8, async), loaded_params: 43, loaded_buffers: 0
[36m(vLLMHttpServer pid=121375)[0m (Worker pid=122556) INFO:2026-07-30 14:42:05,565:Loading standard weights (non-FP8, async), loaded_params: 43, loaded_buffers: 0
[36m(vLLMHttpServer pid=121375)[0m (Worker pid=122556) INFO:2026-07-30 14:42:06,277:Loading standard weights (non-FP8, async), loaded_params: 12, loaded_buffers: 0
[36m(vLLMHttpServer pid=121375)[0m (Worker pid=122556) INFO:2026-07-30 14:42:08,366:Loading standard weights (non-FP8, async), loaded_params: 1, loaded_buffers: 0
[36m(vLLMHttpServer pid=121375)[0m (EngineCore pid=122102) WARNING 07-30 14:42:09 [scheduler.py:1883] reset_connector called but no KV connector is configured.
[36m(TaskRunnerV1 pid=108806)[0m Training Progress:  78%|███████▊  | 98/125 [4:06:21<1:08:40, 152.60s/it]
[36m(TaskRunnerV1 pid=108806)[0m Dumped generations to /mnt/lv_model/npu60005420a/qy_owner_experiments_20260730/qy_owner_verl_full125_noeval_final_npu23/rollouts/98.jsonl
[36m(TaskRunnerV1 pid=108806)[0m step:98 - global_seqlen/min:70479.0 - global_seqlen/max:70479.0 - global_seqlen/minmax_diff:0.0 - global_seqlen/balanced_min:70479.0 - global_seqlen/balanced_max:70479.0 - global_seqlen/mean:70479.0 - actor/pg_clipfrac:0.0010462289905667098 - actor/ppo_kl:0.00048761086650807154 - actor/pg_clipfrac_lower:0.0 - actor/pg_loss:0.007887582469265908 - actor/loss:0.00788758136332035 - actor/grad_norm:0.013176816515624523 - actor/lr:1.7e-05 - actor/perf/max_memory_allocated_gb:23.561654567718506 - actor/perf/max_memory_reserved_gb:25.5703125 - actor/perf/cpu_memory_used_gb:99.09642028808594 - perf/mfu/actor:0.1862985308209681 - training/global_step:98 - training/epoch:0 - critic/score/mean:0.1875 - critic/score/max:1.0 - critic/score/min:0.0 - critic/rewards/mean:0.1875 - critic/rewards/max:1.0 - critic/rewards/min:0.0 - critic/advantages/mean:-0.007799668703228235 - critic/advantages/max:1.4999970197677612 - critic/advantages/min:-1.4999970197677612 - critic/returns/mean:-0.007799668703228235 - critic/returns/max:1.4999970197677612 - critic/returns/min:-1.4999970197677612 - response_length/mean:998.421875 - response_length/max:1024.0 - response_length/min:670.0 - response_length/clip_ratio:0.859375 - response_length_non_aborted/mean:998.421875 - response_length_non_aborted/max:1024.0 - response_length_non_aborted/min:670.0 - response_length_non_aborted/clip_ratio:0.859375 - response/aborted_ratio:0.0 - prompt_length/mean:102.8125 - prompt_length/max:137.0 - prompt_length/min:76.0 - prompt_length/clip_ratio:0.0625 - timing_s/gen:56.20911462139338 - timing_s/old_log_prob:0.13908900693058968 - timing_s/adv:0.18257651198655367 - timing_s/update_actor:29.618122797459364 - timing_s/update_weights:69.07953922450542 - timing_s/step:155.39664762932807 - timing_per_token_ms/adv:0.0025905093997723246 - timing_per_token_ms/update_actor:0.4202403949752318 - timing_per_token_ms/gen:0.8796556224885113 - perf/total_num_tokens:70479 - perf/time_per_step:155.39664762932807 - perf/throughput:226.77130129639448 - training/num_turns/mean:2.0 - training/num_turns/max:2 - training/num_turns/min:2 - training/off_policy/trajectory_spans/mean:1.0 - training/off_policy/trajectory_spans/max:1 - training/off_policy/trajectory_spans/min:1 - training/off_policy/trajectory_staleness/mean:0.0 - training/off_policy/trajectory_staleness/max:0 - training/off_policy/trajectory_staleness/min:0 - training/off_policy/trajectory_staleness_worst/mean:0.0 - training/off_policy/trajectory_staleness_worst/max:0 - training/off_policy/trajectory_staleness_worst/min:0
[36m(vLLMHttpServer pid=121375)[0m (Worker pid=122556) INFO:2026-07-30 14:44:16,079:Loading standard weights (non-FP8, async), loaded_params: 3, loaded_buffers: 0
[36m(vLLMHttpServer pid=121375)[0m (Worker pid=122556) INFO:2026-07-30 14:44:19,206:Loading standard weights (non-FP8, async), loaded_params: 43, loaded_buffers: 0
[36m(vLLMHttpServer pid=121375)[0m (Worker pid=122556) INFO:2026-07-30 14:44:22,278:Loading standard weights (non-FP8, async), loaded_params: 43, loaded_buffers: 0
[36m(vLLMHttpServer pid=121375)[0m (Worker pid=122556) INFO:2026-07-30 14:44:25,190:Loading standard weights (non-FP8, async), loaded_params: 41, loaded_buffers: 0
[36m(vLLMHttpServer pid=121375)[0m (Worker pid=122556) INFO:2026-07-30 14:44:27,831:Loading standard weights (non-FP8, async), loaded_params: 43, loaded_buffers: 0
[36m(vLLMHttpServer pid=121375)[0m (Worker pid=122556) INFO:2026-07-30 14:44:30,583:Loading standard weights (non-FP8, async), loaded_params: 43, loaded_buffers: 0
[36m(vLLMHttpServer pid=121375)[0m (Worker pid=122556) INFO:2026-07-30 14:44:33,432:Loading standard weights (non-FP8, async), loaded_params: 41, loaded_buffers: 0
[36m(vLLMHttpServer pid=121375)[0m (Worker pid=122556) INFO:2026-07-30 14:44:36,272:Loading standard weights (non-FP8, async), loaded_params: 43, loaded_buffers: 0
[36m(vLLMHttpServer pid=121375)[0m (Worker pid=122556) INFO:2026-07-30 14:44:39,154:Loading standard weights (non-FP8, async), loaded_params: 43, loaded_buffers: 0
[36m(vLLMHttpServer pid=121375)[0m (Worker pid=122556) INFO:2026-07-30 14:44:41,901:Loading standard weights (non-FP8, async), loaded_params: 43, loaded_buffers: 0
[36m(vLLMHttpServer pid=121375)[0m (Worker pid=122556) INFO:2026-07-30 14:44:42,895:Loading standard weights (non-FP8, async), loaded_params: 12, loaded_buffers: 0
[36m(vLLMHttpServer pid=121375)[0m (Worker pid=122556) INFO:2026-07-30 14:44:45,188:Loading standard weights (non-FP8, async), loaded_params: 1, loaded_buffers: 0
[36m(vLLMHttpServer pid=121375)[0m (EngineCore pid=122102) WARNING 07-30 14:44:46 [scheduler.py:1883] reset_connector called but no KV connector is configured.
[36m(TaskRunnerV1 pid=108806)[0m Dumped generations to /mnt/lv_model/npu60005420a/qy_owner_experiments_20260730/qy_owner_verl_full125_noeval_final_npu23/rollouts/99.jsonl
[36m(TaskRunnerV1 pid=108806)[0m Training Progress:  79%|███████▉  | 99/125 [4:08:57<1:06:40, 153.85s/it]
[36m(TaskRunnerV1 pid=108806)[0m step:99 - global_seqlen/min:71315.0 - global_seqlen/max:71315.0 - global_seqlen/minmax_diff:0.0 - global_seqlen/balanced_min:71315.0 - global_seqlen/balanced_max:71315.0 - global_seqlen/mean:71315.0 - actor/pg_clipfrac:0.0015137099609192875 - actor/ppo_kl:0.0006599710379507289 - actor/pg_clipfrac_lower:0.0 - actor/pg_loss:0.008637329679913819 - actor/loss:0.008637331426143646 - actor/grad_norm:0.017600370571017265 - actor/lr:1.7e-05 - actor/perf/max_memory_allocated_gb:23.561654567718506 - actor/perf/max_memory_reserved_gb:25.5703125 - actor/perf/cpu_memory_used_gb:99.13505935668945 - perf/mfu/actor:0.19385617932861132 - training/global_step:99 - training/epoch:0 - critic/score/mean:0.203125 - critic/score/max:1.0 - critic/score/min:0.0 - critic/rewards/mean:0.203125 - critic/rewards/max:1.0 - critic/rewards/min:0.0 - critic/advantages/mean:-0.008499649353325367 - critic/advantages/max:1.4999970197677612 - critic/advantages/min:-1.4999970197677612 - critic/returns/mean:-0.008499649353325367 - critic/returns/max:1.4999970197677612 - critic/returns/min:-1.4999970197677612 - response_length/mean:1012.921875 - response_length/max:1024.0 - response_length/min:779.0 - response_length/clip_ratio:0.828125 - response_length_non_aborted/mean:1012.921875 - response_length_non_aborted/max:1024.0 - response_length_non_aborted/min:779.0 - response_length_non_aborted/clip_ratio:0.828125 - response/aborted_ratio:0.0 - prompt_length/mean:101.375 - prompt_length/max:150.0 - prompt_length/min:75.0 - prompt_length/clip_ratio:0.0625 - timing_s/gen:56.18800776451826 - timing_s/old_log_prob:0.13859094120562077 - timing_s/adv:0.17849731165915728 - timing_s/update_actor:28.817222975194454 - timing_s/update_weights:71.00345027726144 - timing_s/step:156.4888338232413 - timing_per_token_ms/adv:0.002502942041073509 - timing_per_token_ms/update_actor:0.40408361459993625 - timing_per_token_ms/gen:0.8667377445280248 - perf/total_num_tokens:71315 - perf/time_per_step:156.4888338232413 - perf/throughput:227.8597081263714 - training/num_turns/mean:2.0 - training/num_turns/max:2 - training/num_turns/min:2 - training/off_policy/trajectory_spans/mean:1.0 - training/off_policy/trajectory_spans/max:1 - training/off_policy/trajectory_spans/min:1 - training/off_policy/trajectory_staleness/mean:0.0 - training/off_policy/trajectory_staleness/max:0 - training/off_policy/trajectory_staleness/min:0 - training/off_policy/trajectory_staleness_worst/mean:0.0 - training/off_policy/trajectory_staleness_worst/max:0 - training/off_policy/trajectory_staleness_worst/min:0
[36m(vLLMHttpServer pid=121375)[0m (Worker pid=122556) INFO:2026-07-30 14:46:52,055:Loading standard weights (non-FP8, async), loaded_params: 3, loaded_buffers: 0
[36m(vLLMHttpServer pid=121375)[0m (Worker pid=122556) INFO:2026-07-30 14:46:54,677:Loading standard weights (non-FP8, async), loaded_params: 43, loaded_buffers: 0
[36m(vLLMHttpServer pid=121375)[0m (Worker pid=122556) INFO:2026-07-30 14:46:57,426:Loading standard weights (non-FP8, async), loaded_params: 43, loaded_buffers: 0
[36m(vLLMHttpServer pid=121375)[0m (Worker pid=122556) INFO:2026-07-30 14:47:00,066:Loading standard weights (non-FP8, async), loaded_params: 41, loaded_buffers: 0
[36m(vLLMHttpServer pid=121375)[0m (Worker pid=122556) INFO:2026-07-30 14:47:02,884:Loading standard weights (non-FP8, async), loaded_params: 43, loaded_buffers: 0
[36m(vLLMHttpServer pid=121375)[0m (Worker pid=122556) INFO:2026-07-30 14:47:05,799:Loading standard weights (non-FP8, async), loaded_params: 43, loaded_buffers: 0
[36m(vLLMHttpServer pid=121375)[0m (Worker pid=122556) INFO:2026-07-30 14:47:08,505:Loading standard weights (non-FP8, async), loaded_params: 41, loaded_buffers: 0
[36m(vLLMHttpServer pid=121375)[0m (Worker pid=122556) INFO:2026-07-30 14:47:11,226:Loading standard weights (non-FP8, async), loaded_params: 43, loaded_buffers: 0
[36m(vLLMHttpServer pid=121375)[0m (Worker pid=122556) INFO:2026-07-30 14:47:13,675:Loading standard weights (non-FP8, async), loaded_params: 43, loaded_buffers: 0
[36m(vLLMHttpServer pid=121375)[0m (Worker pid=122556) INFO:2026-07-30 14:47:16,294:Loading standard weights (non-FP8, async), loaded_params: 43, loaded_buffers: 0
[36m(vLLMHttpServer pid=121375)[0m (Worker pid=122556) INFO:2026-07-30 14:47:17,105:Loading standard weights (non-FP8, async), loaded_params: 12, loaded_buffers: 0
[36m(vLLMHttpServer pid=121375)[0m (Worker pid=122556) INFO:2026-07-30 14:47:18,809:Loading standard weights (non-FP8, async), loaded_params: 1, loaded_buffers: 0
[36m(vLLMHttpServer pid=121375)[0m (EngineCore pid=122102) WARNING 07-30 14:47:20 [scheduler.py:1883] reset_connector called but no KV connector is configured.
[36m(TaskRunnerV1 pid=108806)[0m Training Progress:  80%|████████  | 100/125 [4:11:31<1:04:08, 153.92s/it]
[36m(TaskRunnerV1 pid=108806)[0m Dumped generations to /mnt/lv_model/npu60005420a/qy_owner_experiments_20260730/qy_owner_verl_full125_noeval_final_npu23/rollouts/100.jsonl
[36m(TaskRunnerV1 pid=108806)[0m step:100 - global_seqlen/min:66583.0 - global_seqlen/max:66583.0 - global_seqlen/minmax_diff:0.0 - global_seqlen/balanced_min:66583.0 - global_seqlen/balanced_max:66583.0 - global_seqlen/mean:66583.0 - actor/pg_clipfrac:0.001484420705203186 - actor/ppo_kl:0.0010484916651073623 - actor/pg_clipfrac_lower:0.0 - actor/pg_loss:0.006596636492758989 - actor/loss:0.006596634164452553 - actor/grad_norm:0.013436920009553432 - actor/lr:1.7e-05 - actor/perf/max_memory_allocated_gb:23.561654567718506 - actor/perf/max_memory_reserved_gb:25.5703125 - actor/perf/cpu_memory_used_gb:99.08520126342773 - perf/mfu/actor:0.17641968753691517 - training/global_step:100 - training/epoch:0 - critic/score/mean:0.3125 - critic/score/max:1.0 - critic/score/min:0.0 - critic/rewards/mean:0.3125 - critic/rewards/max:1.0 - critic/rewards/min:0.0 - critic/advantages/mean:-0.006633484736084938 - critic/advantages/max:1.4999970197677612 - critic/advantages/min:-1.4999970197677612 - critic/returns/mean:-0.006633484736084938 - critic/returns/max:1.4999970197677612 - critic/returns/min:-1.4999970197677612 - response_length/mean:946.859375 - response_length/max:1024.0 - response_length/min:376.0 - response_length/clip_ratio:0.734375 - response_length_non_aborted/mean:946.859375 - response_length_non_aborted/max:1024.0 - response_length_non_aborted/min:376.0 - response_length_non_aborted/clip_ratio:0.734375 - response/aborted_ratio:0.0 - prompt_length/mean:93.5 - prompt_length/max:138.0 - prompt_length/min:66.0 - prompt_length/clip_ratio:0.0625 - timing_s/gen:54.181323274970055 - timing_s/old_log_prob:0.13613601215183735 - timing_s/adv:0.18482346087694168 - timing_s/update_actor:29.51140354666859 - timing_s/update_weights:69.63483025226742 - timing_s/step:153.81110418308526 - timing_per_token_ms/adv:0.0027758355868155787 - timing_per_token_ms/update_actor:0.4432273034658785 - timing_per_token_ms/gen:0.8940959962205656 - perf/total_num_tokens:66583 - perf/time_per_step:153.81110418308526 - perf/throughput:216.44406089414898 - training/num_turns/mean:2.0 - training/num_turns/max:2 - training/num_turns/min:2 - training/off_policy/trajectory_spans/mean:1.0 - training/off_policy/trajectory_spans/max:1 - training/off_policy/trajectory_spans/min:1 - training/off_policy/trajectory_staleness/mean:0.0 - training/off_policy/trajectory_staleness/max:0 - training/off_policy/trajectory_staleness/min:0 - training/off_policy/trajectory_staleness_worst/mean:0.0 - training/off_policy/trajectory_staleness_worst/max:0 - training/off_policy/trajectory_staleness_worst/min:0
[36m(vLLMHttpServer pid=121375)[0m (Worker pid=122556) INFO:2026-07-30 14:49:22,897:Loading standard weights (non-FP8, async), loaded_params: 3, loaded_buffers: 0
[36m(vLLMHttpServer pid=121375)[0m (Worker pid=122556) INFO:2026-07-30 14:49:26,533:Loading standard weights (non-FP8, async), loaded_params: 43, loaded_buffers: 0
[36m(vLLMHttpServer pid=121375)[0m (Worker pid=122556) INFO:2026-07-30 14:49:30,300:Loading standard weights (non-FP8, async), loaded_params: 43, loaded_buffers: 0
[36m(vLLMHttpServer pid=121375)[0m (Worker pid=122556) INFO:2026-07-30 14:49:33,339:Loading standard weights (non-FP8, async), loaded_params: 41, loaded_buffers: 0
[36m(vLLMHttpServer pid=121375)[0m (Worker pid=122556) INFO:2026-07-30 14:49:36,507:Loading standard weights (non-FP8, async), loaded_params: 43, loaded_buffers: 0
[36m(vLLMHttpServer pid=121375)[0m (Worker pid=122556) INFO:2026-07-30 14:49:40,335:Loading standard weights (non-FP8, async), loaded_params: 43, loaded_buffers: 0
[36m(vLLMHttpServer pid=121375)[0m (Worker pid=122556) INFO:2026-07-30 14:49:44,125:Loading standard weights (non-FP8, async), loaded_params: 41, loaded_buffers: 0
[36m(vLLMHttpServer pid=121375)[0m (Worker pid=122556) INFO:2026-07-30 14:49:47,515:Loading standard weights (non-FP8, async), loaded_params: 43, loaded_buffers: 0
[36m(vLLMHttpServer pid=121375)[0m (Worker pid=122556) INFO:2026-07-30 14:49:51,145:Loading standard weights (non-FP8, async), loaded_params: 43, loaded_buffers: 0
[36m(vLLMHttpServer pid=121375)[0m (Worker pid=122556) INFO:2026-07-30 14:49:55,251:Loading standard weights (non-FP8, async), loaded_params: 43, loaded_buffers: 0
[36m(vLLMHttpServer pid=121375)[0m (Worker pid=122556) INFO:2026-07-30 14:49:56,493:Loading standard weights (non-FP8, async), loaded_params: 12, loaded_buffers: 0
[36m(vLLMHttpServer pid=121375)[0m (Worker pid=122556) INFO:2026-07-30 14:49:59,235:Loading standard weights (non-FP8, async), loaded_params: 1, loaded_buffers: 0
[36m(vLLMHttpServer pid=121375)[0m (EngineCore pid=122102) WARNING 07-30 14:50:00 [scheduler.py:1883] reset_connector called but no KV connector is configured.
[36m(TaskRunnerV1 pid=108806)[0m Training Progress:  81%|████████  | 101/125 [4:14:11<1:02:17, 155.74s/it]
[36m(TaskRunnerV1 pid=108806)[0m Dumped generations to /mnt/lv_model/npu60005420a/qy_owner_experiments_20260730/qy_owner_verl_full125_noeval_final_npu23/rollouts/101.jsonl
[36m(TaskRunnerV1 pid=108806)[0m step:101 - global_seqlen/min:66390.0 - global_seqlen/max:66390.0 - global_seqlen/minmax_diff:0.0 - global_seqlen/balanced_min:66390.0 - global_seqlen/balanced_max:66390.0 - global_seqlen/mean:66390.0 - actor/pg_clipfrac:0.0028240138301899764 - actor/ppo_kl:0.0009078762035214287 - actor/pg_clipfrac_lower:0.0 - actor/pg_loss:0.010509779316635104 - actor/loss:0.010509778745472431 - actor/grad_norm:0.020872242748737335 - actor/lr:1.7e-05 - actor/perf/max_memory_allocated_gb:23.561654567718506 - actor/perf/max_memory_reserved_gb:25.5703125 - actor/perf/cpu_memory_used_gb:99.13838958740234 - perf/mfu/actor:0.20243015292438138 - training/global_step:101 - training/epoch:0 - critic/score/mean:0.5 - critic/score/max:1.0 - critic/score/min:0.0 - critic/rewards/mean:0.5 - critic/rewards/max:1.0 - critic/rewards/min:0.0 - critic/advantages/mean:-0.010457871481776237 - critic/advantages/max:1.4999970197677612 - critic/advantages/min:-1.4999970197677612 - critic/returns/mean:-0.010457871481776237 - critic/returns/max:1.4999970197677612 - critic/returns/min:-1.4999970197677612 - response_length/mean:945.53125 - response_length/max:1024.0 - response_length/min:497.0 - response_length/clip_ratio:0.671875 - response_length_non_aborted/mean:945.53125 - response_length_non_aborted/max:1024.0 - response_length_non_aborted/min:497.0 - response_length_non_aborted/clip_ratio:0.671875 - response/aborted_ratio:0.0 - prompt_length/mean:91.8125 - prompt_length/max:133.0 - prompt_length/min:62.0 - prompt_length/clip_ratio:0.0625 - timing_s/gen:54.195580061525106 - timing_s/old_log_prob:0.13906310684978962 - timing_s/adv:0.18488272931426764 - timing_s/update_actor:25.675003523007035 - timing_s/update_weights:79.34641053900123 - timing_s/step:159.70671434607357 - timing_per_token_ms/adv:0.002784797850794813 - timing_per_token_ms/update_actor:0.3867299822715324 - timing_per_token_ms/gen:0.8955874683796329 - perf/total_num_tokens:66390 - perf/time_per_step:159.70671434607357 - perf/throughput:207.84974592908284 - training/num_turns/mean:2.0 - training/num_turns/max:2 - training/num_turns/min:2 - training/off_policy/trajectory_spans/mean:1.0 - training/off_policy/trajectory_spans/max:1 - training/off_policy/trajectory_spans/min:1 - training/off_policy/trajectory_staleness/mean:0.0 - training/off_policy/trajectory_staleness/max:0 - training/off_policy/trajectory_staleness/min:0 - training/off_policy/trajectory_staleness_worst/mean:0.0 - training/off_policy/trajectory_staleness_worst/max:0 - training/off_policy/trajectory_staleness_worst/min:0
[36m(vLLMHttpServer pid=121375)[0m (Worker pid=122556) INFO:2026-07-30 14:52:04,346:Loading standard weights (non-FP8, async), loaded_params: 3, loaded_buffers: 0
[36m(vLLMHttpServer pid=121375)[0m (Worker pid=122556) INFO:2026-07-30 14:52:07,138:Loading standard weights (non-FP8, async), loaded_params: 43, loaded_buffers: 0
[36m(vLLMHttpServer pid=121375)[0m (Worker pid=122556) INFO:2026-07-30 14:52:10,013:Loading standard weights (non-FP8, async), loaded_params: 43, loaded_buffers: 0
[36m(vLLMHttpServer pid=121375)[0m (Worker pid=122556) INFO:2026-07-30 14:52:12,866:Loading standard weights (non-FP8, async), loaded_params: 41, loaded_buffers: 0
[36m(vLLMHttpServer pid=121375)[0m (Worker pid=122556) INFO:2026-07-30 14:52:15,662:Loading standard weights (non-FP8, async), loaded_params: 43, loaded_buffers: 0
[36m(vLLMHttpServer pid=121375)[0m (Worker pid=122556) INFO:2026-07-30 14:52:18,169:Loading standard weights (non-FP8, async), loaded_params: 43, loaded_buffers: 0
[36m(vLLMHttpServer pid=121375)[0m (Worker pid=122556) INFO:2026-07-30 14:52:20,874:Loading standard weights (non-FP8, async), loaded_params: 41, loaded_buffers: 0
[36m(vLLMHttpServer pid=121375)[0m (Worker pid=122556) INFO:2026-07-30 14:52:23,701:Loading standard weights (non-FP8, async), loaded_params: 43, loaded_buffers: 0
[36m(vLLMHttpServer pid=121375)[0m (Worker pid=122556) INFO:2026-07-30 14:52:26,433:Loading standard weights (non-FP8, async), loaded_params: 43, loaded_buffers: 0
[36m(vLLMHttpServer pid=121375)[0m (Worker pid=122556) INFO:2026-07-30 14:52:29,249:Loading standard weights (non-FP8, async), loaded_params: 43, loaded_buffers: 0
[36m(vLLMHttpServer pid=121375)[0m (Worker pid=122556) INFO:2026-07-30 14:52:30,199:Loading standard weights (non-FP8, async), loaded_params: 12, loaded_buffers: 0
[36m(vLLMHttpServer pid=121375)[0m (Worker pid=122556) INFO:2026-07-30 14:52:32,595:Loading standard weights (non-FP8, async), loaded_params: 1, loaded_buffers: 0
[36m(vLLMHttpServer pid=121375)[0m (EngineCore pid=122102) WARNING 07-30 14:52:33 [scheduler.py:1883] reset_connector called but no KV connector is configured.
[36m(TaskRunnerV1 pid=108806)[0m Dumped generations to /mnt/lv_model/npu60005420a/qy_owner_experiments_20260730/qy_owner_verl_full125_noeval_final_npu23/rollouts/102.jsonl
[36m(TaskRunnerV1 pid=108806)[0m Training Progress:  82%|████████▏ | 102/125 [4:16:45<59:25, 155.03s/it]  
[36m(TaskRunnerV1 pid=108806)[0m step:102 - global_seqlen/min:62528.0 - global_seqlen/max:62528.0 - global_seqlen/minmax_diff:0.0 - global_seqlen/balanced_min:62528.0 - global_seqlen/balanced_max:62528.0 - global_seqlen/mean:62528.0 - actor/pg_clipfrac:0.001642123384954175 - actor/ppo_kl:0.0005395175371631922 - actor/pg_clipfrac_lower:0.0 - actor/pg_loss:0.01701633306220174 - actor/loss:0.0170163344591856 - actor/grad_norm:0.018973303958773613 - actor/lr:1.7e-05 - actor/perf/max_memory_allocated_gb:23.561654567718506 - actor/perf/max_memory_reserved_gb:25.5703125 - actor/perf/cpu_memory_used_gb:99.11553955078125 - perf/mfu/actor:0.18083531330816402 - training/global_step:102 - training/epoch:0 - critic/score/mean:0.609375 - critic/score/max:1.0 - critic/score/min:0.0 - critic/rewards/mean:0.609375 - critic/rewards/max:1.0 - critic/rewards/min:0.0 - critic/advantages/mean:-0.01708352006971836 - critic/advantages/max:1.4999970197677612 - critic/advantages/min:-1.4999970197677612 - critic/returns/mean:-0.01708352006971836 - critic/returns/max:1.4999970197677612 - critic/returns/min:-1.4999970197677612 - response_length/mean:883.9375 - response_length/max:1024.0 - response_length/min:497.0 - response_length/clip_ratio:0.4375 - response_length_non_aborted/mean:883.9375 - response_length_non_aborted/max:1024.0 - response_length_non_aborted/min:497.0 - response_length_non_aborted/clip_ratio:0.4375 - response/aborted_ratio:0.0 - prompt_length/mean:93.0625 - prompt_length/max:142.0 - prompt_length/min:66.0 - prompt_length/clip_ratio:0.0625 - timing_s/gen:54.198603997938335 - timing_s/old_log_prob:0.12622392643243074 - timing_s/adv:0.17003160156309605 - timing_s/update_actor:26.998537541367114 - timing_s/update_weights:71.44577738642693 - timing_s/step:153.1011610487476 - timing_per_token_ms/adv:0.002719287384261388 - timing_per_token_ms/update_actor:0.431783161805385 - timing_per_token_ms/gen:0.9580464540397783 - perf/total_num_tokens:62528 - perf/time_per_step:153.1011610487476 - perf/throughput:204.20485243769969 - training/num_turns/mean:2.0 - training/num_turns/max:2 - training/num_turns/min:2 - training/off_policy/trajectory_spans/mean:1.0 - training/off_policy/trajectory_spans/max:1 - training/off_policy/trajectory_spans/min:1 - training/off_policy/trajectory_staleness/mean:0.0 - training/off_policy/trajectory_staleness/max:0 - training/off_policy/trajectory_staleness/min:0 - training/off_policy/trajectory_staleness_worst/mean:0.0 - training/off_policy/trajectory_staleness_worst/max:0 - training/off_policy/trajectory_staleness_worst/min:0
[36m(vLLMHttpServer pid=121375)[0m (Worker pid=122556) INFO:2026-07-30 14:54:41,283:Loading standard weights (non-FP8, async), loaded_params: 3, loaded_buffers: 0
[36m(vLLMHttpServer pid=121375)[0m (Worker pid=122556) INFO:2026-07-30 14:54:42,891:Loading standard weights (non-FP8, async), loaded_params: 43, loaded_buffers: 0
[36m(vLLMHttpServer pid=121375)[0m (Worker pid=122556) INFO:2026-07-30 14:54:44,809:Loading standard weights (non-FP8, async), loaded_params: 43, loaded_buffers: 0
[36m(vLLMHttpServer pid=121375)[0m (Worker pid=122556) INFO:2026-07-30 14:54:46,623:Loading standard weights (non-FP8, async), loaded_params: 41, loaded_buffers: 0
[36m(vLLMHttpServer pid=121375)[0m (Worker pid=122556) INFO:2026-07-30 14:54:48,531:Loading standard weights (non-FP8, async), loaded_params: 43, loaded_buffers: 0
[36m(vLLMHttpServer pid=121375)[0m (Worker pid=122556) INFO:2026-07-30 14:54:50,102:Loading standard weights (non-FP8, async), loaded_params: 43, loaded_buffers: 0
[36m(vLLMHttpServer pid=121375)[0m (Worker pid=122556) INFO:2026-07-30 14:54:51,766:Loading standard weights (non-FP8, async), loaded_params: 41, loaded_buffers: 0
[36m(vLLMHttpServer pid=121375)[0m (Worker pid=122556) INFO:2026-07-30 14:54:53,466:Loading standard weights (non-FP8, async), loaded_params: 43, loaded_buffers: 0
[36m(vLLMHttpServer pid=121375)[0m (Worker pid=122556) INFO:2026-07-30 14:54:55,279:Loading standard weights (non-FP8, async), loaded_params: 43, loaded_buffers: 0
[36m(vLLMHttpServer pid=121375)[0m (Worker pid=122556) INFO:2026-07-30 14:54:57,088:Loading standard weights (non-FP8, async), loaded_params: 43, loaded_buffers: 0
[36m(vLLMHttpServer pid=121375)[0m (Worker pid=122556) INFO:2026-07-30 14:54:57,758:Loading standard weights (non-FP8, async), loaded_params: 12, loaded_buffers: 0
[36m(vLLMHttpServer pid=121375)[0m (Worker pid=122556) INFO:2026-07-30 14:54:58,675:Loading standard weights (non-FP8, async), loaded_params: 1, loaded_buffers: 0
[36m(vLLMHttpServer pid=121375)[0m (EngineCore pid=122102) WARNING 07-30 14:55:00 [scheduler.py:1883] reset_connector called but no KV connector is configured.
[36m(TaskRunnerV1 pid=108806)[0m Dumped generations to /mnt/lv_model/npu60005420a/qy_owner_experiments_20260730/qy_owner_verl_full125_noeval_final_npu23/rollouts/103.jsonl
[36m(TaskRunnerV1 pid=108806)[0m Training Progress:  82%|████████▏ | 103/125 [4:19:11<55:53, 152.42s/it]
[36m(TaskRunnerV1 pid=108806)[0m step:103 - global_seqlen/min:68396.0 - global_seqlen/max:68396.0 - global_seqlen/minmax_diff:0.0 - global_seqlen/balanced_min:68396.0 - global_seqlen/balanced_max:68396.0 - global_seqlen/mean:68396.0 - actor/pg_clipfrac:0.0026583060012746822 - actor/ppo_kl:0.000614689793163801 - actor/pg_clipfrac_lower:0.0 - actor/pg_loss:0.01592921001429204 - actor/loss:0.015929212793707848 - actor/grad_norm:0.01980164833366871 - actor/lr:1.7e-05 - actor/perf/max_memory_allocated_gb:23.561654567718506 - actor/perf/max_memory_reserved_gb:25.5703125 - actor/perf/cpu_memory_used_gb:99.08320236206055 - perf/mfu/actor:0.17781361395983372 - training/global_step:103 - training/epoch:0 - critic/score/mean:0.40625 - critic/score/max:1.0 - critic/score/min:0.0 - critic/rewards/mean:0.40625 - critic/rewards/max:1.0 - critic/rewards/min:0.0 - critic/advantages/mean:-0.01577364280819893 - critic/advantages/max:1.4999970197677612 - critic/advantages/min:-1.4999970197677612 - critic/returns/mean:-0.01577364280819893 - critic/returns/max:1.4999970197677612 - critic/returns/min:-1.4999970197677612 - response_length/mean:974.5625 - response_length/max:1024.0 - response_length/min:540.0 - response_length/clip_ratio:0.703125 - response_length_non_aborted/mean:974.5625 - response_length_non_aborted/max:1024.0 - response_length_non_aborted/min:540.0 - response_length_non_aborted/clip_ratio:0.703125 - response/aborted_ratio:0.0 - prompt_length/mean:94.125 - prompt_length/max:213.0 - prompt_length/min:54.0 - prompt_length/clip_ratio:0.0625 - timing_s/gen:56.216910692863166 - timing_s/old_log_prob:0.13076819945126772 - timing_s/adv:0.17583566531538963 - timing_s/update_actor:30.083903539925814 - timing_s/update_weights:59.26957012154162 - timing_s/step:146.0422051846981 - timing_per_token_ms/adv:0.002570847203277818 - timing_per_token_ms/update_actor:0.43984887332484085 - timing_per_token_ms/gen:0.9013164672106581 - perf/total_num_tokens:68396 - perf/time_per_step:146.0422051846981 - perf/throughput:234.16518503503926 - training/num_turns/mean:2.0 - training/num_turns/max:2 - training/num_turns/min:2 - training/off_policy/trajectory_spans/mean:1.0 - training/off_policy/trajectory_spans/max:1 - training/off_policy/trajectory_spans/min:1 - training/off_policy/trajectory_staleness/mean:0.0 - training/off_policy/trajectory_staleness/max:0 - training/off_policy/trajectory_staleness/min:0 - training/off_policy/trajectory_staleness_worst/mean:0.0 - training/off_policy/trajectory_staleness_worst/max:0 - training/off_policy/trajectory_staleness_worst/min:0
[36m(vLLMHttpServer pid=121375)[0m (Worker pid=122556) INFO:2026-07-30 14:57:06,996:Loading standard weights (non-FP8, async), loaded_params: 3, loaded_buffers: 0
[36m(vLLMHttpServer pid=121375)[0m (Worker pid=122556) INFO:2026-07-30 14:57:08,842:Loading standard weights (non-FP8, async), loaded_params: 43, loaded_buffers: 0
[36m(vLLMHttpServer pid=121375)[0m (Worker pid=122556) INFO:2026-07-30 14:57:10,679:Loading standard weights (non-FP8, async), loaded_params: 43, loaded_buffers: 0
[36m(vLLMHttpServer pid=121375)[0m (Worker pid=122556) INFO:2026-07-30 14:57:12,941:Loading standard weights (non-FP8, async), loaded_params: 41, loaded_buffers: 0
[36m(vLLMHttpServer pid=121375)[0m (Worker pid=122556) INFO:2026-07-30 14:57:15,022:Loading standard weights (non-FP8, async), loaded_params: 43, loaded_buffers: 0
[36m(vLLMHttpServer pid=121375)[0m (Worker pid=122556) INFO:2026-07-30 14:57:17,119:Loading standard weights (non-FP8, async), loaded_params: 43, loaded_buffers: 0
[36m(vLLMHttpServer pid=121375)[0m (Worker pid=122556) INFO:2026-07-30 14:57:18,697:Loading standard weights (non-FP8, async), loaded_params: 41, loaded_buffers: 0
[36m(vLLMHttpServer pid=121375)[0m (Worker pid=122556) INFO:2026-07-30 14:57:20,168:Loading standard weights (non-FP8, async), loaded_params: 43, loaded_buffers: 0
[36m(vLLMHttpServer pid=121375)[0m (Worker pid=122556) INFO:2026-07-30 14:57:21,228:Loading standard weights (non-FP8, async), loaded_params: 43, loaded_buffers: 0
[36m(vLLMHttpServer pid=121375)[0m (Worker pid=122556) INFO:2026-07-30 14:57:22,773:Loading standard weights (non-FP8, async), loaded_params: 43, loaded_buffers: 0
[36m(vLLMHttpServer pid=121375)[0m (Worker pid=122556) INFO:2026-07-30 14:57:23,191:Loading standard weights (non-FP8, async), loaded_params: 12, loaded_buffers: 0
[36m(vLLMHttpServer pid=121375)[0m (Worker pid=122556) INFO:2026-07-30 14:57:23,870:Loading standard weights (non-FP8, async), loaded_params: 1, loaded_buffers: 0
[36m(vLLMHttpServer pid=121375)[0m (EngineCore pid=122102) WARNING 07-30 14:57:25 [scheduler.py:1883] reset_connector called but no KV connector is configured.
[36m(TaskRunnerV1 pid=108806)[0m Dumped generations to /mnt/lv_model/npu60005420a/qy_owner_experiments_20260730/qy_owner_verl_full125_noeval_final_npu23/rollouts/104.jsonl
[36m(TaskRunnerV1 pid=108806)[0m Training Progress:  83%|████████▎ | 104/125 [4:21:36<52:35, 150.24s/it]
[36m(TaskRunnerV1 pid=108806)[0m step:104 - global_seqlen/min:70340.0 - global_seqlen/max:70340.0 - global_seqlen/minmax_diff:0.0 - global_seqlen/balanced_min:70340.0 - global_seqlen/balanced_max:70340.0 - global_seqlen/mean:70340.0 - actor/pg_clipfrac:0.0021353171582126785 - actor/ppo_kl:0.0008487297268907747 - actor/pg_clipfrac_lower:0.0 - actor/pg_loss:0.007219654857181013 - actor/loss:0.007219646126031876 - actor/grad_norm:0.019487028941512108 - actor/lr:1.7e-05 - actor/perf/max_memory_allocated_gb:23.561654567718506 - actor/perf/max_memory_reserved_gb:25.5703125 - actor/perf/cpu_memory_used_gb:99.12450790405273 - perf/mfu/actor:0.1978748592943669 - training/global_step:104 - training/epoch:0 - critic/score/mean:0.34375 - critic/score/max:1.0 - critic/score/min:0.0 - critic/rewards/mean:0.34375 - critic/rewards/max:1.0 - critic/rewards/min:0.0 - critic/advantages/mean:-0.007140844129025936 - critic/advantages/max:1.4999970197677612 - critic/advantages/min:-1.4999970197677612 - critic/returns/mean:-0.007140844129025936 - critic/returns/max:1.4999970197677612 - critic/returns/min:-1.4999970197677612 - response_length/mean:1002.5625 - response_length/max:1024.0 - response_length/min:784.0 - response_length/clip_ratio:0.8125 - response_length_non_aborted/mean:1002.5625 - response_length_non_aborted/max:1024.0 - response_length_non_aborted/min:784.0 - response_length_non_aborted/clip_ratio:0.8125 - response/aborted_ratio:0.0 - prompt_length/mean:96.5 - prompt_length/max:153.0 - prompt_length/min:70.0 - prompt_length/clip_ratio:0.0625 - timing_s/gen:58.191837187856436 - timing_s/old_log_prob:0.13976958952844143 - timing_s/adv:0.1786320274695754 - timing_s/update_actor:27.846620228141546 - timing_s/update_weights:58.39512602891773 - timing_s/step:144.91185771487653 - timing_per_token_ms/adv:0.002539551144008749 - timing_per_token_ms/update_actor:0.39588598561475047 - timing_per_token_ms/gen:0.9069234646820091 - perf/total_num_tokens:70340 - perf/time_per_step:144.91185771487653 - perf/throughput:242.69925563440952 - training/num_turns/mean:2.0 - training/num_turns/max:2 - training/num_turns/min:2 - training/off_policy/trajectory_spans/mean:1.0 - training/off_policy/trajectory_spans/max:1 - training/off_policy/trajectory_spans/min:1 - training/off_policy/trajectory_staleness/mean:0.0 - training/off_policy/trajectory_staleness/max:0 - training/off_policy/trajectory_staleness/min:0 - training/off_policy/trajectory_staleness_worst/mean:0.0 - training/off_policy/trajectory_staleness_worst/max:0 - training/off_policy/trajectory_staleness_worst/min:0
[36m(vLLMHttpServer pid=121375)[0m (Worker pid=122556) INFO:2026-07-30 14:59:31,346:Loading standard weights (non-FP8, async), loaded_params: 3, loaded_buffers: 0
[36m(vLLMHttpServer pid=121375)[0m (Worker pid=122556) INFO:2026-07-30 14:59:33,111:Loading standard weights (non-FP8, async), loaded_params: 43, loaded_buffers: 0
[36m(vLLMHttpServer pid=121375)[0m (Worker pid=122556) INFO:2026-07-30 14:59:35,273:Loading standard weights (non-FP8, async), loaded_params: 43, loaded_buffers: 0
[36m(vLLMHttpServer pid=121375)[0m (Worker pid=122556) INFO:2026-07-30 14:59:37,558:Loading standard weights (non-FP8, async), loaded_params: 41, loaded_buffers: 0
[36m(vLLMHttpServer pid=121375)[0m (Worker pid=122556) INFO:2026-07-30 14:59:39,531:Loading standard weights (non-FP8, async), loaded_params: 43, loaded_buffers: 0
[36m(vLLMHttpServer pid=121375)[0m (Worker pid=122556) INFO:2026-07-30 14:59:41,291:Loading standard weights (non-FP8, async), loaded_params: 43, loaded_buffers: 0
[36m(vLLMHttpServer pid=121375)[0m (Worker pid=122556) INFO:2026-07-30 14:59:43,335:Loading standard weights (non-FP8, async), loaded_params: 41, loaded_buffers: 0
[36m(vLLMHttpServer pid=121375)[0m (Worker pid=122556) INFO:2026-07-30 14:59:44,887:Loading standard weights (non-FP8, async), loaded_params: 43, loaded_buffers: 0
[36m(vLLMHttpServer pid=121375)[0m (Worker pid=122556) INFO:2026-07-30 14:59:45,970:Loading standard weights (non-FP8, async), loaded_params: 43, loaded_buffers: 0
[36m(vLLMHttpServer pid=121375)[0m (Worker pid=122556) INFO:2026-07-30 14:59:47,391:Loading standard weights (non-FP8, async), loaded_params: 43, loaded_buffers: 0
[36m(vLLMHttpServer pid=121375)[0m (Worker pid=122556) INFO:2026-07-30 14:59:47,806:Loading standard weights (non-FP8, async), loaded_params: 12, loaded_buffers: 0
[36m(vLLMHttpServer pid=121375)[0m (Worker pid=122556) INFO:2026-07-30 14:59:48,626:Loading standard weights (non-FP8, async), loaded_params: 1, loaded_buffers: 0
[36m(vLLMHttpServer pid=121375)[0m (EngineCore pid=122102) WARNING 07-30 14:59:50 [scheduler.py:1883] reset_connector called but no KV connector is configured.
[36m(TaskRunnerV1 pid=108806)[0m Training Progress:  84%|████████▍ | 105/125 [4:24:01<49:32, 148.60s/it]
[36m(TaskRunnerV1 pid=108806)[0m Dumped generations to /mnt/lv_model/npu60005420a/qy_owner_experiments_20260730/qy_owner_verl_full125_noeval_final_npu23/rollouts/105.jsonl
[36m(TaskRunnerV1 pid=108806)[0m step:105 - global_seqlen/min:67705.0 - global_seqlen/max:67705.0 - global_seqlen/minmax_diff:0.0 - global_seqlen/balanced_min:67705.0 - global_seqlen/balanced_max:67705.0 - global_seqlen/mean:67705.0 - actor/pg_clipfrac:0.002255787829841104 - actor/ppo_kl:0.0009559864139352131 - actor/pg_clipfrac_lower:0.0 - actor/pg_loss:0.016237930860370398 - actor/loss:0.016237931326031685 - actor/grad_norm:0.018782857805490494 - actor/lr:1.7e-05 - actor/perf/max_memory_allocated_gb:23.561654567718506 - actor/perf/max_memory_reserved_gb:25.5703125 - actor/perf/cpu_memory_used_gb:99.11614990234375 - perf/mfu/actor:0.18449533764494533 - training/global_step:105 - training/epoch:0 - critic/score/mean:0.40625 - critic/score/max:1.0 - critic/score/min:0.0 - critic/rewards/mean:0.40625 - critic/rewards/max:1.0 - critic/rewards/min:0.0 - critic/advantages/mean:-0.016143381595611572 - critic/advantages/max:1.4999970197677612 - critic/advantages/min:-1.4999970197677612 - critic/returns/mean:-0.016143381595611572 - critic/returns/max:1.4999970197677612 - critic/returns/min:-1.4999970197677612 - response_length/mean:969.890625 - response_length/max:1024.0 - response_length/min:507.0 - response_length/clip_ratio:0.71875 - response_length_non_aborted/mean:969.890625 - response_length_non_aborted/max:1024.0 - response_length_non_aborted/min:507.0 - response_length_non_aborted/clip_ratio:0.71875 - response/aborted_ratio:0.0 - prompt_length/mean:88.0 - prompt_length/max:117.0 - prompt_length/min:66.0 - prompt_length/clip_ratio:0.0625 - timing_s/gen:56.192630181089044 - timing_s/old_log_prob:0.13688538130372763 - timing_s/adv:0.17098991200327873 - timing_s/update_actor:28.696735760197043 - timing_s/update_weights:59.13618267606944 - timing_s/step:144.49646674562246 - timing_per_token_ms/adv:0.0025255138025740897 - timing_per_token_ms/update_actor:0.4238495792068096 - timing_per_token_ms/gen:0.9052668661268031 - perf/total_num_tokens:67705 - perf/time_per_step:144.49646674562246 - perf/throughput:234.2790848969016 - training/num_turns/mean:2.0 - training/num_turns/max:2 - training/num_turns/min:2 - training/off_policy/trajectory_spans/mean:1.0 - training/off_policy/trajectory_spans/max:1 - training/off_policy/trajectory_spans/min:1 - training/off_policy/trajectory_staleness/mean:0.0 - training/off_policy/trajectory_staleness/max:0 - training/off_policy/trajectory_staleness/min:0 - training/off_policy/trajectory_staleness_worst/mean:0.0 - training/off_policy/trajectory_staleness_worst/max:0 - training/off_policy/trajectory_staleness_worst/min:0
[36m(vLLMHttpServer pid=121375)[0m (Worker pid=122556) INFO:2026-07-30 15:01:55,341:Loading standard weights (non-FP8, async), loaded_params: 3, loaded_buffers: 0
[36m(vLLMHttpServer pid=121375)[0m (Worker pid=122556) INFO:2026-07-30 15:01:57,311:Loading standard weights (non-FP8, async), loaded_params: 43, loaded_buffers: 0
[36m(vLLMHttpServer pid=121375)[0m (Worker pid=122556) INFO:2026-07-30 15:01:58,825:Loading standard weights (non-FP8, async), loaded_params: 43, loaded_buffers: 0
[36m(vLLMHttpServer pid=121375)[0m (Worker pid=122556) INFO:2026-07-30 15:02:01,112:Loading standard weights (non-FP8, async), loaded_params: 41, loaded_buffers: 0
[36m(vLLMHttpServer pid=121375)[0m (Worker pid=122556) INFO:2026-07-30 15:02:02,820:Loading standard weights (non-FP8, async), loaded_params: 43, loaded_buffers: 0
[36m(vLLMHttpServer pid=121375)[0m (Worker pid=122556) INFO:2026-07-30 15:02:03,967:Loading standard weights (non-FP8, async), loaded_params: 43, loaded_buffers: 0
[36m(vLLMHttpServer pid=121375)[0m (Worker pid=122556) INFO:2026-07-30 15:02:05,063:Loading standard weights (non-FP8, async), loaded_params: 41, loaded_buffers: 0
[36m(vLLMHttpServer pid=121375)[0m (Worker pid=122556) INFO:2026-07-30 15:02:06,178:Loading standard weights (non-FP8, async), loaded_params: 43, loaded_buffers: 0
[36m(vLLMHttpServer pid=121375)[0m (Worker pid=122556) INFO:2026-07-30 15:02:07,912:Loading standard weights (non-FP8, async), loaded_params: 43, loaded_buffers: 0
[36m(vLLMHttpServer pid=121375)[0m (Worker pid=122556) INFO:2026-07-30 15:02:09,016:Loading standard weights (non-FP8, async), loaded_params: 43, loaded_buffers: 0
[36m(vLLMHttpServer pid=121375)[0m (Worker pid=122556) INFO:2026-07-30 15:02:09,431:Loading standard weights (non-FP8, async), loaded_params: 12, loaded_buffers: 0
[36m(vLLMHttpServer pid=121375)[0m (Worker pid=122556) INFO:2026-07-30 15:02:10,191:Loading standard weights (non-FP8, async), loaded_params: 1, loaded_buffers: 0
[36m(vLLMHttpServer pid=121375)[0m (EngineCore pid=122102) WARNING 07-30 15:02:11 [scheduler.py:1883] reset_connector called but no KV connector is configured.
[36m(TaskRunnerV1 pid=108806)[0m Training Progress:  85%|████████▍ | 106/125 [4:26:23<46:23, 146.48s/it]
[36m(TaskRunnerV1 pid=108806)[0m Dumped generations to /mnt/lv_model/npu60005420a/qy_owner_experiments_20260730/qy_owner_verl_full125_noeval_final_npu23/rollouts/106.jsonl
[36m(TaskRunnerV1 pid=108806)[0m step:106 - global_seqlen/min:65317.0 - global_seqlen/max:65317.0 - global_seqlen/minmax_diff:0.0 - global_seqlen/balanced_min:65317.0 - global_seqlen/balanced_max:65317.0 - global_seqlen/mean:65317.0 - actor/pg_clipfrac:0.002486130964825861 - actor/ppo_kl:0.0007702715101913782 - actor/pg_clipfrac_lower:0.0 - actor/pg_loss:0.03052132180891931 - actor/loss:0.030521325767040253 - actor/grad_norm:0.020555615425109863 - actor/lr:1.7e-05 - actor/perf/max_memory_allocated_gb:23.561654567718506 - actor/perf/max_memory_reserved_gb:25.5703125 - actor/perf/cpu_memory_used_gb:99.09524536132812 - perf/mfu/actor:0.18207925817208678 - training/global_step:106 - training/epoch:0 - critic/score/mean:0.453125 - critic/score/max:1.0 - critic/score/min:0.0 - critic/rewards/mean:0.453125 - critic/rewards/max:1.0 - critic/rewards/min:0.0 - critic/advantages/mean:-0.030530786141753197 - critic/advantages/max:1.4999970197677612 - critic/advantages/min:-1.4999970197677612 - critic/returns/mean:-0.030530786141753197 - critic/returns/max:1.4999970197677612 - critic/returns/min:-1.4999970197677612 - response_length/mean:927.078125 - response_length/max:1024.0 - response_length/min:431.0 - response_length/clip_ratio:0.609375 - response_length_non_aborted/mean:927.078125 - response_length_non_aborted/max:1024.0 - response_length_non_aborted/min:431.0 - response_length_non_aborted/clip_ratio:0.609375 - response/aborted_ratio:0.0 - prompt_length/mean:93.5 - prompt_length/max:171.0 - prompt_length/min:68.0 - prompt_length/clip_ratio:0.0625 - timing_s/gen:56.217736061662436 - timing_s/old_log_prob:0.13640687614679337 - timing_s/adv:0.17816926818341017 - timing_s/update_actor:28.048208042047918 - timing_s/update_weights:56.53224202338606 - timing_s/step:141.27498847898096 - timing_per_token_ms/adv:0.002727762576104386 - timing_per_token_ms/update_actor:0.4294166609312724 - timing_per_token_ms/gen:0.9474952566305839 - perf/total_num_tokens:65317 - perf/time_per_step:141.27498847898096 - perf/throughput:231.16972332904467 - training/num_turns/mean:2.0 - training/num_turns/max:2 - training/num_turns/min:2 - training/off_policy/trajectory_spans/mean:1.0 - training/off_policy/trajectory_spans/max:1 - training/off_policy/trajectory_spans/min:1 - training/off_policy/trajectory_staleness/mean:0.0 - training/off_policy/trajectory_staleness/max:0 - training/off_policy/trajectory_staleness/min:0 - training/off_policy/trajectory_staleness_worst/mean:0.0 - training/off_policy/trajectory_staleness_worst/max:0 - training/off_policy/trajectory_staleness_worst/min:0
[36m(vLLMHttpServer pid=121375)[0m (Worker pid=122556) INFO:2026-07-30 15:04:14,256:Loading standard weights (non-FP8, async), loaded_params: 3, loaded_buffers: 0
[36m(vLLMHttpServer pid=121375)[0m (Worker pid=122556) INFO:2026-07-30 15:04:16,016:Loading standard weights (non-FP8, async), loaded_params: 43, loaded_buffers: 0
[36m(vLLMHttpServer pid=121375)[0m (Worker pid=122556) INFO:2026-07-30 15:04:17,791:Loading standard weights (non-FP8, async), loaded_params: 43, loaded_buffers: 0
[36m(vLLMHttpServer pid=121375)[0m (Worker pid=122556) INFO:2026-07-30 15:04:19,651:Loading standard weights (non-FP8, async), loaded_params: 41, loaded_buffers: 0
[36m(vLLMHttpServer pid=121375)[0m (Worker pid=122556) INFO:2026-07-30 15:04:21,488:Loading standard weights (non-FP8, async), loaded_params: 43, loaded_buffers: 0
[36m(vLLMHttpServer pid=121375)[0m (Worker pid=122556) INFO:2026-07-30 15:04:23,014:Loading standard weights (non-FP8, async), loaded_params: 43, loaded_buffers: 0
[36m(vLLMHttpServer pid=121375)[0m (Worker pid=122556) INFO:2026-07-30 15:04:24,018:Loading standard weights (non-FP8, async), loaded_params: 41, loaded_buffers: 0
[36m(vLLMHttpServer pid=121375)[0m (Worker pid=122556) INFO:2026-07-30 15:04:25,250:Loading standard weights (non-FP8, async), loaded_params: 43, loaded_buffers: 0
[36m(vLLMHttpServer pid=121375)[0m (Worker pid=122556) INFO:2026-07-30 15:04:26,143:Loading standard weights (non-FP8, async), loaded_params: 43, loaded_buffers: 0
[36m(vLLMHttpServer pid=121375)[0m (Worker pid=122556) INFO:2026-07-30 15:04:27,782:Loading standard weights (non-FP8, async), loaded_params: 43, loaded_buffers: 0
[36m(vLLMHttpServer pid=121375)[0m (Worker pid=122556) INFO:2026-07-30 15:04:28,192:Loading standard weights (non-FP8, async), loaded_params: 12, loaded_buffers: 0
[36m(vLLMHttpServer pid=121375)[0m (Worker pid=122556) INFO:2026-07-30 15:04:29,043:Loading standard weights (non-FP8, async), loaded_params: 1, loaded_buffers: 0
[36m(vLLMHttpServer pid=121375)[0m (EngineCore pid=122102) WARNING 07-30 15:04:30 [scheduler.py:1883] reset_connector called but no KV connector is configured.
[36m(TaskRunnerV1 pid=108806)[0m Training Progress:  86%|████████▌ | 107/125 [4:28:41<43:15, 144.20s/it]
[36m(TaskRunnerV1 pid=108806)[0m Dumped generations to /mnt/lv_model/npu60005420a/qy_owner_experiments_20260730/qy_owner_verl_full125_noeval_final_npu23/rollouts/107.jsonl
[36m(TaskRunnerV1 pid=108806)[0m step:107 - global_seqlen/min:67370.0 - global_seqlen/max:67370.0 - global_seqlen/minmax_diff:0.0 - global_seqlen/balanced_min:67370.0 - global_seqlen/balanced_max:67370.0 - global_seqlen/mean:67370.0 - actor/pg_clipfrac:0.0016886511242345853 - actor/ppo_kl:0.0005378223006974783 - actor/pg_clipfrac_lower:0.0 - actor/pg_loss:0.01104561728425324 - actor/loss:0.01104561984539032 - actor/grad_norm:0.016972802579402924 - actor/lr:1.7e-05 - actor/perf/max_memory_allocated_gb:23.561654567718506 - actor/perf/max_memory_reserved_gb:25.5703125 - actor/perf/cpu_memory_used_gb:99.1223373413086 - perf/mfu/actor:0.2008065349139418 - training/global_step:107 - training/epoch:0 - critic/score/mean:0.390625 - critic/score/max:1.0 - critic/score/min:0.0 - critic/rewards/mean:0.390625 - critic/rewards/max:1.0 - critic/rewards/min:0.0 - critic/advantages/mean:-0.010957317426800728 - critic/advantages/max:1.4999970197677612 - critic/advantages/min:-1.4999970197677612 - critic/returns/mean:-0.010957317426800728 - critic/returns/max:1.4999970197677612 - critic/returns/min:-1.4999970197677612 - response_length/mean:955.40625 - response_length/max:1024.0 - response_length/min:517.0 - response_length/clip_ratio:0.703125 - response_length_non_aborted/mean:955.40625 - response_length_non_aborted/max:1024.0 - response_length_non_aborted/min:517.0 - response_length_non_aborted/clip_ratio:0.703125 - response/aborted_ratio:0.0 - prompt_length/mean:97.25 - prompt_length/max:133.0 - prompt_length/min:67.0 - prompt_length/clip_ratio:0.0625 - timing_s/gen:54.21079417131841 - timing_s/old_log_prob:0.14221930131316185 - timing_s/adv:0.18245646078139544 - timing_s/update_actor:26.26711150817573 - timing_s/update_weights:57.64082307647914 - timing_s/step:138.60182368569076 - timing_per_token_ms/adv:0.0027082746145375603 - timing_per_token_ms/update_actor:0.389893298325304 - timing_per_token_ms/gen:0.8865795664690808 - perf/total_num_tokens:67370 - perf/time_per_step:138.60182368569076 - perf/throughput:243.03432021491963 - training/num_turns/mean:2.0 - training/num_turns/max:2 - training/num_turns/min:2 - training/off_policy/trajectory_spans/mean:1.0 - training/off_policy/trajectory_spans/max:1 - training/off_policy/trajectory_spans/min:1 - training/off_policy/trajectory_staleness/mean:0.0 - training/off_policy/trajectory_staleness/max:0 - training/off_policy/trajectory_staleness/min:0 - training/off_policy/trajectory_staleness_worst/mean:0.0 - training/off_policy/trajectory_staleness_worst/max:0 - training/off_policy/trajectory_staleness_worst/min:0
[36m(vLLMHttpServer pid=121375)[0m (Worker pid=122556) INFO:2026-07-30 15:06:29,926:Loading standard weights (non-FP8, async), loaded_params: 3, loaded_buffers: 0
[36m(vLLMHttpServer pid=121375)[0m (Worker pid=122556) INFO:2026-07-30 15:06:32,300:Loading standard weights (non-FP8, async), loaded_params: 43, loaded_buffers: 0
[36m(vLLMHttpServer pid=121375)[0m (Worker pid=122556) INFO:2026-07-30 15:06:34,600:Loading standard weights (non-FP8, async), loaded_params: 43, loaded_buffers: 0
[36m(vLLMHttpServer pid=121375)[0m (Worker pid=122556) INFO:2026-07-30 15:06:36,510:Loading standard weights (non-FP8, async), loaded_params: 41, loaded_buffers: 0
[36m(vLLMHttpServer pid=121375)[0m (Worker pid=122556) INFO:2026-07-30 15:06:38,519:Loading standard weights (non-FP8, async), loaded_params: 43, loaded_buffers: 0
[36m(vLLMHttpServer pid=121375)[0m (Worker pid=122556) INFO:2026-07-30 15:06:40,539:Loading standard weights (non-FP8, async), loaded_params: 43, loaded_buffers: 0
[36m(vLLMHttpServer pid=121375)[0m (Worker pid=122556) INFO:2026-07-30 15:06:41,513:Loading standard weights (non-FP8, async), loaded_params: 41, loaded_buffers: 0
[36m(vLLMHttpServer pid=121375)[0m (Worker pid=122556) INFO:2026-07-30 15:06:42,464:Loading standard weights (non-FP8, async), loaded_params: 43, loaded_buffers: 0
[36m(vLLMHttpServer pid=121375)[0m (Worker pid=122556) INFO:2026-07-30 15:06:43,415:Loading standard weights (non-FP8, async), loaded_params: 43, loaded_buffers: 0
[36m(vLLMHttpServer pid=121375)[0m (Worker pid=122556) INFO:2026-07-30 15:06:45,003:Loading standard weights (non-FP8, async), loaded_params: 43, loaded_buffers: 0
[36m(vLLMHttpServer pid=121375)[0m (Worker pid=122556) INFO:2026-07-30 15:06:45,423:Loading standard weights (non-FP8, async), loaded_params: 12, loaded_buffers: 0
[36m(vLLMHttpServer pid=121375)[0m (Worker pid=122556) INFO:2026-07-30 15:06:46,263:Loading standard weights (non-FP8, async), loaded_params: 1, loaded_buffers: 0
[36m(vLLMHttpServer pid=121375)[0m (EngineCore pid=122102) WARNING 07-30 15:06:47 [scheduler.py:1883] reset_connector called but no KV connector is configured.
[36m(TaskRunnerV1 pid=108806)[0m Training Progress:  86%|████████▋ | 108/125 [4:30:59<40:15, 142.11s/it]
[36m(TaskRunnerV1 pid=108806)[0m Dumped generations to /mnt/lv_model/npu60005420a/qy_owner_experiments_20260730/qy_owner_verl_full125_noeval_final_npu23/rollouts/108.jsonl
[36m(TaskRunnerV1 pid=108806)[0m step:108 - global_seqlen/min:64775.0 - global_seqlen/max:64775.0 - global_seqlen/minmax_diff:0.0 - global_seqlen/balanced_min:64775.0 - global_seqlen/balanced_max:64775.0 - global_seqlen/mean:64775.0 - actor/pg_clipfrac:0.002434668942441931 - actor/ppo_kl:0.0005455574344068737 - actor/pg_clipfrac_lower:0.0 - actor/pg_loss:0.016599173424765468 - actor/loss:0.016599174588918686 - actor/grad_norm:0.019145196303725243 - actor/lr:1.7e-05 - actor/perf/max_memory_allocated_gb:23.561654567718506 - actor/perf/max_memory_reserved_gb:25.5703125 - actor/perf/cpu_memory_used_gb:99.11978530883789 - perf/mfu/actor:0.20785362457629736 - training/global_step:108 - training/epoch:0 - critic/score/mean:0.53125 - critic/score/max:1.0 - critic/score/min:0.0 - critic/rewards/mean:0.53125 - critic/rewards/max:1.0 - critic/rewards/min:0.0 - critic/advantages/mean:-0.01657189428806305 - critic/advantages/max:1.4999970197677612 - critic/advantages/min:-1.4999970197677612 - critic/returns/mean:-0.01657189428806305 - critic/returns/max:1.4999970197677612 - critic/returns/min:-1.4999970197677612 - response_length/mean:924.796875 - response_length/max:1024.0 - response_length/min:495.0 - response_length/clip_ratio:0.546875 - response_length_non_aborted/mean:924.796875 - response_length_non_aborted/max:1024.0 - response_length_non_aborted/min:495.0 - response_length_non_aborted/clip_ratio:0.546875 - response/aborted_ratio:0.0 - prompt_length/mean:87.3125 - prompt_length/max:124.0 - prompt_length/min:68.0 - prompt_length/clip_ratio:0.0625 - timing_s/gen:54.18396554514766 - timing_s/old_log_prob:0.13384185638278723 - timing_s/adv:0.18338476587086916 - timing_s/update_actor:24.393587580882013 - timing_s/update_weights:57.87044220883399 - timing_s/step:136.93157476279885 - timing_per_token_ms/adv:0.002831104065933912 - timing_per_token_ms/update_actor:0.3765895419665305 - timing_per_token_ms/gen:0.9154707206844013 - perf/total_num_tokens:64775 - perf/time_per_step:136.93157476279885 - perf/throughput:236.5232420360577 - training/num_turns/mean:2.0 - training/num_turns/max:2 - training/num_turns/min:2 - training/off_policy/trajectory_spans/mean:1.0 - training/off_policy/trajectory_spans/max:1 - training/off_policy/trajectory_spans/min:1 - training/off_policy/trajectory_staleness/mean:0.0 - training/off_policy/trajectory_staleness/max:0 - training/off_policy/trajectory_staleness/min:0 - training/off_policy/trajectory_staleness_worst/mean:0.0 - training/off_policy/trajectory_staleness_worst/max:0 - training/off_policy/trajectory_staleness_worst/min:0
[36m(vLLMHttpServer pid=121375)[0m (Worker pid=122556) INFO:2026-07-30 15:09:01,439:Loading standard weights (non-FP8, async), loaded_params: 3, loaded_buffers: 0
[36m(vLLMHttpServer pid=121375)[0m (Worker pid=122556) INFO:2026-07-30 15:09:03,124:Loading standard weights (non-FP8, async), loaded_params: 43, loaded_buffers: 0
[36m(vLLMHttpServer pid=121375)[0m (Worker pid=122556) INFO:2026-07-30 15:09:05,553:Loading standard weights (non-FP8, async), loaded_params: 43, loaded_buffers: 0
[36m(vLLMHttpServer pid=121375)[0m (Worker pid=122556) INFO:2026-07-30 15:09:07,380:Loading standard weights (non-FP8, async), loaded_params: 41, loaded_buffers: 0
[36m(vLLMHttpServer pid=121375)[0m (Worker pid=122556) INFO:2026-07-30 15:09:08,955:Loading standard weights (non-FP8, async), loaded_params: 43, loaded_buffers: 0
[36m(vLLMHttpServer pid=121375)[0m (Worker pid=122556) INFO:2026-07-30 15:09:11,084:Loading standard weights (non-FP8, async), loaded_params: 43, loaded_buffers: 0
[36m(vLLMHttpServer pid=121375)[0m (Worker pid=122556) INFO:2026-07-30 15:09:12,316:Loading standard weights (non-FP8, async), loaded_params: 41, loaded_buffers: 0
[36m(vLLMHttpServer pid=121375)[0m (Worker pid=122556) INFO:2026-07-30 15:09:13,278:Loading standard weights (non-FP8, async), loaded_params: 43, loaded_buffers: 0
[36m(vLLMHttpServer pid=121375)[0m (Worker pid=122556) INFO:2026-07-30 15:09:14,176:Loading standard weights (non-FP8, async), loaded_params: 43, loaded_buffers: 0
[36m(vLLMHttpServer pid=121375)[0m (Worker pid=122556) INFO:2026-07-30 15:09:15,698:Loading standard weights (non-FP8, async), loaded_params: 43, loaded_buffers: 0
[36m(vLLMHttpServer pid=121375)[0m (Worker pid=122556) INFO:2026-07-30 15:09:16,126:Loading standard weights (non-FP8, async), loaded_params: 12, loaded_buffers: 0
[36m(vLLMHttpServer pid=121375)[0m (Worker pid=122556) INFO:2026-07-30 15:09:17,069:Loading standard weights (non-FP8, async), loaded_params: 1, loaded_buffers: 0
[36m(vLLMHttpServer pid=121375)[0m (EngineCore pid=122102) WARNING 07-30 15:09:18 [scheduler.py:1883] reset_connector called but no KV connector is configured.
[36m(TaskRunnerV1 pid=108806)[0m Dumped generations to /mnt/lv_model/npu60005420a/qy_owner_experiments_20260730/qy_owner_verl_full125_noeval_final_npu23/rollouts/109.jsonl
[36m(TaskRunnerV1 pid=108806)[0m Training Progress:  87%|████████▋ | 109/125 [4:33:29<38:35, 144.71s/it]
[36m(TaskRunnerV1 pid=108806)[0m step:109 - global_seqlen/min:68902.0 - global_seqlen/max:68902.0 - global_seqlen/minmax_diff:0.0 - global_seqlen/balanced_min:68902.0 - global_seqlen/balanced_max:68902.0 - global_seqlen/mean:68902.0 - actor/pg_clipfrac:0.0011143144339953056 - actor/ppo_kl:0.0008038589970537406 - actor/pg_clipfrac_lower:0.0 - actor/pg_loss:0.0064863101579248905 - actor/loss:0.006486315280199051 - actor/grad_norm:0.01367957703769207 - actor/lr:1.7e-05 - actor/perf/max_memory_allocated_gb:23.561654567718506 - actor/perf/max_memory_reserved_gb:25.5703125 - actor/perf/cpu_memory_used_gb:99.11111831665039 - perf/mfu/actor:0.15861578187270373 - training/global_step:109 - training/epoch:0 - critic/score/mean:0.25 - critic/score/max:1.0 - critic/score/min:0.0 - critic/rewards/mean:0.25 - critic/rewards/max:1.0 - critic/rewards/min:0.0 - critic/advantages/mean:-0.00640167947858572 - critic/advantages/max:1.4999970197677612 - critic/advantages/min:-0.8660238981246948 - critic/returns/mean:-0.00640167947858572 - critic/returns/max:1.4999970197677612 - critic/returns/min:-0.8660238981246948 - response_length/mean:975.71875 - response_length/max:1024.0 - response_length/min:513.0 - response_length/clip_ratio:0.8125 - response_length_non_aborted/mean:975.71875 - response_length_non_aborted/max:1024.0 - response_length_non_aborted/min:513.0 - response_length_non_aborted/clip_ratio:0.8125 - response/aborted_ratio:0.0 - prompt_length/mean:100.875 - prompt_length/max:155.0 - prompt_length/min:70.0 - prompt_length/clip_ratio:0.0625 - timing_s/gen:58.20720381475985 - timing_s/old_log_prob:0.13261122163385153 - timing_s/adv:0.18108492251485586 - timing_s/update_actor:33.949986301362514 - timing_s/update_weights:57.89046811312437 - timing_s/step:150.5231072548777 - timing_per_token_ms/adv:0.002628151904369334 - timing_per_token_ms/update_actor:0.4927286044144221 - timing_per_token_ms/gen:0.9321206132460021 - perf/total_num_tokens:68902 - perf/time_per_step:150.5231072548777 - perf/throughput:228.87515829489774 - training/num_turns/mean:2.0 - training/num_turns/max:2 - training/num_turns/min:2 - training/off_policy/trajectory_spans/mean:1.0 - training/off_policy/trajectory_spans/max:1 - training/off_policy/trajectory_spans/min:1 - training/off_policy/trajectory_staleness/mean:0.0 - training/off_policy/trajectory_staleness/max:0 - training/off_policy/trajectory_staleness/min:0 - training/off_policy/trajectory_staleness_worst/mean:0.0 - training/off_policy/trajectory_staleness_worst/max:0 - training/off_policy/trajectory_staleness_worst/min:0
[36m(vLLMHttpServer pid=121375)[0m (Worker pid=122556) INFO:2026-07-30 15:11:25,165:Loading standard weights (non-FP8, async), loaded_params: 3, loaded_buffers: 0
[36m(vLLMHttpServer pid=121375)[0m (Worker pid=122556) INFO:2026-07-30 15:11:28,055:Loading standard weights (non-FP8, async), loaded_params: 43, loaded_buffers: 0
[36m(vLLMHttpServer pid=121375)[0m (Worker pid=122556) INFO:2026-07-30 15:11:29,947:Loading standard weights (non-FP8, async), loaded_params: 43, loaded_buffers: 0
[36m(vLLMHttpServer pid=121375)[0m (Worker pid=122556) INFO:2026-07-30 15:11:31,592:Loading standard weights (non-FP8, async), loaded_params: 41, loaded_buffers: 0
[36m(vLLMHttpServer pid=121375)[0m (Worker pid=122556) INFO:2026-07-30 15:11:34,221:Loading standard weights (non-FP8, async), loaded_params: 43, loaded_buffers: 0
[36m(vLLMHttpServer pid=121375)[0m (Worker pid=122556) INFO:2026-07-30 15:11:35,624:Loading standard weights (non-FP8, async), loaded_params: 43, loaded_buffers: 0
[36m(vLLMHttpServer pid=121375)[0m (Worker pid=122556) INFO:2026-07-30 15:11:37,963:Loading standard weights (non-FP8, async), loaded_params: 41, loaded_buffers: 0
[36m(vLLMHttpServer pid=121375)[0m (Worker pid=122556) INFO:2026-07-30 15:11:39,214:Loading standard weights (non-FP8, async), loaded_params: 43, loaded_buffers: 0
[36m(vLLMHttpServer pid=121375)[0m (Worker pid=122556) INFO:2026-07-30 15:11:40,505:Loading standard weights (non-FP8, async), loaded_params: 43, loaded_buffers: 0
[36m(vLLMHttpServer pid=121375)[0m (Worker pid=122556) INFO:2026-07-30 15:11:42,034:Loading standard weights (non-FP8, async), loaded_params: 43, loaded_buffers: 0
[36m(vLLMHttpServer pid=121375)[0m (Worker pid=122556) INFO:2026-07-30 15:11:42,480:Loading standard weights (non-FP8, async), loaded_params: 12, loaded_buffers: 0
[36m(vLLMHttpServer pid=121375)[0m (Worker pid=122556) INFO:2026-07-30 15:11:43,176:Loading standard weights (non-FP8, async), loaded_params: 1, loaded_buffers: 0
[36m(vLLMHttpServer pid=121375)[0m (EngineCore pid=122102) WARNING 07-30 15:11:44 [scheduler.py:1883] reset_connector called but no KV connector is configured.
[36m(TaskRunnerV1 pid=108806)[0m Training Progress:  88%|████████▊ | 110/125 [4:35:56<36:17, 145.13s/it]
[36m(TaskRunnerV1 pid=108806)[0m Dumped generations to /mnt/lv_model/npu60005420a/qy_owner_experiments_20260730/qy_owner_verl_full125_noeval_final_npu23/rollouts/110.jsonl
[36m(TaskRunnerV1 pid=108806)[0m step:110 - global_seqlen/min:68772.0 - global_seqlen/max:68772.0 - global_seqlen/minmax_diff:0.0 - global_seqlen/balanced_min:68772.0 - global_seqlen/balanced_max:68772.0 - global_seqlen/mean:68772.0 - actor/pg_clipfrac:0.001730735386338304 - actor/ppo_kl:0.0007306179155848975 - actor/pg_clipfrac_lower:0.0 - actor/pg_loss:0.012094993726350367 - actor/loss:0.012094995006918907 - actor/grad_norm:0.015465373173356056 - actor/lr:1.7e-05 - actor/perf/max_memory_allocated_gb:23.561654567718506 - actor/perf/max_memory_reserved_gb:25.5703125 - actor/perf/cpu_memory_used_gb:99.11409759521484 - perf/mfu/actor:0.18231056751721866 - training/global_step:110 - training/epoch:0 - critic/score/mean:0.296875 - critic/score/max:1.0 - critic/score/min:0.0 - critic/rewards/mean:0.296875 - critic/rewards/max:1.0 - critic/rewards/min:0.0 - critic/advantages/mean:-0.012127629481256008 - critic/advantages/max:1.4999970197677612 - critic/advantages/min:-1.4999970197677612 - critic/returns/mean:-0.012127629481256008 - critic/returns/max:1.4999970197677612 - critic/returns/min:-1.4999970197677612 - response_length/mean:979.8125 - response_length/max:1024.0 - response_length/min:586.0 - response_length/clip_ratio:0.78125 - response_length_non_aborted/mean:979.8125 - response_length_non_aborted/max:1024.0 - response_length_non_aborted/min:586.0 - response_length_non_aborted/clip_ratio:0.78125 - response/aborted_ratio:0.0 - prompt_length/mean:94.75 - prompt_length/max:123.0 - prompt_length/min:66.0 - prompt_length/clip_ratio:0.0625 - timing_s/gen:56.212260401807725 - timing_s/old_log_prob:0.13810492027550936 - timing_s/adv:0.17989261727780104 - timing_s/update_actor:29.50670272205025 - timing_s/update_weights:59.651722085662186 - timing_s/step:145.84890746790916 - timing_per_token_ms/adv:0.0026157828371692116 - timing_per_token_ms/update_actor:0.4290511068756216 - timing_per_token_ms/gen:0.8964129042834682 - perf/total_num_tokens:68772 - perf/time_per_step:145.84890746790916 - perf/throughput:235.7645360323723 - training/num_turns/mean:2.0 - training/num_turns/max:2 - training/num_turns/min:2 - training/off_policy/trajectory_spans/mean:1.0 - training/off_policy/trajectory_spans/max:1 - training/off_policy/trajectory_spans/min:1 - training/off_policy/trajectory_staleness/mean:0.0 - training/off_policy/trajectory_staleness/max:0 - training/off_policy/trajectory_staleness/min:0 - training/off_policy/trajectory_staleness_worst/mean:0.0 - training/off_policy/trajectory_staleness_worst/max:0 - training/off_policy/trajectory_staleness_worst/min:0
[36m(vLLMHttpServer pid=121375)[0m (Worker pid=122556) INFO:2026-07-30 15:13:50,159:Loading standard weights (non-FP8, async), loaded_params: 3, loaded_buffers: 0
[36m(vLLMHttpServer pid=121375)[0m (Worker pid=122556) INFO:2026-07-30 15:13:52,580:Loading standard weights (non-FP8, async), loaded_params: 43, loaded_buffers: 0
[36m(vLLMHttpServer pid=121375)[0m (Worker pid=122556) INFO:2026-07-30 15:13:54,887:Loading standard weights (non-FP8, async), loaded_params: 43, loaded_buffers: 0
[36m(vLLMHttpServer pid=121375)[0m (Worker pid=122556) INFO:2026-07-30 15:13:57,594:Loading standard weights (non-FP8, async), loaded_params: 41, loaded_buffers: 0
[36m(vLLMHttpServer pid=121375)[0m (Worker pid=122556) INFO:2026-07-30 15:13:59,757:Loading standard weights (non-FP8, async), loaded_params: 43, loaded_buffers: 0
[36m(vLLMHttpServer pid=121375)[0m (Worker pid=122556) INFO:2026-07-30 15:14:00,885:Loading standard weights (non-FP8, async), loaded_params: 43, loaded_buffers: 0
[36m(vLLMHttpServer pid=121375)[0m (Worker pid=122556) INFO:2026-07-30 15:14:01,886:Loading standard weights (non-FP8, async), loaded_params: 41, loaded_buffers: 0
[36m(vLLMHttpServer pid=121375)[0m (Worker pid=122556) INFO:2026-07-30 15:14:02,980:Loading standard weights (non-FP8, async), loaded_params: 43, loaded_buffers: 0
[36m(vLLMHttpServer pid=121375)[0m (Worker pid=122556) INFO:2026-07-30 15:14:04,007:Loading standard weights (non-FP8, async), loaded_params: 43, loaded_buffers: 0
[36m(vLLMHttpServer pid=121375)[0m (Worker pid=122556) INFO:2026-07-30 15:14:05,574:Loading standard weights (non-FP8, async), loaded_params: 43, loaded_buffers: 0
[36m(vLLMHttpServer pid=121375)[0m (Worker pid=122556) INFO:2026-07-30 15:14:05,995:Loading standard weights (non-FP8, async), loaded_params: 12, loaded_buffers: 0
[36m(vLLMHttpServer pid=121375)[0m (Worker pid=122556) INFO:2026-07-30 15:14:07,090:Loading standard weights (non-FP8, async), loaded_params: 1, loaded_buffers: 0
[36m(vLLMHttpServer pid=121375)[0m (EngineCore pid=122102) WARNING 07-30 15:14:08 [scheduler.py:1883] reset_connector called but no KV connector is configured.
[36m(TaskRunnerV1 pid=108806)[0m Training Progress:  89%|████████▉ | 111/125 [4:38:20<33:46, 144.77s/it]
[36m(TaskRunnerV1 pid=108806)[0m Dumped generations to /mnt/lv_model/npu60005420a/qy_owner_experiments_20260730/qy_owner_verl_full125_noeval_final_npu23/rollouts/111.jsonl
[36m(TaskRunnerV1 pid=108806)[0m step:111 - global_seqlen/min:67155.0 - global_seqlen/max:67155.0 - global_seqlen/minmax_diff:0.0 - global_seqlen/balanced_min:67155.0 - global_seqlen/balanced_max:67155.0 - global_seqlen/mean:67155.0 - actor/pg_clipfrac:0.0018400557215928154 - actor/ppo_kl:0.00039100458824952296 - actor/pg_clipfrac_lower:0.0 - actor/pg_loss:0.004541630910352978 - actor/loss:0.004541631788015366 - actor/grad_norm:0.014820419251918793 - actor/lr:1.7e-05 - actor/perf/max_memory_allocated_gb:23.561654567718506 - actor/perf/max_memory_reserved_gb:25.5703125 - actor/perf/cpu_memory_used_gb:99.10732650756836 - perf/mfu/actor:0.18350583669552567 - training/global_step:111 - training/epoch:0 - critic/score/mean:0.375 - critic/score/max:1.0 - critic/score/min:0.0 - critic/rewards/mean:0.375 - critic/rewards/max:1.0 - critic/rewards/min:0.0 - critic/advantages/mean:-0.0044931466691195965 - critic/advantages/max:1.4999970197677612 - critic/advantages/min:-0.8660238981246948 - critic/returns/mean:-0.0044931466691195965 - critic/returns/max:1.4999970197677612 - critic/returns/min:-0.8660238981246948 - response_length/mean:950.734375 - response_length/max:1024.0 - response_length/min:526.0 - response_length/clip_ratio:0.703125 - response_length_non_aborted/mean:950.734375 - response_length_non_aborted/max:1024.0 - response_length_non_aborted/min:526.0 - response_length_non_aborted/clip_ratio:0.703125 - response/aborted_ratio:0.0 - prompt_length/mean:98.5625 - prompt_length/max:197.0 - prompt_length/min:70.0 - prompt_length/clip_ratio:0.0625 - timing_s/gen:56.18323298916221 - timing_s/old_log_prob:0.13965722639113665 - timing_s/adv:0.18073621205985546 - timing_s/update_actor:28.617801404558122 - timing_s/update_weights:58.35698987636715 - timing_s/step:143.63920772168785 - timing_per_token_ms/adv:0.0026913291945477695 - timing_per_token_ms/update_actor:0.42614550524247075 - timing_per_token_ms/gen:0.9233525562338687 - perf/total_num_tokens:67155 - perf/time_per_step:143.63920772168785 - perf/throughput:233.76277642145604 - training/num_turns/mean:2.0 - training/num_turns/max:2 - training/num_turns/min:2 - training/off_policy/trajectory_spans/mean:1.0 - training/off_policy/trajectory_spans/max:1 - training/off_policy/trajectory_spans/min:1 - training/off_policy/trajectory_staleness/mean:0.0 - training/off_policy/trajectory_staleness/max:0 - training/off_policy/trajectory_staleness/min:0 - training/off_policy/trajectory_staleness_worst/mean:0.0 - training/off_policy/trajectory_staleness_worst/max:0 - training/off_policy/trajectory_staleness_worst/min:0
[36m(vLLMHttpServer pid=121375)[0m (Worker pid=122556) INFO:2026-07-30 15:16:12,273:Loading standard weights (non-FP8, async), loaded_params: 3, loaded_buffers: 0
[36m(vLLMHttpServer pid=121375)[0m (Worker pid=122556) INFO:2026-07-30 15:16:13,552:Loading standard weights (non-FP8, async), loaded_params: 43, loaded_buffers: 0
[36m(vLLMHttpServer pid=121375)[0m (Worker pid=122556) INFO:2026-07-30 15:16:16,149:Loading standard weights (non-FP8, async), loaded_params: 43, loaded_buffers: 0
[36m(vLLMHttpServer pid=121375)[0m (Worker pid=122556) INFO:2026-07-30 15:16:17,292:Loading standard weights (non-FP8, async), loaded_params: 41, loaded_buffers: 0
[36m(vLLMHttpServer pid=121375)[0m (Worker pid=122556) INFO:2026-07-30 15:16:19,196:Loading standard weights (non-FP8, async), loaded_params: 43, loaded_buffers: 0
[36m(vLLMHttpServer pid=121375)[0m (Worker pid=122556) INFO:2026-07-30 15:16:21,241:Loading standard weights (non-FP8, async), loaded_params: 43, loaded_buffers: 0
[36m(vLLMHttpServer pid=121375)[0m (Worker pid=122556) INFO:2026-07-30 15:16:22,269:Loading standard weights (non-FP8, async), loaded_params: 41, loaded_buffers: 0
[36m(vLLMHttpServer pid=121375)[0m (Worker pid=122556) INFO:2026-07-30 15:16:23,439:Loading standard weights (non-FP8, async), loaded_params: 43, loaded_buffers: 0
[36m(vLLMHttpServer pid=121375)[0m (Worker pid=122556) INFO:2026-07-30 15:16:24,473:Loading standard weights (non-FP8, async), loaded_params: 43, loaded_buffers: 0
[36m(vLLMHttpServer pid=121375)[0m (Worker pid=122556) INFO:2026-07-30 15:16:25,978:Loading standard weights (non-FP8, async), loaded_params: 43, loaded_buffers: 0
[36m(vLLMHttpServer pid=121375)[0m (Worker pid=122556) INFO:2026-07-30 15:16:26,399:Loading standard weights (non-FP8, async), loaded_params: 12, loaded_buffers: 0
[36m(vLLMHttpServer pid=121375)[0m (Worker pid=122556) INFO:2026-07-30 15:16:27,164:Loading standard weights (non-FP8, async), loaded_params: 1, loaded_buffers: 0
[36m(vLLMHttpServer pid=121375)[0m (EngineCore pid=122102) WARNING 07-30 15:16:28 [scheduler.py:1883] reset_connector called but no KV connector is configured.
[36m(TaskRunnerV1 pid=108806)[0m Dumped generations to /mnt/lv_model/npu60005420a/qy_owner_experiments_20260730/qy_owner_verl_full125_noeval_final_npu23/rollouts/112.jsonl
[36m(TaskRunnerV1 pid=108806)[0m Training Progress:  90%|████████▉ | 112/125 [4:40:40<31:03, 143.35s/it]
[36m(TaskRunnerV1 pid=108806)[0m step:112 - global_seqlen/min:66081.0 - global_seqlen/max:66081.0 - global_seqlen/minmax_diff:0.0 - global_seqlen/balanced_min:66081.0 - global_seqlen/balanced_max:66081.0 - global_seqlen/mean:66081.0 - actor/pg_clipfrac:0.001181536790682003 - actor/ppo_kl:0.0006702966621720835 - actor/pg_clipfrac_lower:0.0 - actor/pg_loss:0.015427373815327883 - actor/loss:0.015427371487021446 - actor/grad_norm:0.014207910746335983 - actor/lr:1.7e-05 - actor/perf/max_memory_allocated_gb:23.561654567718506 - actor/perf/max_memory_reserved_gb:25.5703125 - actor/perf/cpu_memory_used_gb:99.14599227905273 - perf/mfu/actor:0.17735847074724906 - training/global_step:112 - training/epoch:0 - critic/score/mean:0.359375 - critic/score/max:1.0 - critic/score/min:0.0 - critic/rewards/mean:0.359375 - critic/rewards/max:1.0 - critic/rewards/min:0.0 - critic/advantages/mean:-0.015418830327689648 - critic/advantages/max:1.4999970197677612 - critic/advantages/min:-1.4999970197677612 - critic/returns/mean:-0.015418830327689648 - critic/returns/max:1.4999970197677612 - critic/returns/min:-1.4999970197677612 - response_length/mean:936.390625 - response_length/max:1024.0 - response_length/min:486.0 - response_length/clip_ratio:0.703125 - response_length_non_aborted/mean:936.390625 - response_length_non_aborted/max:1024.0 - response_length_non_aborted/min:486.0 - response_length_non_aborted/clip_ratio:0.703125 - response/aborted_ratio:0.0 - prompt_length/mean:96.125 - prompt_length/max:152.0 - prompt_length/min:62.0 - prompt_length/clip_ratio:0.0625 - timing_s/gen:54.208057625219226 - timing_s/old_log_prob:0.1422663200646639 - timing_s/adv:0.18329701852053404 - timing_s/update_actor:29.123269983567297 - timing_s/update_weights:55.945926568470895 - timing_s/step:139.76768224034458 - timing_per_token_ms/adv:0.0027738233156358715 - timing_per_token_ms/update_actor:0.4407207818218141 - timing_per_token_ms/gen:0.9045379970501631 - perf/total_num_tokens:66081 - perf/time_per_step:139.76768224034458 - perf/throughput:236.3958496727701 - training/num_turns/mean:2.0 - training/num_turns/max:2 - training/num_turns/min:2 - training/off_policy/trajectory_spans/mean:1.0 - training/off_policy/trajectory_spans/max:1 - training/off_policy/trajectory_spans/min:1 - training/off_policy/trajectory_staleness/mean:0.0 - training/off_policy/trajectory_staleness/max:0 - training/off_policy/trajectory_staleness/min:0 - training/off_policy/trajectory_staleness_worst/mean:0.0 - training/off_policy/trajectory_staleness_worst/max:0 - training/off_policy/trajectory_staleness_worst/min:0
[36m(vLLMHttpServer pid=121375)[0m (Worker pid=122556) INFO:2026-07-30 15:18:29,238:Loading standard weights (non-FP8, async), loaded_params: 3, loaded_buffers: 0
[36m(vLLMHttpServer pid=121375)[0m (Worker pid=122556) INFO:2026-07-30 15:18:30,761:Loading standard weights (non-FP8, async), loaded_params: 43, loaded_buffers: 0
[36m(vLLMHttpServer pid=121375)[0m (Worker pid=122556) INFO:2026-07-30 15:18:33,105:Loading standard weights (non-FP8, async), loaded_params: 43, loaded_buffers: 0
[36m(vLLMHttpServer pid=121375)[0m (Worker pid=122556) INFO:2026-07-30 15:18:35,072:Loading standard weights (non-FP8, async), loaded_params: 41, loaded_buffers: 0
[36m(vLLMHttpServer pid=121375)[0m (Worker pid=122556) INFO:2026-07-30 15:18:37,434:Loading standard weights (non-FP8, async), loaded_params: 43, loaded_buffers: 0
[36m(vLLMHttpServer pid=121375)[0m (Worker pid=122556) INFO:2026-07-30 15:18:38,714:Loading standard weights (non-FP8, async), loaded_params: 43, loaded_buffers: 0
[36m(vLLMHttpServer pid=121375)[0m (Worker pid=122556) INFO:2026-07-30 15:18:40,492:Loading standard weights (non-FP8, async), loaded_params: 41, loaded_buffers: 0
[36m(vLLMHttpServer pid=121375)[0m (Worker pid=122556) INFO:2026-07-30 15:18:41,755:Loading standard weights (non-FP8, async), loaded_params: 43, loaded_buffers: 0
[36m(vLLMHttpServer pid=121375)[0m (Worker pid=122556) INFO:2026-07-30 15:18:42,974:Loading standard weights (non-FP8, async), loaded_params: 43, loaded_buffers: 0
[36m(vLLMHttpServer pid=121375)[0m (Worker pid=122556) INFO:2026-07-30 15:18:44,483:Loading standard weights (non-FP8, async), loaded_params: 43, loaded_buffers: 0
[36m(vLLMHttpServer pid=121375)[0m (Worker pid=122556) INFO:2026-07-30 15:18:44,905:Loading standard weights (non-FP8, async), loaded_params: 12, loaded_buffers: 0
[36m(vLLMHttpServer pid=121375)[0m (Worker pid=122556) INFO:2026-07-30 15:18:45,448:Loading standard weights (non-FP8, async), loaded_params: 1, loaded_buffers: 0
[36m(vLLMHttpServer pid=121375)[0m (EngineCore pid=122102) WARNING 07-30 15:18:46 [scheduler.py:1883] reset_connector called but no KV connector is configured.
[36m(TaskRunnerV1 pid=108806)[0m Training Progress:  90%|█████████ | 113/125 [4:42:58<28:22, 141.84s/it]
[36m(TaskRunnerV1 pid=108806)[0m Dumped generations to /mnt/lv_model/npu60005420a/qy_owner_experiments_20260730/qy_owner_verl_full125_noeval_final_npu23/rollouts/113.jsonl
[36m(TaskRunnerV1 pid=108806)[0m step:113 - global_seqlen/min:63356.0 - global_seqlen/max:63356.0 - global_seqlen/minmax_diff:0.0 - global_seqlen/balanced_min:63356.0 - global_seqlen/balanced_max:63356.0 - global_seqlen/mean:63356.0 - actor/pg_clipfrac:0.0017835214730439475 - actor/ppo_kl:0.0006848192215329618 - actor/pg_clipfrac_lower:0.0 - actor/pg_loss:0.028434739797376096 - actor/loss:0.028434742242097855 - actor/grad_norm:0.019225353375077248 - actor/lr:1.7e-05 - actor/perf/max_memory_allocated_gb:23.561654567718506 - actor/perf/max_memory_reserved_gb:25.5703125 - actor/perf/cpu_memory_used_gb:99.14670181274414 - perf/mfu/actor:0.17883207584187494 - training/global_step:113 - training/epoch:0 - critic/score/mean:0.4375 - critic/score/max:1.0 - critic/score/min:0.0 - critic/rewards/mean:0.4375 - critic/rewards/max:1.0 - critic/rewards/min:0.0 - critic/advantages/mean:-0.02825855277478695 - critic/advantages/max:1.4999970197677612 - critic/advantages/min:-1.4999970197677612 - critic/returns/mean:-0.02825855277478695 - critic/returns/max:1.4999970197677612 - critic/returns/min:-1.4999970197677612 - response_length/mean:899.6875 - response_length/max:1024.0 - response_length/min:360.0 - response_length/clip_ratio:0.59375 - response_length_non_aborted/mean:899.6875 - response_length_non_aborted/max:1024.0 - response_length_non_aborted/min:360.0 - response_length_non_aborted/clip_ratio:0.59375 - response/aborted_ratio:0.0 - prompt_length/mean:90.25 - prompt_length/max:139.0 - prompt_length/min:56.0 - prompt_length/clip_ratio:0.0625 - timing_s/gen:52.20370799023658 - timing_s/old_log_prob:0.14146500080823898 - timing_s/adv:0.19171265605837107 - timing_s/update_actor:27.684673393145204 - timing_s/update_weights:57.668009312823415 - timing_s/step:138.0541044138372 - timing_per_token_ms/adv:0.003025958962977004 - timing_per_token_ms/update_actor:0.43697003272216056 - timing_per_token_ms/gen:0.9066291766279364 - perf/total_num_tokens:63356 - perf/time_per_step:138.0541044138372 - perf/throughput:229.46076202878115 - training/num_turns/mean:2.0 - training/num_turns/max:2 - training/num_turns/min:2 - training/off_policy/trajectory_spans/mean:1.0 - training/off_policy/trajectory_spans/max:1 - training/off_policy/trajectory_spans/min:1 - training/off_policy/trajectory_staleness/mean:0.0 - training/off_policy/trajectory_staleness/max:0 - training/off_policy/trajectory_staleness/min:0 - training/off_policy/trajectory_staleness_worst/mean:0.0 - training/off_policy/trajectory_staleness_worst/max:0 - training/off_policy/trajectory_staleness_worst/min:0
[36m(vLLMHttpServer pid=121375)[0m (Worker pid=122556) INFO:2026-07-30 15:20:52,232:Loading standard weights (non-FP8, async), loaded_params: 3, loaded_buffers: 0
[36m(vLLMHttpServer pid=121375)[0m (Worker pid=122556) INFO:2026-07-30 15:20:53,482:Loading standard weights (non-FP8, async), loaded_params: 43, loaded_buffers: 0
[36m(vLLMHttpServer pid=121375)[0m (Worker pid=122556) INFO:2026-07-30 15:20:54,758:Loading standard weights (non-FP8, async), loaded_params: 43, loaded_buffers: 0
[36m(vLLMHttpServer pid=121375)[0m (Worker pid=122556) INFO:2026-07-30 15:20:56,741:Loading standard weights (non-FP8, async), loaded_params: 41, loaded_buffers: 0
[36m(vLLMHttpServer pid=121375)[0m (Worker pid=122556) INFO:2026-07-30 15:20:59,127:Loading standard weights (non-FP8, async), loaded_params: 43, loaded_buffers: 0
[36m(vLLMHttpServer pid=121375)[0m (Worker pid=122556) INFO:2026-07-30 15:21:00,127:Loading standard weights (non-FP8, async), loaded_params: 43, loaded_buffers: 0
[36m(vLLMHttpServer pid=121375)[0m (Worker pid=122556) INFO:2026-07-30 15:21:01,389:Loading standard weights (non-FP8, async), loaded_params: 41, loaded_buffers: 0
[36m(vLLMHttpServer pid=121375)[0m (Worker pid=122556) INFO:2026-07-30 15:21:02,279:Loading standard weights (non-FP8, async), loaded_params: 43, loaded_buffers: 0
[36m(vLLMHttpServer pid=121375)[0m (Worker pid=122556) INFO:2026-07-30 15:21:03,280:Loading standard weights (non-FP8, async), loaded_params: 43, loaded_buffers: 0
[36m(vLLMHttpServer pid=121375)[0m (Worker pid=122556) INFO:2026-07-30 15:21:04,763:Loading standard weights (non-FP8, async), loaded_params: 43, loaded_buffers: 0
[36m(vLLMHttpServer pid=121375)[0m (Worker pid=122556) INFO:2026-07-30 15:21:05,180:Loading standard weights (non-FP8, async), loaded_params: 12, loaded_buffers: 0
[36m(vLLMHttpServer pid=121375)[0m (Worker pid=122556) INFO:2026-07-30 15:21:05,699:Loading standard weights (non-FP8, async), loaded_params: 1, loaded_buffers: 0
[36m(vLLMHttpServer pid=121375)[0m (EngineCore pid=122102) WARNING 07-30 15:21:07 [scheduler.py:1883] reset_connector called but no KV connector is configured.
[36m(TaskRunnerV1 pid=108806)[0m Dumped generations to /mnt/lv_model/npu60005420a/qy_owner_experiments_20260730/qy_owner_verl_full125_noeval_final_npu23/rollouts/114.jsonl
[36m(TaskRunnerV1 pid=108806)[0m Training Progress:  91%|█████████ | 114/125 [4:45:18<25:54, 141.36s/it]
[36m(TaskRunnerV1 pid=108806)[0m step:114 - global_seqlen/min:68883.0 - global_seqlen/max:68883.0 - global_seqlen/minmax_diff:0.0 - global_seqlen/balanced_min:68883.0 - global_seqlen/balanced_max:68883.0 - global_seqlen/mean:68883.0 - actor/pg_clipfrac:0.0024078608805532843 - actor/ppo_kl:0.0006626832940074725 - actor/pg_clipfrac_lower:0.0 - actor/pg_loss:0.017985351125844318 - actor/loss:0.017985347658395767 - actor/grad_norm:0.01999441720545292 - actor/lr:1.7e-05 - actor/perf/max_memory_allocated_gb:23.561654567718506 - actor/perf/max_memory_reserved_gb:25.5703125 - actor/perf/cpu_memory_used_gb:99.20988845825195 - perf/mfu/actor:0.19370756189387492 - training/global_step:114 - training/epoch:0 - critic/score/mean:0.359375 - critic/score/max:1.0 - critic/score/min:0.0 - critic/rewards/mean:0.359375 - critic/rewards/max:1.0 - critic/rewards/min:0.0 - critic/advantages/mean:-0.01797109842300415 - critic/advantages/max:1.4999970197677612 - critic/advantages/min:-1.4999970197677612 - critic/returns/mean:-0.01797109842300415 - critic/returns/max:1.4999970197677612 - critic/returns/min:-1.4999970197677612 - response_length/mean:973.609375 - response_length/max:1024.0 - response_length/min:595.0 - response_length/clip_ratio:0.71875 - response_length_non_aborted/mean:973.609375 - response_length_non_aborted/max:1024.0 - response_length_non_aborted/min:595.0 - response_length_non_aborted/clip_ratio:0.71875 - response/aborted_ratio:0.0 - prompt_length/mean:102.6875 - prompt_length/max:154.0 - prompt_length/min:61.0 - prompt_length/clip_ratio:0.0625 - timing_s/gen:56.18260817695409 - timing_s/old_log_prob:0.134898254647851 - timing_s/adv:0.18521827086806297 - timing_s/update_actor:27.835861400701106 - timing_s/update_weights:55.46441391389817 - timing_s/step:139.96478797961026 - timing_per_token_ms/adv:0.0026888821751094314 - timing_per_token_ms/update_actor:0.4041035001480932 - timing_per_token_ms/gen:0.9016483153368441 - perf/total_num_tokens:68883 - perf/time_per_step:139.96478797961026 - perf/throughput:246.0726050970574 - training/num_turns/mean:2.0 - training/num_turns/max:2 - training/num_turns/min:2 - training/off_policy/trajectory_spans/mean:1.0 - training/off_policy/trajectory_spans/max:1 - training/off_policy/trajectory_spans/min:1 - training/off_policy/trajectory_staleness/mean:0.0 - training/off_policy/trajectory_staleness/max:0 - training/off_policy/trajectory_staleness/min:0 - training/off_policy/trajectory_staleness_worst/mean:0.0 - training/off_policy/trajectory_staleness_worst/max:0 - training/off_policy/trajectory_staleness_worst/min:0
[36m(vLLMHttpServer pid=121375)[0m (Worker pid=122556) INFO:2026-07-30 15:23:17,200:Loading standard weights (non-FP8, async), loaded_params: 3, loaded_buffers: 0
[36m(vLLMHttpServer pid=121375)[0m (Worker pid=122556) INFO:2026-07-30 15:23:18,490:Loading standard weights (non-FP8, async), loaded_params: 43, loaded_buffers: 0
[36m(vLLMHttpServer pid=121375)[0m (Worker pid=122556) INFO:2026-07-30 15:23:20,696:Loading standard weights (non-FP8, async), loaded_params: 43, loaded_buffers: 0
[36m(vLLMHttpServer pid=121375)[0m (Worker pid=122556) INFO:2026-07-30 15:23:21,834:Loading standard weights (non-FP8, async), loaded_params: 41, loaded_buffers: 0
[36m(vLLMHttpServer pid=121375)[0m (Worker pid=122556) INFO:2026-07-30 15:23:22,883:Loading standard weights (non-FP8, async), loaded_params: 43, loaded_buffers: 0
[36m(vLLMHttpServer pid=121375)[0m (Worker pid=122556) INFO:2026-07-30 15:23:23,936:Loading standard weights (non-FP8, async), loaded_params: 43, loaded_buffers: 0
[36m(vLLMHttpServer pid=121375)[0m (Worker pid=122556) INFO:2026-07-30 15:23:24,973:Loading standard weights (non-FP8, async), loaded_params: 41, loaded_buffers: 0
[36m(vLLMHttpServer pid=121375)[0m (Worker pid=122556) INFO:2026-07-30 15:23:25,989:Loading standard weights (non-FP8, async), loaded_params: 43, loaded_buffers: 0
[36m(vLLMHttpServer pid=121375)[0m (Worker pid=122556) INFO:2026-07-30 15:23:26,941:Loading standard weights (non-FP8, async), loaded_params: 43, loaded_buffers: 0
[36m(vLLMHttpServer pid=121375)[0m (Worker pid=122556) INFO:2026-07-30 15:23:28,497:Loading standard weights (non-FP8, async), loaded_params: 43, loaded_buffers: 0
[36m(vLLMHttpServer pid=121375)[0m (Worker pid=122556) INFO:2026-07-30 15:23:28,894:Loading standard weights (non-FP8, async), loaded_params: 12, loaded_buffers: 0
[36m(vLLMHttpServer pid=121375)[0m (Worker pid=122556) INFO:2026-07-30 15:23:29,402:Loading standard weights (non-FP8, async), loaded_params: 1, loaded_buffers: 0
[36m(vLLMHttpServer pid=121375)[0m (EngineCore pid=122102) WARNING 07-30 15:23:30 [scheduler.py:1883] reset_connector called but no KV connector is configured.
[36m(TaskRunnerV1 pid=108806)[0m Dumped generations to /mnt/lv_model/npu60005420a/qy_owner_experiments_20260730/qy_owner_verl_full125_noeval_final_npu23/rollouts/115.jsonl
[36m(TaskRunnerV1 pid=108806)[0m Training Progress:  92%|█████████▏| 115/125 [4:47:42<23:40, 142.06s/it]
[36m(TaskRunnerV1 pid=108806)[0m step:115 - global_seqlen/min:71320.0 - global_seqlen/max:71320.0 - global_seqlen/minmax_diff:0.0 - global_seqlen/balanced_min:71320.0 - global_seqlen/balanced_max:71320.0 - global_seqlen/mean:71320.0 - actor/pg_clipfrac:0.0023449559877109197 - actor/ppo_kl:0.0005426397695171343 - actor/pg_clipfrac_lower:0.0 - actor/pg_loss:0.0070576584548689425 - actor/loss:0.007057658396661282 - actor/grad_norm:0.07929500192403793 - actor/lr:1.7e-05 - actor/perf/max_memory_allocated_gb:23.561654567718506 - actor/perf/max_memory_reserved_gb:25.5703125 - actor/perf/cpu_memory_used_gb:99.15673065185547 - perf/mfu/actor:0.18316972852389754 - training/global_step:115 - training/epoch:0 - critic/score/mean:0.25 - critic/score/max:1.0 - critic/score/min:0.0 - critic/rewards/mean:0.25 - critic/rewards/max:1.0 - critic/rewards/min:0.0 - critic/advantages/mean:-0.007107391022145748 - critic/advantages/max:1.4999970197677612 - critic/advantages/min:-1.4999970197677612 - critic/returns/mean:-0.007107391022145748 - critic/returns/max:1.4999970197677612 - critic/returns/min:-1.4999970197677612 - response_length/mean:1010.4375 - response_length/max:1024.0 - response_length/min:838.0 - response_length/clip_ratio:0.84375 - response_length_non_aborted/mean:1010.4375 - response_length_non_aborted/max:1024.0 - response_length_non_aborted/min:838.0 - response_length_non_aborted/clip_ratio:0.84375 - response/aborted_ratio:0.0 - prompt_length/mean:103.9375 - prompt_length/max:142.0 - prompt_length/min:82.0 - prompt_length/clip_ratio:0.0625 - timing_s/gen:58.18654568120837 - timing_s/old_log_prob:0.12965222354978323 - timing_s/adv:0.18250902090221643 - timing_s/update_actor:30.483289645053446 - timing_s/update_weights:54.29439341556281 - timing_s/step:143.43554364796728 - timing_per_token_ms/adv:0.0025590159969463887 - timing_per_token_ms/update_actor:0.4274157269356905 - timing_per_token_ms/gen:0.8997733914951502 - perf/total_num_tokens:71320 - perf/time_per_step:143.43554364796728 - perf/throughput:248.61341263864176 - training/num_turns/mean:2.0 - training/num_turns/max:2 - training/num_turns/min:2 - training/off_policy/trajectory_spans/mean:1.0 - training/off_policy/trajectory_spans/max:1 - training/off_policy/trajectory_spans/min:1 - training/off_policy/trajectory_staleness/mean:0.0 - training/off_policy/trajectory_staleness/max:0 - training/off_policy/trajectory_staleness/min:0 - training/off_policy/trajectory_staleness_worst/mean:0.0 - training/off_policy/trajectory_staleness_worst/max:0 - training/off_policy/trajectory_staleness_worst/min:0
[36m(vLLMHttpServer pid=121375)[0m (Worker pid=122556) INFO:2026-07-30 15:25:36,980:Loading standard weights (non-FP8, async), loaded_params: 3, loaded_buffers: 0
[36m(vLLMHttpServer pid=121375)[0m (Worker pid=122556) INFO:2026-07-30 15:25:37,967:Loading standard weights (non-FP8, async), loaded_params: 43, loaded_buffers: 0
[36m(vLLMHttpServer pid=121375)[0m (Worker pid=122556) INFO:2026-07-30 15:25:41,207:Loading standard weights (non-FP8, async), loaded_params: 43, loaded_buffers: 0
[36m(vLLMHttpServer pid=121375)[0m (Worker pid=122556) INFO:2026-07-30 15:25:42,359:Loading standard weights (non-FP8, async), loaded_params: 41, loaded_buffers: 0
[36m(vLLMHttpServer pid=121375)[0m (Worker pid=122556) INFO:2026-07-30 15:25:43,278:Loading standard weights (non-FP8, async), loaded_params: 43, loaded_buffers: 0
[36m(vLLMHttpServer pid=121375)[0m (Worker pid=122556) INFO:2026-07-30 15:25:44,329:Loading standard weights (non-FP8, async), loaded_params: 43, loaded_buffers: 0
[36m(vLLMHttpServer pid=121375)[0m (Worker pid=122556) INFO:2026-07-30 15:25:45,395:Loading standard weights (non-FP8, async), loaded_params: 41, loaded_buffers: 0
[36m(vLLMHttpServer pid=121375)[0m (Worker pid=122556) INFO:2026-07-30 15:25:46,421:Loading standard weights (non-FP8, async), loaded_params: 43, loaded_buffers: 0
[36m(vLLMHttpServer pid=121375)[0m (Worker pid=122556) INFO:2026-07-30 15:25:47,367:Loading standard weights (non-FP8, async), loaded_params: 43, loaded_buffers: 0
[36m(vLLMHttpServer pid=121375)[0m (Worker pid=122556) INFO:2026-07-30 15:25:48,869:Loading standard weights (non-FP8, async), loaded_params: 43, loaded_buffers: 0
[36m(vLLMHttpServer pid=121375)[0m (Worker pid=122556) INFO:2026-07-30 15:25:49,249:Loading standard weights (non-FP8, async), loaded_params: 12, loaded_buffers: 0
[36m(vLLMHttpServer pid=121375)[0m (Worker pid=122556) INFO:2026-07-30 15:25:50,091:Loading standard weights (non-FP8, async), loaded_params: 1, loaded_buffers: 0
[36m(vLLMHttpServer pid=121375)[0m (EngineCore pid=122102) WARNING 07-30 15:25:51 [scheduler.py:1883] reset_connector called but no KV connector is configured.
[36m(TaskRunnerV1 pid=108806)[0m Training Progress:  93%|█████████▎| 116/125 [4:50:02<21:14, 141.65s/it]
[36m(TaskRunnerV1 pid=108806)[0m Dumped generations to /mnt/lv_model/npu60005420a/qy_owner_experiments_20260730/qy_owner_verl_full125_noeval_final_npu23/rollouts/116.jsonl
[36m(TaskRunnerV1 pid=108806)[0m step:116 - global_seqlen/min:68473.0 - global_seqlen/max:68473.0 - global_seqlen/minmax_diff:0.0 - global_seqlen/balanced_min:68473.0 - global_seqlen/balanced_max:68473.0 - global_seqlen/mean:68473.0 - actor/pg_clipfrac:0.002797964508371318 - actor/ppo_kl:0.0004762443071847562 - actor/pg_clipfrac_lower:0.0 - actor/pg_loss:0.019501082839269657 - actor/loss:0.019501082599163055 - actor/grad_norm:0.020609160885214806 - actor/lr:1.7e-05 - actor/perf/max_memory_allocated_gb:23.561654567718506 - actor/perf/max_memory_reserved_gb:25.5703125 - actor/perf/cpu_memory_used_gb:99.20902252197266 - perf/mfu/actor:0.1830696932154877 - training/global_step:116 - training/epoch:0 - critic/score/mean:0.328125 - critic/score/max:1.0 - critic/score/min:0.0 - critic/rewards/mean:0.328125 - critic/rewards/max:1.0 - critic/rewards/min:0.0 - critic/advantages/mean:-0.01931125856935978 - critic/advantages/max:1.4999970197677612 - critic/advantages/min:-1.4999970197677612 - critic/returns/mean:-0.01931125856935978 - critic/returns/max:1.4999970197677612 - critic/returns/min:-1.4999970197677612 - response_length/mean:976.828125 - response_length/max:1024.0 - response_length/min:477.0 - response_length/clip_ratio:0.78125 - response_length_non_aborted/mean:976.828125 - response_length_non_aborted/max:1024.0 - response_length_non_aborted/min:477.0 - response_length_non_aborted/clip_ratio:0.78125 - response/aborted_ratio:0.0 - prompt_length/mean:93.0625 - prompt_length/max:112.0 - prompt_length/min:70.0 - prompt_length/clip_ratio:0.0625 - timing_s/gen:56.201091033406556 - timing_s/old_log_prob:0.13702067267149687 - timing_s/adv:0.1856243945658207 - timing_s/update_actor:29.26310077868402 - timing_s/update_weights:54.457215793430805 - timing_s/step:140.40631270222366 - timing_per_token_ms/adv:0.0027109137114748982 - timing_per_token_ms/update_actor:0.4273670027409931 - timing_per_token_ms/gen:0.8989729358959412 - perf/total_num_tokens:68473 - perf/time_per_step:140.40631270222366 - perf/throughput:243.8387515567723 - training/num_turns/mean:2.0 - training/num_turns/max:2 - training/num_turns/min:2 - training/off_policy/trajectory_spans/mean:1.0 - training/off_policy/trajectory_spans/max:1 - training/off_policy/trajectory_spans/min:1 - training/off_policy/trajectory_staleness/mean:0.0 - training/off_policy/trajectory_staleness/max:0 - training/off_policy/trajectory_staleness/min:0 - training/off_policy/trajectory_staleness_worst/mean:0.0 - training/off_policy/trajectory_staleness_worst/max:0 - training/off_policy/trajectory_staleness_worst/min:0
[36m(vLLMHttpServer pid=121375)[0m (Worker pid=122556) INFO:2026-07-30 15:27:58,006:Loading standard weights (non-FP8, async), loaded_params: 3, loaded_buffers: 0
[36m(vLLMHttpServer pid=121375)[0m (Worker pid=122556) INFO:2026-07-30 15:27:59,920:Loading standard weights (non-FP8, async), loaded_params: 43, loaded_buffers: 0
[36m(vLLMHttpServer pid=121375)[0m (Worker pid=122556) INFO:2026-07-30 15:28:01,982:Loading standard weights (non-FP8, async), loaded_params: 43, loaded_buffers: 0
[36m(vLLMHttpServer pid=121375)[0m (Worker pid=122556) INFO:2026-07-30 15:28:04,493:Loading standard weights (non-FP8, async), loaded_params: 41, loaded_buffers: 0
[36m(vLLMHttpServer pid=121375)[0m (Worker pid=122556) INFO:2026-07-30 15:28:06,013:Loading standard weights (non-FP8, async), loaded_params: 43, loaded_buffers: 0
[36m(vLLMHttpServer pid=121375)[0m (Worker pid=122556) INFO:2026-07-30 15:28:07,345:Loading standard weights (non-FP8, async), loaded_params: 43, loaded_buffers: 0
[36m(vLLMHttpServer pid=121375)[0m (Worker pid=122556) INFO:2026-07-30 15:28:08,899:Loading standard weights (non-FP8, async), loaded_params: 41, loaded_buffers: 0
[36m(vLLMHttpServer pid=121375)[0m (Worker pid=122556) INFO:2026-07-30 15:28:10,271:Loading standard weights (non-FP8, async), loaded_params: 43, loaded_buffers: 0
[36m(vLLMHttpServer pid=121375)[0m (Worker pid=122556) INFO:2026-07-30 15:28:11,414:Loading standard weights (non-FP8, async), loaded_params: 43, loaded_buffers: 0
[36m(vLLMHttpServer pid=121375)[0m (Worker pid=122556) INFO:2026-07-30 15:28:12,951:Loading standard weights (non-FP8, async), loaded_params: 43, loaded_buffers: 0
[36m(vLLMHttpServer pid=121375)[0m (Worker pid=122556) INFO:2026-07-30 15:28:13,343:Loading standard weights (non-FP8, async), loaded_params: 12, loaded_buffers: 0
[36m(vLLMHttpServer pid=121375)[0m (Worker pid=122556) INFO:2026-07-30 15:28:13,852:Loading standard weights (non-FP8, async), loaded_params: 1, loaded_buffers: 0
[36m(vLLMHttpServer pid=121375)[0m (EngineCore pid=122102) WARNING 07-30 15:28:15 [scheduler.py:1883] reset_connector called but no KV connector is configured.
[36m(TaskRunnerV1 pid=108806)[0m Dumped generations to /mnt/lv_model/npu60005420a/qy_owner_experiments_20260730/qy_owner_verl_full125_noeval_final_npu23/rollouts/117.jsonl
[36m(TaskRunnerV1 pid=108806)[0m Training Progress:  94%|█████████▎| 117/125 [4:52:26<18:58, 142.28s/it]
[36m(TaskRunnerV1 pid=108806)[0m step:117 - global_seqlen/min:66370.0 - global_seqlen/max:66370.0 - global_seqlen/minmax_diff:0.0 - global_seqlen/balanced_min:66370.0 - global_seqlen/balanced_max:66370.0 - global_seqlen/mean:66370.0 - actor/pg_clipfrac:0.0017156868313630933 - actor/ppo_kl:0.0010520808153909027 - actor/pg_clipfrac_lower:0.0 - actor/pg_loss:0.01431561934077763 - actor/loss:0.014315618202090263 - actor/grad_norm:0.017943987622857094 - actor/lr:1.7e-05 - actor/perf/max_memory_allocated_gb:23.561654567718506 - actor/perf/max_memory_reserved_gb:25.5703125 - actor/perf/cpu_memory_used_gb:99.18989944458008 - perf/mfu/actor:0.17571698310944237 - training/global_step:117 - training/epoch:0 - critic/score/mean:0.40625 - critic/score/max:1.0 - critic/score/min:0.0 - critic/rewards/mean:0.40625 - critic/rewards/max:1.0 - critic/rewards/min:0.0 - critic/advantages/mean:-0.014097181148827076 - critic/advantages/max:1.4999970197677612 - critic/advantages/min:-1.4999970197677612 - critic/returns/mean:-0.014097181148827076 - critic/returns/max:1.4999970197677612 - critic/returns/min:-1.4999970197677612 - response_length/mean:944.90625 - response_length/max:1024.0 - response_length/min:430.0 - response_length/clip_ratio:0.703125 - response_length_non_aborted/mean:944.90625 - response_length_non_aborted/max:1024.0 - response_length_non_aborted/min:430.0 - response_length_non_aborted/clip_ratio:0.703125 - response/aborted_ratio:0.0 - prompt_length/mean:92.125 - prompt_length/max:147.0 - prompt_length/min:61.0 - prompt_length/clip_ratio:0.0625 - timing_s/gen:56.21647602971643 - timing_s/old_log_prob:0.13628274574875832 - timing_s/adv:0.18178955279290676 - timing_s/update_actor:29.52822008728981 - timing_s/update_weights:57.27233093883842 - timing_s/step:143.506901438348 - timing_per_token_ms/adv:0.0027390319842233953 - timing_per_token_ms/update_actor:0.4449031201942114 - timing_per_token_ms/gen:0.9295974473280489 - perf/total_num_tokens:66370 - perf/time_per_step:143.506901438348 - perf/throughput:231.24323407022072 - training/num_turns/mean:2.0 - training/num_turns/max:2 - training/num_turns/min:2 - training/off_policy/trajectory_spans/mean:1.0 - training/off_policy/trajectory_spans/max:1 - training/off_policy/trajectory_spans/min:1 - training/off_policy/trajectory_staleness/mean:0.0 - training/off_policy/trajectory_staleness/max:0 - training/off_policy/trajectory_staleness/min:0 - training/off_policy/trajectory_staleness_worst/mean:0.0 - training/off_policy/trajectory_staleness_worst/max:0 - training/off_policy/trajectory_staleness_worst/min:0
[36m(vLLMHttpServer pid=121375)[0m (Worker pid=122556) INFO:2026-07-30 15:30:15,163:Loading standard weights (non-FP8, async), loaded_params: 3, loaded_buffers: 0
[36m(vLLMHttpServer pid=121375)[0m (Worker pid=122556) INFO:2026-07-30 15:30:16,889:Loading standard weights (non-FP8, async), loaded_params: 43, loaded_buffers: 0
[36m(vLLMHttpServer pid=121375)[0m (Worker pid=122556) INFO:2026-07-30 15:30:19,545:Loading standard weights (non-FP8, async), loaded_params: 43, loaded_buffers: 0
[36m(vLLMHttpServer pid=121375)[0m (Worker pid=122556) INFO:2026-07-30 15:30:21,953:Loading standard weights (non-FP8, async), loaded_params: 41, loaded_buffers: 0
[36m(vLLMHttpServer pid=121375)[0m (Worker pid=122556) INFO:2026-07-30 15:30:24,119:Loading standard weights (non-FP8, async), loaded_params: 43, loaded_buffers: 0
[36m(vLLMHttpServer pid=121375)[0m (Worker pid=122556) INFO:2026-07-30 15:30:25,268:Loading standard weights (non-FP8, async), loaded_params: 43, loaded_buffers: 0
[36m(vLLMHttpServer pid=121375)[0m (Worker pid=122556) INFO:2026-07-30 15:30:26,579:Loading standard weights (non-FP8, async), loaded_params: 41, loaded_buffers: 0
[36m(vLLMHttpServer pid=121375)[0m (Worker pid=122556) INFO:2026-07-30 15:30:27,813:Loading standard weights (non-FP8, async), loaded_params: 43, loaded_buffers: 0
[36m(vLLMHttpServer pid=121375)[0m (Worker pid=122556) INFO:2026-07-30 15:30:29,095:Loading standard weights (non-FP8, async), loaded_params: 43, loaded_buffers: 0
[36m(vLLMHttpServer pid=121375)[0m (Worker pid=122556) INFO:2026-07-30 15:30:30,633:Loading standard weights (non-FP8, async), loaded_params: 43, loaded_buffers: 0
[36m(vLLMHttpServer pid=121375)[0m (Worker pid=122556) INFO:2026-07-30 15:30:31,037:Loading standard weights (non-FP8, async), loaded_params: 12, loaded_buffers: 0
[36m(vLLMHttpServer pid=121375)[0m (Worker pid=122556) INFO:2026-07-30 15:30:31,549:Loading standard weights (non-FP8, async), loaded_params: 1, loaded_buffers: 0
[36m(vLLMHttpServer pid=121375)[0m (EngineCore pid=122102) WARNING 07-30 15:30:32 [scheduler.py:1883] reset_connector called but no KV connector is configured.
[36m(TaskRunnerV1 pid=108806)[0m Dumped generations to /mnt/lv_model/npu60005420a/qy_owner_experiments_20260730/qy_owner_verl_full125_noeval_final_npu23/rollouts/118.jsonl
[36m(TaskRunnerV1 pid=108806)[0m Training Progress:  94%|█████████▍| 118/125 [4:54:44<16:26, 140.89s/it]
[36m(TaskRunnerV1 pid=108806)[0m step:118 - global_seqlen/min:65403.0 - global_seqlen/max:65403.0 - global_seqlen/minmax_diff:0.0 - global_seqlen/balanced_min:65403.0 - global_seqlen/balanced_max:65403.0 - global_seqlen/mean:65403.0 - actor/pg_clipfrac:0.0020356898930913303 - actor/ppo_kl:0.0007716764475844684 - actor/pg_clipfrac_lower:0.0 - actor/pg_loss:0.009576508309692144 - actor/loss:0.009576510637998581 - actor/grad_norm:0.01821446791291237 - actor/lr:1.7e-05 - actor/perf/max_memory_allocated_gb:23.561654567718506 - actor/perf/max_memory_reserved_gb:25.5703125 - actor/perf/cpu_memory_used_gb:99.23801040649414 - perf/mfu/actor:0.20628288734143077 - training/global_step:118 - training/epoch:0 - critic/score/mean:0.4375 - critic/score/max:1.0 - critic/score/min:0.0 - critic/rewards/mean:0.4375 - critic/rewards/max:1.0 - critic/rewards/min:0.0 - critic/advantages/mean:-0.009577657096087933 - critic/advantages/max:1.4999970197677612 - critic/advantages/min:-1.4999970197677612 - critic/returns/mean:-0.009577657096087933 - critic/returns/max:1.4999970197677612 - critic/returns/min:-1.4999970197677612 - response_length/mean:927.859375 - response_length/max:1024.0 - response_length/min:496.0 - response_length/clip_ratio:0.625 - response_length_non_aborted/mean:927.859375 - response_length_non_aborted/max:1024.0 - response_length_non_aborted/min:496.0 - response_length_non_aborted/clip_ratio:0.625 - response/aborted_ratio:0.0 - prompt_length/mean:94.0625 - prompt_length/max:129.0 - prompt_length/min:63.0 - prompt_length/clip_ratio:0.0625 - timing_s/gen:54.18900766316801 - timing_s/old_log_prob:0.1353858094662428 - timing_s/adv:0.17940462660044432 - timing_s/update_actor:24.825426355935633 - timing_s/update_weights:57.88338787667453 - timing_s/step:137.3752804081887 - timing_per_token_ms/adv:0.0027430641805489707 - timing_per_token_ms/update_actor:0.3795762634120091 - timing_per_token_ms/gen:0.9125340192170825 - perf/total_num_tokens:65403 - perf/time_per_step:137.3752804081887 - perf/throughput:238.0450100107728 - training/num_turns/mean:2.0 - training/num_turns/max:2 - training/num_turns/min:2 - training/off_policy/trajectory_spans/mean:1.0 - training/off_policy/trajectory_spans/max:1 - training/off_policy/trajectory_spans/min:1 - training/off_policy/trajectory_staleness/mean:0.0 - training/off_policy/trajectory_staleness/max:0 - training/off_policy/trajectory_staleness/min:0 - training/off_policy/trajectory_staleness_worst/mean:0.0 - training/off_policy/trajectory_staleness_worst/max:0 - training/off_policy/trajectory_staleness_worst/min:0
[36m(vLLMHttpServer pid=121375)[0m (Worker pid=122556) INFO:2026-07-30 15:32:43,799:Loading standard weights (non-FP8, async), loaded_params: 3, loaded_buffers: 0
[36m(vLLMHttpServer pid=121375)[0m (Worker pid=122556) INFO:2026-07-30 15:32:44,992:Loading standard weights (non-FP8, async), loaded_params: 43, loaded_buffers: 0
[36m(vLLMHttpServer pid=121375)[0m (Worker pid=122556) INFO:2026-07-30 15:32:49,244:Loading standard weights (non-FP8, async), loaded_params: 43, loaded_buffers: 0
[36m(vLLMHttpServer pid=121375)[0m (Worker pid=122556) INFO:2026-07-30 15:32:53,827:Loading standard weights (non-FP8, async), loaded_params: 41, loaded_buffers: 0
[36m(vLLMHttpServer pid=121375)[0m (Worker pid=122556) INFO:2026-07-30 15:32:57,291:Loading standard weights (non-FP8, async), loaded_params: 43, loaded_buffers: 0
[36m(vLLMHttpServer pid=121375)[0m (Worker pid=122556) INFO:2026-07-30 15:32:58,568:Loading standard weights (non-FP8, async), loaded_params: 43, loaded_buffers: 0
[36m(vLLMHttpServer pid=121375)[0m (Worker pid=122556) INFO:2026-07-30 15:32:59,765:Loading standard weights (non-FP8, async), loaded_params: 41, loaded_buffers: 0
[36m(vLLMHttpServer pid=121375)[0m (Worker pid=122556) INFO:2026-07-30 15:33:00,910:Loading standard weights (non-FP8, async), loaded_params: 43, loaded_buffers: 0
[36m(vLLMHttpServer pid=121375)[0m (Worker pid=122556) INFO:2026-07-30 15:33:02,044:Loading standard weights (non-FP8, async), loaded_params: 43, loaded_buffers: 0
[36m(vLLMHttpServer pid=121375)[0m (Worker pid=122556) INFO:2026-07-30 15:33:03,546:Loading standard weights (non-FP8, async), loaded_params: 43, loaded_buffers: 0
[36m(vLLMHttpServer pid=121375)[0m (Worker pid=122556) INFO:2026-07-30 15:33:03,912:Loading standard weights (non-FP8, async), loaded_params: 12, loaded_buffers: 0
[36m(vLLMHttpServer pid=121375)[0m (Worker pid=122556) INFO:2026-07-30 15:33:04,405:Loading standard weights (non-FP8, async), loaded_params: 1, loaded_buffers: 0
[36m(vLLMHttpServer pid=121375)[0m (EngineCore pid=122102) WARNING 07-30 15:33:06 [scheduler.py:1883] reset_connector called but no KV connector is configured.
[36m(TaskRunnerV1 pid=108806)[0m Training Progress:  95%|█████████▌| 119/125 [4:57:17<14:27, 144.55s/it]
[36m(TaskRunnerV1 pid=108806)[0m Dumped generations to /mnt/lv_model/npu60005420a/qy_owner_experiments_20260730/qy_owner_verl_full125_noeval_final_npu23/rollouts/119.jsonl
[36m(TaskRunnerV1 pid=108806)[0m step:119 - global_seqlen/min:70216.0 - global_seqlen/max:70216.0 - global_seqlen/minmax_diff:0.0 - global_seqlen/balanced_min:70216.0 - global_seqlen/balanced_max:70216.0 - global_seqlen/mean:70216.0 - actor/pg_clipfrac:0.0030025259313535774 - actor/ppo_kl:0.0006953257336337831 - actor/pg_clipfrac_lower:0.0 - actor/pg_loss:0.021981789436722465 - actor/loss:0.021981794387102127 - actor/grad_norm:0.029544048011302948 - actor/lr:1.7e-05 - actor/perf/max_memory_allocated_gb:23.561654567718506 - actor/perf/max_memory_reserved_gb:25.5703125 - actor/perf/cpu_memory_used_gb:99.28043365478516 - perf/mfu/actor:0.1638419113323361 - training/global_step:119 - training/epoch:0 - critic/score/mean:0.328125 - critic/score/max:1.0 - critic/score/min:0.0 - critic/rewards/mean:0.328125 - critic/rewards/max:1.0 - critic/rewards/min:0.0 - critic/advantages/mean:-0.021739358082413673 - critic/advantages/max:1.4999970197677612 - critic/advantages/min:-1.4999970197677612 - critic/returns/mean:-0.021739358082413673 - critic/returns/max:1.4999970197677612 - critic/returns/min:-1.4999970197677612 - response_length/mean:990.375 - response_length/max:1024.0 - response_length/min:607.0 - response_length/clip_ratio:0.78125 - response_length_non_aborted/mean:990.375 - response_length_non_aborted/max:1024.0 - response_length_non_aborted/min:607.0 - response_length_non_aborted/clip_ratio:0.78125 - response/aborted_ratio:0.0 - prompt_length/mean:106.75 - prompt_length/max:175.0 - prompt_length/min:72.0 - prompt_length/clip_ratio:0.0625 - timing_s/gen:56.20595651306212 - timing_s/old_log_prob:0.12954355496913195 - timing_s/adv:0.17753405030816793 - timing_s/update_actor:33.511776748113334 - timing_s/update_weights:62.625198567286134 - timing_s/step:152.81100228149444 - timing_per_token_ms/adv:0.002528398802383615 - timing_per_token_ms/update_actor:0.4772669583586837 - timing_per_token_ms/gen:0.8867530688038325 - perf/total_num_tokens:70216 - perf/time_per_step:152.81100228149444 - perf/throughput:229.7478550355115 - training/num_turns/mean:2.0 - training/num_turns/max:2 - training/num_turns/min:2 - training/off_policy/trajectory_spans/mean:1.0 - training/off_policy/trajectory_spans/max:1 - training/off_policy/trajectory_spans/min:1 - training/off_policy/trajectory_staleness/mean:0.0 - training/off_policy/trajectory_staleness/max:0 - training/off_policy/trajectory_staleness/min:0 - training/off_policy/trajectory_staleness_worst/mean:0.0 - training/off_policy/trajectory_staleness_worst/max:0 - training/off_policy/trajectory_staleness_worst/min:0
[36m(vLLMHttpServer pid=121375)[0m (Worker pid=122556) INFO:2026-07-30 15:35:11,522:Loading standard weights (non-FP8, async), loaded_params: 3, loaded_buffers: 0
[36m(vLLMHttpServer pid=121375)[0m (Worker pid=122556) INFO:2026-07-30 15:35:12,640:Loading standard weights (non-FP8, async), loaded_params: 43, loaded_buffers: 0
[36m(vLLMHttpServer pid=121375)[0m (Worker pid=122556) INFO:2026-07-30 15:35:16,082:Loading standard weights (non-FP8, async), loaded_params: 43, loaded_buffers: 0
[36m(vLLMHttpServer pid=121375)[0m (Worker pid=122556) INFO:2026-07-30 15:35:18,680:Loading standard weights (non-FP8, async), loaded_params: 41, loaded_buffers: 0
[36m(vLLMHttpServer pid=121375)[0m (Worker pid=122556) INFO:2026-07-30 15:35:19,863:Loading standard weights (non-FP8, async), loaded_params: 43, loaded_buffers: 0
[36m(vLLMHttpServer pid=121375)[0m (Worker pid=122556) INFO:2026-07-30 15:35:21,020:Loading standard weights (non-FP8, async), loaded_params: 43, loaded_buffers: 0
[36m(vLLMHttpServer pid=121375)[0m (Worker pid=122556) INFO:2026-07-30 15:35:22,086:Loading standard weights (non-FP8, async), loaded_params: 41, loaded_buffers: 0
[36m(vLLMHttpServer pid=121375)[0m (Worker pid=122556) INFO:2026-07-30 15:35:23,201:Loading standard weights (non-FP8, async), loaded_params: 43, loaded_buffers: 0
[36m(vLLMHttpServer pid=121375)[0m (Worker pid=122556) INFO:2026-07-30 15:35:24,229:Loading standard weights (non-FP8, async), loaded_params: 43, loaded_buffers: 0
[36m(vLLMHttpServer pid=121375)[0m (Worker pid=122556) INFO:2026-07-30 15:35:25,777:Loading standard weights (non-FP8, async), loaded_params: 43, loaded_buffers: 0
[36m(vLLMHttpServer pid=121375)[0m (Worker pid=122556) INFO:2026-07-30 15:35:26,174:Loading standard weights (non-FP8, async), loaded_params: 12, loaded_buffers: 0
[36m(vLLMHttpServer pid=121375)[0m (Worker pid=122556) INFO:2026-07-30 15:35:26,708:Loading standard weights (non-FP8, async), loaded_params: 1, loaded_buffers: 0
[36m(vLLMHttpServer pid=121375)[0m (EngineCore pid=122102) WARNING 07-30 15:35:28 [scheduler.py:1883] reset_connector called but no KV connector is configured.
[36m(TaskRunnerV1 pid=108806)[0m Training Progress:  96%|█████████▌| 120/125 [4:59:39<11:59, 143.84s/it]
[36m(TaskRunnerV1 pid=108806)[0m Dumped generations to /mnt/lv_model/npu60005420a/qy_owner_experiments_20260730/qy_owner_verl_full125_noeval_final_npu23/rollouts/120.jsonl
[36m(TaskRunnerV1 pid=108806)[0m step:120 - global_seqlen/min:68301.0 - global_seqlen/max:68301.0 - global_seqlen/minmax_diff:0.0 - global_seqlen/balanced_min:68301.0 - global_seqlen/balanced_max:68301.0 - global_seqlen/mean:68301.0 - actor/pg_clipfrac:0.002447893507504726 - actor/ppo_kl:0.0007482930137912798 - actor/pg_clipfrac_lower:0.0 - actor/pg_loss:0.02431899196426457 - actor/loss:0.0243189949542284 - actor/grad_norm:0.019269218668341637 - actor/lr:1.7e-05 - actor/perf/max_memory_allocated_gb:23.561654567718506 - actor/perf/max_memory_reserved_gb:25.5703125 - actor/perf/cpu_memory_used_gb:99.27397537231445 - perf/mfu/actor:0.20665431838604895 - training/global_step:120 - training/epoch:0 - critic/score/mean:0.375 - critic/score/max:1.0 - critic/score/min:0.0 - critic/rewards/mean:0.375 - critic/rewards/max:1.0 - critic/rewards/min:0.0 - critic/advantages/mean:-0.02434897981584072 - critic/advantages/max:1.4999970197677612 - critic/advantages/min:-1.4999970197677612 - critic/returns/mean:-0.02434897981584072 - critic/returns/max:1.4999970197677612 - critic/returns/min:-1.4999970197677612 - response_length/mean:971.328125 - response_length/max:1024.0 - response_length/min:747.0 - response_length/clip_ratio:0.71875 - response_length_non_aborted/mean:971.328125 - response_length_non_aborted/max:1024.0 - response_length_non_aborted/min:747.0 - response_length_non_aborted/clip_ratio:0.71875 - response/aborted_ratio:0.0 - prompt_length/mean:95.875 - prompt_length/max:161.0 - prompt_length/min:72.0 - prompt_length/clip_ratio:0.0625 - timing_s/gen:58.19536041188985 - timing_s/old_log_prob:0.13360980432480574 - timing_s/adv:0.18165822979062796 - timing_s/update_actor:25.888772836886346 - timing_s/update_weights:57.360510451719165 - timing_s/step:141.92387511394918 - timing_per_token_ms/adv:0.0026596715976431964 - timing_per_token_ms/update_actor:0.3790394406653833 - timing_per_token_ms/gen:0.9361434957273361 - perf/total_num_tokens:68301 - perf/time_per_step:141.92387511394918 - perf/throughput:240.62547596435712 - training/num_turns/mean:2.0 - training/num_turns/max:2 - training/num_turns/min:2 - training/off_policy/trajectory_spans/mean:1.0 - training/off_policy/trajectory_spans/max:1 - training/off_policy/trajectory_spans/min:1 - training/off_policy/trajectory_staleness/mean:0.0 - training/off_policy/trajectory_staleness/max:0 - training/off_policy/trajectory_staleness/min:0 - training/off_policy/trajectory_staleness_worst/mean:0.0 - training/off_policy/trajectory_staleness_worst/max:0 - training/off_policy/trajectory_staleness_worst/min:0
[36m(vLLMHttpServer pid=121375)[0m (Worker pid=122556) INFO:2026-07-30 15:37:41,574:Loading standard weights (non-FP8, async), loaded_params: 3, loaded_buffers: 0
[36m(vLLMHttpServer pid=121375)[0m (Worker pid=122556) INFO:2026-07-30 15:37:44,072:Loading standard weights (non-FP8, async), loaded_params: 43, loaded_buffers: 0
[36m(vLLMHttpServer pid=121375)[0m (Worker pid=122556) INFO:2026-07-30 15:37:47,375:Loading standard weights (non-FP8, async), loaded_params: 43, loaded_buffers: 0
[36m(vLLMHttpServer pid=121375)[0m (Worker pid=122556) INFO:2026-07-30 15:37:49,180:Loading standard weights (non-FP8, async), loaded_params: 41, loaded_buffers: 0
[36m(vLLMHttpServer pid=121375)[0m (Worker pid=122556) INFO:2026-07-30 15:37:50,384:Loading standard weights (non-FP8, async), loaded_params: 43, loaded_buffers: 0
[36m(vLLMHttpServer pid=121375)[0m (Worker pid=122556) INFO:2026-07-30 15:37:51,669:Loading standard weights (non-FP8, async), loaded_params: 43, loaded_buffers: 0
[36m(vLLMHttpServer pid=121375)[0m (Worker pid=122556) INFO:2026-07-30 15:37:53,013:Loading standard weights (non-FP8, async), loaded_params: 41, loaded_buffers: 0
[36m(vLLMHttpServer pid=121375)[0m (Worker pid=122556) INFO:2026-07-30 15:37:54,230:Loading standard weights (non-FP8, async), loaded_params: 43, loaded_buffers: 0
[36m(vLLMHttpServer pid=121375)[0m (Worker pid=122556) INFO:2026-07-30 15:37:55,340:Loading standard weights (non-FP8, async), loaded_params: 43, loaded_buffers: 0
[36m(vLLMHttpServer pid=121375)[0m (Worker pid=122556) INFO:2026-07-30 15:37:57,028:Loading standard weights (non-FP8, async), loaded_params: 43, loaded_buffers: 0
[36m(vLLMHttpServer pid=121375)[0m (Worker pid=122556) INFO:2026-07-30 15:37:57,413:Loading standard weights (non-FP8, async), loaded_params: 12, loaded_buffers: 0
[36m(vLLMHttpServer pid=121375)[0m (Worker pid=122556) INFO:2026-07-30 15:37:57,915:Loading standard weights (non-FP8, async), loaded_params: 1, loaded_buffers: 0
[36m(vLLMHttpServer pid=121375)[0m (EngineCore pid=122102) WARNING 07-30 15:37:59 [scheduler.py:1883] reset_connector called but no KV connector is configured.
[36m(TaskRunnerV1 pid=108806)[0m Training Progress:  97%|█████████▋| 121/125 [5:02:11<09:44, 146.12s/it]
[36m(TaskRunnerV1 pid=108806)[0m Dumped generations to /mnt/lv_model/npu60005420a/qy_owner_experiments_20260730/qy_owner_verl_full125_noeval_final_npu23/rollouts/121.jsonl
[36m(TaskRunnerV1 pid=108806)[0m step:121 - global_seqlen/min:68667.0 - global_seqlen/max:68667.0 - global_seqlen/minmax_diff:0.0 - global_seqlen/balanced_min:68667.0 - global_seqlen/balanced_max:68667.0 - global_seqlen/mean:68667.0 - actor/pg_clipfrac:0.0019498340467073243 - actor/ppo_kl:0.0011754525300121338 - actor/pg_clipfrac_lower:0.0 - actor/pg_loss:0.012613222934305668 - actor/loss:0.012613218277692795 - actor/grad_norm:0.016970008611679077 - actor/lr:1.7e-05 - actor/perf/max_memory_allocated_gb:23.561654567718506 - actor/perf/max_memory_reserved_gb:25.5703125 - actor/perf/cpu_memory_used_gb:99.31622314453125 - perf/mfu/actor:0.15800877074774158 - training/global_step:121 - training/epoch:0 - critic/score/mean:0.34375 - critic/score/max:1.0 - critic/score/min:0.0 - critic/rewards/mean:0.34375 - critic/rewards/max:1.0 - critic/rewards/min:0.0 - critic/advantages/mean:-0.012621584348380566 - critic/advantages/max:1.4999970197677612 - critic/advantages/min:-0.8660238981246948 - critic/returns/mean:-0.012621584348380566 - critic/returns/max:1.4999970197677612 - critic/returns/min:-0.8660238981246948 - response_length/mean:968.109375 - response_length/max:1024.0 - response_length/min:562.0 - response_length/clip_ratio:0.75 - response_length_non_aborted/mean:968.109375 - response_length_non_aborted/max:1024.0 - response_length_non_aborted/min:562.0 - response_length_non_aborted/clip_ratio:0.75 - response/aborted_ratio:0.0 - prompt_length/mean:104.8125 - prompt_length/max:144.0 - prompt_length/min:72.0 - prompt_length/clip_ratio:0.0625 - timing_s/gen:58.2117118621245 - timing_s/old_log_prob:0.13139594718813896 - timing_s/adv:0.17810337338596582 - timing_s/update_actor:33.959399349056184 - timing_s/update_weights:58.51543107442558 - timing_s/step:151.15814716834575 - timing_per_token_ms/adv:0.0025937258564662185 - timing_per_token_ms/update_actor:0.4945519587146109 - timing_per_token_ms/gen:0.9395198738217935 - perf/total_num_tokens:68667 - perf/time_per_step:151.15814716834575 - perf/throughput:227.1362850310845 - training/num_turns/mean:2.0 - training/num_turns/max:2 - training/num_turns/min:2 - training/off_policy/trajectory_spans/mean:1.0 - training/off_policy/trajectory_spans/max:1 - training/off_policy/trajectory_spans/min:1 - training/off_policy/trajectory_staleness/mean:0.0 - training/off_policy/trajectory_staleness/max:0 - training/off_policy/trajectory_staleness/min:0 - training/off_policy/trajectory_staleness_worst/mean:0.0 - training/off_policy/trajectory_staleness_worst/max:0 - training/off_policy/trajectory_staleness_worst/min:0
[36m(vLLMHttpServer pid=121375)[0m (Worker pid=122556) INFO:2026-07-30 15:40:03,117:Loading standard weights (non-FP8, async), loaded_params: 3, loaded_buffers: 0
[36m(vLLMHttpServer pid=121375)[0m (Worker pid=122556) INFO:2026-07-30 15:40:05,065:Loading standard weights (non-FP8, async), loaded_params: 43, loaded_buffers: 0
[36m(vLLMHttpServer pid=121375)[0m (Worker pid=122556) INFO:2026-07-30 15:40:06,615:Loading standard weights (non-FP8, async), loaded_params: 43, loaded_buffers: 0
[36m(vLLMHttpServer pid=121375)[0m (Worker pid=122556) INFO:2026-07-30 15:40:08,571:Loading standard weights (non-FP8, async), loaded_params: 41, loaded_buffers: 0
[36m(vLLMHttpServer pid=121375)[0m (Worker pid=122556) INFO:2026-07-30 15:40:09,724:Loading standard weights (non-FP8, async), loaded_params: 43, loaded_buffers: 0
[36m(vLLMHttpServer pid=121375)[0m (Worker pid=122556) INFO:2026-07-30 15:40:11,002:Loading standard weights (non-FP8, async), loaded_params: 43, loaded_buffers: 0
[36m(vLLMHttpServer pid=121375)[0m (Worker pid=122556) INFO:2026-07-30 15:40:12,441:Loading standard weights (non-FP8, async), loaded_params: 41, loaded_buffers: 0
[36m(vLLMHttpServer pid=121375)[0m (Worker pid=122556) INFO:2026-07-30 15:40:13,744:Loading standard weights (non-FP8, async), loaded_params: 43, loaded_buffers: 0
[36m(vLLMHttpServer pid=121375)[0m (Worker pid=122556) INFO:2026-07-30 15:40:14,931:Loading standard weights (non-FP8, async), loaded_params: 43, loaded_buffers: 0
[36m(vLLMHttpServer pid=121375)[0m (Worker pid=122556) INFO:2026-07-30 15:40:16,487:Loading standard weights (non-FP8, async), loaded_params: 43, loaded_buffers: 0
[36m(vLLMHttpServer pid=121375)[0m (Worker pid=122556) INFO:2026-07-30 15:40:16,908:Loading standard weights (non-FP8, async), loaded_params: 12, loaded_buffers: 0
[36m(vLLMHttpServer pid=121375)[0m (Worker pid=122556) INFO:2026-07-30 15:40:17,414:Loading standard weights (non-FP8, async), loaded_params: 1, loaded_buffers: 0
[36m(vLLMHttpServer pid=121375)[0m (EngineCore pid=122102) WARNING 07-30 15:40:19 [scheduler.py:1883] reset_connector called but no KV connector is configured.
[36m(TaskRunnerV1 pid=108806)[0m Training Progress:  98%|█████████▊| 122/125 [5:04:30<07:12, 144.11s/it]
[36m(TaskRunnerV1 pid=108806)[0m Dumped generations to /mnt/lv_model/npu60005420a/qy_owner_experiments_20260730/qy_owner_verl_full125_noeval_final_npu23/rollouts/122.jsonl
[36m(TaskRunnerV1 pid=108806)[0m step:122 - global_seqlen/min:64683.0 - global_seqlen/max:64683.0 - global_seqlen/minmax_diff:0.0 - global_seqlen/balanced_min:64683.0 - global_seqlen/balanced_max:64683.0 - global_seqlen/mean:64683.0 - actor/pg_clipfrac:0.002295536225574324 - actor/ppo_kl:0.0007388611024907732 - actor/pg_clipfrac_lower:0.0 - actor/pg_loss:0.022498076839838177 - actor/loss:0.022498078644275665 - actor/grad_norm:0.019052419811487198 - actor/lr:1.7e-05 - actor/perf/max_memory_allocated_gb:23.561654567718506 - actor/perf/max_memory_reserved_gb:25.5703125 - actor/perf/cpu_memory_used_gb:99.37960052490234 - perf/mfu/actor:0.18908781192338672 - training/global_step:122 - training/epoch:0 - critic/score/mean:0.53125 - critic/score/max:1.0 - critic/score/min:0.0 - critic/rewards/mean:0.53125 - critic/rewards/max:1.0 - critic/rewards/min:0.0 - critic/advantages/mean:-0.022347141057252884 - critic/advantages/max:1.4999970197677612 - critic/advantages/min:-1.4999970197677612 - critic/returns/mean:-0.022347141057252884 - critic/returns/max:1.4999970197677612 - critic/returns/min:-1.4999970197677612 - response_length/mean:918.109375 - response_length/max:1024.0 - response_length/min:433.0 - response_length/clip_ratio:0.609375 - response_length_non_aborted/mean:918.109375 - response_length_non_aborted/max:1024.0 - response_length_non_aborted/min:433.0 - response_length_non_aborted/clip_ratio:0.609375 - response/aborted_ratio:0.0 - prompt_length/mean:92.5625 - prompt_length/max:135.0 - prompt_length/min:66.0 - prompt_length/clip_ratio:0.0625 - timing_s/gen:56.19331809412688 - timing_s/old_log_prob:0.13381551764905453 - timing_s/adv:0.18193946778774261 - timing_s/update_actor:26.74945309944451 - timing_s/update_weights:55.73588129505515 - timing_s/step:139.1581504214555 - timing_per_token_ms/adv:0.0028127864784834133 - timing_per_token_ms/update_actor:0.413546884025857 - timing_per_token_ms/gen:0.9563355076520512 - perf/total_num_tokens:64683 - perf/time_per_step:139.1581504214555 - perf/throughput:232.40823409947797 - training/num_turns/mean:2.0 - training/num_turns/max:2 - training/num_turns/min:2 - training/off_policy/trajectory_spans/mean:1.0 - training/off_policy/trajectory_spans/max:1 - training/off_policy/trajectory_spans/min:1 - training/off_policy/trajectory_staleness/mean:0.0 - training/off_policy/trajectory_staleness/max:0 - training/off_policy/trajectory_staleness/min:0 - training/off_policy/trajectory_staleness_worst/mean:0.0 - training/off_policy/trajectory_staleness_worst/max:0 - training/off_policy/trajectory_staleness_worst/min:0
[36m(vLLMHttpServer pid=121375)[0m (Worker pid=122556) INFO:2026-07-30 15:42:25,231:Loading standard weights (non-FP8, async), loaded_params: 3, loaded_buffers: 0
[36m(vLLMHttpServer pid=121375)[0m (Worker pid=122556) INFO:2026-07-30 15:42:26,384:Loading standard weights (non-FP8, async), loaded_params: 43, loaded_buffers: 0
[36m(vLLMHttpServer pid=121375)[0m (Worker pid=122556) INFO:2026-07-30 15:42:29,303:Loading standard weights (non-FP8, async), loaded_params: 43, loaded_buffers: 0
[36m(vLLMHttpServer pid=121375)[0m (Worker pid=122556) INFO:2026-07-30 15:42:30,665:Loading standard weights (non-FP8, async), loaded_params: 41, loaded_buffers: 0
[36m(vLLMHttpServer pid=121375)[0m (Worker pid=122556) INFO:2026-07-30 15:42:31,626:Loading standard weights (non-FP8, async), loaded_params: 43, loaded_buffers: 0
[36m(vLLMHttpServer pid=121375)[0m (Worker pid=122556) INFO:2026-07-30 15:42:32,861:Loading standard weights (non-FP8, async), loaded_params: 43, loaded_buffers: 0
[36m(vLLMHttpServer pid=121375)[0m (Worker pid=122556) INFO:2026-07-30 15:42:34,002:Loading standard weights (non-FP8, async), loaded_params: 41, loaded_buffers: 0
[36m(vLLMHttpServer pid=121375)[0m (Worker pid=122556) INFO:2026-07-30 15:42:35,088:Loading standard weights (non-FP8, async), loaded_params: 43, loaded_buffers: 0
[36m(vLLMHttpServer pid=121375)[0m (Worker pid=122556) INFO:2026-07-30 15:42:36,147:Loading standard weights (non-FP8, async), loaded_params: 43, loaded_buffers: 0
[36m(vLLMHttpServer pid=121375)[0m (Worker pid=122556) INFO:2026-07-30 15:42:38,309:Loading standard weights (non-FP8, async), loaded_params: 43, loaded_buffers: 0
[36m(vLLMHttpServer pid=121375)[0m (Worker pid=122556) INFO:2026-07-30 15:42:38,679:Loading standard weights (non-FP8, async), loaded_params: 12, loaded_buffers: 0
[36m(vLLMHttpServer pid=121375)[0m (Worker pid=122556) INFO:2026-07-30 15:42:39,731:Loading standard weights (non-FP8, async), loaded_params: 1, loaded_buffers: 0
[36m(vLLMHttpServer pid=121375)[0m (EngineCore pid=122102) WARNING 07-30 15:42:41 [scheduler.py:1883] reset_connector called but no KV connector is configured.
[36m(TaskRunnerV1 pid=108806)[0m Dumped generations to /mnt/lv_model/npu60005420a/qy_owner_experiments_20260730/qy_owner_verl_full125_noeval_final_npu23/rollouts/123.jsonl
[36m(TaskRunnerV1 pid=108806)[0m Training Progress:  98%|█████████▊| 123/125 [5:06:52<04:47, 143.59s/it]
[36m(TaskRunnerV1 pid=108806)[0m step:123 - global_seqlen/min:64812.0 - global_seqlen/max:64812.0 - global_seqlen/minmax_diff:0.0 - global_seqlen/balanced_min:64812.0 - global_seqlen/balanced_max:64812.0 - global_seqlen/mean:64812.0 - actor/pg_clipfrac:0.0023970646179805044 - actor/ppo_kl:0.0009651006321291788 - actor/pg_clipfrac_lower:0.0 - actor/pg_loss:0.016635523817967623 - actor/loss:0.016635529696941376 - actor/grad_norm:0.02007110044360161 - actor/lr:1.7e-05 - actor/perf/max_memory_allocated_gb:23.561654567718506 - actor/perf/max_memory_reserved_gb:25.5703125 - actor/perf/cpu_memory_used_gb:99.37439346313477 - perf/mfu/actor:0.1754742578997613 - training/global_step:123 - training/epoch:0 - critic/score/mean:0.4375 - critic/score/max:1.0 - critic/score/min:0.0 - critic/rewards/mean:0.4375 - critic/rewards/max:1.0 - critic/rewards/min:0.0 - critic/advantages/mean:-0.016461674124002457 - critic/advantages/max:1.4999970197677612 - critic/advantages/min:-1.4999970197677612 - critic/returns/mean:-0.016461674124002457 - critic/returns/max:1.4999970197677612 - critic/returns/min:-1.4999970197677612 - response_length/mean:918.75 - response_length/max:1024.0 - response_length/min:347.0 - response_length/clip_ratio:0.625 - response_length_non_aborted/mean:918.75 - response_length_non_aborted/max:1024.0 - response_length_non_aborted/min:347.0 - response_length_non_aborted/clip_ratio:0.625 - response/aborted_ratio:0.0 - prompt_length/mean:93.9375 - prompt_length/max:156.0 - prompt_length/min:67.0 - prompt_length/clip_ratio:0.0625 - timing_s/gen:56.207848217338324 - timing_s/old_log_prob:0.13172959815710783 - timing_s/adv:0.18325680866837502 - timing_s/update_actor:28.872244518250227 - timing_s/update_weights:56.56951194629073 - timing_s/step:142.12536581233144 - timing_per_token_ms/adv:0.0028275135571865554 - timing_per_token_ms/update_actor:0.44547683327547716 - timing_per_token_ms/gen:0.9559157860091552 - perf/total_num_tokens:64812 - perf/time_per_step:142.12536581233144 - perf/throughput:228.0099672199986 - training/num_turns/mean:2.0 - training/num_turns/max:2 - training/num_turns/min:2 - training/off_policy/trajectory_spans/mean:1.0 - training/off_policy/trajectory_spans/max:1 - training/off_policy/trajectory_spans/min:1 - training/off_policy/trajectory_staleness/mean:0.0 - training/off_policy/trajectory_staleness/max:0 - training/off_policy/trajectory_staleness/min:0 - training/off_policy/trajectory_staleness_worst/mean:0.0 - training/off_policy/trajectory_staleness_worst/max:0 - training/off_policy/trajectory_staleness_worst/min:0
[36m(vLLMHttpServer pid=121375)[0m (Worker pid=122556) INFO:2026-07-30 15:44:43,016:Loading standard weights (non-FP8, async), loaded_params: 3, loaded_buffers: 0
[36m(vLLMHttpServer pid=121375)[0m (Worker pid=122556) INFO:2026-07-30 15:44:44,015:Loading standard weights (non-FP8, async), loaded_params: 43, loaded_buffers: 0
[36m(vLLMHttpServer pid=121375)[0m (Worker pid=122556) INFO:2026-07-30 15:44:44,987:Loading standard weights (non-FP8, async), loaded_params: 43, loaded_buffers: 0
[36m(vLLMHttpServer pid=121375)[0m (Worker pid=122556) INFO:2026-07-30 15:44:46,108:Loading standard weights (non-FP8, async), loaded_params: 41, loaded_buffers: 0
[36m(vLLMHttpServer pid=121375)[0m (Worker pid=122556) INFO:2026-07-30 15:44:47,276:Loading standard weights (non-FP8, async), loaded_params: 43, loaded_buffers: 0
[36m(vLLMHttpServer pid=121375)[0m (Worker pid=122556) INFO:2026-07-30 15:44:48,342:Loading standard weights (non-FP8, async), loaded_params: 43, loaded_buffers: 0
[36m(vLLMHttpServer pid=121375)[0m (Worker pid=122556) INFO:2026-07-30 15:44:49,626:Loading standard weights (non-FP8, async), loaded_params: 41, loaded_buffers: 0
[36m(vLLMHttpServer pid=121375)[0m (Worker pid=122556) INFO:2026-07-30 15:44:50,661:Loading standard weights (non-FP8, async), loaded_params: 43, loaded_buffers: 0
[36m(vLLMHttpServer pid=121375)[0m (Worker pid=122556) INFO:2026-07-30 15:44:51,656:Loading standard weights (non-FP8, async), loaded_params: 43, loaded_buffers: 0
[36m(vLLMHttpServer pid=121375)[0m (Worker pid=122556) INFO:2026-07-30 15:44:53,224:Loading standard weights (non-FP8, async), loaded_params: 43, loaded_buffers: 0
[36m(vLLMHttpServer pid=121375)[0m (Worker pid=122556) INFO:2026-07-30 15:44:53,593:Loading standard weights (non-FP8, async), loaded_params: 12, loaded_buffers: 0
[36m(vLLMHttpServer pid=121375)[0m (Worker pid=122556) INFO:2026-07-30 15:44:54,599:Loading standard weights (non-FP8, async), loaded_params: 1, loaded_buffers: 0
[36m(vLLMHttpServer pid=121375)[0m (EngineCore pid=122102) WARNING 07-30 15:44:56 [scheduler.py:1883] reset_connector called but no KV connector is configured.
[36m(TaskRunnerV1 pid=108806)[0m Training Progress:  99%|█████████▉| 124/125 [5:09:07<02:20, 140.91s/it]
[36m(TaskRunnerV1 pid=108806)[0m Dumped generations to /mnt/lv_model/npu60005420a/qy_owner_experiments_20260730/qy_owner_verl_full125_noeval_final_npu23/rollouts/124.jsonl
[36m(TaskRunnerV1 pid=108806)[0m step:124 - global_seqlen/min:66138.0 - global_seqlen/max:66138.0 - global_seqlen/minmax_diff:0.0 - global_seqlen/balanced_min:66138.0 - global_seqlen/balanced_max:66138.0 - global_seqlen/mean:66138.0 - actor/pg_clipfrac:0.0029521445617052343 - actor/ppo_kl:0.0008657184533898116 - actor/pg_clipfrac_lower:0.0 - actor/pg_loss:0.03291701851412654 - actor/loss:0.03291701525449753 - actor/grad_norm:0.01992366462945938 - actor/lr:1.7e-05 - actor/perf/max_memory_allocated_gb:23.561654567718506 - actor/perf/max_memory_reserved_gb:25.5703125 - actor/perf/cpu_memory_used_gb:99.35845947265625 - perf/mfu/actor:0.19691973498018644 - training/global_step:124 - training/epoch:0 - critic/score/mean:0.484375 - critic/score/max:1.0 - critic/score/min:0.0 - critic/rewards/mean:0.484375 - critic/rewards/max:1.0 - critic/rewards/min:0.0 - critic/advantages/mean:-0.03303368017077446 - critic/advantages/max:1.4999970197677612 - critic/advantages/min:-1.4999970197677612 - critic/returns/mean:-0.03303368017077446 - critic/returns/max:1.4999970197677612 - critic/returns/min:-1.4999970197677612 - response_length/mean:942.28125 - response_length/max:1024.0 - response_length/min:558.0 - response_length/clip_ratio:0.609375 - response_length_non_aborted/mean:942.28125 - response_length_non_aborted/max:1024.0 - response_length_non_aborted/min:558.0 - response_length_non_aborted/clip_ratio:0.609375 - response/aborted_ratio:0.0 - prompt_length/mean:91.125 - prompt_length/max:133.0 - prompt_length/min:72.0 - prompt_length/clip_ratio:0.0625 - timing_s/gen:54.2082724487409 - timing_s/old_log_prob:0.1341844229027629 - timing_s/adv:0.18459302745759487 - timing_s/update_actor:26.279798675328493 - timing_s/update_weights:53.40041054598987 - timing_s/step:134.36957156285644 - timing_per_token_ms/adv:0.0027910282660134093 - timing_per_token_ms/update_actor:0.39734794936841894 - timing_per_token_ms/gen:0.8988868843687344 - perf/total_num_tokens:66138 - perf/time_per_step:134.36957156285644 - perf/throughput:246.10482578290225 - training/num_turns/mean:2.0 - training/num_turns/max:2 - training/num_turns/min:2 - training/off_policy/trajectory_spans/mean:1.0 - training/off_policy/trajectory_spans/max:1 - training/off_policy/trajectory_spans/min:1 - training/off_policy/trajectory_staleness/mean:0.0 - training/off_policy/trajectory_staleness/max:0 - training/off_policy/trajectory_staleness/min:0 - training/off_policy/trajectory_staleness_worst/mean:0.0 - training/off_policy/trajectory_staleness_worst/max:0 - training/off_policy/trajectory_staleness_worst/min:0
[36m(TaskRunnerV1 pid=108806)[0m INFO:2026-07-30 15:46:19,628:Saving checkpoint to /mnt/lv_model/npu60005420a/qy_owner_experiments_20260730/qy_owner_verl_full125_noeval_final_npu23/checkpoints/global_step_125
[36m(vLLMHttpServer pid=121375)[0m (Worker pid=122556) INFO:2026-07-30 15:47:39,225:Loading standard weights (non-FP8, async), loaded_params: 3, loaded_buffers: 0
[36m(vLLMHttpServer pid=121375)[0m (Worker pid=122556) INFO:2026-07-30 15:47:40,203:Loading standard weights (non-FP8, async), loaded_params: 43, loaded_buffers: 0
[36m(vLLMHttpServer pid=121375)[0m (Worker pid=122556) INFO:2026-07-30 15:47:41,124:Loading standard weights (non-FP8, async), loaded_params: 43, loaded_buffers: 0
[36m(vLLMHttpServer pid=121375)[0m (Worker pid=122556) INFO:2026-07-30 15:47:42,055:Loading standard weights (non-FP8, async), loaded_params: 41, loaded_buffers: 0
[36m(vLLMHttpServer pid=121375)[0m (Worker pid=122556) INFO:2026-07-30 15:47:42,993:Loading standard weights (non-FP8, async), loaded_params: 43, loaded_buffers: 0
[36m(vLLMHttpServer pid=121375)[0m (Worker pid=122556) INFO:2026-07-30 15:47:43,895:Loading standard weights (non-FP8, async), loaded_params: 43, loaded_buffers: 0
[36m(vLLMHttpServer pid=121375)[0m (Worker pid=122556) INFO:2026-07-30 15:47:44,829:Loading standard weights (non-FP8, async), loaded_params: 41, loaded_buffers: 0
[36m(vLLMHttpServer pid=121375)[0m (Worker pid=122556) INFO:2026-07-30 15:47:45,750:Loading standard weights (non-FP8, async), loaded_params: 43, loaded_buffers: 0
[36m(vLLMHttpServer pid=121375)[0m (Worker pid=122556) INFO:2026-07-30 15:47:46,696:Loading standard weights (non-FP8, async), loaded_params: 43, loaded_buffers: 0
[36m(vLLMHttpServer pid=121375)[0m (Worker pid=122556) INFO:2026-07-30 15:47:48,612:Loading standard weights (non-FP8, async), loaded_params: 43, loaded_buffers: 0
[36m(vLLMHttpServer pid=121375)[0m (Worker pid=122556) INFO:2026-07-30 15:47:49,008:Loading standard weights (non-FP8, async), loaded_params: 12, loaded_buffers: 0
[36m(vLLMHttpServer pid=121375)[0m (Worker pid=122556) INFO:2026-07-30 15:47:49,493:Loading standard weights (non-FP8, async), loaded_params: 1, loaded_buffers: 0
[36m(vLLMHttpServer pid=121375)[0m (EngineCore pid=122102) WARNING 07-30 15:47:51 [scheduler.py:1883] reset_connector called but no KV connector is configured.
[36m(TaskRunnerV1 pid=108806)[0m Dumped generations to /mnt/lv_model/npu60005420a/qy_owner_experiments_20260730/qy_owner_verl_full125_noeval_final_npu23/rollouts/125.jsonl
[36m(TaskRunnerV1 pid=108806)[0m Training Progress: 100%|██████████| 125/125 [5:12:02<00:00, 151.11s/it]Training Progress: 100%|██████████| 125/125 [5:12:02<00:00, 149.78s/it]
[36m(TaskRunnerV1 pid=108806)[0m step:125 - global_seqlen/min:67491.0 - global_seqlen/max:67491.0 - global_seqlen/minmax_diff:0.0 - global_seqlen/balanced_min:67491.0 - global_seqlen/balanced_max:67491.0 - global_seqlen/mean:67491.0 - actor/pg_clipfrac:0.002447381547159132 - actor/ppo_kl:0.0008458772717858665 - actor/pg_clipfrac_lower:0.0 - actor/pg_loss:0.025698337992253073 - actor/loss:0.025698333978652954 - actor/grad_norm:0.020664263516664505 - actor/lr:1.7e-05 - actor/perf/max_memory_allocated_gb:23.561654567718506 - actor/perf/max_memory_reserved_gb:25.5703125 - actor/perf/cpu_memory_used_gb:99.3566665649414 - perf/mfu/actor:0.20078020670582372 - training/global_step:125 - training/epoch:0 - critic/score/mean:0.40625 - critic/score/max:1.0 - critic/score/min:0.0 - critic/rewards/mean:0.40625 - critic/rewards/max:1.0 - critic/rewards/min:0.0 - critic/advantages/mean:-0.025535907596349716 - critic/advantages/max:1.4999970197677612 - critic/advantages/min:-1.4999970197677612 - critic/returns/mean:-0.025535907596349716 - critic/returns/max:1.4999970197677612 - critic/returns/min:-1.4999970197677612 - response_length/mean:962.609375 - response_length/max:1024.0 - response_length/min:411.0 - response_length/clip_ratio:0.71875 - response_length_non_aborted/mean:962.609375 - response_length_non_aborted/max:1024.0 - response_length_non_aborted/min:411.0 - response_length_non_aborted/clip_ratio:0.71875 - response/aborted_ratio:0.0 - prompt_length/mean:91.9375 - prompt_length/max:130.0 - prompt_length/min:69.0 - prompt_length/clip_ratio:0.0625 - timing_s/gen:56.2137052603066 - timing_s/old_log_prob:0.13938764575868845 - timing_s/adv:0.18651251401752234 - timing_s/update_actor:26.320568868890405 - timing_s/save_checkpoint:38.85680648405105 - timing_s/update_weights:52.74781548604369 - timing_s/step:174.62226551026106 - timing_per_token_ms/adv:0.002763516824725109 - timing_per_token_ms/update_actor:0.38998635179343033 - timing_per_token_ms/gen:0.9124564620953235 - perf/total_num_tokens:67491 - perf/time_per_step:174.62226551026106 - perf/throughput:193.24855224729097 - training/num_turns/mean:2.0 - training/num_turns/max:2 - training/num_turns/min:2 - training/off_policy/trajectory_spans/mean:1.0 - training/off_policy/trajectory_spans/max:1 - training/off_policy/trajectory_spans/min:1 - training/off_policy/trajectory_staleness/mean:0.0 - training/off_policy/trajectory_staleness/max:0 - training/off_policy/trajectory_staleness/min:0 - training/off_policy/trajectory_staleness_worst/mean:0.0 - training/off_policy/trajectory_staleness_worst/max:0 - training/off_policy/trajectory_staleness_worst/min:0
[36m(TaskRunnerV1 pid=108806)[0m 'Final validation metrics: None'
[36m(TaskRunnerV1 pid=108806)[0m Traceback (most recent call last):
[36m(TaskRunnerV1 pid=108806)[0m   File "/usr/local/python3.11.15/lib/python3.11/weakref.py", line 666, in _exitfunc
[36m(TaskRunnerV1 pid=108806)[0m     f()
[36m(TaskRunnerV1 pid=108806)[0m   File "/usr/local/python3.11.15/lib/python3.11/weakref.py", line 590, in __call__
[36m(TaskRunnerV1 pid=108806)[0m     return info.func(*info.args, **(info.kwargs or {}))
[36m(TaskRunnerV1 pid=108806)[0m            ^^^^^^^^^^^^^^^^^^^^^^^^^^^^^^^^^^^^^^^^^^^^
[36m(TaskRunnerV1 pid=108806)[0m   File "/usr/local/python3.11.15/lib/python3.11/site-packages/torch/library.py", line 462, in _del_library
[36m(TaskRunnerV1 pid=108806)[0m     m.reset()
[36m(TaskRunnerV1 pid=108806)[0m   File "/usr/local/python3.11.15/lib/python3.11/site-packages/torch/utils/data/_utils/signal_handling.py", line 73, in handler
[36m(TaskRunnerV1 pid=108806)[0m     _error_if_any_worker_fails()
[36m(TaskRunnerV1 pid=108806)[0m RuntimeError: DataLoader worker (pid 131343) is killed by signal: Killed. 
[36m(vLLMHttpServer pid=121375)[0m (Worker pid=122556) /usr/local/python3.11.15/lib/python3.11/multiprocessing/resource_tracker.py:123: UserWarning: resource_tracker: process died unexpectedly, relaunching.  Some resources might leak.
[36m(vLLMHttpServer pid=121375)[0m (Worker pid=122556)   warnings.warn('resource_tracker: process died unexpectedly, '
[36m(vLLMHttpServer pid=121375)[0m Traceback (most recent call last):
[36m(vLLMHttpServer pid=121375)[0m   File "/usr/local/python3.11.15/lib/python3.11/multiprocessing/resource_tracker.py", line 239, in main
[36m(vLLMHttpServer pid=121375)[0m     cache[rtype].remove(name)
[36m(vLLMHttpServer pid=121375)[0m KeyError: '/psm_fdf135b4'
QY_VERL_RUN_RC=0
QY_VERL_RUN_ELAPSED_SECONDS=19688
RESULT: OWNER_VERL_FULL125_NOEVAL_RUN_PASS
