+++ dirname /mnt/lv_model/npu60005420a/packages/twinkle_aligned_verl_grpo_npu_2cards_owner_20260729/run_qwen3_4b_v1_separate_async_npu_2cards.sh
++ cd /mnt/lv_model/npu60005420a/packages/twinkle_aligned_verl_grpo_npu_2cards_owner_20260729
++ pwd
+ SCRIPT_DIR=/mnt/lv_model/npu60005420a/packages/twinkle_aligned_verl_grpo_npu_2cards_owner_20260729
+ ROOT_DIR=/workspace/verl_official_main_17ea153d95ee_20260729
+ cd /workspace/verl_official_main_17ea153d95ee_20260729
+ export VERL_ROOT=/workspace/verl_official_main_17ea153d95ee_20260729
+ VERL_ROOT=/workspace/verl_official_main_17ea153d95ee_20260729
+ export GSM8K_REWARD_PATH=/mnt/lv_model/npu60005420a/packages/twinkle_aligned_verl_grpo_npu_2cards_owner_20260729/gsm8k_accuracy_reward.py
+ GSM8K_REWARD_PATH=/mnt/lv_model/npu60005420a/packages/twinkle_aligned_verl_grpo_npu_2cards_owner_20260729/gsm8k_accuracy_reward.py
+ export ASCEND_RT_VISIBLE_DEVICES=2,3
+ ASCEND_RT_VISIBLE_DEVICES=2,3
+ export HCCL_CONNECT_TIMEOUT=1500
+ HCCL_CONNECT_TIMEOUT=1500
+ export HCCL_HOST_SOCKET_PORT_RANGE=60000-60050
+ HCCL_HOST_SOCKET_PORT_RANGE=60000-60050
+ export HCCL_NPU_SOCKET_PORT_RANGE=61000-61050
+ HCCL_NPU_SOCKET_PORT_RANGE=61000-61050
+ export VLLM_USE_V1=1
+ VLLM_USE_V1=1
+ export TASK_QUEUE_ENABLE=2
+ TASK_QUEUE_ENABLE=2
+ export CPU_AFFINITY_CONF=1
+ CPU_AFFINITY_CONF=1
+ export TOKENIZERS_PARALLELISM=false
+ TOKENIZERS_PARALLELISM=false
+ export VERL_LOGGING_LEVEL=INFO
+ VERL_LOGGING_LEVEL=INFO
+ export RAY_DATA_HOME=/root/verl
+ RAY_DATA_HOME=/root/verl
+ export MODEL_PATH=/mnt/lv_model/npu60005420a/models/Qwen3-4B
+ MODEL_PATH=/mnt/lv_model/npu60005420a/models/Qwen3-4B
+ export TRAIN_FILE=/mnt/lv_model/npu60005420a/data/gsm8k_owner_aligned_20260729/verl_train_twinkle_aligned.parquet
+ TRAIN_FILE=/mnt/lv_model/npu60005420a/data/gsm8k_owner_aligned_20260729/verl_train_twinkle_aligned.parquet
+ export TEST_FILE=/mnt/lv_model/npu60005420a/data/gsm8k_owner_aligned_20260729/verl_test_official_twinkle_aligned.parquet
+ TEST_FILE=/mnt/lv_model/npu60005420a/data/gsm8k_owner_aligned_20260729/verl_test_official_twinkle_aligned.parquet
+ export OUTPUT_DIR=/mnt/lv_model/npu60005420a/qy_owner_smoke_20260729/qy_owner_verl_smoke1_v2_npu23
+ OUTPUT_DIR=/mnt/lv_model/npu60005420a/qy_owner_smoke_20260729/qy_owner_verl_smoke1_v2_npu23
+ export CKPTS_DIR=/mnt/lv_model/npu60005420a/qy_owner_smoke_20260729/qy_owner_verl_smoke1_v2_npu23/checkpoints
+ CKPTS_DIR=/mnt/lv_model/npu60005420a/qy_owner_smoke_20260729/qy_owner_verl_smoke1_v2_npu23/checkpoints
+ python3 -c 'import torch_npu, transfer_queue, vllm'
+ test -f /mnt/lv_model/npu60005420a/packages/twinkle_aligned_verl_grpo_npu_2cards_owner_20260729/gsm8k_accuracy_reward.py
+ test -f /mnt/lv_model/npu60005420a/data/gsm8k_owner_aligned_20260729/verl_train_twinkle_aligned.parquet
+ test -f /mnt/lv_model/npu60005420a/data/gsm8k_owner_aligned_20260729/verl_test_official_twinkle_aligned.parquet
+ mkdir -p /mnt/lv_model/npu60005420a/qy_owner_smoke_20260729/qy_owner_verl_smoke1_v2_npu23/checkpoints
+ mkdir -p /mnt/lv_model/npu60005420a/qy_owner_smoke_20260729/qy_owner_verl_smoke1_v2_npu23
+ python3 - /mnt/lv_model/npu60005420a/data/gsm8k_owner_aligned_20260729/verl_train_twinkle_aligned.parquet /mnt/lv_model/npu60005420a/data/gsm8k_owner_aligned_20260729/verl_test_official_twinkle_aligned.parquet
Twinkle GSM8KProcessor prompt and ground-truth contract validated
+ python3 -m verl.trainer.main_ppo --config-name=v1_separate_async_grpo_npu_2cards trainer.experiment_name=qy_owner_verl_smoke1_v2_npu23 trainer.total_training_steps=1 trainer.total_epochs=1 trainer.save_freq=1 trainer.test_freq=-1
/usr/local/python3.11.15/lib/python3.11/site-packages/torch_npu/npu/__init__.py:539: UserWarning: You can set the device capability via the environment variable TORCH_NPU_DEVICE_CAPABILITY. The return value of get_device_capability is only for compatibility with PyTorch and does not represent the actual capability of the NPU device.
  warnings.warn(f"You can set the device capability via the environment variable TORCH_NPU_DEVICE_CAPABILITY. {warning_str}")
/workspace/verl_official_main_17ea153d95ee_20260729/verl/trainer/main_ppo.py:181: UserWarning: Disabled critic as algorithm.adv_estimator != gae. If it is not intended, please set critic.enable=True
  use_critic=need_critic(config),
WARNING: val_batch_size is deprecated. Validation datasets are sent to inference engines as a whole batch, which will schedule the memory themselves.
[2026-07-29 13:21:13,160][torch_npu.env][INFO] - get env LD_LIBRARY_PATH = /usr/local/Ascend/nnal/atb/latest/atb/cxx_abi_1/lib:/usr/local/Ascend/nnal/atb/latest/atb/cxx_abi_1/examples:/usr/local/Ascend/nnal/atb/latest/atb/cxx_abi_1/tests/atbopstest:/usr/local/Ascend/cann-9.0.0/lib64:/usr/local/Ascend/cann-9.0.0/lib64/plugin/opskernel:/usr/local/Ascend/cann-9.0.0/lib64/plugin/nnengine:/usr/local/Ascend/cann-9.0.0/opp/built-in/op_impl/ai_core/tbe/op_tiling/lib/linux/aarch64:/usr/local/Ascend/driver/lib64:/usr/local/Ascend/driver/lib64/common:/usr/local/Ascend/driver/lib64/driver:/usr/local/Ascend/nnal/atb/latest/atb/cxx_abi_1/lib:/usr/local/Ascend/nnal/atb/latest/atb/cxx_abi_1/examples:/usr/local/Ascend/nnal/atb/latest/atb/cxx_abi_1/tests/atbopstest:/usr/local/Ascend/driver/lib64:/usr/local/Ascend/driver/lib64/common:/usr/local/Ascend/driver/lib64/driver:/usr/local/Ascend/driver/lib64:/usr/local/Ascend/driver/lib64/common:/usr/local/Ascend/driver/lib64/driver:/usr/local/Ascend/nnal/atb/latest/atb/cxx_abi_1/lib:/usr/local/Ascend/nnal/atb/latest/atb/cxx_abi_1/examples:/usr/local/Ascend/nnal/atb/latest/atb/cxx_abi_1/tests/atbopstest:/usr/local/Ascend/ascend-toolkit/latest/tools/aml/lib64:/usr/local/Ascend/ascend-toolkit/latest/tools/aml/lib64/plugin:/usr/local/Ascend/ascend-toolkit/latest/lib64:/usr/local/Ascend/ascend-toolkit/latest/lib64/plugin/opskernel:/usr/local/Ascend/ascend-toolkit/latest/lib64/plugin/nnengine:/usr/local/Ascend/ascend-toolkit/latest/opp/built-in/op_impl/ai_core/tbe/op_tiling:/usr/local/python3.11.15/lib:
INFO 07-29 13:21:13 [__init__.py:44] Available plugins for group vllm.platform_plugins:
INFO 07-29 13:21:13 [__init__.py:46] - ascend -> vllm_ascend:register
INFO 07-29 13:21:13 [__init__.py:49] All plugins in this group will be loaded. Set `VLLM_PLUGINS` to control which plugins to load.
INFO 07-29 13:21:13 [__init__.py:239] Platform plugin ascend is activated
[2026-07-29 13:21:16,967][torch_npu.env][INFO] - get env TORCHINDUCTOR_CACHE_DIR = /tmp/torchinductor_root
[validate_config] All configuration checks passed successfully!
[2026-07-29 13:21:17,974][torch_npu.env][INFO] - get env TOKENIZERS_PARALLELISM = false
[2026-07-29 13:21:17,975][torch_npu.env][INFO] - get env HCCL_HOST_SOCKET_PORT_RANGE = 60000-60050
[2026-07-29 13:21:17,975][torch_npu.env][INFO] - get env HCCL_NPU_SOCKET_PORT_RANGE = 61000-61050
[2026-07-29 13:21:17,975][torch_npu.env][INFO] - get env PYTHONPATH = /workspace/verl_official_main_17ea153d95ee_20260729:/usr/local/Ascend/cann-9.0.0/python/site-packages:/usr/local/Ascend/cann-9.0.0/opp/built-in/op_impl/ai_core/tbe:/usr/local/Ascend/ascend-toolkit/latest/python/site-packages:/usr/local/Ascend/ascend-toolkit/latest/opp/built-in/op_impl/ai_core/tbe:
ray init kwargs: {'num_cpus': None, 'runtime_env': {'env_vars': {'NCCL_DEBUG': 'WARN', 'VLLM_LOGGING_LEVEL': 'WARN', 'VLLM_ALLOW_RUNTIME_LORA_UPDATING': 'true', 'VLLM_DISABLE_COMPILE_CACHE': '1', 'HSA_NO_SCRATCH_RECLAIM': '1', 'PYTHONHASHSEED': '0', 'VERL_FULL_DETERMINISM': '0', 'VLLM_BATCH_INVARIANT': '0', 'VERL_RL_INSIGHT_ENABLE': '0', 'PYTHONPATH': '/workspace/verl_official_main_17ea153d95ee_20260729:/usr/local/Ascend/cann-9.0.0/python/site-packages:/usr/local/Ascend/cann-9.0.0/opp/built-in/op_impl/ai_core/tbe:/usr/local/Ascend/ascend-toolkit/latest/python/site-packages:/usr/local/Ascend/ascend-toolkit/latest/opp/built-in/op_impl/ai_core/tbe:', 'TRANSFER_QUEUE_ENABLE': '1'}, 'working_dir': None}}
[2026-07-29 13:21:21,511][torch_npu.env][INFO] - get env RAY_USAGE_STATS_ENABLED = 0
2026-07-29 13:21:27,399	INFO worker.py:2003 -- Started a local Ray instance. View the dashboard at [1m[32mhttp://127.0.0.1:8265 [39m[22m
/usr/local/python3.11.15/lib/python3.11/site-packages/ray/_private/worker.py:2051: FutureWarning: Tip: In future versions of Ray, Ray will no longer override accelerator visible devices env var if num_gpus=0 or num_gpus=None (default). To enable this behavior and turn off this error message, set RAY_ACCEL_ENV_VAR_OVERRIDE_ON_ZERO=0
  warnings.warn(
[36m(TaskRunnerV1 pid=13158)[0m WARNING:2026-07-29 13:21:50,686:Platform 'huawei' (PlatformNPU) is registered but not available. This may be due to this ray actor being a CPU-only actor.
[36m(TaskRunnerV1 pid=13158)[0m /usr/local/python3.11.15/lib/python3.11/site-packages/torch_npu/contrib/transfer_to_npu.py:362: ImportWarning: 
[36m(TaskRunnerV1 pid=13158)[0m     *************************************************************************************************************
[36m(TaskRunnerV1 pid=13158)[0m     The torch.Tensor.cuda and torch.nn.Module.cuda are replaced with torch.Tensor.npu and torch.nn.Module.npu now..
[36m(TaskRunnerV1 pid=13158)[0m     The torch.cuda.DoubleTensor is replaced with torch.npu.FloatTensor cause the double type is not supported now..
[36m(TaskRunnerV1 pid=13158)[0m     The backend in torch.distributed.init_process_group set to hccl now..
[36m(TaskRunnerV1 pid=13158)[0m     The torch.cuda.* and torch.cuda.amp.* are replaced with torch.npu.* and torch.npu.amp.* now..
[36m(TaskRunnerV1 pid=13158)[0m     The device parameters have been replaced with npu in the function below:
[36m(TaskRunnerV1 pid=13158)[0m     torch.logspace, torch.randint, torch.hann_window, torch.rand, torch.full_like, torch.ones_like, torch.rand_like, torch.randperm, torch.arange, torch.frombuffer, torch.normal, torch._empty_per_channel_affine_quantized, torch.empty_strided, torch.empty_like, torch.scalar_tensor, torch.tril_indices, torch.bartlett_window, torch.ones, torch.sparse_coo_tensor, torch.randn, torch.kaiser_window, torch.tensor, torch.triu_indices, torch.as_tensor, torch.zeros, torch.randint_like, torch.full, torch.eye, torch._sparse_csr_tensor_unsafe, torch.empty, torch._sparse_coo_tensor_unsafe, torch.blackman_window, torch.zeros_like, torch.range, torch.sparse_csr_tensor, torch.randn_like, torch.from_file, torch._cudnn_init_dropout_state, torch._empty_affine_quantized, torch.linspace, torch.hamming_window, torch.empty_quantized, torch._pin_memory, torch.load, torch.set_default_device, torch.get_device_module, torch.sparse_compressed_tensor, torch.Tensor.new_empty, torch.Tensor.new_empty_strided, torch.Tensor.new_full, torch.Tensor.new_ones, torch.Tensor.new_tensor, torch.Tensor.new_zeros, torch.Tensor.to, torch.Tensor.pin_memory, torch.nn.Module.to, torch.nn.Module.to_empty
[36m(TaskRunnerV1 pid=13158)[0m     *************************************************************************************************************
[36m(TaskRunnerV1 pid=13158)[0m     
[36m(TaskRunnerV1 pid=13158)[0m   warnings.warn(msg, ImportWarning)
[36m(TaskRunnerV1 pid=13158)[0m /usr/local/python3.11.15/lib/python3.11/site-packages/torch_npu/contrib/transfer_to_npu.py:291: RuntimeWarning: torch.jit.script and torch.jit.script_method will be disabled by transfer_to_npu, which currently does not support them, if you need to enable them, please do not use transfer_to_npu.
[36m(TaskRunnerV1 pid=13158)[0m   warnings.warn(msg, RuntimeWarning)
[36m(TaskRunnerV1 pid=13158)[0m /MindSpeed/mindspeed/features_manager/megatron_basic/requirements_basic.py:68: UserWarning: fla_npu is not installed. use chunk_gated_delta_rule instead.
[36m(TaskRunnerV1 pid=13158)[0m   warnings.warn("fla_npu is not installed. use chunk_gated_delta_rule instead.")
[36m(TaskRunnerV1 pid=13158)[0m /Megatron-LM/megatron/core/inference/contexts/__init__.py:9: DeprecationWarning: The following imports from `dynamic_context.py` will be removed in this file in `megatron-core` 0.14. The imports here result in a cyclic import issue that causes rotary embeddings to import from Apex rather than Transformer Engine.
[36m(TaskRunnerV1 pid=13158)[0m   warnings.warn(
[36m(TaskRunnerV1 pid=13158)[0m /MindSpeed/mindspeed/core/tensor_parallel/tp_2d/layernorm_2d.py:88: FutureWarning: `torch_npu.npu.amp.custom_fwd(args...)` is deprecated. Please use `torch.amp.custom_fwd(args..., device_type='npu')` instead.
[36m(TaskRunnerV1 pid=13158)[0m   @custom_fwd
[36m(TaskRunnerV1 pid=13158)[0m /MindSpeed/mindspeed/core/tensor_parallel/tp_2d/layernorm_2d.py:147: FutureWarning: `torch_npu.npu.amp.custom_bwd(args...)` is deprecated. Please use `torch.amp.custom_bwd(args..., device_type='npu')` instead.
[36m(TaskRunnerV1 pid=13158)[0m   @custom_bwd
[36m(TaskRunnerV1 pid=13158)[0m /MindSpeed/mindspeed/core/tensor_parallel/tp_2d/rms_norm_2d.py:66: FutureWarning: `torch_npu.npu.amp.custom_fwd(args...)` is deprecated. Please use `torch.amp.custom_fwd(args..., device_type='npu')` instead.
[36m(TaskRunnerV1 pid=13158)[0m   @custom_fwd
[36m(TaskRunnerV1 pid=13158)[0m /MindSpeed/mindspeed/core/tensor_parallel/tp_2d/rms_norm_2d.py:87: FutureWarning: `torch_npu.npu.amp.custom_bwd(args...)` is deprecated. Please use `torch.amp.custom_bwd(args..., device_type='npu')` instead.
[36m(TaskRunnerV1 pid=13158)[0m   @custom_bwd
[36m(TaskRunnerV1 pid=13158)[0m /Megatron-LM/megatron/core/transformer/multi_latent_attention.py:36: DeprecationWarning: The 'megatron.core.transformer.custom_layers.transformer_engine' 
[36m(TaskRunnerV1 pid=13158)[0m     module is deprecated and will be removed in 0.10.0. Please use 
[36m(TaskRunnerV1 pid=13158)[0m     'megatron.core.extensions.transformer_engine' instead.
[36m(TaskRunnerV1 pid=13158)[0m   from megatron.core.transformer.custom_layers.transformer_engine import (
[36m(TaskRunnerV1 pid=13158)[0m [Rank 0 | Local Rank 0] 2026-07-29 13:21:50,982 INFO [mindspeed.megatron_adaptor:33] => start to patch features in megatron adaptor.
[36m(TaskRunnerV1 pid=13158)[0m [Rank 0 | Local Rank 0] 2026-07-29 13:21:53,954 INFO [megatron.core.distributed.fsdp.src.megatron_fsdp.mixed_precision:34] => Using Megatron-FSDP without Transformer Engine.
[36m(TaskRunnerV1 pid=13158)[0m [Rank 0 | Local Rank 0] 2026-07-29 13:21:53,958 INFO [megatron.core.distributed.fsdp.src.megatron_fsdp.param_and_grad_buffer:69] => Detected Megatron Core, using Megatron-FSDP with Megatron.
[36m(TaskRunnerV1 pid=13158)[0m [Rank 0 | Local Rank 0] 2026-07-29 13:21:53,963 INFO [megatron.core.distributed.fsdp.src.megatron_fsdp.megatron_fsdp:47] => Detected Megatron Core, using Megatron-FSDP with Megatron.
[36m(TaskRunnerV1 pid=13158)[0m {'actor_rollout_ref': {'actor': {'_target_': 'verl.workers.config.FSDPActorConfig',
[36m(TaskRunnerV1 pid=13158)[0m                                  'calculate_entropy': False,
[36m(TaskRunnerV1 pid=13158)[0m                                  'calculate_sum_pi_squared': False,
[36m(TaskRunnerV1 pid=13158)[0m                                  'checkpoint': {'_target_': 'verl.trainer.config.CheckpointConfig',
[36m(TaskRunnerV1 pid=13158)[0m                                                 'async_save': False,
[36m(TaskRunnerV1 pid=13158)[0m                                                 'load_contents': ['model',
[36m(TaskRunnerV1 pid=13158)[0m                                                                   'optimizer',
[36m(TaskRunnerV1 pid=13158)[0m                                                                   'extra'],
[36m(TaskRunnerV1 pid=13158)[0m                                                 'save_contents': ['model',
[36m(TaskRunnerV1 pid=13158)[0m                                                                   'optimizer',
[36m(TaskRunnerV1 pid=13158)[0m                                                                   'extra'],
[36m(TaskRunnerV1 pid=13158)[0m                                                 'strict': True},
[36m(TaskRunnerV1 pid=13158)[0m                                  'clip_ratio': 0.2,
[36m(TaskRunnerV1 pid=13158)[0m                                  'clip_ratio_c': 3.0,
[36m(TaskRunnerV1 pid=13158)[0m                                  'clip_ratio_high': 0.2,
[36m(TaskRunnerV1 pid=13158)[0m                                  'clip_ratio_low': 0.2,
[36m(TaskRunnerV1 pid=13158)[0m                                  'data_loader_seed': 1,
[36m(TaskRunnerV1 pid=13158)[0m                                  'entropy_checkpointing': False,
[36m(TaskRunnerV1 pid=13158)[0m                                  'entropy_coeff': 0,
[36m(TaskRunnerV1 pid=13158)[0m                                  'entropy_from_logits_chunk_size': 2048,
[36m(TaskRunnerV1 pid=13158)[0m                                  'entropy_from_logits_with_chunking': False,
[36m(TaskRunnerV1 pid=13158)[0m                                  'freeze_vision_tower': False,
[36m(TaskRunnerV1 pid=13158)[0m                                  'fsdp_config': {'_target_': 'verl.workers.config.FSDPEngineConfig',
[36m(TaskRunnerV1 pid=13158)[0m                                                  'dtype': 'bfloat16',
[36m(TaskRunnerV1 pid=13158)[0m                                                  'entropy_checkpointing': False,
[36m(TaskRunnerV1 pid=13158)[0m                                                  'entropy_from_logits_chunk_size': 2048,
[36m(TaskRunnerV1 pid=13158)[0m                                                  'entropy_from_logits_with_chunking': False,
[36m(TaskRunnerV1 pid=13158)[0m                                                  'forward_only': False,
[36m(TaskRunnerV1 pid=13158)[0m                                                  'forward_prefetch': False,
[36m(TaskRunnerV1 pid=13158)[0m                                                  'fsdp_size': -1,
[36m(TaskRunnerV1 pid=13158)[0m                                                  'full_determinism': False,
[36m(TaskRunnerV1 pid=13158)[0m                                                  'model_dtype': 'fp32',
[36m(TaskRunnerV1 pid=13158)[0m                                                  'offload_policy': False,
[36m(TaskRunnerV1 pid=13158)[0m                                                  'optimizer_offload': False,
[36m(TaskRunnerV1 pid=13158)[0m                                                  'param_offload': False,
[36m(TaskRunnerV1 pid=13158)[0m                                                  'qat': {'_target_': 'verl.workers.config.QATEngineConfig',
[36m(TaskRunnerV1 pid=13158)[0m                                                          'activation_observer': 'static_minmax',
[36m(TaskRunnerV1 pid=13158)[0m                                                          'enable': False,
[36m(TaskRunnerV1 pid=13158)[0m                                                          'group_size': 16,
[36m(TaskRunnerV1 pid=13158)[0m                                                          'ignore_patterns': ['lm_head',
[36m(TaskRunnerV1 pid=13158)[0m                                                                              'embed_tokens',
[36m(TaskRunnerV1 pid=13158)[0m                                                                              're:.*mlp.gate$'],
[36m(TaskRunnerV1 pid=13158)[0m                                                          'mode': 'w4a16',
[36m(TaskRunnerV1 pid=13158)[0m                                                          'quantization_config_path': None},
[36m(TaskRunnerV1 pid=13158)[0m                                                  'reshard_after_forward': True,
[36m(TaskRunnerV1 pid=13158)[0m                                                  'seed': 1,
[36m(TaskRunnerV1 pid=13158)[0m                                                  'strategy': 'fsdp2',
[36m(TaskRunnerV1 pid=13158)[0m                                                  'ulysses_sequence_parallel_size': 1,
[36m(TaskRunnerV1 pid=13158)[0m                                                  'use_orig_params': False,
[36m(TaskRunnerV1 pid=13158)[0m                                                  'use_torch_compile': False,
[36m(TaskRunnerV1 pid=13158)[0m                                                  'wrap_policy': {'min_num_params': 0}},
[36m(TaskRunnerV1 pid=13158)[0m                                  'grad_clip': 1.0,
[36m(TaskRunnerV1 pid=13158)[0m                                  'kl_loss_coef': 0.001,
[36m(TaskRunnerV1 pid=13158)[0m                                  'kl_loss_type': 'low_var_kl',
[36m(TaskRunnerV1 pid=13158)[0m                                  'loss_agg_mode': 'token-mean',
[36m(TaskRunnerV1 pid=13158)[0m                                  'loss_scale_factor': None,
[36m(TaskRunnerV1 pid=13158)[0m                                  'optim': {'_target_': 'verl.workers.config.FSDPOptimizerConfig',
[36m(TaskRunnerV1 pid=13158)[0m                                            'betas': [0.9, 0.999],
[36m(TaskRunnerV1 pid=13158)[0m                                            'clip_grad': 1.0,
[36m(TaskRunnerV1 pid=13158)[0m                                            'lr': 1.7e-05,
[36m(TaskRunnerV1 pid=13158)[0m                                            'lr_scheduler_type': 'constant',
[36m(TaskRunnerV1 pid=13158)[0m                                            'lr_warmup_steps': -1,
[36m(TaskRunnerV1 pid=13158)[0m                                            'lr_warmup_steps_ratio': 0.0,
[36m(TaskRunnerV1 pid=13158)[0m                                            'min_lr_ratio': 0.0,
[36m(TaskRunnerV1 pid=13158)[0m                                            'num_cycles': 0.5,
[36m(TaskRunnerV1 pid=13158)[0m                                            'optimizer': 'AdamW',
[36m(TaskRunnerV1 pid=13158)[0m                                            'optimizer_impl': 'torch.optim',
[36m(TaskRunnerV1 pid=13158)[0m                                            'override_optimizer_config': None,
[36m(TaskRunnerV1 pid=13158)[0m                                            'total_training_steps': -1,
[36m(TaskRunnerV1 pid=13158)[0m                                            'warmup_style': None,
[36m(TaskRunnerV1 pid=13158)[0m                                            'weight_decay': 0.01,
[36m(TaskRunnerV1 pid=13158)[0m                                            'zero_indexed_step': True},
[36m(TaskRunnerV1 pid=13158)[0m                                  'policy_loss': {'_target_': 'verl.workers.config.PolicyLossConfig',
[36m(TaskRunnerV1 pid=13158)[0m                                                  'clip_cov_lb': 1.0,
[36m(TaskRunnerV1 pid=13158)[0m                                                  'clip_cov_ratio': 0.0002,
[36m(TaskRunnerV1 pid=13158)[0m                                                  'clip_cov_ub': 5.0,
[36m(TaskRunnerV1 pid=13158)[0m                                                  'kl_cov_ratio': 0.0002,
[36m(TaskRunnerV1 pid=13158)[0m                                                  'loss_mode': 'vanilla',
[36m(TaskRunnerV1 pid=13158)[0m                                                  'ppo_kl_coef': 0.1},
[36m(TaskRunnerV1 pid=13158)[0m                                  'ppo_epochs': 1,
[36m(TaskRunnerV1 pid=13158)[0m                                  'ppo_max_token_len_per_gpu': 4096,
[36m(TaskRunnerV1 pid=13158)[0m                                  'ppo_micro_batch_size': None,
[36m(TaskRunnerV1 pid=13158)[0m                                  'ppo_micro_batch_size_per_gpu': None,
[36m(TaskRunnerV1 pid=13158)[0m                                  'ppo_mini_batch_size': 16,
[36m(TaskRunnerV1 pid=13158)[0m                                  'profiler': {'_target_': 'verl.utils.profiler.ProfilerConfig',
[36m(TaskRunnerV1 pid=13158)[0m                                               'all_ranks': False,
[36m(TaskRunnerV1 pid=13158)[0m                                               'enable': False,
[36m(TaskRunnerV1 pid=13158)[0m                                               'ranks': [],
[36m(TaskRunnerV1 pid=13158)[0m                                               'save_path': 'outputs/profile',
[36m(TaskRunnerV1 pid=13158)[0m                                               'tool': None,
[36m(TaskRunnerV1 pid=13158)[0m                                               'tool_config': {'npu': {'_target_': 'verl.utils.profiler.config.NPUToolConfig',
[36m(TaskRunnerV1 pid=13158)[0m                                                                       'analysis': True,
[36m(TaskRunnerV1 pid=13158)[0m                                                                       'contents': [],
[36m(TaskRunnerV1 pid=13158)[0m                                                                       'discrete': False,
[36m(TaskRunnerV1 pid=13158)[0m                                                                       'level': 'level0'},
[36m(TaskRunnerV1 pid=13158)[0m                                                               'nsys': {'_target_': 'verl.utils.profiler.config.NsightToolConfig',
[36m(TaskRunnerV1 pid=13158)[0m                                                                        'discrete': False},
[36m(TaskRunnerV1 pid=13158)[0m                                                               'precision_debugger': {'_target_': 'verl.utils.profiler.config.PrecisionDebuggerToolConfig',
[36m(TaskRunnerV1 pid=13158)[0m                                                                                      'config_path': None,
[36m(TaskRunnerV1 pid=13158)[0m                                                                                      'stages': None,
[36m(TaskRunnerV1 pid=13158)[0m                                                                                      'steps': None,
[36m(TaskRunnerV1 pid=13158)[0m                                                                                      'strict': False},
[36m(TaskRunnerV1 pid=13158)[0m                                                               'torch': {'_target_': 'verl.utils.profiler.config.TorchProfilerToolConfig',
[36m(TaskRunnerV1 pid=13158)[0m                                                                         'contents': [],
[36m(TaskRunnerV1 pid=13158)[0m                                                                         'discrete': False,
[36m(TaskRunnerV1 pid=13158)[0m                                                                         'schedule': {'_target_': 'verl.utils.profiler.config.TorchProfilerScheduleConfig',
[36m(TaskRunnerV1 pid=13158)[0m                                                                                      'active': 0,
[36m(TaskRunnerV1 pid=13158)[0m                                                                                      'repeat': 0,
[36m(TaskRunnerV1 pid=13158)[0m                                                                                      'skip_first': 0,
[36m(TaskRunnerV1 pid=13158)[0m                                                                                      'wait': 0,
[36m(TaskRunnerV1 pid=13158)[0m                                                                                      'warmup': 0}},
[36m(TaskRunnerV1 pid=13158)[0m                                                               'torch_memory': {'_target_': 'verl.utils.profiler.config.TorchMemoryToolConfig',
[36m(TaskRunnerV1 pid=13158)[0m                                                                                'stack_depth': 32,
[36m(TaskRunnerV1 pid=13158)[0m                                                                                'trace_alloc_max_entries': 100000}}},
[36m(TaskRunnerV1 pid=13158)[0m                                  'qat': {'activation_observer': 'static_minmax',
[36m(TaskRunnerV1 pid=13158)[0m                                          'enable': False,
[36m(TaskRunnerV1 pid=13158)[0m                                          'group_size': 16,
[36m(TaskRunnerV1 pid=13158)[0m                                          'ignore_patterns': ['lm_head',
[36m(TaskRunnerV1 pid=13158)[0m                                                              'embed_tokens',
[36m(TaskRunnerV1 pid=13158)[0m                                                              're:.*mlp.gate$'],
[36m(TaskRunnerV1 pid=13158)[0m                                          'mode': 'w4a16',
[36m(TaskRunnerV1 pid=13158)[0m                                          'quantization_config_path': None},
[36m(TaskRunnerV1 pid=13158)[0m                                  'rollout_n': 4,
[36m(TaskRunnerV1 pid=13158)[0m                                  'router_replay': {'_target_': 'verl.workers.config.RouterReplayConfig',
[36m(TaskRunnerV1 pid=13158)[0m                                                    'mode': 'disabled',
[36m(TaskRunnerV1 pid=13158)[0m                                                    'record_file': None,
[36m(TaskRunnerV1 pid=13158)[0m                                                    'replay_file': None},
[36m(TaskRunnerV1 pid=13158)[0m                                  'shuffle': False,
[36m(TaskRunnerV1 pid=13158)[0m                                  'strategy': 'fsdp2',
[36m(TaskRunnerV1 pid=13158)[0m                                  'tau_neg': 1.05,
[36m(TaskRunnerV1 pid=13158)[0m                                  'tau_pos': 1.0,
[36m(TaskRunnerV1 pid=13158)[0m                                  'ulysses_sequence_parallel_size': 1,
[36m(TaskRunnerV1 pid=13158)[0m                                  'use_dynamic_bsz': True,
[36m(TaskRunnerV1 pid=13158)[0m                                  'use_fused_kernels': False,
[36m(TaskRunnerV1 pid=13158)[0m                                  'use_kl_loss': False,
[36m(TaskRunnerV1 pid=13158)[0m                                  'use_prefix_grouper': False,
[36m(TaskRunnerV1 pid=13158)[0m                                  'use_remove_padding': False,
[36m(TaskRunnerV1 pid=13158)[0m                                  'use_torch_compile': False},
[36m(TaskRunnerV1 pid=13158)[0m                        'hybrid_engine': True,
[36m(TaskRunnerV1 pid=13158)[0m                        'model': {'_target_': 'verl.workers.config.HFModelConfig',
[36m(TaskRunnerV1 pid=13158)[0m                                  'custom_chat_template': None,
[36m(TaskRunnerV1 pid=13158)[0m                                  'enable_activation_offload': False,
[36m(TaskRunnerV1 pid=13158)[0m                                  'enable_gradient_checkpointing': True,
[36m(TaskRunnerV1 pid=13158)[0m                                  'exclude_modules': None,
[36m(TaskRunnerV1 pid=13158)[0m                                  'external_lib': None,
[36m(TaskRunnerV1 pid=13158)[0m                                  'fused_kernel_options': {'impl_backend': 'torch'},
[36m(TaskRunnerV1 pid=13158)[0m                                  'hf_config_path': None,
[36m(TaskRunnerV1 pid=13158)[0m                                  'lora': {'a2a_experimental': False,
[36m(TaskRunnerV1 pid=13158)[0m                                           'adapter_path': None,
[36m(TaskRunnerV1 pid=13158)[0m                                           'alpha': 32,
[36m(TaskRunnerV1 pid=13158)[0m                                           'dropout': 0.0,
[36m(TaskRunnerV1 pid=13158)[0m                                           'dropout_position': 'pre',
[36m(TaskRunnerV1 pid=13158)[0m                                           'dtype': None,
[36m(TaskRunnerV1 pid=13158)[0m                                           'exclude_modules': [],
[36m(TaskRunnerV1 pid=13158)[0m                                           'freeze_language_model': True,
[36m(TaskRunnerV1 pid=13158)[0m                                           'freeze_vision_model': True,
[36m(TaskRunnerV1 pid=13158)[0m                                           'freeze_vision_projection': True,
[36m(TaskRunnerV1 pid=13158)[0m                                           'lora_A_init_method': 'xavier',
[36m(TaskRunnerV1 pid=13158)[0m                                           'lora_B_init_method': 'zero',
[36m(TaskRunnerV1 pid=13158)[0m                                           'merge': False,
[36m(TaskRunnerV1 pid=13158)[0m                                           'rank': 0,
[36m(TaskRunnerV1 pid=13158)[0m                                           'target_modules': ['linear_qkv',
[36m(TaskRunnerV1 pid=13158)[0m                                                              'linear_proj',
[36m(TaskRunnerV1 pid=13158)[0m                                                              'linear_fc1',
[36m(TaskRunnerV1 pid=13158)[0m                                                              'linear_fc2'],
[36m(TaskRunnerV1 pid=13158)[0m                                           'type': 'lora'},
[36m(TaskRunnerV1 pid=13158)[0m                                  'lora_adapter_path': None,
[36m(TaskRunnerV1 pid=13158)[0m                                  'lora_alpha': 16,
[36m(TaskRunnerV1 pid=13158)[0m                                  'lora_rank': 16,
[36m(TaskRunnerV1 pid=13158)[0m                                  'mtp': {'_target_': 'verl.workers.config.MtpConfig',
[36m(TaskRunnerV1 pid=13158)[0m                                          'detach_encoder': False,
[36m(TaskRunnerV1 pid=13158)[0m                                          'enable': False,
[36m(TaskRunnerV1 pid=13158)[0m                                          'enable_rollout': False,
[36m(TaskRunnerV1 pid=13158)[0m                                          'enable_train': False,
[36m(TaskRunnerV1 pid=13158)[0m                                          'method': 'mtp',
[36m(TaskRunnerV1 pid=13158)[0m                                          'mtp_loss_scaling_factor': 0.1,
[36m(TaskRunnerV1 pid=13158)[0m                                          'num_speculative_tokens': 1,
[36m(TaskRunnerV1 pid=13158)[0m                                          'speculative_algorithm': 'EAGLE',
[36m(TaskRunnerV1 pid=13158)[0m                                          'speculative_eagle_topk': 1,
[36m(TaskRunnerV1 pid=13158)[0m                                          'speculative_num_draft_tokens': 4,
[36m(TaskRunnerV1 pid=13158)[0m                                          'speculative_num_steps': 3},
[36m(TaskRunnerV1 pid=13158)[0m                                  'override_config': {},
[36m(TaskRunnerV1 pid=13158)[0m                                  'path': '/mnt/lv_model/npu60005420a/models/Qwen3-4B',
[36m(TaskRunnerV1 pid=13158)[0m                                  'target_modules': 'all-linear',
[36m(TaskRunnerV1 pid=13158)[0m                                  'tiled_mlp': {'enabled': False,
[36m(TaskRunnerV1 pid=13158)[0m                                                'num_shards': 4},
[36m(TaskRunnerV1 pid=13158)[0m                                  'tokenizer_path': None,
[36m(TaskRunnerV1 pid=13158)[0m                                  'trust_remote_code': False,
[36m(TaskRunnerV1 pid=13158)[0m                                  'use_fused_kernels': False,
[36m(TaskRunnerV1 pid=13158)[0m                                  'use_liger': False,
[36m(TaskRunnerV1 pid=13158)[0m                                  'use_remove_padding': False,
[36m(TaskRunnerV1 pid=13158)[0m                                  'use_shm': False},
[36m(TaskRunnerV1 pid=13158)[0m                        'nccl_timeout': 600,
[36m(TaskRunnerV1 pid=13158)[0m                        'ref': {'_target_': 'verl.workers.config.FSDPActorConfig',
[36m(TaskRunnerV1 pid=13158)[0m                                'entropy_checkpointing': False,
[36m(TaskRunnerV1 pid=13158)[0m                                'entropy_from_logits_chunk_size': 2048,
[36m(TaskRunnerV1 pid=13158)[0m                                'entropy_from_logits_with_chunking': False,
[36m(TaskRunnerV1 pid=13158)[0m                                'fsdp_config': {'_target_': 'verl.workers.config.FSDPEngineConfig',
[36m(TaskRunnerV1 pid=13158)[0m                                                'dtype': 'bfloat16',
[36m(TaskRunnerV1 pid=13158)[0m                                                'entropy_checkpointing': False,
[36m(TaskRunnerV1 pid=13158)[0m                                                'entropy_from_logits_chunk_size': 2048,
[36m(TaskRunnerV1 pid=13158)[0m                                                'entropy_from_logits_with_chunking': False,
[36m(TaskRunnerV1 pid=13158)[0m                                                'forward_only': True,
[36m(TaskRunnerV1 pid=13158)[0m                                                'forward_prefetch': False,
[36m(TaskRunnerV1 pid=13158)[0m                                                'fsdp_size': -1,
[36m(TaskRunnerV1 pid=13158)[0m                                                'full_determinism': False,
[36m(TaskRunnerV1 pid=13158)[0m                                                'model_dtype': 'fp32',
[36m(TaskRunnerV1 pid=13158)[0m                                                'offload_policy': False,
[36m(TaskRunnerV1 pid=13158)[0m                                                'optimizer_offload': False,
[36m(TaskRunnerV1 pid=13158)[0m                                                'param_offload': False,
[36m(TaskRunnerV1 pid=13158)[0m                                                'qat': {'_target_': 'verl.workers.config.QATEngineConfig',
[36m(TaskRunnerV1 pid=13158)[0m                                                        'activation_observer': 'static_minmax',
[36m(TaskRunnerV1 pid=13158)[0m                                                        'enable': False,
[36m(TaskRunnerV1 pid=13158)[0m                                                        'group_size': 16,
[36m(TaskRunnerV1 pid=13158)[0m                                                        'ignore_patterns': ['lm_head',
[36m(TaskRunnerV1 pid=13158)[0m                                                                            'embed_tokens',
[36m(TaskRunnerV1 pid=13158)[0m                                                                            're:.*mlp.gate$'],
[36m(TaskRunnerV1 pid=13158)[0m                                                        'mode': 'w4a16',
[36m(TaskRunnerV1 pid=13158)[0m                                                        'quantization_config_path': None},
[36m(TaskRunnerV1 pid=13158)[0m                                                'reshard_after_forward': True,
[36m(TaskRunnerV1 pid=13158)[0m                                                'seed': 42,
[36m(TaskRunnerV1 pid=13158)[0m                                                'strategy': 'fsdp',
[36m(TaskRunnerV1 pid=13158)[0m                                                'ulysses_sequence_parallel_size': 1,
[36m(TaskRunnerV1 pid=13158)[0m                                                'use_orig_params': False,
[36m(TaskRunnerV1 pid=13158)[0m                                                'use_torch_compile': True,
[36m(TaskRunnerV1 pid=13158)[0m                                                'wrap_policy': {'min_num_params': 0}},
[36m(TaskRunnerV1 pid=13158)[0m                                'log_prob_max_token_len_per_gpu': 4096,
[36m(TaskRunnerV1 pid=13158)[0m                                'log_prob_micro_batch_size': None,
[36m(TaskRunnerV1 pid=13158)[0m                                'log_prob_micro_batch_size_per_gpu': None,
[36m(TaskRunnerV1 pid=13158)[0m                                'log_prob_use_dynamic_bsz': True,
[36m(TaskRunnerV1 pid=13158)[0m                                'profiler': {'_target_': 'verl.utils.profiler.ProfilerConfig',
[36m(TaskRunnerV1 pid=13158)[0m                                             'all_ranks': False,
[36m(TaskRunnerV1 pid=13158)[0m                                             'enable': False,
[36m(TaskRunnerV1 pid=13158)[0m                                             'ranks': [],
[36m(TaskRunnerV1 pid=13158)[0m                                             'save_path': 'outputs/profile',
[36m(TaskRunnerV1 pid=13158)[0m                                             'tool': None,
[36m(TaskRunnerV1 pid=13158)[0m                                             'tool_config': {'npu': {'_target_': 'verl.utils.profiler.config.NPUToolConfig',
[36m(TaskRunnerV1 pid=13158)[0m                                                                     'analysis': True,
[36m(TaskRunnerV1 pid=13158)[0m                                                                     'contents': [],
[36m(TaskRunnerV1 pid=13158)[0m                                                                     'discrete': False,
[36m(TaskRunnerV1 pid=13158)[0m                                                                     'level': 'level0'},
[36m(TaskRunnerV1 pid=13158)[0m                                                             'nsys': {'_target_': 'verl.utils.profiler.config.NsightToolConfig',
[36m(TaskRunnerV1 pid=13158)[0m                                                                      'discrete': False},
[36m(TaskRunnerV1 pid=13158)[0m                                                             'precision_debugger': {'_target_': 'verl.utils.profiler.config.PrecisionDebuggerToolConfig',
[36m(TaskRunnerV1 pid=13158)[0m                                                                                    'config_path': None,
[36m(TaskRunnerV1 pid=13158)[0m                                                                                    'stages': None,
[36m(TaskRunnerV1 pid=13158)[0m                                                                                    'steps': None,
[36m(TaskRunnerV1 pid=13158)[0m                                                                                    'strict': False},
[36m(TaskRunnerV1 pid=13158)[0m                                                             'torch': {'_target_': 'verl.utils.profiler.config.TorchProfilerToolConfig',
[36m(TaskRunnerV1 pid=13158)[0m                                                                       'contents': [],
[36m(TaskRunnerV1 pid=13158)[0m                                                                       'discrete': False,
[36m(TaskRunnerV1 pid=13158)[0m                                                                       'schedule': {'_target_': 'verl.utils.profiler.config.TorchProfilerScheduleConfig',
[36m(TaskRunnerV1 pid=13158)[0m                                                                                    'active': 0,
[36m(TaskRunnerV1 pid=13158)[0m                                                                                    'repeat': 0,
[36m(TaskRunnerV1 pid=13158)[0m                                                                                    'skip_first': 0,
[36m(TaskRunnerV1 pid=13158)[0m                                                                                    'wait': 0,
[36m(TaskRunnerV1 pid=13158)[0m                                                                                    'warmup': 0}},
[36m(TaskRunnerV1 pid=13158)[0m                                                             'torch_memory': {'_target_': 'verl.utils.profiler.config.TorchMemoryToolConfig',
[36m(TaskRunnerV1 pid=13158)[0m                                                                              'stack_depth': 32,
[36m(TaskRunnerV1 pid=13158)[0m                                                                              'trace_alloc_max_entries': 100000}}},
[36m(TaskRunnerV1 pid=13158)[0m                                'rollout_n': 4,
[36m(TaskRunnerV1 pid=13158)[0m                                'router_replay': {'_target_': 'verl.workers.config.RouterReplayConfig',
[36m(TaskRunnerV1 pid=13158)[0m                                                  'mode': 'disabled',
[36m(TaskRunnerV1 pid=13158)[0m                                                  'record_file': None,
[36m(TaskRunnerV1 pid=13158)[0m                                                  'replay_file': None},
[36m(TaskRunnerV1 pid=13158)[0m                                'strategy': 'fsdp2',
[36m(TaskRunnerV1 pid=13158)[0m                                'ulysses_sequence_parallel_size': 1,
[36m(TaskRunnerV1 pid=13158)[0m                                'use_torch_compile': False},
[36m(TaskRunnerV1 pid=13158)[0m                        'rollout': {'_target_': 'verl.workers.config.RolloutConfig',
[36m(TaskRunnerV1 pid=13158)[0m                                    'agent': {'_target_': 'verl.workers.config.AgentLoopConfig',
[36m(TaskRunnerV1 pid=13158)[0m                                              'agent_loop_config_path': None,
[36m(TaskRunnerV1 pid=13158)[0m                                              'custom_async_server': {'_target_': 'verl.workers.config.CustomAsyncServerConfig',
[36m(TaskRunnerV1 pid=13158)[0m                                                                      'name': None,
[36m(TaskRunnerV1 pid=13158)[0m                                                                      'path': None},
[36m(TaskRunnerV1 pid=13158)[0m                                              'default_agent_loop': 'single_turn_agent',
[36m(TaskRunnerV1 pid=13158)[0m                                              'num_workers': 8},
[36m(TaskRunnerV1 pid=13158)[0m                                    'calculate_log_probs': True,
[36m(TaskRunnerV1 pid=13158)[0m                                    'checkpoint_engine': {'_target_': 'verl.workers.config.CheckpointEngineConfig',
[36m(TaskRunnerV1 pid=13158)[0m                                                          'backend': 'nccl',
[36m(TaskRunnerV1 pid=13158)[0m                                                          'custom_backend_module': None,
[36m(TaskRunnerV1 pid=13158)[0m                                                          'engine_kwargs': {},
[36m(TaskRunnerV1 pid=13158)[0m                                                          'update_weights_bucket_megabytes': 256},
[36m(TaskRunnerV1 pid=13158)[0m                                    'cudagraph_capture_sizes': None,
[36m(TaskRunnerV1 pid=13158)[0m                                    'data_parallel_size': 1,
[36m(TaskRunnerV1 pid=13158)[0m                                    'disable_log_stats': True,
[36m(TaskRunnerV1 pid=13158)[0m                                    'disaggregation': {'bootstrap_port': None,
[36m(TaskRunnerV1 pid=13158)[0m                                                       'decode_replicas': 1,
[36m(TaskRunnerV1 pid=13158)[0m                                                       'decode_tensor_model_parallel_size': None,
[36m(TaskRunnerV1 pid=13158)[0m                                                       'enabled': False,
[36m(TaskRunnerV1 pid=13158)[0m                                                       'ib_device': None,
[36m(TaskRunnerV1 pid=13158)[0m                                                       'prefill_replicas': 1,
[36m(TaskRunnerV1 pid=13158)[0m                                                       'transfer_backend': 'nixl'},
[36m(TaskRunnerV1 pid=13158)[0m                                    'do_sample': True,
[36m(TaskRunnerV1 pid=13158)[0m                                    'dtype': 'bfloat16',
[36m(TaskRunnerV1 pid=13158)[0m                                    'enable_chunked_prefill': True,
[36m(TaskRunnerV1 pid=13158)[0m                                    'enable_prefix_caching': True,
[36m(TaskRunnerV1 pid=13158)[0m                                    'enable_rollout_routing_replay': False,
[36m(TaskRunnerV1 pid=13158)[0m                                    'enforce_eager': False,
[36m(TaskRunnerV1 pid=13158)[0m                                    'engine_kwargs': {'sglang': {},
[36m(TaskRunnerV1 pid=13158)[0m                                                      'trtllm': {},
[36m(TaskRunnerV1 pid=13158)[0m                                                      'vllm': {}},
[36m(TaskRunnerV1 pid=13158)[0m                                    'expert_parallel_size': 1,
[36m(TaskRunnerV1 pid=13158)[0m                                    'free_cache_engine': True,
[36m(TaskRunnerV1 pid=13158)[0m                                    'full_determinism': False,
[36m(TaskRunnerV1 pid=13158)[0m                                    'gpu_memory_utilization': 0.7,
[36m(TaskRunnerV1 pid=13158)[0m                                    'ignore_eos': False,
[36m(TaskRunnerV1 pid=13158)[0m                                    'layered_summon': False,
[36m(TaskRunnerV1 pid=13158)[0m                                    'load_format': 'dummy',
[36m(TaskRunnerV1 pid=13158)[0m                                    'log_prob_max_token_len_per_gpu': 4096,
[36m(TaskRunnerV1 pid=13158)[0m                                    'log_prob_micro_batch_size': None,
[36m(TaskRunnerV1 pid=13158)[0m                                    'log_prob_micro_batch_size_per_gpu': None,
[36m(TaskRunnerV1 pid=13158)[0m                                    'log_prob_use_dynamic_bsz': True,
[36m(TaskRunnerV1 pid=13158)[0m                                    'logprobs_mode': 'processed_logprobs',
[36m(TaskRunnerV1 pid=13158)[0m                                    'max_model_len': 2048,
[36m(TaskRunnerV1 pid=13158)[0m                                    'max_num_batched_tokens': 4096,
[36m(TaskRunnerV1 pid=13158)[0m                                    'max_num_seqs': 64,
[36m(TaskRunnerV1 pid=13158)[0m                                    'mode': 'async',
[36m(TaskRunnerV1 pid=13158)[0m                                    'moe_load_balance_metrics_interval': 0,
[36m(TaskRunnerV1 pid=13158)[0m                                    'mtp': {'_target_': 'verl.workers.config.MtpConfig',
[36m(TaskRunnerV1 pid=13158)[0m                                            'detach_encoder': False,
[36m(TaskRunnerV1 pid=13158)[0m                                            'enable': False,
[36m(TaskRunnerV1 pid=13158)[0m                                            'enable_rollout': False,
[36m(TaskRunnerV1 pid=13158)[0m                                            'enable_train': False,
[36m(TaskRunnerV1 pid=13158)[0m                                            'method': 'mtp',
[36m(TaskRunnerV1 pid=13158)[0m                                            'mtp_loss_scaling_factor': 0.1,
[36m(TaskRunnerV1 pid=13158)[0m                                            'num_speculative_tokens': 1,
[36m(TaskRunnerV1 pid=13158)[0m                                            'speculative_algorithm': 'EAGLE',
[36m(TaskRunnerV1 pid=13158)[0m                                            'speculative_eagle_topk': 1,
[36m(TaskRunnerV1 pid=13158)[0m                                            'speculative_num_draft_tokens': 4,
[36m(TaskRunnerV1 pid=13158)[0m                                            'speculative_num_steps': 3},
[36m(TaskRunnerV1 pid=13158)[0m                                    'multi_stage_wake_up': False,
[36m(TaskRunnerV1 pid=13158)[0m                                    'multi_turn': {'_target_': 'verl.workers.config.MultiTurnConfig',
[36m(TaskRunnerV1 pid=13158)[0m                                                   'enable': False,
[36m(TaskRunnerV1 pid=13158)[0m                                                   'format': 'hermes',
[36m(TaskRunnerV1 pid=13158)[0m                                                   'function_tool_path': None,
[36m(TaskRunnerV1 pid=13158)[0m                                                   'max_assistant_turns': None,
[36m(TaskRunnerV1 pid=13158)[0m                                                   'max_parallel_calls': 1,
[36m(TaskRunnerV1 pid=13158)[0m                                                   'max_tool_response_length': 256,
[36m(TaskRunnerV1 pid=13158)[0m                                                   'max_user_turns': None,
[36m(TaskRunnerV1 pid=13158)[0m                                                   'num_repeat_rollouts': None,
[36m(TaskRunnerV1 pid=13158)[0m                                                   'tokenization_sanity_check_mode': 'strict',
[36m(TaskRunnerV1 pid=13158)[0m                                                   'tool_config_path': None,
[36m(TaskRunnerV1 pid=13158)[0m                                                   'tool_response_truncate_side': 'middle',
[36m(TaskRunnerV1 pid=13158)[0m                                                   'use_inference_chat_template': False},
[36m(TaskRunnerV1 pid=13158)[0m                                    'n': 4,
[36m(TaskRunnerV1 pid=13158)[0m                                    'n_gpus_per_node': 1,
[36m(TaskRunnerV1 pid=13158)[0m                                    'name': 'vllm',
[36m(TaskRunnerV1 pid=13158)[0m                                    'nnodes': 1,
[36m(TaskRunnerV1 pid=13158)[0m                                    'over_sample_rate': 0,
[36m(TaskRunnerV1 pid=13158)[0m                                    'pipeline_model_parallel_size': 1,
[36m(TaskRunnerV1 pid=13158)[0m                                    'profiler': {'_target_': 'verl.utils.profiler.ProfilerConfig',
[36m(TaskRunnerV1 pid=13158)[0m                                                 'all_ranks': False,
[36m(TaskRunnerV1 pid=13158)[0m                                                 'enable': False,
[36m(TaskRunnerV1 pid=13158)[0m                                                 'ranks': [],
[36m(TaskRunnerV1 pid=13158)[0m                                                 'save_path': 'outputs/profile',
[36m(TaskRunnerV1 pid=13158)[0m                                                 'tool': None,
[36m(TaskRunnerV1 pid=13158)[0m                                                 'tool_config': {'npu': {'_target_': 'verl.utils.profiler.config.NPUToolConfig',
[36m(TaskRunnerV1 pid=13158)[0m                                                                         'analysis': True,
[36m(TaskRunnerV1 pid=13158)[0m                                                                         'contents': [],
[36m(TaskRunnerV1 pid=13158)[0m                                                                         'discrete': False,
[36m(TaskRunnerV1 pid=13158)[0m                                                                         'level': 'level0',
[36m(TaskRunnerV1 pid=13158)[0m                                                                         'profile_token_end': None,
[36m(TaskRunnerV1 pid=13158)[0m                                                                         'profile_token_start': None},
[36m(TaskRunnerV1 pid=13158)[0m                                                                 'precision_debugger': {'_target_': 'verl.utils.profiler.config.PrecisionDebuggerToolConfig',
[36m(TaskRunnerV1 pid=13158)[0m                                                                                        'config_path': None,
[36m(TaskRunnerV1 pid=13158)[0m                                                                                        'stages': None,
[36m(TaskRunnerV1 pid=13158)[0m                                                                                        'steps': None,
[36m(TaskRunnerV1 pid=13158)[0m                                                                                        'strict': False},
[36m(TaskRunnerV1 pid=13158)[0m                                                                 'torch': {'_target_': 'verl.utils.profiler.config.TorchProfilerToolConfig',
[36m(TaskRunnerV1 pid=13158)[0m                                                                           'contents': [],
[36m(TaskRunnerV1 pid=13158)[0m                                                                           'discrete': False,
[36m(TaskRunnerV1 pid=13158)[0m                                                                           'profile_token_end': None,
[36m(TaskRunnerV1 pid=13158)[0m                                                                           'profile_token_start': None}}},
[36m(TaskRunnerV1 pid=13158)[0m                                    'prometheus': {'_target_': 'verl.workers.config.PrometheusConfig',
[36m(TaskRunnerV1 pid=13158)[0m                                                   'enable': False,
[36m(TaskRunnerV1 pid=13158)[0m                                                   'file': '/tmp/ray/session_latest/metrics/prometheus/prometheus.yml',
[36m(TaskRunnerV1 pid=13158)[0m                                                   'port': 9090,
[36m(TaskRunnerV1 pid=13158)[0m                                                   'served_model_name': '/mnt/lv_model/npu60005420a/models/Qwen3-4B'},
[36m(TaskRunnerV1 pid=13158)[0m                                    'prompt_length': 1024,
[36m(TaskRunnerV1 pid=13158)[0m                                    'qat': {'_target_': 'verl.workers.config.QATEngineConfig',
[36m(TaskRunnerV1 pid=13158)[0m                                            'activation_observer': 'static_minmax',
[36m(TaskRunnerV1 pid=13158)[0m                                            'enable': False,
[36m(TaskRunnerV1 pid=13158)[0m                                            'group_size': 16,
[36m(TaskRunnerV1 pid=13158)[0m                                            'ignore_patterns': ['lm_head',
[36m(TaskRunnerV1 pid=13158)[0m                                                                'embed_tokens',
[36m(TaskRunnerV1 pid=13158)[0m                                                                're:.*mlp.gate$'],
[36m(TaskRunnerV1 pid=13158)[0m                                            'mode': 'w4a16',
[36m(TaskRunnerV1 pid=13158)[0m                                            'quantization_config_path': None},
[36m(TaskRunnerV1 pid=13158)[0m                                    'quantization': None,
[36m(TaskRunnerV1 pid=13158)[0m                                    'quantization_config_file': None,
[36m(TaskRunnerV1 pid=13158)[0m                                    'response_length': 1024,
[36m(TaskRunnerV1 pid=13158)[0m                                    'scheduling_policy': 'fcfs',
[36m(TaskRunnerV1 pid=13158)[0m                                    'seed': 1,
[36m(TaskRunnerV1 pid=13158)[0m                                    'skip_tokenizer_init': True,
[36m(TaskRunnerV1 pid=13158)[0m                                    'temperature': 1.0,
[36m(TaskRunnerV1 pid=13158)[0m                                    'tensor_model_parallel_size': 1,
[36m(TaskRunnerV1 pid=13158)[0m                                    'top_k': -1,
[36m(TaskRunnerV1 pid=13158)[0m                                    'top_p': 1.0,
[36m(TaskRunnerV1 pid=13158)[0m                                    'trace': {'_target_': 'verl.workers.config.TraceConfig',
[36m(TaskRunnerV1 pid=13158)[0m                                              'backend': None,
[36m(TaskRunnerV1 pid=13158)[0m                                              'experiment_name': 'qy_owner_verl_smoke1_v2_npu23',
[36m(TaskRunnerV1 pid=13158)[0m                                              'max_samples_per_step_per_worker': None,
[36m(TaskRunnerV1 pid=13158)[0m                                              'project_name': 'twinkle-aligned-gsm8k-grpo',
[36m(TaskRunnerV1 pid=13158)[0m                                              'token2text': False},
[36m(TaskRunnerV1 pid=13158)[0m                                    'val_kwargs': {'_target_': 'verl.workers.config.SamplingConfig',
[36m(TaskRunnerV1 pid=13158)[0m                                                   'do_sample': True,
[36m(TaskRunnerV1 pid=13158)[0m                                                   'n': 1,
[36m(TaskRunnerV1 pid=13158)[0m                                                   'temperature': 0.6,
[36m(TaskRunnerV1 pid=13158)[0m                                                   'top_k': -1,
[36m(TaskRunnerV1 pid=13158)[0m                                                   'top_p': 1.0}}},
[36m(TaskRunnerV1 pid=13158)[0m  'algorithm': {'_target_': 'verl.trainer.config.AlgoConfig',
[36m(TaskRunnerV1 pid=13158)[0m                'adv_estimator': 'grpo',
[36m(TaskRunnerV1 pid=13158)[0m                'filter_groups': {'_target_': 'verl.trainer.config.FilterGroupsConfig',
[36m(TaskRunnerV1 pid=13158)[0m                                  'enable': False,
[36m(TaskRunnerV1 pid=13158)[0m                                  'max_inflight_gen_batches': 1,
[36m(TaskRunnerV1 pid=13158)[0m                                  'max_num_gen_batches': 0,
[36m(TaskRunnerV1 pid=13158)[0m                                  'metric': None},
[36m(TaskRunnerV1 pid=13158)[0m                'gamma': 1.0,
[36m(TaskRunnerV1 pid=13158)[0m                'kl_ctrl': {'_target_': 'verl.trainer.config.KLControlConfig',
[36m(TaskRunnerV1 pid=13158)[0m                            'horizon': 10000,
[36m(TaskRunnerV1 pid=13158)[0m                            'kl_coef': 0.001,
[36m(TaskRunnerV1 pid=13158)[0m                            'target_kl': 0.1,
[36m(TaskRunnerV1 pid=13158)[0m                            'type': 'fixed'},
[36m(TaskRunnerV1 pid=13158)[0m                'kl_penalty': 'kl',
[36m(TaskRunnerV1 pid=13158)[0m                'lam': 1.0,
[36m(TaskRunnerV1 pid=13158)[0m                'norm_adv_by_std_in_grpo': True,
[36m(TaskRunnerV1 pid=13158)[0m                'pf_ppo': {'reweight_method': 'pow', 'weight_pow': 2.0},
[36m(TaskRunnerV1 pid=13158)[0m                'rollout_correction': {'bypass_mode': False,
[36m(TaskRunnerV1 pid=13158)[0m                                       'loss_type': 'ppo_clip',
[36m(TaskRunnerV1 pid=13158)[0m                                       'rollout_is': None,
[36m(TaskRunnerV1 pid=13158)[0m                                       'rollout_is_batch_normalize': False,
[36m(TaskRunnerV1 pid=13158)[0m                                       'rollout_is_threshold': 2.0,
[36m(TaskRunnerV1 pid=13158)[0m                                       'rollout_rs': None,
[36m(TaskRunnerV1 pid=13158)[0m                                       'rollout_rs_threshold': None},
[36m(TaskRunnerV1 pid=13158)[0m                'use_kl_in_reward': False,
[36m(TaskRunnerV1 pid=13158)[0m                'use_pf_ppo': False},
[36m(TaskRunnerV1 pid=13158)[0m  'critic': {'_target_': 'verl.workers.config.FSDPCriticConfig',
[36m(TaskRunnerV1 pid=13158)[0m             'checkpoint': {'_target_': 'verl.trainer.config.CheckpointConfig',
[36m(TaskRunnerV1 pid=13158)[0m                            'async_save': False,
[36m(TaskRunnerV1 pid=13158)[0m                            'load_contents': ['model', 'optimizer', 'extra'],
[36m(TaskRunnerV1 pid=13158)[0m                            'save_contents': ['model', 'optimizer', 'extra']},
[36m(TaskRunnerV1 pid=13158)[0m             'cliprange_value': 0.5,
[36m(TaskRunnerV1 pid=13158)[0m             'data_loader_seed': 42,
[36m(TaskRunnerV1 pid=13158)[0m             'enable': None,
[36m(TaskRunnerV1 pid=13158)[0m             'forward_max_token_len_per_gpu': 32768,
[36m(TaskRunnerV1 pid=13158)[0m             'forward_micro_batch_size': None,
[36m(TaskRunnerV1 pid=13158)[0m             'forward_micro_batch_size_per_gpu': None,
[36m(TaskRunnerV1 pid=13158)[0m             'fsdp': {'_target_': 'verl.workers.config.FSDPEngineConfig',
[36m(TaskRunnerV1 pid=13158)[0m                      'dtype': 'bfloat16',
[36m(TaskRunnerV1 pid=13158)[0m                      'entropy_checkpointing': False,
[36m(TaskRunnerV1 pid=13158)[0m                      'entropy_from_logits_chunk_size': 2048,
[36m(TaskRunnerV1 pid=13158)[0m                      'entropy_from_logits_with_chunking': False,
[36m(TaskRunnerV1 pid=13158)[0m                      'forward_only': False,
[36m(TaskRunnerV1 pid=13158)[0m                      'forward_prefetch': False,
[36m(TaskRunnerV1 pid=13158)[0m                      'fsdp_size': -1,
[36m(TaskRunnerV1 pid=13158)[0m                      'full_determinism': False,
[36m(TaskRunnerV1 pid=13158)[0m                      'model_dtype': 'fp32',
[36m(TaskRunnerV1 pid=13158)[0m                      'offload_policy': False,
[36m(TaskRunnerV1 pid=13158)[0m                      'optimizer_offload': False,
[36m(TaskRunnerV1 pid=13158)[0m                      'param_offload': False,
[36m(TaskRunnerV1 pid=13158)[0m                      'qat': {'_target_': 'verl.workers.config.QATEngineConfig',
[36m(TaskRunnerV1 pid=13158)[0m                              'activation_observer': 'static_minmax',
[36m(TaskRunnerV1 pid=13158)[0m                              'enable': False,
[36m(TaskRunnerV1 pid=13158)[0m                              'group_size': 16,
[36m(TaskRunnerV1 pid=13158)[0m                              'ignore_patterns': ['lm_head',
[36m(TaskRunnerV1 pid=13158)[0m                                                  'embed_tokens',
[36m(TaskRunnerV1 pid=13158)[0m                                                  're:.*mlp.gate$'],
[36m(TaskRunnerV1 pid=13158)[0m                              'mode': 'w4a16',
[36m(TaskRunnerV1 pid=13158)[0m                              'quantization_config_path': None},
[36m(TaskRunnerV1 pid=13158)[0m                      'reshard_after_forward': True,
[36m(TaskRunnerV1 pid=13158)[0m                      'seed': 42,
[36m(TaskRunnerV1 pid=13158)[0m                      'strategy': 'fsdp',
[36m(TaskRunnerV1 pid=13158)[0m                      'ulysses_sequence_parallel_size': 1,
[36m(TaskRunnerV1 pid=13158)[0m                      'use_orig_params': False,
[36m(TaskRunnerV1 pid=13158)[0m                      'use_torch_compile': True,
[36m(TaskRunnerV1 pid=13158)[0m                      'wrap_policy': {'min_num_params': 0}},
[36m(TaskRunnerV1 pid=13158)[0m             'grad_clip': 1.0,
[36m(TaskRunnerV1 pid=13158)[0m             'loss_agg_mode': 'token-mean',
[36m(TaskRunnerV1 pid=13158)[0m             'loss_scale_factor': None,
[36m(TaskRunnerV1 pid=13158)[0m             'model': {'_target_': 'verl.workers.config.HFModelConfig',
[36m(TaskRunnerV1 pid=13158)[0m                       'custom_chat_template': None,
[36m(TaskRunnerV1 pid=13158)[0m                       'enable_activation_offload': False,
[36m(TaskRunnerV1 pid=13158)[0m                       'enable_gradient_checkpointing': True,
[36m(TaskRunnerV1 pid=13158)[0m                       'exclude_modules': None,
[36m(TaskRunnerV1 pid=13158)[0m                       'external_lib': None,
[36m(TaskRunnerV1 pid=13158)[0m                       'fused_kernel_options': {'impl_backend': 'torch'},
[36m(TaskRunnerV1 pid=13158)[0m                       'hf_config_path': None,
[36m(TaskRunnerV1 pid=13158)[0m                       'lora': {'a2a_experimental': False,
[36m(TaskRunnerV1 pid=13158)[0m                                'adapter_path': None,
[36m(TaskRunnerV1 pid=13158)[0m                                'alpha': 32,
[36m(TaskRunnerV1 pid=13158)[0m                                'dropout': 0.0,
[36m(TaskRunnerV1 pid=13158)[0m                                'dropout_position': 'pre',
[36m(TaskRunnerV1 pid=13158)[0m                                'dtype': None,
[36m(TaskRunnerV1 pid=13158)[0m                                'exclude_modules': [],
[36m(TaskRunnerV1 pid=13158)[0m                                'freeze_language_model': True,
[36m(TaskRunnerV1 pid=13158)[0m                                'freeze_vision_model': True,
[36m(TaskRunnerV1 pid=13158)[0m                                'freeze_vision_projection': True,
[36m(TaskRunnerV1 pid=13158)[0m                                'lora_A_init_method': 'xavier',
[36m(TaskRunnerV1 pid=13158)[0m                                'lora_B_init_method': 'zero',
[36m(TaskRunnerV1 pid=13158)[0m                                'merge': False,
[36m(TaskRunnerV1 pid=13158)[0m                                'rank': 0,
[36m(TaskRunnerV1 pid=13158)[0m                                'target_modules': ['linear_qkv',
[36m(TaskRunnerV1 pid=13158)[0m                                                   'linear_proj',
[36m(TaskRunnerV1 pid=13158)[0m                                                   'linear_fc1',
[36m(TaskRunnerV1 pid=13158)[0m                                                   'linear_fc2'],
[36m(TaskRunnerV1 pid=13158)[0m                                'type': 'lora'},
[36m(TaskRunnerV1 pid=13158)[0m                       'lora_adapter_path': None,
[36m(TaskRunnerV1 pid=13158)[0m                       'lora_alpha': 16,
[36m(TaskRunnerV1 pid=13158)[0m                       'lora_rank': 0,
[36m(TaskRunnerV1 pid=13158)[0m                       'mtp': {'_target_': 'verl.workers.config.MtpConfig',
[36m(TaskRunnerV1 pid=13158)[0m                               'detach_encoder': False,
[36m(TaskRunnerV1 pid=13158)[0m                               'enable': False,
[36m(TaskRunnerV1 pid=13158)[0m                               'enable_rollout': False,
[36m(TaskRunnerV1 pid=13158)[0m                               'enable_train': False,
[36m(TaskRunnerV1 pid=13158)[0m                               'method': 'mtp',
[36m(TaskRunnerV1 pid=13158)[0m                               'mtp_loss_scaling_factor': 0.1,
[36m(TaskRunnerV1 pid=13158)[0m                               'num_speculative_tokens': 1,
[36m(TaskRunnerV1 pid=13158)[0m                               'speculative_algorithm': 'EAGLE',
[36m(TaskRunnerV1 pid=13158)[0m                               'speculative_eagle_topk': 1,
[36m(TaskRunnerV1 pid=13158)[0m                               'speculative_num_draft_tokens': 4,
[36m(TaskRunnerV1 pid=13158)[0m                               'speculative_num_steps': 3},
[36m(TaskRunnerV1 pid=13158)[0m                       'override_config': {},
[36m(TaskRunnerV1 pid=13158)[0m                       'path': '~/models/deepseek-llm-7b-chat',
[36m(TaskRunnerV1 pid=13158)[0m                       'target_modules': 'all-linear',
[36m(TaskRunnerV1 pid=13158)[0m                       'tiled_mlp': {'enabled': False, 'num_shards': 4},
[36m(TaskRunnerV1 pid=13158)[0m                       'tokenizer_path': None,
[36m(TaskRunnerV1 pid=13158)[0m                       'trust_remote_code': False,
[36m(TaskRunnerV1 pid=13158)[0m                       'use_fused_kernels': False,
[36m(TaskRunnerV1 pid=13158)[0m                       'use_liger': False,
[36m(TaskRunnerV1 pid=13158)[0m                       'use_remove_padding': True,
[36m(TaskRunnerV1 pid=13158)[0m                       'use_shm': False},
[36m(TaskRunnerV1 pid=13158)[0m             'optim': {'_target_': 'verl.workers.config.FSDPOptimizerConfig',
[36m(TaskRunnerV1 pid=13158)[0m                       'betas': [0.9, 0.999],
[36m(TaskRunnerV1 pid=13158)[0m                       'clip_grad': 1.0,
[36m(TaskRunnerV1 pid=13158)[0m                       'lr': 1e-05,
[36m(TaskRunnerV1 pid=13158)[0m                       'lr_scheduler_type': 'constant',
[36m(TaskRunnerV1 pid=13158)[0m                       'lr_warmup_steps': -1,
[36m(TaskRunnerV1 pid=13158)[0m                       'lr_warmup_steps_ratio': 0.0,
[36m(TaskRunnerV1 pid=13158)[0m                       'min_lr_ratio': 0.0,
[36m(TaskRunnerV1 pid=13158)[0m                       'num_cycles': 0.5,
[36m(TaskRunnerV1 pid=13158)[0m                       'optimizer': 'AdamW',
[36m(TaskRunnerV1 pid=13158)[0m                       'optimizer_impl': 'torch.optim',
[36m(TaskRunnerV1 pid=13158)[0m                       'override_optimizer_config': None,
[36m(TaskRunnerV1 pid=13158)[0m                       'total_training_steps': -1,
[36m(TaskRunnerV1 pid=13158)[0m                       'warmup_style': None,
[36m(TaskRunnerV1 pid=13158)[0m                       'weight_decay': 0.01,
[36m(TaskRunnerV1 pid=13158)[0m                       'zero_indexed_step': True},
[36m(TaskRunnerV1 pid=13158)[0m             'ppo_epochs': 1,
[36m(TaskRunnerV1 pid=13158)[0m             'ppo_max_token_len_per_gpu': 32768,
[36m(TaskRunnerV1 pid=13158)[0m             'ppo_micro_batch_size': None,
[36m(TaskRunnerV1 pid=13158)[0m             'ppo_micro_batch_size_per_gpu': None,
[36m(TaskRunnerV1 pid=13158)[0m             'ppo_mini_batch_size': 16,
[36m(TaskRunnerV1 pid=13158)[0m             'profiler': {'_target_': 'verl.utils.profiler.ProfilerConfig',
[36m(TaskRunnerV1 pid=13158)[0m                          'all_ranks': False,
[36m(TaskRunnerV1 pid=13158)[0m                          'enable': False,
[36m(TaskRunnerV1 pid=13158)[0m                          'ranks': [],
[36m(TaskRunnerV1 pid=13158)[0m                          'save_path': 'outputs/profile',
[36m(TaskRunnerV1 pid=13158)[0m                          'tool': None,
[36m(TaskRunnerV1 pid=13158)[0m                          'tool_config': {'npu': {'_target_': 'verl.utils.profiler.config.NPUToolConfig',
[36m(TaskRunnerV1 pid=13158)[0m                                                  'analysis': True,
[36m(TaskRunnerV1 pid=13158)[0m                                                  'contents': [],
[36m(TaskRunnerV1 pid=13158)[0m                                                  'discrete': False,
[36m(TaskRunnerV1 pid=13158)[0m                                                  'level': 'level0'},
[36m(TaskRunnerV1 pid=13158)[0m                                          'nsys': {'_target_': 'verl.utils.profiler.config.NsightToolConfig',
[36m(TaskRunnerV1 pid=13158)[0m                                                   'discrete': False},
[36m(TaskRunnerV1 pid=13158)[0m                                          'precision_debugger': {'_target_': 'verl.utils.profiler.config.PrecisionDebuggerToolConfig',
[36m(TaskRunnerV1 pid=13158)[0m                                                                 'config_path': None,
[36m(TaskRunnerV1 pid=13158)[0m                                                                 'stages': None,
[36m(TaskRunnerV1 pid=13158)[0m                                                                 'steps': None,
[36m(TaskRunnerV1 pid=13158)[0m                                                                 'strict': False},
[36m(TaskRunnerV1 pid=13158)[0m                                          'torch': {'_target_': 'verl.utils.profiler.config.TorchProfilerToolConfig',
[36m(TaskRunnerV1 pid=13158)[0m                                                    'contents': [],
[36m(TaskRunnerV1 pid=13158)[0m                                                    'discrete': False,
[36m(TaskRunnerV1 pid=13158)[0m                                                    'schedule': {'_target_': 'verl.utils.profiler.config.TorchProfilerScheduleConfig',
[36m(TaskRunnerV1 pid=13158)[0m                                                                 'active': 0,
[36m(TaskRunnerV1 pid=13158)[0m                                                                 'repeat': 0,
[36m(TaskRunnerV1 pid=13158)[0m                                                                 'skip_first': 0,
[36m(TaskRunnerV1 pid=13158)[0m                                                                 'wait': 0,
[36m(TaskRunnerV1 pid=13158)[0m                                                                 'warmup': 0}},
[36m(TaskRunnerV1 pid=13158)[0m                                          'torch_memory': {'_target_': 'verl.utils.profiler.config.TorchMemoryToolConfig',
[36m(TaskRunnerV1 pid=13158)[0m                                                           'stack_depth': 32,
[36m(TaskRunnerV1 pid=13158)[0m                                                           'trace_alloc_max_entries': 100000}}},
[36m(TaskRunnerV1 pid=13158)[0m             'rollout_n': 4,
[36m(TaskRunnerV1 pid=13158)[0m             'shuffle': False,
[36m(TaskRunnerV1 pid=13158)[0m             'strategy': 'fsdp',
[36m(TaskRunnerV1 pid=13158)[0m             'ulysses_sequence_parallel_size': 1,
[36m(TaskRunnerV1 pid=13158)[0m             'use_dynamic_bsz': True},
[36m(TaskRunnerV1 pid=13158)[0m  'custom_reward_function': {'name': None, 'path': None},
[36m(TaskRunnerV1 pid=13158)[0m  'data': {'apply_chat_template_kwargs': {'enable_thinking': True},
[36m(TaskRunnerV1 pid=13158)[0m           'audio_key': 'audios',
[36m(TaskRunnerV1 pid=13158)[0m           'continuous_token': {'enable': False, 'model_family': 'auto'},
[36m(TaskRunnerV1 pid=13158)[0m           'custom_cls': {'name': None, 'path': None},
[36m(TaskRunnerV1 pid=13158)[0m           'dataloader_num_workers': 8,
[36m(TaskRunnerV1 pid=13158)[0m           'filter_overlong_prompts': True,
[36m(TaskRunnerV1 pid=13158)[0m           'filter_overlong_prompts_workers': 4,
[36m(TaskRunnerV1 pid=13158)[0m           'function_tool_path': None,
[36m(TaskRunnerV1 pid=13158)[0m           'gen_batch_size': None,
[36m(TaskRunnerV1 pid=13158)[0m           'image_key': 'images',
[36m(TaskRunnerV1 pid=13158)[0m           'image_patch_size': 14,
[36m(TaskRunnerV1 pid=13158)[0m           'max_prompt_length': 1024,
[36m(TaskRunnerV1 pid=13158)[0m           'max_response_length': 1024,
[36m(TaskRunnerV1 pid=13158)[0m           'mm_processor_kwargs': {},
[36m(TaskRunnerV1 pid=13158)[0m           'prompt_key': 'prompt',
[36m(TaskRunnerV1 pid=13158)[0m           'return_full_prompt': False,
[36m(TaskRunnerV1 pid=13158)[0m           'return_multi_modal_inputs': True,
[36m(TaskRunnerV1 pid=13158)[0m           'return_raw_chat': True,
[36m(TaskRunnerV1 pid=13158)[0m           'return_raw_input_ids': False,
[36m(TaskRunnerV1 pid=13158)[0m           'reward_fn_key': 'data_source',
[36m(TaskRunnerV1 pid=13158)[0m           'seed': 1,
[36m(TaskRunnerV1 pid=13158)[0m           'shuffle': False,
[36m(TaskRunnerV1 pid=13158)[0m           'tokenizer': None,
[36m(TaskRunnerV1 pid=13158)[0m           'tool_config_path': None,
[36m(TaskRunnerV1 pid=13158)[0m           'train_batch_size'
[36m(TaskRunnerV1 pid=13158)[0m : 16,
[36m(TaskRunnerV1 pid=13158)[0m           'train_files': '/mnt/lv_model/npu60005420a/data/gsm8k_owner_aligned_20260729/verl_train_twinkle_aligned.parquet',
[36m(TaskRunnerV1 pid=13158)[0m           'train_max_samples': -1,
[36m(TaskRunnerV1 pid=13158)[0m           'truncation': 'error',
[36m(TaskRunnerV1 pid=13158)[0m           'trust_remote_code': False,
[36m(TaskRunnerV1 pid=13158)[0m           'use_shm': False,
[36m(TaskRunnerV1 pid=13158)[0m           'val_batch_size': 16,
[36m(TaskRunnerV1 pid=13158)[0m           'val_files': '/mnt/lv_model/npu60005420a/data/gsm8k_owner_aligned_20260729/verl_test_official_twinkle_aligned.parquet',
[36m(TaskRunnerV1 pid=13158)[0m           'val_max_samples': -1,
[36m(TaskRunnerV1 pid=13158)[0m           'validation_shuffle': False,
[36m(TaskRunnerV1 pid=13158)[0m           'video_key': 'videos'},
[36m(TaskRunnerV1 pid=13158)[0m  'distillation': {'_target_': 'verl.workers.config.DistillationConfig',
[36m(TaskRunnerV1 pid=13158)[0m                   'distillation_loss': {'_target_': 'verl.workers.config.DistillationLossConfig',
[36m(TaskRunnerV1 pid=13158)[0m                                         'clip_ratio': 0.2,
[36m(TaskRunnerV1 pid=13158)[0m                                         'clip_ratio_high': 0.2,
[36m(TaskRunnerV1 pid=13158)[0m                                         'clip_ratio_low': 0.2,
[36m(TaskRunnerV1 pid=13158)[0m                                         'distillation_loss_coef': 1.0,
[36m(TaskRunnerV1 pid=13158)[0m                                         'log_prob_min_clamp': None,
[36m(TaskRunnerV1 pid=13158)[0m                                         'loss_max_clamp': None,
[36m(TaskRunnerV1 pid=13158)[0m                                         'loss_mode': 'k3',
[36m(TaskRunnerV1 pid=13158)[0m                                         'policy_loss_mode': 'vanilla',
[36m(TaskRunnerV1 pid=13158)[0m                                         'topk': 32,
[36m(TaskRunnerV1 pid=13158)[0m                                         'use_policy_gradient': False,
[36m(TaskRunnerV1 pid=13158)[0m                                         'use_task_rewards': True},
[36m(TaskRunnerV1 pid=13158)[0m                   'enabled': False,
[36m(TaskRunnerV1 pid=13158)[0m                   'n_gpus_per_node': 8,
[36m(TaskRunnerV1 pid=13158)[0m                   'nnodes': 0,
[36m(TaskRunnerV1 pid=13158)[0m                   'teacher_key': 'data_source',
[36m(TaskRunnerV1 pid=13158)[0m                   'teacher_models': {'teacher_model': {'_target_': 'verl.workers.config.DistillationTeacherModelConfig',
[36m(TaskRunnerV1 pid=13158)[0m                                                        'inference': {'_target_': 'verl.workers.config.RolloutConfig',
[36m(TaskRunnerV1 pid=13158)[0m                                                                      'cudagraph_capture_sizes': None,
[36m(TaskRunnerV1 pid=13158)[0m                                                                      'data_parallel_size': 1,
[36m(TaskRunnerV1 pid=13158)[0m                                                                      'disable_log_stats': True,
[36m(TaskRunnerV1 pid=13158)[0m                                                                      'dtype': 'bfloat16',
[36m(TaskRunnerV1 pid=13158)[0m                                                                      'enable_chunked_prefill': True,
[36m(TaskRunnerV1 pid=13158)[0m                                                                      'enable_prefix_caching': True,
[36m(TaskRunnerV1 pid=13158)[0m                                                                      'enforce_eager': True,
[36m(TaskRunnerV1 pid=13158)[0m                                                                      'engine_kwargs': {},
[36m(TaskRunnerV1 pid=13158)[0m                                                                      'expert_parallel_size': 1,
[36m(TaskRunnerV1 pid=13158)[0m                                                                      'free_cache_engine': True,
[36m(TaskRunnerV1 pid=13158)[0m                                                                      'gpu_memory_utilization': 0.5,
[36m(TaskRunnerV1 pid=13158)[0m                                                                      'limit_images': None,
[36m(TaskRunnerV1 pid=13158)[0m                                                                      'load_format': 'auto',
[36m(TaskRunnerV1 pid=13158)[0m                                                                      'max_model_len': None,
[36m(TaskRunnerV1 pid=13158)[0m                                                                      'max_num_batched_tokens': 8192,
[36m(TaskRunnerV1 pid=13158)[0m                                                                      'max_num_seqs': 1024,
[36m(TaskRunnerV1 pid=13158)[0m                                                                      'name': 'vllm',
[36m(TaskRunnerV1 pid=13158)[0m                                                                      'prompt_length': 1024,
[36m(TaskRunnerV1 pid=13158)[0m                                                                      'response_length': 1024,
[36m(TaskRunnerV1 pid=13158)[0m                                                                      'skip_tokenizer_init': True,
[36m(TaskRunnerV1 pid=13158)[0m                                                                      'temperature': 1.0,
[36m(TaskRunnerV1 pid=13158)[0m                                                                      'tensor_model_parallel_size': 2},
[36m(TaskRunnerV1 pid=13158)[0m                                                        'key': None,
[36m(TaskRunnerV1 pid=13158)[0m                                                        'model_path': None,
[36m(TaskRunnerV1 pid=13158)[0m                                                        'num_replicas': 0}}},
[36m(TaskRunnerV1 pid=13158)[0m  'global_profiler': {'_target_': 'verl.utils.profiler.ProfilerConfig',
[36m(TaskRunnerV1 pid=13158)[0m                      'global_tool_config': {'nsys': {'_target_': 'verl.utils.profiler.config.NsightToolConfig',
[36m(TaskRunnerV1 pid=13158)[0m                                                      'controller_nsight_options': {'cuda-graph-trace': 'graph',
[36m(TaskRunnerV1 pid=13158)[0m                                                                                    'cuda-memory-usage': 'true',
[36m(TaskRunnerV1 pid=13158)[0m                                                                                    'trace': 'cuda,nvtx,cublas,ucx'},
[36m(TaskRunnerV1 pid=13158)[0m                                                      'discrete': False,
[36m(TaskRunnerV1 pid=13158)[0m                                                      'worker_nsight_options': {'capture-range': 'cudaProfilerApi',
[36m(TaskRunnerV1 pid=13158)[0m                                                                                'capture-range-end': None,
[36m(TaskRunnerV1 pid=13158)[0m                                                                                'cuda-graph-trace': 'graph',
[36m(TaskRunnerV1 pid=13158)[0m                                                                                'cuda-memory-usage': 'true',
[36m(TaskRunnerV1 pid=13158)[0m                                                                                'kill': 'none',
[36m(TaskRunnerV1 pid=13158)[0m                                                                                'trace': 'cuda,nvtx,cublas,ucx'}},
[36m(TaskRunnerV1 pid=13158)[0m                                             'precision_debugger': {'_target_': 'verl.utils.profiler.config.PrecisionDebuggerToolConfig',
[36m(TaskRunnerV1 pid=13158)[0m                                                                    'config_path': None,
[36m(TaskRunnerV1 pid=13158)[0m                                                                    'stages': None,
[36m(TaskRunnerV1 pid=13158)[0m                                                                    'steps': None,
[36m(TaskRunnerV1 pid=13158)[0m                                                                    'strict': False},
[36m(TaskRunnerV1 pid=13158)[0m                                             'torch_memory': {'context': 'all',
[36m(TaskRunnerV1 pid=13158)[0m                                                              'kw_args': {},
[36m(TaskRunnerV1 pid=13158)[0m                                                              'stack_depth': 32,
[36m(TaskRunnerV1 pid=13158)[0m                                                              'stacks': 'all',
[36m(TaskRunnerV1 pid=13158)[0m                                                              'trace_alloc_max_entries': 100000}},
[36m(TaskRunnerV1 pid=13158)[0m                      'profile_continuous_steps': False,
[36m(TaskRunnerV1 pid=13158)[0m                      'save_path': 'outputs/profile',
[36m(TaskRunnerV1 pid=13158)[0m                      'steps': None,
[36m(TaskRunnerV1 pid=13158)[0m                      'tool': None},
[36m(TaskRunnerV1 pid=13158)[0m  'model_engine': 'dp',
[36m(TaskRunnerV1 pid=13158)[0m  'ray_kwargs': {'ray_init': {'num_cpus': None}, 'timeline_json_file': None},
[36m(TaskRunnerV1 pid=13158)[0m  'reward': {'_target_': 'verl.workers.config.RewardConfig',
[36m(TaskRunnerV1 pid=13158)[0m             'custom_reward_function': {'name': 'compute_score',
[36m(TaskRunnerV1 pid=13158)[0m                                        'path': '/mnt/lv_model/npu60005420a/packages/twinkle_aligned_verl_grpo_npu_2cards_owner_20260729/gsm8k_accuracy_reward.py'},
[36m(TaskRunnerV1 pid=13158)[0m             'num_workers': 4,
[36m(TaskRunnerV1 pid=13158)[0m             'reward_manager': {'_target_': 'verl.workers.config.reward.RewardManagerConfig',
[36m(TaskRunnerV1 pid=13158)[0m                                'module'
[36m(TaskRunnerV1 pid=13158)[0m : {'_target_': 'verl.trainer.config.config.ModuleConfig',
[36m(TaskRunnerV1 pid=13158)[0m                                           'name': 'custom_reward_manager',
[36m(TaskRunnerV1 pid=13158)[0m                                           'path': None},
[36m(TaskRunnerV1 pid=13158)[0m                                'name': 'naive',
[36m(TaskRunnerV1 pid=13158)[0m                                'source': 'register'},
[36m(TaskRunnerV1 pid=13158)[0m             'reward_model': {'_target_': 'verl.workers.config.RewardModelConfig',
[36m(TaskRunnerV1 pid=13158)[0m                              'enable': False,
[36m(TaskRunnerV1 pid=13158)[0m                              'enable_resource_pool': False,
[36m(TaskRunnerV1 pid=13158)[0m                              'model_path': None,
[36m(TaskRunnerV1 pid=13158)[0m                              'n_gpus_per_node': 8,
[36m(TaskRunnerV1 pid=13158)[0m                              'nnodes': 0,
[36m(TaskRunnerV1 pid=13158)[0m                              'rollout': {'_target_': 'verl.workers.config.RolloutConfig',
[36m(TaskRunnerV1 pid=13158)[0m                                          'cudagraph_capture_sizes': None,
[36m(TaskRunnerV1 pid=13158)[0m                                          'data_parallel_size': 1,
[36m(TaskRunnerV1 pid=13158)[0m                                          'disable_log_stats': True,
[36m(TaskRunnerV1 pid=13158)[0m                                          'disaggregation': {'bootstrap_port': None,
[36m(TaskRunnerV1 pid=13158)[0m                                                             'decode_replicas': 1,
[36m(TaskRunnerV1 pid=13158)[0m                                                             'decode_tensor_model_parallel_size': None,
[36m(TaskRunnerV1 pid=13158)[0m                                                             'enabled': False,
[36m(TaskRunnerV1 pid=13158)[0m                                                             'ib_device': None,
[36m(TaskRunnerV1 pid=13158)[0m                                                             'prefill_replicas': 1,
[36m(TaskRunnerV1 pid=13158)[0m                                                             'transfer_backend': 'nixl'},
[36m(TaskRunnerV1 pid=13158)[0m                                          'do_sample': True,
[36m(TaskRunnerV1 pid=13158)[0m                                          'dtype': 'bfloat16',
[36m(TaskRunnerV1 pid=13158)[0m                                          'enable_chunked_prefill': True,
[36m(TaskRunnerV1 pid=13158)[0m                                          'enable_prefix_caching': True,
[36m(TaskRunnerV1 pid=13158)[0m                                          'enforce_eager': True,
[36m(TaskRunnerV1 pid=13158)[0m                                          'engine_kwargs': {},
[36m(TaskRunnerV1 pid=13158)[0m                                          'expert_parallel_size': 1,
[36m(TaskRunnerV1 pid=13158)[0m                                          'free_cache_engine': True,
[36m(TaskRunnerV1 pid=13158)[0m                                          'full_determinism': False,
[36m(TaskRunnerV1 pid=13158)[0m                                          'gpu_memory_utilization': 0.5,
[36m(TaskRunnerV1 pid=13158)[0m                                          'ignore_eos': False,
[36m(TaskRunnerV1 pid=13158)[0m                                          'layered_summon': False,
[36m(TaskRunnerV1 pid=13158)[0m                                          'limit_images': None,
[36m(TaskRunnerV1 pid=13158)[0m                                          'load_format': 'auto',
[36m(TaskRunnerV1 pid=13158)[0m                                          'max_model_len': None,
[36m(TaskRunnerV1 pid=13158)[0m                                          'max_num_batched_tokens': 8192,
[36m(TaskRunnerV1 pid=13158)[0m                                          'max_num_seqs': 1024,
[36m(TaskRunnerV1 pid=13158)[0m                                          'mtp': None,
[36m(TaskRunnerV1 pid=13158)[0m                                          'multi_stage_wake_up': False,
[36m(TaskRunnerV1 pid=13158)[0m                                          'n': 1,
[36m(TaskRunnerV1 pid=13158)[0m                                          'name': '???',
[36m(TaskRunnerV1 pid=13158)[0m                                          'pipeline_model_parallel_size': 1,
[36m(TaskRunnerV1 pid=13158)[0m                                          'prompt_length': 2048,
[36m(TaskRunnerV1 pid=13158)[0m                                          'quantization': None,
[36m(TaskRunnerV1 pid=13158)[0m                                          'quantization_config_file': None,
[36m(TaskRunnerV1 pid=13158)[0m                                          'response_length': 2048,
[36m(TaskRunnerV1 pid=13158)[0m                                          'scheduling_policy': 'fcfs',
[36m(TaskRunnerV1 pid=13158)[0m                                          'seed': 42,
[36m(TaskRunnerV1 pid=13158)[0m                                          'skip_tokenizer_init': False,
[36m(TaskRunnerV1 pid=13158)[0m                                          'temperature': 1.0,
[36m(TaskRunnerV1 pid=13158)[0m                                          'tensor_model_parallel_size': 2,
[36m(TaskRunnerV1 pid=13158)[0m                                          'top_k': -1,
[36m(TaskRunnerV1 pid=13158)[0m                                          'top_p': 1}},
[36m(TaskRunnerV1 pid=13158)[0m             'sandbox_fusion': {'_target_': 'verl.workers.config.SandboxFusionConfig',
[36m(TaskRunnerV1 pid=13158)[0m                                'max_concurrent': 64,
[36m(TaskRunnerV1 pid=13158)[0m                                'memory_limit_mb': 1024,
[36m(TaskRunnerV1 pid=13158)[0m                                'url': None}},
[36m(TaskRunnerV1 pid=13158)[0m  'reward_model': {'enable': None,
[36m(TaskRunnerV1 pid=13158)[0m                   'enable_resource_pool': None,
[36m(TaskRunnerV1 pid=13158)[0m                   'model': {'external_lib': None,
[36m(TaskRunnerV1 pid=13158)[0m                             'path': None,
[36m(TaskRunnerV1 pid=13158)[0m                             'trust_remote_code': None},
[36m(TaskRunnerV1 pid=13158)[0m                   'n_gpus_per_node': None,
[36m(TaskRunnerV1 pid=13158)[0m                   'nnodes': None,
[36m(TaskRunnerV1 pid=13158)[0m                   'num_workers': None,
[36m(TaskRunnerV1 pid=13158)[0m                   'reward_loop_class_name': None,
[36m(TaskRunnerV1 pid=13158)[0m                   'reward_loop_module_path': None,
[36m(TaskRunnerV1 pid=13158)[0m                   'reward_loop_source': None,
[36m(TaskRunnerV1 pid=13158)[0m                   'reward_manager': None,
[36m(TaskRunnerV1 pid=13158)[0m                   'rollout': {'cudagraph_capture_sizes': None,
[36m(TaskRunnerV1 pid=13158)[0m                               'data_parallel_size': None,
[36m(TaskRunnerV1 pid=13158)[0m                               'disable_log_stats': None,
[36m(TaskRunnerV1 pid=13158)[0m                               'dtype': None,
[36m(TaskRunnerV1 pid=13158)[0m                               'enable_chunked_prefill': None,
[36m(TaskRunnerV1 pid=13158)[0m                               'enable_prefix_caching': None,
[36m(TaskRunnerV1 pid=13158)[0m                               'enforce_eager': None,
[36m(TaskRunnerV1 pid=13158)[0m                               'engine_kwargs': None,
[36m(TaskRunnerV1 pid=13158)[0m                               'expert_parallel_size': None,
[36m(TaskRunnerV1 pid=13158)[0m                               'free_cache_engine': None,
[36m(TaskRunnerV1 pid=13158)[0m                               'gpu_memory_utilization': None,
[36m(TaskRunnerV1 pid=13158)[0m                               'limit_images': None,
[36m(TaskRunnerV1 pid=13158)[0m                               'load_format': None,
[36m(TaskRunnerV1 pid=13158)[0m                               'max_model_len': None,
[36m(TaskRunnerV1 pid=13158)[0m                               'max_num_batched_tokens': None,[36m(TaskRunnerV1 pid=13158)[0m /usr/local/python3.11.15/lib/python3.11/site-packages/ray/_private/auto_init_hook.py:22: DeprecationWarning: placement_group parameter is deprecated. Use scheduling_strategy=PlacementGroupSchedulingStrategy(...) instead, see the usage at https://docs.ray.io/en/releases-2.55.1/ray-core/package-ref.html#ray-remote.
[36m(TaskRunnerV1 pid=13158)[0m   return fn(*args, **kwargs)
[36m(TaskRunnerV1 pid=13158)[0m /usr/local/python3.11.15/lib/python3.11/site-packages/ray/_private/auto_init_hook.py:22: DeprecationWarning: placement_group_bundle_index parameter is deprecated. Use scheduling_strategy=PlacementGroupSchedulingStrategy(...) instead, see the usage at https://docs.ray.io/en/releases-2.55.1/ray-core/package-ref.html#ray-remote.
[36m(TaskRunnerV1 pid=13158)[0m   return fn(*args, **kwargs)
[36m(TaskRunnerV1 pid=13158)[0m /workspace/verl_official_main_17ea153d95ee_20260729/verl/trainer/ppo/v1/trainer_base.py:129: UserWarning: Disabled critic as algorithm.adv_estimator != gae. If it is not intended, please set critic.enable=True
[36m(TaskRunnerV1 pid=13158)[0m   self.use_critic = need_critic(self.config)
[36m(TaskRunnerV1 pid=13158)[0m Generating train split: 0 examples [00:00, ? examples/s]Generating train split: 2000 examples [00:00, 86164.26 examples/s]
[36m(TaskRunnerV1 pid=13158)[0m Filtering prompts longer than 1024 tokens (num_proc=4):   0%|          | 0/2000 [00:00<?, ? examples/s]
[36m(TaskRunnerV1 pid=13158)[0m Filtering prompts longer than 1024 tokens (num_proc=4):  25%|██▌       | 500/2000 [00:04<00:14, 102.15 examples/s]
[36m(TaskRunnerV1 pid=13158)[0m Filtering prompts longer than 1024 tokens (num_proc=4):  50%|█████     | 1000/2000 [00:07<00:07, 133.09 examples/s]
[36m(TaskRunnerV1 pid=13158)[0m Filtering prompts longer than 1024 tokens (num_proc=4):  75%|███████▌  | 1500/2000 [00:10<00:03, 147.27 examples/s]
[36m(TaskRunnerV1 pid=13158)[0m Filtering prompts longer than 1024 tokens (num_proc=4): 100%|██████████| 2000/2000 [00:13<00:00, 153.96 examples/s]
[36m(TaskRunnerV1 pid=13158)[0m Filtering prompts longer than 1024 tokens (num_proc=4): 100%|██████████| 2000/2000 [00:14<00:00, 141.43 examples/s]
[36m(TaskRunnerV1 pid=13158)[0m Generating train split: 0 examples [00:00, ? examples/s]Generating train split: 1319 examples [00:00, 82993.85 examples/s]
[36m(TaskRunnerV1 pid=13158)[0m Filtering prompts longer than 1024 tokens (num_proc=4):   0%|          | 0/1319 [00:00<?, ? examples/s]
[36m(TaskRunnerV1 pid=13158)[0m Filtering prompts longer than 1024 tokens (num_proc=4):  25%|██▌       | 330/1319 [00:04<00:14, 68.32 examples/s]
[36m(TaskRunnerV1 pid=13158)[0m Filtering prompts longer than 1024 tokens (num_proc=4):  50%|█████     | 660/1319 [00:07<00:07, 88.81 examples/s]
[36m(TaskRunnerV1 pid=13158)[0m Filtering prompts longer than 1024 tokens (num_proc=4):  75%|███████▌  | 990/1319 [00:10<00:03, 97.97 examples/s]
[36m(TaskRunnerV1 pid=13158)[0m Filtering prompts longer than 1024 tokens (num_proc=4): 100%|██████████| 1319/1319 [00:13<00:00, 101.45 examples/s]
[36m(TaskRunnerV1 pid=13158)[0m Filtering prompts longer than 1024 tokens (num_proc=4): 100%|██████████| 1319/1319 [00:14<00:00, 93.51 examples/s] 
[36m(TaskRunnerV1 pid=13158)[0m INFO:2026-07-29 13:23:06,249:data.gen_batch_size defaulted to 1.
[36m(TaskRunnerV1 pid=13158)[0m INFO:2026-07-29 13:23:06,254:train and validate dataloader initialized, train dataset size: 2000, val dataset size: 1319
[36m(TaskRunnerV1 pid=13158)[0m INFO:2026-07-29 13:23:06,254:Total training steps: 1
[36m(TaskRunnerV1 pid=13158)[0m /workspace/verl_official_main_17ea153d95ee_20260729/verl/trainer/ppo/v1/trainer_base.py:755: UserWarning: Disabled critic as algorithm.adv_estimator != gae. If it is not intended, please set critic.enable=True
[36m(TaskRunnerV1 pid=13158)[0m   if need_critic(config):
[36m(TaskRunnerV1 pid=13158)[0m INFO:2026-07-29 13:23:06,265:worker group kwargs: {'device_name': 'npu'}
[36m(TaskRunnerV1 pid=13158)[0m INFO:2026-07-29 13:23:08,453:create worker group dict_keys(['actor_rollout'])
[36m(WorkerDict pid=15990)[0m /usr/local/python3.11.15/lib/python3.11/site-packages/torch_npu/contrib/transfer_to_npu.py:360: ImportWarning: 
[36m(WorkerDict pid=15990)[0m     *************************************************************************************************************
[36m(WorkerDict pid=15990)[0m     The torch.Tensor.cuda and torch.nn.Module.cuda are replaced with torch.Tensor.npu and torch.nn.Module.npu now..
[36m(WorkerDict pid=15990)[0m     The torch.cuda.DoubleTensor is replaced with torch.npu.FloatTensor cause the double type is not supported now..
[36m(WorkerDict pid=15990)[0m     The backend in torch.distributed.init_process_group set to hccl now..
[36m(WorkerDict pid=15990)[0m     The torch.cuda.* and torch.cuda.amp.* are replaced with torch.npu.* and torch.npu.amp.* now..
[36m(WorkerDict pid=15990)[0m     The device parameters have been replaced with npu in the function below:
[36m(WorkerDict pid=15990)[0m     torch.logspace, torch.randint, torch.hann_window, torch.rand, torch.full_like, torch.ones_like, torch.rand_like, torch.randperm, torch.arange, torch.frombuffer, torch.normal, torch._empty_per_channel_affine_quantized, torch.empty_strided, torch.empty_like, torch.scalar_tensor, torch.tril_indices, torch.bartlett_window, torch.ones, torch.sparse_coo_tensor, torch.randn, torch.kaiser_window, torch.tensor, torch.triu_indices, torch.as_tensor, torch.zeros, torch.randint_like, torch.full, torch.eye, torch._sparse_csr_tensor_unsafe, torch.empty, torch._sparse_coo_tensor_unsafe, torch.blackman_window, torch.zeros_like, torch.range, torch.sparse_csr_tensor, torch.randn_like, torch.from_file, torch._cudnn_init_dropout_state, torch._empty_affine_quantized, torch.linspace, torch.hamming_window, torch.empty_quantized, torch._pin_memory, torch.load, torch.set_default_device, torch.get_device_module, torch.sparse_compressed_tensor, torch.Tensor.new_empty, torch.Tensor.new_empty_strided, torch.Tensor.new_full, torch.Tensor.new_ones, torch.Tensor.new_tensor, torch.Tensor.new_zeros, torch.Tensor.to, torch.Tensor.pin_memory, torch.nn.Module.to, torch.nn.Module.to_empty
[36m(WorkerDict pid=15990)[0m     *************************************************************************************************************
[36m(WorkerDict pid=15990)[0m     
[36m(WorkerDict pid=15990)[0m   warnings.warn(msg, ImportWarning)
[36m(WorkerDict pid=15990)[0m /usr/local/python3.11.15/lib/python3.11/site-packages/torch_npu/contrib/transfer_to_npu.py:291: RuntimeWarning: torch.jit.script and torch.jit.script_method will be disabled by transfer_to_npu, which currently does not support them, if you need to enable them, please do not use transfer_to_npu.
[36m(WorkerDict pid=15990)[0m   warnings.warn(msg, RuntimeWarning)
[36m(WorkerDict pid=15990)[0m /MindSpeed/mindspeed/features_manager/megatron_basic/requirements_basic.py:68: UserWarning: fla_npu is not installed. use chunk_gated_delta_rule instead.
[36m(WorkerDict pid=15990)[0m   warnings.warn("fla_npu is not installed. use chunk_gated_delta_rule instead.")

[36m(TaskRunnerV1 pid=13158)[0m                               'max_num_seqs': None
[36m(TaskRunnerV1 pid=13158)[0m ,
[36m(TaskRunnerV1 pid=13158)[0m                               'name': None,
[36m(TaskRunnerV1 pid=13158)[0m                               'prompt_length': None,
[36m(TaskRunnerV1 pid=13158)[0m                               'response_length': None,
[36m(TaskRunnerV1 pid=13158)[0m                               'skip_tokenizer_init': None,
[36m(TaskRunnerV1 pid=13158)[0m                               'tensor_model_parallel_size': None}},
[36m(TaskRunnerV1 pid=13158)[0m  'sandbox_fusion': {'max_concurrent': None,
[36m(TaskRunnerV1 pid=13158)[0m                     'memory_limit_mb': None,
[36m(TaskRunnerV1 pid=13158)[0m                     'url': None},
[36m(TaskRunnerV1 pid=13158)[0m  'skip': {'_target_': 'verl.utils.skip.SkipManagerConfig',
[36m(TaskRunnerV1 pid=13158)[0m           'async_rollout': {'action': 'cache',
[36m(TaskRunnerV1 pid=13158)[0m                             'dump_dir': '~/.verl/rollout_dump',
[36m(TaskRunnerV1 pid=13158)[0m                             'enable': False,
[36m(TaskRunnerV1 pid=13158)[0m                             'steps': []},
[36m(TaskRunnerV1 pid=13158)[0m           'rollout': {'action': 'cache',
[36m(TaskRunnerV1 pid=13158)[0m                       'dump_dir': '~/.verl/rollout_dump',
[36m(TaskRunnerV1 pid=13158)[0m                       'enable': False,
[36m(TaskRunnerV1 pid=13158)[0m                       'steps': []},
[36m(TaskRunnerV1 pid=13158)[0m           'rollout_tq': {'action': 'cache',
[36m(TaskRunnerV1 pid=13158)[0m                          'dump_dir': '~/.verl/rollout_dump',
[36m(TaskRunnerV1 pid=13158)[0m                          'enable': False,
[36m(TaskRunnerV1 pid=13158)[0m                          'steps': []}},
[36m(TaskRunnerV1 pid=13158)[0m  'trainer': {'balance_batch': True,
[36m(TaskRunnerV1 pid=13158)[0m              'critic_warmup': 0,
[36m(TaskRunnerV1 pid=13158)[0m              'default_hdfs_dir': None,
[36m(TaskRunnerV1 pid=13158)[0m              'default_local_dir': '/mnt/lv_model/npu60005420a/qy_owner_smoke_20260729/qy_owner_verl_smoke1_v2_npu23/checkpoints',
[36m(TaskRunnerV1 pid=13158)[0m              'del_local_ckpt_after_load': False,
[36m(TaskRunnerV1 pid=13158)[0m              'device': 'npu',
[36m(TaskRunnerV1 pid=13158)[0m              'esi_redundant_time': 0,
[36m(TaskRunnerV1 pid=13158)[0m              'experiment_name': 'qy_owner_verl_smoke1_v2_npu23',
[36m(TaskRunnerV1 pid=13158)[0m              'log_val_generations': 0,
[36m(TaskRunnerV1 pid=13158)[0m              'logger': ['console', 'tensorboard'],
[36m(TaskRunnerV1 pid=13158)[0m              'max_actor_ckpt_to_keep': None,
[36m(TaskRunnerV1 pid=13158)[0m              'max_critic_ckpt_to_keep': None,
[36m(TaskRunnerV1 pid=13158)[0m              'n_gpus_per_node': 1,
[36m(TaskRunnerV1 pid=13158)[0m              'nnodes': 1,
[36m(TaskRunnerV1 pid=13158)[0m              'project_name': 'twinkle-aligned-gsm8k-grpo',
[36m(TaskRunnerV1 pid=13158)[0m              'ray_wait_register_center_timeout': 300,
[36m(TaskRunnerV1 pid=13158)[0m              'resume_from_path': None,
[36m(TaskRunnerV1 pid=13158)[0m              'resume_mode': 'disable',
[36m(TaskRunnerV1 pid=13158)[0m              'rollout_data_dir': '/mnt/lv_model/npu60005420a/qy_owner_smoke_20260729/qy_owner_verl_smoke1_v2_npu23/rollouts',
[36m(TaskRunnerV1 pid=13158)[0m              'save_freq': 1,
[36m(TaskRunnerV1 pid=13158)[0m              'test_freq': -1,
[36m(TaskRunnerV1 pid=13158)[0m              'total_epochs': 1,
[36m(TaskRunnerV1 pid=13158)[0m              'total_training_steps': 1,
[36m(TaskRunnerV1 pid=13158)[0m              'use_v1': True,
[36m(TaskRunnerV1 pid=13158)[0m              'v1': {'colocate_async': {'num_warmup_batches': 1},
[36m(TaskRunnerV1 pid=13158)[0m                     'sampler': {'custom_sampler': {'name': None, 'path': None},
[36m(TaskRunnerV1 pid=13158)[0m                                 'max_off_policy_strategy': 'wait',
[36m(TaskRunnerV1 pid=13158)[0m                                 'max_off_policy_threshold': 1,
[36m(TaskRunnerV1 pid=13158)[0m                                 'sampler_kwargs': {},
[36m(TaskRunnerV1 pid=13158)[0m                                 'sync_refill_failed_groups': False},
[36m(TaskRunnerV1 pid=13158)[0m                     'separate_async': {'num_warmup_batches': 0,
[36m(TaskRunnerV1 pid=13158)[0m                                        'parameter_sync_step': 1},
[36m(TaskRunnerV1 pid=13158)[0m                     'sync': {},
[36m(TaskRunnerV1 pid=13158)[0m                     'trainer_mode': 'separate_async'},
[36m(TaskRunnerV1 pid=13158)[0m              'val_before_train': False,
[36m(TaskRunnerV1 pid=13158)[0m              'val_only': False,
[36m(TaskRunnerV1 pid=13158)[0m              'validation_data_dir': '/mnt/lv_model/npu60005420a/qy_owner_smoke_20260729/qy_owner_verl_smoke1_v2_npu23/validation_data'},
[36m(TaskRunnerV1 pid=13158)[0m  'transfer_queue': {'backend': {'MooncakeStore': {'auto_init': False,
[36m(TaskRunnerV1 pid=13158)[0m                                                   'device_name': '',
[36m(TaskRunnerV1 pid=13158)[0m                                                   'global_segment_size': 4294967296,
[36m(TaskRunnerV1 pid=13158)[0m                                                   'local_buffer_size': 1073741824,
[36m(TaskRunnerV1 pid=13158)[0m                                                   'local_hostname': 'localhost',
[36m(TaskRunnerV1 pid=13158)[0m                                                   'master_server_address': 'localhost:50124',
[36m(TaskRunnerV1 pid=13158)[0m                                                   'metadata_server': 'localhost:50123',
[36m(TaskRunnerV1 pid=13158)[0m                                                   'protocol': 'tcp'},
[36m(TaskRunnerV1 pid=13158)[0m                                 'SimpleStorage': {'num_data_storage_units': 2,
[36m(TaskRunnerV1 pid=13158)[0m                                                   'total_storage_size': 10000},
[36m(TaskRunnerV1 pid=13158)[0m                                 'storage_backend': 'SimpleStorage'},
[36m(TaskRunnerV1 pid=13158)[0m                     'enable': True,
[36m(TaskRunnerV1 pid=13158)[0m                     'metrics': {'enabled': True, 'port': 0}}}
[36m(TaskRunnerV1 pid=13158)[0m Using dataset class: RLHFDataset
[36m(TaskRunnerV1 pid=13158)[0m [Rank 0 | Local Rank 0] 2026-07-29 13:22:30,362 INFO [httpx:1025] => HTTP Request: HEAD https://s3.amazonaws.com/datasets.huggingface.co/datasets/datasets/parquet/parquet.py "HTTP/1.1 404 Not Found"
[36m(TaskRunnerV1 pid=13158)[0m dataset len: 2000
[36m(TaskRunnerV1 pid=13158)[0m [Rank 0 | Local Rank 0] 2026-07-29 13:22:33,646 INFO [torch_npu.env:15] => get env TOKENIZERS_PARALLELISM = false
[36m(TaskRunnerV1 pid=13158)[0m filter dataset len: 2000
[36m(TaskRunnerV1 pid=13158)[0m Using dataset class: RLHFDataset
[36m(TaskRunnerV1 pid=13158)[0m [Rank 0 | Local Rank 0] 2026-07-29 13:22:48,863 INFO [httpx:1025] => HTTP Request: HEAD https://s3.amazonaws.com/datasets.huggingface.co/datasets/datasets/parquet/parquet.py "HTTP/1.1 404 Not Found"
[36m(TaskRunnerV1 pid=13158)[0m dataset len: 1319
[36m(TaskRunnerV1 pid=13158)[0m filter dataset len: 1319
[36m(TaskRunnerV1 pid=13158)[0m colocated worker base class <class 'verl.single_controller.base.worker.Worker'>
[36m(WorkerDict pid=15990)[0m [Rank 0 | Local Rank 0] 2026-07-29 13:23:30,798 INFO [mindspeed.megatron_adaptor:33] => start to patch features in megatron adaptor.
[36m(WorkerDict pid=15990)[0m [Rank 0 | Local Rank 0] 2026-07-29 13:23:32,962 INFO [megatron.core.distributed.fsdp.src.megatron_fsdp.mixed_precision:34] => Using Megatron-FSDP without Transformer Engine.
[36m(WorkerDict pid=15990)[0m [Rank 0 | Local Rank 0] 2026-07-29 13:23:32,966 INFO [megatron.core.distributed.fsdp.src.megatron_fsdp.param_and_grad_buffer:69] => Detected Megatron Core, using Megatron-FSDP with Megatron.
[36m(WorkerDict pid=15990)[0m [Rank 0 | Local Rank 0] 2026-07-29 13:23:32,973 INFO [megatron.core.distributed.fsdp.src.megatron_fsdp.megatron_fsdp:47] => Detected Megatron Core, using Megatron-FSDP with Megatron.[36m(WorkerDict pid=15990)[0m /Megatron-LM/megatron/core/inference/contexts/__init__.py:9: DeprecationWarning: The following imports from `dynamic_context.py` will be removed in this file in `megatron-core` 0.14. The imports here result in a cyclic import issue that causes rotary embeddings to import from Apex rather than Transformer Engine.
[36m(WorkerDict pid=15990)[0m   warnings.warn(
[36m(WorkerDict pid=15990)[0m /MindSpeed/mindspeed/core/tensor_parallel/tp_2d/layernorm_2d.py:88: FutureWarning: `torch_npu.npu.amp.custom_fwd(args...)` is deprecated. Please use `torch.amp.custom_fwd(args..., device_type='npu')` instead.
[36m(WorkerDict pid=15990)[0m   @custom_fwd
[36m(WorkerDict pid=15990)[0m /MindSpeed/mindspeed/core/tensor_parallel/tp_2d/layernorm_2d.py:147: FutureWarning: `torch_npu.npu.amp.custom_bwd(args...)` is deprecated. Please use `torch.amp.custom_bwd(args..., device_type='npu')` instead.
[36m(WorkerDict pid=15990)[0m   @custom_bwd
[36m(WorkerDict pid=15990)[0m /MindSpeed/mindspeed/core/tensor_parallel/tp_2d/rms_norm_2d.py:66: FutureWarning: `torch_npu.npu.amp.custom_fwd(args...)` is deprecated. Please use `torch.amp.custom_fwd(args..., device_type='npu')` instead.
[36m(WorkerDict pid=15990)[0m   @custom_fwd
[36m(WorkerDict pid=15990)[0m /MindSpeed/mindspeed/core/tensor_parallel/tp_2d/rms_norm_2d.py:87: FutureWarning: `torch_npu.npu.amp.custom_bwd(args...)` is deprecated. Please use `torch.amp.custom_bwd(args..., device_type='npu')` instead.
[36m(WorkerDict pid=15990)[0m   @custom_bwd
[36m(WorkerDict pid=15990)[0m /Megatron-LM/megatron/core/transformer/multi_latent_attention.py:36: DeprecationWarning: The 'megatron.core.transformer.custom_layers.transformer_engine' 
[36m(WorkerDict pid=15990)[0m     module is deprecated and will be removed in 0.10.0. Please use 
[36m(WorkerDict pid=15990)[0m     'megatron.core.extensions.transformer_engine' instead.
[36m(WorkerDict pid=15990)[0m   from megatron.core.transformer.custom_layers.transformer_engine import (
[36m(WorkerDict pid=15990)[0m Loading weights:   0%|          | 0/398 [00:00<?, ?it/s]
[36m(WorkerDict pid=15990)[0m Loading weights:   0%|          | 1/398 [00:01<10:58,  1.66s/it]
[36m(WorkerDict pid=15990)[0m Loading weights:  37%|███▋      | 147/398 [00:01<00:02, 115.10it/s]
[36m(WorkerDict pid=15990)[0m Loading weights:  56%|█████▋    | 224/398 [00:02<00:01, 116.31it/s]
[36m(WorkerDict pid=15990)[0m Loading weights:  68%|██████▊   | 271/398 [00:02<00:01, 119.18it/s]
[36m(WorkerDict pid=15990)[0m Loading weights:  77%|███████▋  | 305/398 [00:03<00:00, 120.64it/s]
[36m(WorkerDict pid=15990)[0m Loading weights:  83%|████████▎ | 331/398 [00:03<00:00, 124.20it/s]
[36m(WorkerDict pid=15990)[0m Loading weights:  89%|████████▊ | 353/398 [00:03<00:00, 125.35it/s]
[36m(WorkerDict pid=15990)[0m Loading weights:  93%|█████████▎| 372/398 [00:03<00:00, 125.78it/s]
[36m(WorkerDict pid=15990)[0m Loading weights:  98%|█████████▊| 390/398 [00:03<00:00, 119.14it/s]Loading weights: 100%|██████████| 398/398 [00:03<00:00, 106.18it/s]
[36m(WorkerDict pid=15990)[0m /usr/local/python3.11.15/lib/python3.11/site-packages/tvm_ffi/_optional_torch_c_dlpack.py:181: UserWarning: Failed to JIT torch c dlpack extension, EnvTensorAllocator will not be enabled.
[36m(WorkerDict pid=15990)[0m We recommend installing via `pip install torch-c-dlpack-ext`
[36m(WorkerDict pid=15990)[0m   warnings.warn(
[36m(TaskRunnerV1 pid=13158)[0m INFO:2026-07-29 13:24:23,057:actor and ref model engine initialized
[36m(TaskRunnerV1 pid=13158)[0m INFO:2026-07-29 13:24:23,201:reward loop manager initialized

[36m(WorkerDict pid=15990)[0m [Rank 0 | Local Rank 0] 2026-07-29 13:23:37,699 INFO [torch_npu.env:15] => get env WORLD_SIZE = 1
[36m(WorkerDict pid=15990)[0m [Rank 0 | Local Rank 0] 2026-07-29 13:23:37,700 INFO [torch_npu.env:15] => get env MASTER_ADDR = 10.17.0.41
[36m(WorkerDict pid=15990)[0m [Rank 0 | Local Rank 0] 2026-07-29 13:23:37,700 INFO [torch_npu.env:15] => get env MASTER_PORT = 48953
[36m(WorkerDict pid=15990)[0m [Gloo] Rank 0 is connected to 0 peer ranks. Expected number of connected peer ranks is : 0
[36m(WorkerDict pid=15990)[0m [Rank 0 | Local Rank 0] 2026-07-29 13:23:37,727 INFO [verl.models.transformers.npu_patch:437] => Applied NPU patches for qwen2
[36m(WorkerDict pid=15990)[0m [Rank 0 | Local Rank 0] 2026-07-29 13:23:37,750 INFO [verl.models.transformers.npu_patch:437] => Applied NPU patches for qwen2_5_vl
[36m(WorkerDict pid=15990)[0m [Rank 0 | Local Rank 0] 2026-07-29 13:23:37,760 INFO [verl.models.transformers.npu_patch:437] => Applied NPU patches for qwen3
[36m(WorkerDict pid=15990)[0m [Rank 0 | Local Rank 0] 2026-07-29 13:23:37,778 INFO [verl.models.transformers.npu_patch:437] => Applied NPU patches for qwen3_moe
[36m(WorkerDict pid=15990)[0m [Rank 0 | Local Rank 0] 2026-07-29 13:23:37,798 INFO [verl.models.transformers.npu_patch:437] => Applied NPU patches for qwen3_vl
[36m(WorkerDict pid=15990)[0m [Rank 0 | Local Rank 0] 2026-07-29 13:23:37,819 INFO [verl.models.transformers.npu_patch:437] => Applied NPU patches for qwen3_vl_moe
[36m(WorkerDict pid=15990)[0m [Rank 0 | Local Rank 0] 2026-07-29 13:23:37,831 INFO [verl.models.transformers.npu_patch:437] => Applied NPU patches for qwen3_next
[36m(WorkerDict pid=15990)[0m [Rank 0 | Local Rank 0] 2026-07-29 13:23:37,852 INFO [verl.models.transformers.npu_patch:437] => Applied NPU patches for qwen3_5
[36m(WorkerDict pid=15990)[0m [Rank 0 | Local Rank 0] 2026-07-29 13:23:37,874 INFO [verl.models.transformers.npu_patch:437] => Applied NPU patches for qwen3_5_moe
[36m(WorkerDict pid=15990)[0m [Rank 0 | Local Rank 0] 2026-07-29 13:23:37,874 INFO [verl.models.transformers.npu_patch:449] => Successfully applied patches for 9 model(s)
[36m(WorkerDict pid=15990)[0m Skipping monkey patch for Qwen3ForCausalLM as use_fused_kernels is False or fused_kernels_backend is torch
[36m(WorkerDict pid=15990)[0m PeftModelForCausalLM contains 4.06B parameters
[36m(WorkerDict pid=15990)[0m Before FSDP, memory allocated (GB): 0.00, memory reserved (GB): 0.00, device memory used/total (GB): 0.34/60.96
[36m(WorkerDict pid=15990)[0m After FSDP, memory allocated (GB): 15.21, memory reserved (GB): 17.34, device memory used/total (GB): 17.70/60.96
[36m(WorkerDict pid=15990)[0m Total steps: 1, num_warmup_steps: 0
[36m(WorkerDict pid=15990)[0m [Gloo] Rank 0 is connected to 0 peer ranks. Expected number of connected peer ranks is : 0
[36m(WorkerDict pid=15990)[0m [Gloo] Rank 0 is connected to 0 peer ranks. Expected number of connected peer ranks is : 0
[36m(WorkerDict pid=15990)[0m [Gloo] Rank 0 is connected to 0 peer ranks. Expected number of connected peer ranks is : 0
[36m(WorkerDict pid=15990)[0m [Rank 0 | Local Rank 0] 2026-07-29 13:24:04,731 INFO [torch_npu.env:15] => get env LD_LIBRARY_PATH = /usr/local/python3.11.15/lib/python3.11/site-packages/cv2/../../lib64:/usr/local/Ascend/nnal/atb/latest/atb/cxx_abi_1/lib:/usr/local/Ascend/nnal/atb/latest/atb/cxx_abi_1/examples:/usr/local/Ascend/nnal/atb/latest/atb/cxx_abi_1/tests/atbopstest:/usr/local/Ascend/cann-9.0.0/lib64:/usr/local/Ascend/cann-9.0.0/lib64/plugin/opskernel:/usr/local/Ascend/cann-9.0.0/lib64/plugin/nnengine:/usr/local/Ascend/cann-9.0.0/opp/built-in/op_impl/ai_core/tbe/op_tiling/lib/linux/aarch64:/usr/local/Ascend/driver/lib64:/usr/local/Ascend/driver/lib64/common:/usr/local/Ascend/driver/lib64/driver:/usr/local/Ascend/nnal/atb/latest/atb/cxx_abi_1/lib:/usr/local/Ascend/nnal/atb/latest/atb/cxx_abi_1/examples:/usr/local/Ascend/nnal/atb/latest/atb/cxx_abi_1/tests/atbopstest:/usr/local/Ascend/driver/lib64:/usr/local/Ascend/driver/lib64/common:/usr/local/Ascend/driver/lib64/driver:/usr/local/Ascend/driver/lib64:/usr/local/Ascend/driver/lib64/common:/usr/local/Ascend/driver/lib64/driver:/usr/local/Ascend/nnal/atb/latest/atb/cxx_abi_1/lib:/usr/local/Ascend/nnal/atb/latest/atb/cxx_abi_1/examples:/usr/local/Ascend/nnal/atb/latest/atb/cxx_abi_1/tests/atbopstest:/usr/local/Ascend/ascend-toolkit/latest/tools/aml/lib64:/usr/local/Ascend/ascend-toolkit/latest/tools/aml/lib64/plugin:/usr/local/Ascend/ascend-toolkit/latest/lib64:/usr/local/Ascend/ascend-toolkit/latest/lib64/plugin/opskernel:/usr/local/Ascend/ascend-toolkit/latest/lib64/plugin/nnengine:/usr/local/Ascend/ascend-toolkit/latest/opp/built-in/op_impl/ai_core/tbe/op_tiling:/usr/local/python3.11.15/lib:
[36m(WorkerDict pid=15990)[0m [Rank 0 | Local Rank 0] 2026-07-29 13:24:05,319 INFO [torch_npu.env:15] => get env VLLM_BATCH_INVARIANT = 0
[36m(WorkerDict pid=15990)[0m [Rank 0 | Local Rank 0] 2026-07-29 13:24:20,349 INFO [torch_npu.env:15] => get env ASCEND_CUSTOM_OPP_PATH = /vllm-ascend/vllm_ascend/_cann_ops_custom/vendors/vllm-ascend
[36m(WorkerDict pid=15990)[0m [Rank 0 | Local Rank 0] 2026-07-29 13:24:21,861 INFO [verl.utils.device:321] => Software version 25.2.3 is below 25.3.rc1
[36m(WorkerDict pid=15990)[0m [Rank 0 | Local Rank 0] 2026-07-29 13:24:21,862 WARNING [/workspace/verl_official_main_17ea153d95ee_20260729/verl/workers/rollout/vllm_rollout/vllm_rollout.py:158] => IPC is not supported on your devices. Falling back to shared memory for weight transfer, which may cause performance degradation. If you are using Ascend NPUs, please ensure that your software and CANN toolkit versions meet the requirements for IPC support. (Ascend HDK version >= 25.3.rc1 and CANN toolkit version >= 8.3.RC1)
[36m(WorkerDict pid=15990)[0m [Rank 0 | Local Rank 0] 2026-07-29 13:24:22,489 INFO [/workspace/verl_official_main_17ea153d95ee_20260729/verl/utils/memory_utils.py:67] => Memory cleanup attempt 1: Freed 1.84 GB reserved, 0.00 GB allocated
[36m(WorkerDict pid=15990)[0m [Rank 0 | Local Rank 0] 2026-07-29 13:24:23,052 INFO [/workspace/verl_official_main_17ea153d95ee_20260729/verl/utils/memory_utils.py:67] => Memory cleanup attempt 2: Freed 0.00 GB reserved, 0.00 GB allocated
[36m(TaskRunnerV1 pid=13158)[0m [Rank 0 | Local Rank 0] 2026-07-29 13:24:23,232 INFO [torch_npu.env:15] => get env LD_LIBRARY_PATH = /usr/local/python3.11.15/lib/python3.11/site-packages/cv2/../../lib64:/usr/local/Ascend/nnal/atb/latest/atb/cxx_abi_1/lib:/usr/local/Ascend/nnal/atb/latest/atb/cxx_abi_1/examples:/usr/local/Ascend/nnal/atb/latest/atb/cxx_abi_1/tests/atbopstest:/usr/local/Ascend/cann-9.0.0/lib64:/usr/local/Ascend/cann-9.0.0/lib64/plugin/opskernel:/usr/local/Ascend/cann-9.0.0/lib64/plugin/nnengine:/usr/local/Ascend/cann-9.0.0/opp/built-in/op_impl/ai_core/tbe/op_tiling/lib/linux/aarch64:/usr/local/Ascend/driver/lib64:/usr/local/Ascend/driver/lib64/common:/usr/local/Ascend/driver/lib64/driver:/usr/local/Ascend/nnal/atb/latest/atb/cxx_abi_1/lib:/usr/local/Ascend/nnal/atb/latest/atb/cxx_abi_1/examples:/usr/local/Ascend/nnal/atb/latest/atb/cxx_abi_1/tests/atbopstest:/usr/local/Ascend/driver/lib64:/usr/local/Ascend/driver/lib64/common:/usr/local/Ascend/driver/lib64/driver:/usr/local/Ascend/driver/lib64:/usr/local/Ascend/driver/lib64/common:/usr/local/Ascend/driver/lib64/driver:/usr/local/Ascend/nnal/atb/latest/atb/cxx_abi_1/lib:/usr/local/Ascend/nnal/atb/latest/atb/cxx_abi_1/examples:/usr/local/Ascend/nnal/atb/latest/atb/cxx_abi_1/tests/atbopstest:/usr/local/Ascend/ascend-toolkit/latest/tools/aml/lib64:/usr/local/Ascend/ascend-toolkit/latest/tools/aml/lib64/plugin:/usr/local/Ascend/ascend-toolkit/latest/lib64:/usr/local/Ascend/ascend-toolkit/latest/lib64/plugin/opskernel:/usr/local/Ascend/ascend-toolkit/latest/lib64/plugin/nnengine:/usr/local/Ascend/ascend-toolkit/latest/opp/built-in/op_impl/ai_core/tbe/op_tiling:/usr/local/python3.11.15/lib:
[36m(TaskRunnerV1 pid=13158)[0m [Rank 0 | Local Rank 0] 2026-07-29 13:24:24,383 INFO [torch_npu.env:15] => get env VLLM_BATCH_INVARIANT = 0
[36m(TaskRunnerV1 pid=13158)[0m [Rank 0 | Local Rank 0] 2026-07-29 13:24:26,377 INFO [torch_npu.env:15] => get env ASCEND_CUSTOM_OPP_PATH = /vllm-ascend/vllm_ascend/_cann_ops_custom/vendors/vllm-ascend[36m(vLLMHttpServer pid=17965)[0m (Worker pid=19149) /usr/local/python3.11.15/lib/python3.11/site-packages/torch_npu/dynamo/torchair/configs/compiler_config.py:105: UserWarning: The following torchair config or properties may not take effect or report error in reduce-overhead mode: config.experimental_config.enable_view_optimize:True, set_dim_gears, dynamo_export, scope, npu_print
[36m(vLLMHttpServer pid=17965)[0m (Worker pid=19149)   warnings.warn(
[36m(vLLMHttpServer pid=17965)[0m (Worker pid=19149) /usr/local/python3.11.15/lib/python3.11/site-packages/torch_npu/dynamo/torchair/configs/compiler_config.py:112: DeprecationWarning: The "reduce-overhead" mode configuration will be deprecated. Please use the "npugraph_ex" backend.
[36m(vLLMHttpServer pid=17965)[0m (Worker pid=19149)   warnings.warn("The \"reduce-overhead\" mode configuration will be deprecated. "
[36m(vLLMHttpServer pid=17965)[0m (Worker pid=19149) /usr/local/python3.11.15/lib/python3.11/site-packages/torch_npu/dynamo/torchair/configs/compiler_config.py:105: UserWarning: The following torchair config or properties may not take effect or report error in reduce-overhead mode: config.experimental_config.enable_view_optimize:True, set_dim_gears, dynamo_export, scope, npu_print
[36m(vLLMHttpServer pid=17965)[0m (Worker pid=19149)   warnings.warn(
[36m(vLLMHttpServer pid=17965)[0m (Worker pid=19149) /usr/local/python3.11.15/lib/python3.11/site-packages/torch_npu/dynamo/torchair/configs/compiler_config.py:112: DeprecationWarning: The "reduce-overhead" mode configuration will be deprecated. Please use the "npugraph_ex" backend.
[36m(vLLMHttpServer pid=17965)[0m (Worker pid=19149)   warnings.warn("The \"reduce-overhead\" mode configuration will be deprecated. "
[36m(vLLMHttpServer pid=17965)[0m (Worker pid=19149) /usr/local/python3.11.15/lib/python3.11/site-packages/torch_npu/dynamo/torchair/configs/compiler_config.py:105: UserWarning: The following torchair config or properties may not take effect or report error in reduce-overhead mode: config.experimental_config.enable_view_optimize:True, set_dim_gears, dynamo_export, scope, npu_print
[36m(vLLMHttpServer pid=17965)[0m (Worker pid=19149)   warnings.warn(
[36m(vLLMHttpServer pid=17965)[0m (Worker pid=19149) /usr/local/python3.11.15/lib/python3.11/site-packages/torch_npu/dynamo/torchair/configs/compiler_config.py:112: DeprecationWarning: The "reduce-overhead" mode configuration will be deprecated. Please use the "npugraph_ex" backend.
[36m(vLLMHttpServer pid=17965)[0m (Worker pid=19149)   warnings.warn("The \"reduce-overhead\" mode configuration will be deprecated. "
[36m(vLLMHttpServer pid=17965)[0m (Worker pid=19149) /usr/local/python3.11.15/lib/python3.11/site-packages/torch_npu/dynamo/torchair/configs/compiler_config.py:105: UserWarning: The following torchair config or properties may not take effect or report error in reduce-overhead mode: config.experimental_config.enable_view_optimize:True, set_dim_gears, dynamo_export, scope, npu_print
[36m(vLLMHttpServer pid=17965)[0m (Worker pid=19149)   warnings.warn(
[36m(vLLMHttpServer pid=17965)[0m (Worker pid=19149) /usr/local/python3.11.15/lib/python3.11/site-packages/torch_npu/dynamo/torchair/configs/compiler_config.py:112: DeprecationWarning: The "reduce-overhead" mode configuration will be deprecated. Please use the "npugraph_ex" backend.
[36m(vLLMHttpServer pid=17965)[0m (Worker pid=19149)   warnings.warn("The \"reduce-overhead\" mode configuration will be deprecated. "
[36m(vLLMHttpServer pid=17965)[0m (Worker pid=19149) /usr/local/python3.11.15/lib/python3.11/site-packages/torch_npu/dynamo/torchair/configs/compiler_config.py:105: UserWarning: The following torchair config or properties may not take effect or report error in reduce-overhead mode: config.experimental_config.enable_view_optimize:True, set_dim_gears, dynamo_export, scope, npu_print
[36m(vLLMHttpServer pid=17965)[0m (Worker pid=19149)   warnings.warn(
[36m(vLLMHttpServer pid=17965)[0m (Worker pid=19149) /usr/local/python3.11.15/lib/python3.11/site-packages/torch_npu/dynamo/torchair/configs/compiler_config.py:112: DeprecationWarning: The "reduce-overhead" mode configuration will be deprecated. Please use the "npugraph_ex" backend.
[36m(vLLMHttpServer pid=17965)[0m (Worker pid=19149)   warnings.warn("The \"reduce-overhead\" mode configuration will be deprecated. "
[36m(vLLMHttpServer pid=17965)[0m (Worker pid=19149) /usr/local/python3.11.15/lib/python3.11/site-packages/torch_npu/dynamo/torchair/configs/compiler_config.py:105: UserWarning: The following torchair config or properties may not take effect or report error in reduce-overhead mode: config.experimental_config.enable_view_optimize:True, set_dim_gears, dynamo_export, scope, npu_print
[36m(vLLMHttpServer pid=17965)[0m (Worker pid=19149)   warnings.warn(
[36m(vLLMHttpServer pid=17965)[0m (Worker pid=19149) /usr/local/python3.11.15/lib/python3.11/site-packages/torch_npu/dynamo/torchair/configs/compiler_config.py:112: DeprecationWarning: The "reduce-overhead" mode configuration will be deprecated. Please use the "npugraph_ex" backend.
[36m(vLLMHttpServer pid=17965)[0m (Worker pid=19149)   warnings.warn("The \"reduce-overhead\" mode configuration will be deprecated. "
[36m(vLLMHttpServer pid=17965)[0m (Worker pid=19149) /usr/local/python3.11.15/lib/python3.11/site-packages/torch_npu/dynamo/torchair/configs/compiler_config.py:105: UserWarning: The following torchair config or properties may not take effect or report error in reduce-overhead mode: config.experimental_config.enable_view_optimize:True, set_dim_gears, dynamo_export, scope, npu_print
[36m(vLLMHttpServer pid=17965)[0m (Worker pid=19149)   warnings.warn(
[36m(vLLMHttpServer pid=17965)[0m (Worker pid=19149) /usr/local/python3.11.15/lib/python3.11/site-packages/torch_npu/dynamo/torchair/configs/compiler_config.py:112: DeprecationWarning: The "reduce-overhead" mode configuration will be deprecated. Please use the "npugraph_ex" backend.
[36m(vLLMHttpServer pid=17965)[0m (Worker pid=19149)   warnings.warn("The \"reduce-overhead\" mode configuration will be deprecated. "
[36m(vLLMHttpServer pid=17965)[0m (Worker pid=19149) /usr/local/python3.11.15/lib/python3.11/site-packages/torch_npu/dynamo/torchair/configs/compiler_config.py:105: UserWarning: The following torchair config or properties may not take effect or report error in reduce-overhead mode: config.experimental_config.enable_view_optimize:True, set_dim_gears, dynamo_export, scope, npu_print
[36m(vLLMHttpServer pid=17965)[0m (Worker pid=19149)   warnings.warn(
[36m(vLLMHttpServer pid=17965)[0m (Worker pid=19149) /usr/local/python3.11.15/lib/python3.11/site-packages/torch_npu/dynamo/torchair/configs/compiler_config.py:112: DeprecationWarning: The "reduce-overhead" mode configuration will be deprecated. Please use the "npugraph_ex" backend.
[36m(vLLMHttpServer pid=17965)[0m (Worker pid=19149)   warnings.warn("The \"reduce-overhead\" mode configuration will be deprecated. "
[36m(vLLMHttpServer pid=17965)[0m (Worker pid=19149) /usr/local/python3.11.15/lib/python3.11/site-packages/torch_npu/dynamo/torchair/configs/compiler_config.py:105: UserWarning: The following torchair config or properties may not take effect or report error in reduce-overhead mode: config.experimental_config.enable_view_optimize:True, set_dim_gears, dynamo_export, scope, npu_print
[36m(vLLMHttpServer pid=17965)[0m (Worker pid=19149)   warnings.warn(
[36m(vLLMHttpServer pid=17965)[0m (Worker pid=19149) /usr/local/python3.11.15/lib/python3.11/site-packages/torch_npu/dynamo/torchair/configs/compiler_config.py:112: DeprecationWarning: The "reduce-overhead" mode configuration will be deprecated. Please use the "npugraph_ex" backend.
[36m(vLLMHttpServer pid=17965)[0m (Worker pid=19149)   warnings.warn("The \"reduce-overhead\" mode configuration will be deprecated. "
[36m(vLLMHttpServer pid=17965)[0m (Worker pid=19149) /usr/local/python3.11.15/lib/python3.11/site-packages/torch_npu/dynamo/torchair/configs/compiler_config.py:105: UserWarning: The following torchair config or properties may not take effect or report error in reduce-overhead mode: config.experimental_config.enable_view_optimize:True, set_dim_gears, dynamo_export, scope, npu_print
[36m(vLLMHttpServer pid=17965)[0m (Worker pid=19149)   warnings.warn(
[36m(vLLMHttpServer pid=17965)[0m (Worker pid=19149) /usr/local/python3.11.15/lib/python3.11/site-packages/torch_npu/dynamo/torchair/configs/compiler_config.py:112: DeprecationWarning: The "reduce-overhead" mode configuration will be deprecated. Please use the "npugraph_ex" backend.
[36m(vLLMHttpServer pid=17965)[0m (Worker pid=19149)   warnings.warn("The \"reduce-overhead\" mode configuration will be deprecated. "
[36m(vLLMHttpServer pid=17965)[0m (Worker pid=19149) /usr/local/python3.11.15/lib/python3.11/site-packages/torch_npu/dynamo/torchair/configs/compiler_config.py:105: UserWarning: The following torchair config or properties may not take effect or report error in reduce-overhead mode: config.experimental_config.enable_view_optimize:True, set_dim_gears, dynamo_export, scope, npu_print
[36m(vLLMHttpServer pid=17965)[0m (Worker pid=19149)   warnings.warn(
[36m(vLLMHttpServer pid=17965)[0m (Worker pid=19149) /usr/local/python3.11.15/lib/python3.11/site-packages/torch_npu/dynamo/torchair/configs/compiler_config.py:112: DeprecationWarning: The "reduce-overhead" mode configuration will be deprecated. Please use the "npugraph_ex" backend.
[36m(vLLMHttpServer pid=17965)[0m (Worker pid=19149)   warnings.warn("The \"reduce-overhead\" mode configuration will be deprecated. "
[36m(vLLMHttpServer pid=17965)[0m (Worker pid=19149) /usr/local/python3.11.15/lib/python3.11/site-packages/torch_npu/dynamo/torchair/configs/compiler_config.py:105: UserWarning: The following torchair config or properties may not take effect or report error in reduce-overhead mode: config.experimental_config.enable_view_optimize:True, set_dim_gears, dynamo_export, scope, npu_print
[36m(vLLMHttpServer pid=17965)[0m (Worker pid=19149)   warnings.warn(
[36m(vLLMHttpServer pid=17965)[0m (Worker pid=19149) /usr/local/python3.11.15/lib/python3.11/site-packages/torch_npu/dynamo/torchair/configs/compiler_config.py:112: DeprecationWarning: The "reduce-overhead" mode configuration will be deprecated. Please use the "npugraph_ex" backend.
[36m(vLLMHttpServer pid=17965)[0m (Worker pid=19149)   warnings.warn("The \"reduce-overhead\" mode configuration will be deprecated. "
[36m(vLLMHttpServer pid=17965)[0m (Worker pid=19149) /usr/local/python3.11.15/lib/python3.11/site-packages/torch_npu/dynamo/torchair/configs/compiler_config.py:105: UserWarning: The following torchair config or properties may not take effect or report error in reduce-overhead mode: config.experimental_config.enable_view_optimize:True, set_dim_gears, dynamo_export, scope, npu_print
[36m(vLLMHttpServer pid=17965)[0m (Worker pid=19149)   warnings.warn(
[36m(vLLMHttpServer pid=17965)[0m (Worker pid=19149) /usr/local/python3.11.15/lib/python3.11/site-packages/torch_npu/dynamo/torchair/configs/compiler_config.py:112: DeprecationWarning: The "reduce-overhead" mode configuration will be deprecated. Please use the "npugraph_ex" backend.
[36m(vLLMHttpServer pid=17965)[0m (Worker pid=19149)   warnings.warn("The \"reduce-overhead\" mode configuration will be deprecated. "
[36m(vLLMHttpServer pid=17965)[0m (Worker pid=19149) /usr/local/python3.11.15/lib/python3.11/site-packages/torch_npu/dynamo/torchair/configs/compiler_config.py:105: UserWarning: The following torchair config or properties may not take effect or report error in reduce-overhead mode: config.experimental_config.enable_view_optimize:True, set_dim_gears, dynamo_export, scope, npu_print
[36m(vLLMHttpServer pid=17965)[0m (Worker pid=19149)   warnings.warn(
[36m(vLLMHttpServer pid=17965)[0m (Worker pid=19149) /usr/local/python3.11.15/lib/python3.11/site-packages/torch_npu/dynamo/torchair/configs/compiler_config.py:112: DeprecationWarning: The "reduce-overhead" mode configuration will be deprecated. Please use the "npugraph_ex" backend.
[36m(vLLMHttpServer pid=17965)[0m (Worker pid=19149)   warnings.warn("The \"reduce-overhead\" mode configuration will be deprecated. "
[36m(vLLMHttpServer pid=17965)[0m (Worker pid=19149) /usr/local/python3.11.15/lib/python3.11/site-packages/torch_npu/dynamo/torchair/configs/compiler_config.py:105: UserWarning: The following torchair config or properties may not take effect or report error in reduce-overhead mode: config.experimental_config.enable_view_optimize:True, set_dim_gears, dynamo_export, scope, npu_print
[36m(vLLMHttpServer pid=17965)[0m (Worker pid=19149)   warnings.warn(
[36m(vLLMHttpServer pid=17965)[0m (Worker pid=19149) /usr/local/python3.11.15/lib/python3.11/site-packages/torch_npu/dynamo/torchair/configs/compiler_config.py:112: DeprecationWarning: The "reduce-overhead" mode configuration will be deprecated. Please use the "npugraph_ex" backend.
[36m(vLLMHttpServer pid=17965)[0m (Worker pid=19149)   warnings.warn("The \"reduce-overhead\" mode configuration will be deprecated. "
[36m(vLLMHttpServer pid=17965)[0m (Worker pid=19149) /usr/local/python3.11.15/lib/python3.11/site-packages/torch_npu/dynamo/torchair/configs/compiler_config.py:105: UserWarning: The following torchair config or properties may not take effect or report error in reduce-overhead mode: config.experimental_config.enable_view_optimize:True, set_dim_gears, dynamo_export, scope, npu_print
[36m(vLLMHttpServer pid=17965)[0m (Worker pid=19149)   warnings.warn(
[36m(vLLMHttpServer pid=17965)[0m (Worker pid=19149) /usr/local/python3.11.15/lib/python3.11/site-packages/torch_npu/dynamo/torchair/configs/compiler_config.py:112: DeprecationWarning: The "reduce-overhead" mode configuration will be deprecated. Please use the "npugraph_ex" backend.
[36m(vLLMHttpServer pid=17965)[0m (Worker pid=19149)   warnings.warn("The \"reduce-overhead\" mode configuration will be deprecated. "
[36m(vLLMHttpServer pid=17965)[0m (Worker pid=19149) /usr/local/python3.11.15/lib/python3.11/site-packages/torch_npu/dynamo/torchair/configs/compiler_config.py:105: UserWarning: The following torchair config or properties may not take effect or report error in reduce-overhead mode: config.experimental_config.enable_view_optimize:True, set_dim_gears, dynamo_export, scope, npu_print
[36m(vLLMHttpServer pid=17965)[0m (Worker pid=19149)   warnings.warn(
[36m(vLLMHttpServer pid=17965)[0m (Worker pid=19149) /usr/local/python3.11.15/lib/python3.11/site-packages/torch_npu/dynamo/torchair/configs/compiler_config.py:112: DeprecationWarning: The "reduce-overhead" mode configuration will be deprecated. Please use the "npugraph_ex" backend.
[36m(vLLMHttpServer pid=17965)[0m (Worker pid=19149)   warnings.warn("The \"reduce-overhead\" mode configuration will be deprecated. "
[36m(vLLMHttpServer pid=17965)[0m (Worker pid=19149) /usr/local/python3.11.15/lib/python3.11/site-packages/torch_npu/dynamo/torchair/configs/compiler_config.py:105: UserWarning: The following torchair config or properties may not take effect or report error in reduce-overhead mode: config.experimental_config.enable_view_optimize:True, set_dim_gears, dynamo_export, scope, npu_print
[36m(vLLMHttpServer pid=17965)[0m (Worker pid=19149)   warnings.warn(
[36m(vLLMHttpServer pid=17965)[0m (Worker pid=19149) /usr/local/python3.11.15/lib/python3.11/site-packages/torch_npu/dynamo/torchair/configs/compiler_config.py:112: DeprecationWarning: The "reduce-overhead" mode configuration will be deprecated. Please use the "npugraph_ex" backend.
[36m(vLLMHttpServer pid=17965)[0m (Worker pid=19149)   warnings.warn("The \"reduce-overhead\" mode configuration will be deprecated. "
[36m(vLLMHttpServer pid=17965)[0m (Worker pid=19149) /usr/local/python3.11.15/lib/python3.11/site-packages/torch_npu/dynamo/torchair/configs/compiler_config.py:105: UserWarning: The following torchair config or properties may not take effect or report error in reduce-overhead mode: config.experimental_config.enable_view_optimize:True, set_dim_gears, dynamo_export, scope, npu_print
[36m(vLLMHttpServer pid=17965)[0m (Worker pid=19149)   warnings.warn(
[36m(vLLMHttpServer pid=17965)[0m (Worker pid=19149) /usr/local/python3.11.15/lib/python3.11/site-packages/torch_npu/dynamo/torchair/configs/compiler_config.py:112: DeprecationWarning: The "reduce-overhead" mode configuration will be deprecated. Please use the "npugraph_ex" backend.
[36m(vLLMHttpServer pid=17965)[0m (Worker pid=19149)   warnings.warn("The \"reduce-overhead\" mode configuration will be deprecated. "
[36m(vLLMHttpServer pid=17965)[0m (Worker pid=19149) /usr/local/python3.11.15/lib/python3.11/site-packages/torch_npu/dynamo/torchair/configs/compiler_config.py:105: UserWarning: The following torchair config or properties may not take effect or report error in reduce-overhead mode: config.experimental_config.enable_view_optimize:True, set_dim_gears, dynamo_export, scope, npu_print
[36m(vLLMHttpServer pid=17965)[0m (Worker pid=19149)   warnings.warn(
[36m(vLLMHttpServer pid=17965)[0m (Worker pid=19149) /usr/local/python3.11.15/lib/python3.11/site-packages/torch_npu/dynamo/torchair/configs/compiler_config.py:112: DeprecationWarning: The "reduce-overhead" mode configuration will be deprecated. Please use the "npugraph_ex" backend.
[36m(vLLMHttpServer pid=17965)[0m (Worker pid=19149)   warnings.warn("The \"reduce-overhead\" mode configuration will be deprecated. "
[36m(vLLMHttpServer pid=17965)[0m (Worker pid=19149) /usr/local/python3.11.15/lib/python3.11/site-packages/torch_npu/dynamo/torchair/configs/compiler_config.py:105: UserWarning: The following torchair config or properties may not take effect or report error in reduce-overhead mode: config.experimental_config.enable_view_optimize:True, set_dim_gears, dynamo_export, scope, npu_print
[36m(vLLMHttpServer pid=17965)[0m (Worker pid=19149)   warnings.warn(
[36m(vLLMHttpServer pid=17965)[0m (Worker pid=19149) /usr/local/python3.11.15/lib/python3.11/site-packages/torch_npu/dynamo/torchair/configs/compiler_config.py:112: DeprecationWarning: The "reduce-overhead" mode configuration will be deprecated. Please use the "npugraph_ex" backend.
[36m(vLLMHttpServer pid=17965)[0m (Worker pid=19149)   warnings.warn("The \"reduce-overhead\" mode configuration will be deprecated. "
[36m(vLLMHttpServer pid=17965)[0m (Worker pid=19149) /usr/local/python3.11.15/lib/python3.11/site-packages/torch_npu/dynamo/torchair/configs/compiler_config.py:105: UserWarning: The following torchair config or properties may not take effect or report error in reduce-overhead mode: config.experimental_config.enable_view_optimize:True, set_dim_gears, dynamo_export, scope, npu_print
[36m(vLLMHttpServer pid=17965)[0m (Worker pid=19149)   warnings.warn(
[36m(vLLMHttpServer pid=17965)[0m (Worker pid=19149) /usr/local/python3.11.15/lib/python3.11/site-packages/torch_npu/dynamo/torchair/configs/compiler_config.py:112: DeprecationWarning: The "reduce-overhead" mode configuration will be deprecated. Please use the "npugraph_ex" backend.
[36m(vLLMHttpServer pid=17965)[0m (Worker pid=19149)   warnings.warn("The \"reduce-overhead\" mode configuration will be deprecated. "
[36m(vLLMHttpServer pid=17965)[0m (Worker pid=19149) /usr/local/python3.11.15/lib/python3.11/site-packages/torch_npu/dynamo/torchair/configs/compiler_config.py:105: UserWarning: The following torchair config or properties may not take effect or report error in reduce-overhead mode: config.experimental_config.enable_view_optimize:True, set_dim_gears, dynamo_export, scope, npu_print
[36m(vLLMHttpServer pid=17965)[0m (Worker pid=19149)   warnings.warn(
[36m(vLLMHttpServer pid=17965)[0m (Worker pid=19149) /usr/local/python3.11.15/lib/python3.11/site-packages/torch_npu/dynamo/torchair/configs/compiler_config.py:112: DeprecationWarning: The "reduce-overhead" mode configuration will be deprecated. Please use the "npugraph_ex" backend.
[36m(vLLMHttpServer pid=17965)[0m (Worker pid=19149)   warnings.warn("The \"reduce-overhead\" mode configuration will be deprecated. "
[36m(vLLMHttpServer pid=17965)[0m (Worker pid=19149) /usr/local/python3.11.15/lib/python3.11/site-packages/torch_npu/dynamo/torchair/configs/compiler_config.py:105: UserWarning: The following torchair config or properties may not take effect or report error in reduce-overhead mode: config.experimental_config.enable_view_optimize:True, set_dim_gears, dynamo_export, scope, npu_print
[36m(vLLMHttpServer pid=17965)[0m (Worker pid=19149)   warnings.warn(
[36m(vLLMHttpServer pid=17965)[0m (Worker pid=19149) /usr/local/python3.11.15/lib/python3.11/site-packages/torch_npu/dynamo/torchair/configs/compiler_config.py:112: DeprecationWarning: The "reduce-overhead" mode configuration will be deprecated. Please use the "npugraph_ex" backend.
[36m(vLLMHttpServer pid=17965)[0m (Worker pid=19149)   warnings.warn("The \"reduce-overhead\" mode configuration will be deprecated. "
[36m(vLLMHttpServer pid=17965)[0m (Worker pid=19149) /usr/local/python3.11.15/lib/python3.11/site-packages/torch_npu/dynamo/torchair/configs/compiler_config.py:105: UserWarning: The following torchair config or properties may not take effect or report error in reduce-overhead mode: config.experimental_config.enable_view_optimize:True, set_dim_gears, dynamo_export, scope, npu_print
[36m(vLLMHttpServer pid=17965)[0m (Worker pid=19149)   warnings.warn(
[36m(vLLMHttpServer pid=17965)[0m (Worker pid=19149) /usr/local/python3.11.15/lib/python3.11/site-packages/torch_npu/dynamo/torchair/configs/compiler_config.py:112: DeprecationWarning: The "reduce-overhead" mode configuration will be deprecated. Please use the "npugraph_ex" backend.
[36m(vLLMHttpServer pid=17965)[0m (Worker pid=19149)   warnings.warn("The \"reduce-overhead\" mode configuration will be deprecated. "
[36m(vLLMHttpServer pid=17965)[0m (Worker pid=19149) /usr/local/python3.11.15/lib/python3.11/site-packages/torch_npu/dynamo/torchair/configs/compiler_config.py:105: UserWarning: The following torchair config or properties may not take effect or report error in reduce-overhead mode: config.experimental_config.enable_view_optimize:True, set_dim_gears, dynamo_export, scope, npu_print
[36m(vLLMHttpServer pid=17965)[0m (Worker pid=19149)   warnings.warn(
[36m(vLLMHttpServer pid=17965)[0m (Worker pid=19149) /usr/local/python3.11.15/lib/python3.11/site-packages/torch_npu/dynamo/torchair/configs/compiler_config.py:112: DeprecationWarning: The "reduce-overhead" mode configuration will be deprecated. Please use the "npugraph_ex" backend.
[36m(vLLMHttpServer pid=17965)[0m (Worker pid=19149)   warnings.warn("The \"reduce-overhead\" mode configuration will be deprecated. "
[36m(vLLMHttpServer pid=17965)[0m (Worker pid=19149) /usr/local/python3.11.15/lib/python3.11/site-packages/torch_npu/dynamo/torchair/configs/compiler_config.py:105: UserWarning: The following torchair config or properties may not take effect or report error in reduce-overhead mode: config.experimental_config.enable_view_optimize:True, set_dim_gears, dynamo_export, scope, npu_print
[36m(vLLMHttpServer pid=17965)[0m (Worker pid=19149)   warnings.warn(
[36m(vLLMHttpServer pid=17965)[0m (Worker pid=19149) /usr/local/python3.11.15/lib/python3.11/site-packages/torch_npu/dynamo/torchair/configs/compiler_config.py:112: DeprecationWarning: The "reduce-overhead" mode configuration will be deprecated. Please use the "npugraph_ex" backend.
[36m(vLLMHttpServer pid=17965)[0m (Worker pid=19149)   warnings.warn("The \"reduce-overhead\" mode configuration will be deprecated. "
[36m(vLLMHttpServer pid=17965)[0m (Worker pid=19149) /usr/local/python3.11.15/lib/python3.11/site-packages/torch_npu/dynamo/torchair/configs/compiler_config.py:105: UserWarning: The following torchair config or properties may not take effect or report error in reduce-overhead mode: config.experimental_config.enable_view_optimize:True, set_dim_gears, dynamo_export, scope, npu_print
[36m(vLLMHttpServer pid=17965)[0m (Worker pid=19149)   warnings.warn(
[36m(vLLMHttpServer pid=17965)[0m (Worker pid=19149) /usr/local/python3.11.15/lib/python3.11/site-packages/torch_npu/dynamo/torchair/configs/compiler_config.py:112: DeprecationWarning: The "reduce-overhead" mode configuration will be deprecated. Please use the "npugraph_ex" backend.
[36m(vLLMHttpServer pid=17965)[0m (Worker pid=19149)   warnings.warn("The \"reduce-overhead\" mode configuration will be deprecated. "
[36m(vLLMHttpServer pid=17965)[0m (Worker pid=19149) /usr/local/python3.11.15/lib/python3.11/site-packages/torch_npu/dynamo/torchair/configs/compiler_config.py:105: UserWarning: The following torchair config or properties may not take effect or report error in reduce-overhead mode: config.experimental_config.enable_view_optimize:True, set_dim_gears, dynamo_export, scope, npu_print
[36m(vLLMHttpServer pid=17965)[0m (Worker pid=19149)   warnings.warn(
[36m(vLLMHttpServer pid=17965)[0m (Worker pid=19149) /usr/local/python3.11.15/lib/python3.11/site-packages/torch_npu/dynamo/torchair/configs/compiler_config.py:112: DeprecationWarning: The "reduce-overhead" mode configuration will be deprecated. Please use the "npugraph_ex" backend.
[36m(vLLMHttpServer pid=17965)[0m (Worker pid=19149)   warnings.warn("The \"reduce-overhead\" mode configuration will be deprecated. "
[36m(vLLMHttpServer pid=17965)[0m (Worker pid=19149) /usr/local/python3.11.15/lib/python3.11/site-packages/torch_npu/dynamo/torchair/configs/compiler_config.py:105: UserWarning: The following torchair config or properties may not take effect or report error in reduce-overhead mode: config.experimental_config.enable_view_optimize:True, set_dim_gears, dynamo_export, scope, npu_print
[36m(vLLMHttpServer pid=17965)[0m (Worker pid=19149)   warnings.warn(
[36m(vLLMHttpServer pid=17965)[0m (Worker pid=19149) /usr/local/python3.11.15/lib/python3.11/site-packages/torch_npu/dynamo/torchair/configs/compiler_config.py:112: DeprecationWarning: The "reduce-overhead" mode configuration will be deprecated. Please use the "npugraph_ex" backend.
[36m(vLLMHttpServer pid=17965)[0m (Worker pid=19149)   warnings.warn("The \"reduce-overhead\" mode configuration will be deprecated. "
[36m(vLLMHttpServer pid=17965)[0m (Worker pid=19149) /usr/local/python3.11.15/lib/python3.11/site-packages/torch_npu/dynamo/torchair/configs/compiler_config.py:105: UserWarning: The following torchair config or properties may not take effect or report error in reduce-overhead mode: config.experimental_config.enable_view_optimize:True, set_dim_gears, dynamo_export, scope, npu_print
[36m(vLLMHttpServer pid=17965)[0m (Worker pid=19149)   warnings.warn(
[36m(vLLMHttpServer pid=17965)[0m (Worker pid=19149) /usr/local/python3.11.15/lib/python3.11/site-packages/torch_npu/dynamo/torchair/configs/compiler_config.py:112: DeprecationWarning: The "reduce-overhead" mode configuration will be deprecated. Please use the "npugraph_ex" backend.
[36m(vLLMHttpServer pid=17965)[0m (Worker pid=19149)   warnings.warn("The \"reduce-overhead\" mode configuration will be deprecated. "
[36m(vLLMHttpServer pid=17965)[0m (Worker pid=19149) /usr/local/python3.11.15/lib/python3.11/site-packages/torch_npu/dynamo/torchair/configs/compiler_config.py:105: UserWarning: The following torchair config or properties may not take effect or report error in reduce-overhead mode: config.experimental_config.enable_view_optimize:True, set_dim_gears, dynamo_export, scope, npu_print
[36m(vLLMHttpServer pid=17965)[0m (Worker pid=19149)   warnings.warn(
[36m(vLLMHttpServer pid=17965)[0m (Worker pid=19149) /usr/local/python3.11.15/lib/python3.11/site-packages/torch_npu/dynamo/torchair/configs/compiler_config.py:112: DeprecationWarning: The "reduce-overhead" mode configuration will be deprecated. Please use the "npugraph_ex" backend.
[36m(vLLMHttpServer pid=17965)[0m (Worker pid=19149)   warnings.warn("The \"reduce-overhead\" mode configuration will be deprecated. "
[36m(vLLMHttpServer pid=17965)[0m (Worker pid=19149) /usr/local/python3.11.15/lib/python3.11/site-packages/torch_npu/dynamo/torchair/configs/compiler_config.py:105: UserWarning: The following torchair config or properties may not take effect or report error in reduce-overhead mode: config.experimental_config.enable_view_optimize:True, set_dim_gears, dynamo_export, scope, npu_print
[36m(vLLMHttpServer pid=17965)[0m (Worker pid=19149)   warnings.warn(
[36m(vLLMHttpServer pid=17965)[0m (Worker pid=19149) /usr/local/python3.11.15/lib/python3.11/site-packages/torch_npu/dynamo/torchair/configs/compiler_config.py:112: DeprecationWarning: The "reduce-overhead" mode configuration will be deprecated. Please use the "npugraph_ex" backend.
[36m(vLLMHttpServer pid=17965)[0m (Worker pid=19149)   warnings.warn("The \"reduce-overhead\" mode configuration will be deprecated. "
[36m(vLLMHttpServer pid=17965)[0m (Worker pid=19149) /usr/local/python3.11.15/lib/python3.11/site-packages/torch_npu/dynamo/torchair/configs/compiler_config.py:105: UserWarning: The following torchair config or properties may not take effect or report error in reduce-overhead mode: config.experimental_config.enable_view_optimize:True, set_dim_gears, dynamo_export, scope, npu_print
[36m(vLLMHttpServer pid=17965)[0m (Worker pid=19149)   warnings.warn(
[36m(vLLMHttpServer pid=17965)[0m (Worker pid=19149) /usr/local/python3.11.15/lib/python3.11/site-packages/torch_npu/dynamo/torchair/configs/compiler_config.py:112: DeprecationWarning: The "reduce-overhead" mode configuration will be deprecated. Please use the "npugraph_ex" backend.
[36m(vLLMHttpServer pid=17965)[0m (Worker pid=19149)   warnings.warn("The \"reduce-overhead\" mode configuration will be deprecated. "
[36m(vLLMHttpServer pid=17965)[0m (Worker pid=19149) /usr/local/python3.11.15/lib/python3.11/site-packages/torch_npu/dynamo/torchair/configs/compiler_config.py:105: UserWarning: The following torchair config or properties may not take effect or report error in reduce-overhead mode: config.experimental_config.enable_view_optimize:True, set_dim_gears, dynamo_export, scope, npu_print
[36m(vLLMHttpServer pid=17965)[0m (Worker pid=19149)   warnings.warn(
[36m(vLLMHttpServer pid=17965)[0m (Worker pid=19149) /usr/local/python3.11.15/lib/python3.11/site-packages/torch_npu/dynamo/torchair/configs/compiler_config.py:112: DeprecationWarning: The "reduce-overhead" mode configuration will be deprecated. Please use the "npugraph_ex" backend.
[36m(vLLMHttpServer pid=17965)[0m (Worker pid=19149)   warnings.warn("The \"reduce-overhead\" mode configuration will be deprecated. "
[36m(vLLMHttpServer pid=17965)[0m (Worker pid=19149) /usr/local/python3.11.15/lib/python3.11/site-packages/torch_npu/dynamo/torchair/configs/compiler_config.py:105: UserWarning: The following torchair config or properties may not take effect or report error in reduce-overhead mode: config.experimental_config.enable_view_optimize:True, set_dim_gears, dynamo_export, scope, npu_print
[36m(vLLMHttpServer pid=17965)[0m (Worker pid=19149)   warnings.warn(
[36m(vLLMHttpServer pid=17965)[0m (Worker pid=19149) /usr/local/python3.11.15/lib/python3.11/site-packages/torch_npu/dynamo/torchair/configs/compiler_config.py:112: DeprecationWarning: The "reduce-overhead" mode configuration will be deprecated. Please use the "npugraph_ex" backend.
[36m(vLLMHttpServer pid=17965)[0m (Worker pid=19149)   warnings.warn("The \"reduce-overhead\" mode configuration will be deprecated. "
[36m(vLLMHttpServer pid=17965)[0m (Worker pid=19149) /usr/local/python3.11.15/lib/python3.11/site-packages/torch_npu/dynamo/torchair/configs/compiler_config.py:105: UserWarning: The following torchair config or properties may not take effect or report error in reduce-overhead mode: config.experimental_config.enable_view_optimize:True, set_dim_gears, dynamo_export, scope, npu_print
[36m(vLLMHttpServer pid=17965)[0m (Worker pid=19149)   warnings.warn(
[36m(vLLMHttpServer pid=17965)[0m (Worker pid=19149) /usr/local/python3.11.15/lib/python3.11/site-packages/torch_npu/dynamo/torchair/configs/compiler_config.py:112: DeprecationWarning: The "reduce-overhead" mode configuration will be deprecated. Please use the "npugraph_ex" backend.
[36m(vLLMHttpServer pid=17965)[0m (Worker pid=19149)   warnings.warn("The \"reduce-overhead\" mode configuration will be deprecated. "
[36m(vLLMHttpServer pid=17965)[0m (Worker pid=19149) Capturing CUDA graphs (mixed prefill-decode, PIECEWISE):   0%|          | 0/22 [00:00<?, ?it/s]
[36m(vLLMHttpServer pid=17965)[0m Capturing CUDA graphs (mixed prefill-decode, PIECEWISE):   0%|          | 0/22 [00:00<?, ?it/s]

[36m(vLLMHttpServer pid=17965)[0m ['serve',
[36m(vLLMHttpServer pid=17965)[0m  '/mnt/lv_model/npu60005420a/models/Qwen3-4B',
[36m(vLLMHttpServer pid=17965)[0m  '--dtype',
[36m(vLLMHttpServer pid=17965)[0m  'bfloat16',
[36m(vLLMHttpServer pid=17965)[0m  '--load_format',
[36m(vLLMHttpServer pid=17965)[0m  'dummy',
[36m(vLLMHttpServer pid=17965)[0m  '--distributed_executor_backend',
[36m(vLLMHttpServer pid=17965)[0m  'mp',
[36m(vLLMHttpServer pid=17965)[0m  '--worker_extension_cls',
[36m(vLLMHttpServer pid=17965)[0m  'verl.workers.rollout.vllm_rollout.utils.vLLMColocateWorkerExtension',
[36m(vLLMHttpServer pid=17965)[0m  '--max_model_len',
[36m(vLLMHttpServer pid=17965)[0m  '2048',
[36m(vLLMHttpServer pid=17965)[0m  '--max_num_seqs',
[36m(vLLMHttpServer pid=17965)[0m  '64',
[36m(vLLMHttpServer pid=17965)[0m  '--enable_chunked_prefill',
[36m(vLLMHttpServer pid=17965)[0m  '--max_num_batched_tokens',
[36m(vLLMHttpServer pid=17965)[0m  '4096',
[36m(vLLMHttpServer pid=17965)[0m  '--enable_prefix_caching',
[36m(vLLMHttpServer pid=17965)[0m  '--enable_sleep_mode',
[36m(vLLMHttpServer pid=17965)[0m  '--logprobs_mode',
[36m(vLLMHttpServer pid=17965)[0m  'processed_logprobs',
[36m(vLLMHttpServer pid=17965)[0m  '--gpu_memory_utilization',
[36m(vLLMHttpServer pid=17965)[0m  '0.7',
[36m(vLLMHttpServer pid=17965)[0m  '--disable_log_stats',
[36m(vLLMHttpServer pid=17965)[0m  '--tensor_parallel_size',
[36m(vLLMHttpServer pid=17965)[0m  '1',
[36m(vLLMHttpServer pid=17965)[0m  '--seed',
[36m(vLLMHttpServer pid=17965)[0m  '1',
[36m(vLLMHttpServer pid=17965)[0m  '--override_generation_config',
[36m(vLLMHttpServer pid=17965)[0m  '{"temperature": 1.0, "top_k": -1, "top_p": 1.0, "repetition_penalty": 1.0, '
[36m(vLLMHttpServer pid=17965)[0m  '"max_new_tokens": 1024}',
[36m(vLLMHttpServer pid=17965)[0m  '--hf_overrides',
[36m(vLLMHttpServer pid=17965)[0m  '{}',
[36m(vLLMHttpServer pid=17965)[0m  '--scheduling_policy',
[36m(vLLMHttpServer pid=17965)[0m  'fcfs',
[36m(vLLMHttpServer pid=17965)[0m  '--compilation_config',
[36m(vLLMHttpServer pid=17965)[0m  '{"cudagraph_mode": "FULL_AND_PIECEWISE"}',
[36m(vLLMHttpServer pid=17965)[0m  '--mm_processor_cache_gb',
[36m(vLLMHttpServer pid=17965)[0m  '0',
[36m(vLLMHttpServer pid=17965)[0m  '--enable_lora',
[36m(vLLMHttpServer pid=17965)[0m  '--max_loras',
[36m(vLLMHttpServer pid=17965)[0m  '1',
[36m(vLLMHttpServer pid=17965)[0m  '--max_lora_rank',
[36m(vLLMHttpServer pid=17965)[0m  '16']
[36m(vLLMHttpServer pid=17965)[0m WARNING 07-29 13:24:54 [envs.py:1717] Unknown vLLM environment variable detected: VLLM_ASCEND_AUTO_DETECT_QUANTIZATION
[36m(vLLMHttpServer pid=17965)[0m WARNING 07-29 13:24:54 [envs.py:1717] Unknown vLLM environment variable detected: VLLM_BATCH_INVARIANT
[36m(vLLMHttpServer pid=17965)[0m WARNING 07-29 13:24:54 [envs.py:1717] Unknown vLLM environment variable detected: VLLM_USE_V1
[36m(vLLMHttpServer pid=17965)[0m WARNING 07-29 13:24:54 [platform.py:783] Parameter '--disable-cascade-attn' is a GPU-specific feature. Resetting to False for Ascend.
[36m(vLLMHttpServer pid=17965)[0m WARNING 07-29 13:24:54 [platform.py:872] Ignored parameter 'disable_flashinfer_prefill'. This is a GPU-specific feature not supported on Ascend. Resetting to False.
[36m(vLLMHttpServer pid=17965)[0m WARNING 07-29 13:24:54 [utils.py:550] Currently, communication is performed using FFTS+ method, which reduces the number of available streams and, as a result, limits the range of runtime shapes that can be handled. To both improve communication performance and increase the number of supported shapes, set HCCL_OP_EXPANSION_MODE=AIV.
[36m(vLLMHttpServer pid=17965)[0m WARNING 07-29 13:24:56 [system_utils.py:152] We must use the `spawn` multiprocessing start method. Overriding VLLM_WORKER_MULTIPROC_METHOD to 'spawn'. See https://docs.vllm.ai/en/latest/usage/troubleshooting.html#python-multiprocessing for more information. Reasons: In a Ray actor and can only be spawned
[36m(vLLMHttpServer pid=17965)[0m [Gloo] Rank 0 is connected to 0 peer ranks. Expected number of connected peer ranks is : 0
[36m(vLLMHttpServer pid=17965)[0m [Gloo] Rank 0 is connected to 0 peer ranks. Expected number of connected peer ranks is : 0
[36m(vLLMHttpServer pid=17965)[0m [Gloo] Rank 0 is connected to 0 peer ranks. Expected number of connected peer ranks is : 0
[36m(vLLMHttpServer pid=17965)[0m [Gloo] Rank 0 is connected to 0 peer ranks. Expected number of connected peer ranks is : 0
[36m(vLLMHttpServer pid=17965)[0m [Gloo] Rank 0 is connected to 0 peer ranks. Expected number of connected peer ranks is : 0
[36m(vLLMHttpServer pid=17965)[0m [Gloo] Rank 0 is connected to 0 peer ranks. Expected number of connected peer ranks is : 0
[36m(vLLMHttpServer pid=17965)[0m [Gloo] Rank 0 is connected to 0 peer ranks. Expected number of connected peer ranks is : 0
[36m(vLLMHttpServer pid=17965)[0m (Worker pid=19149) ERROR 07-29 13:28:35 [multiproc_executor.py:932] WorkerProc hit an exception.
[36m(vLLMHttpServer pid=17965)[0m (Worker pid=19149) ERROR 07-29 13:28:35 [multiproc_executor.py:932] Traceback (most recent call last):
[36m(vLLMHttpServer pid=17965)[0m (Worker pid=19149) ERROR 07-29 13:28:35 [multiproc_executor.py:932]   File "/vllm-ascend/vllm_ascend/worker/model_runner_v1.py", line 3450, in _replace_gpu_model_runner_function_wrapper
[36m(vLLMHttpServer pid=17965)[0m (Worker pid=19149) ERROR 07-29 13:28:35 [multiproc_executor.py:932]     yield
[36m(vLLMHttpServer pid=17965)[0m (Worker pid=19149) ERROR 07-29 13:28:35 [multiproc_executor.py:932]   File "/vllm-ascend/vllm_ascend/worker/model_runner_v1.py", line 3365, in capture_model
[36m(vLLMHttpServer pid=17965)[0m (Worker pid=19149) ERROR 07-29 13:28:35 [multiproc_executor.py:932]     GPUModelRunner.capture_model(self)
[36m(vLLMHttpServer pid=17965)[0m (Worker pid=19149) ERROR 07-29 13:28:35 [multiproc_executor.py:932]   File "/vllm/vllm/tracing/otel.py", line 178, in sync_wrapper
[36m(vLLMHttpServer pid=17965)[0m (Worker pid=19149) ERROR 07-29 13:28:35 [multiproc_executor.py:932]     return func(*args, **kwargs)
[36m(vLLMHttpServer pid=17965)[0m (Worker pid=19149) ERROR 07-29 13:28:35 [multiproc_executor.py:932]            ^^^^^^^^^^^^^^^^^^^^^
[36m(vLLMHttpServer pid=17965)[0m (Worker pid=19149) ERROR 07-29 13:28:35 [multiproc_executor.py:932]   File "/vllm/vllm/v1/worker/gpu_model_runner.py", line 5719, in capture_model
[36m(vLLMHttpServer pid=17965)[0m (Worker pid=19149) ERROR 07-29 13:28:35 [multiproc_executor.py:932]     self._capture_cudagraphs(
[36m(vLLMHttpServer pid=17965)[0m (Worker pid=19149) ERROR 07-29 13:28:35 [multiproc_executor.py:932]   File "/vllm/vllm/v1/worker/gpu_model_runner.py", line 5830, in _capture_cudagraphs
[36m(vLLMHttpServer pid=17965)[0m (Worker pid=19149) ERROR 07-29 13:28:35 [multiproc_executor.py:932]     self._warmup_and_capture(
[36m(vLLMHttpServer pid=17965)[0m (Worker pid=19149) ERROR 07-29 13:28:35 [multiproc_executor.py:932]   File "/vllm/vllm/v1/worker/gpu_model_runner.py", line 5776, in _warmup_and_capture
[36m(vLLMHttpServer pid=17965)[0m (Worker pid=19149) ERROR 07-29 13:28:35 [multiproc_executor.py:932]     self._dummy_run(
[36m(vLLMHttpServer pid=17965)[0m (Worker pid=19149) ERROR 07-29 13:28:35 [multiproc_executor.py:932]   File "/usr/local/python3.11.15/lib/python3.11/site-packages/torch/utils/_contextlib.py", line 120, in decorate_context
[36m(vLLMHttpServer pid=17965)[0m (Worker pid=19149) ERROR 07-29 13:28:35 [multiproc_executor.py:932]     return func(*args, **kwargs)
[36m(vLLMHttpServer pid=17965)[0m (Worker pid=19149) ERROR 07-29 13:28:35 [multiproc_executor.py:932]            ^^^^^^^^^^^^^^^^^^^^^
[36m(vLLMHttpServer pid=17965)[0m (Worker pid=19149) ERROR 07-29 13:28:35 [multiproc_executor.py:932]   File "/vllm-ascend/vllm_ascend/worker/model_runner_v1.py", line 2519, in _dummy_run
[36m(vLLMHttpServer pid=17965)[0m (Worker pid=19149) ERROR 07-29 13:28:35 [multiproc_executor.py:932]     outputs = self._model_forward(
[36m(vLLMHttpServer pid=17965)[0m (Worker pid=19149) ERROR 07-29 13:28:35 [multiproc_executor.py:932]               ^^^^^^^^^^^^^^^^^^^^
[36m(vLLMHttpServer pid=17965)[0m (Worker pid=19149) ERROR 07-29 13:28:35 [multiproc_executor.py:932]   File "/vllm-ascend/vllm_ascend/worker/model_runner_v1.py", line 1859, in _model_forward
[36m(vLLMHttpServer pid=17965)[0m (Worker pid=19149) ERROR 07-29 13:28:35 [multiproc_executor.py:932]     hidden_states = run_model()
[36m(vLLMHttpServer pid=17965)[0m (Worker pid=19149) ERROR 07-29 13:28:35 [multiproc_executor.py:932]                     ^^^^^^^^^^^
[36m(vLLMHttpServer pid=17965)[0m (Worker pid=19149) ERROR 07-29 13:28:35 [multiproc_executor.py:932]   File "/usr/local/python3.11.15/lib/python3.11/site-packages/torch/nn/modules/module.py", line 1775, in _wrapped_call_impl
[36m(vLLMHttpServer pid=17965)[0m (Worker pid=19149) ERROR 07-29 13:28:35 [multiproc_executor.py:932]     return self._call_impl(*args, **kwargs)
[36m(vLLMHttpServer pid=17965)[0m (Worker pid=19149) ERROR 07-29 13:28:35 [multiproc_executor.py:932]            ^^^^^^^^^^^^^^^^^^^^^^^^^^^^^^^^
[36m(vLLMHttpServer pid=17965)[0m (Worker pid=19149) ERROR 07-29 13:28:35 [multiproc_executor.py:932]   File "/usr/local/python3.11.15/lib/python3.11/site-packages/torch/nn/modules/module.py", line 1786, in _call_impl
[36m(vLLMHttpServer pid=17965)[0m (Worker pid=19149) ERROR 07-29 13:28:35 [multiproc_executor.py:932]     return forward_call(*args, **kwargs)
[36m(vLLMHttpServer pid=17965)[0m (Worker pid=19149) ERROR 07-29 13:28:35 [multiproc_executor.py:932]            ^^^^^^^^^^^^^^^^^^^^^^^^^^^^^
[36m(vLLMHttpServer pid=17965)[0m (Worker pid=19149) ERROR 07-29 13:28:35 [multiproc_executor.py:932]   File "/vllm/vllm/model_executor/models/qwen3.py", line 322, in forward
[36m(vLLMHttpServer pid=17965)[0m (Worker pid=19149) ERROR 07-29 13:28:35 [multiproc_executor.py:932]     hidden_states = self.model(
[36m(vLLMHttpServer pid=17965)[0m (Worker pid=19149) ERROR 07-29 13:28:35 [multiproc_executor.py:932]                     ^^^^^^^^^^^
[36m(vLLMHttpServer pid=17965)[0m (Worker pid=19149) ERROR 07-29 13:28:35 [multiproc_executor.py:932]   File "/vllm/vllm/compilation/decorators.py", line 503, in __call__
[36m(vLLMHttpServer pid=17965)[0m (Worker pid=19149) ERROR 07-29 13:28:35 [multiproc_executor.py:932]     return TorchCompileWithNoGuardsWrapper.__call__(self, *args, **kwargs)  # type: ignore[arg-type]
[36m(vLLMHttpServer pid=17965)[0m (Worker pid=19149) ERROR 07-29 13:28:35 [multiproc_executor.py:932]            ^^^^^^^^^^^^^^^^^^^^^^^^^^^^^^^^^^^^^^^^^^^^^^^^^^^^^^^^^^^^^^^
[36m(vLLMHttpServer pid=17965)[0m (Worker pid=19149) ERROR 07-29 13:28:35 [multiproc_executor.py:932]   File "/vllm/vllm/compilation/wrapper.py", line 187, in __call__
[36m(vLLMHttpServer pid=17965)[0m (Worker pid=19149) ERROR 07-29 13:28:35 [multiproc_executor.py:932]     return self._call_with_optional_nvtx_range(
[36m(vLLMHttpServer pid=17965)[0m (Worker pid=19149) ERROR 07-29 13:28:35 [multiproc_executor.py:932]            ^^^^^^^^^^^^^^^^^^^^^^^^^^^^^^^^^^^^
[36m(vLLMHttpServer pid=17965)[0m (Worker pid=19149) ERROR 07-29 13:28:35 [multiproc_executor.py:932]   File "/vllm/vllm/compilation/wrapper.py", line 76, in _call_with_optional_nvtx_range
[36m(vLLMHttpServer pid=17965)[0m (Worker pid=19149) ERROR 07-29 13:28:35 [multiproc_executor.py:932]     return callable_fn(*args, **kwargs)
[36m(vLLMHttpServer pid=17965)[0m (Worker pid=19149) ERROR 07-29 13:28:35 [multiproc_executor.py:932]            ^^^^^^^^^^^^^^^^^^^^^^^^^^^^
[36m(vLLMHttpServer pid=17965)[0m (Worker pid=19149) ERROR 07-29 13:28:35 [multiproc_executor.py:932]   File "/vllm/vllm/model_executor/models/qwen2.py", line 422, in forward
[36m(vLLMHttpServer pid=17965)[0m (Worker pid=19149) ERROR 07-29 13:28:35 [multiproc_executor.py:932]     def forward(
[36m(vLLMHttpServer pid=17965)[0m (Worker pid=19149) ERROR 07-29 13:28:35 [multiproc_executor.py:932]   File "/usr/local/python3.11.15/lib/python3.11/site-packages/torch/_dynamo/eval_frame.py", line 1044, in _fn
[36m(vLLMHttpServer pid=17965)[0m (Worker pid=19149) ERROR 07-29 13:28:35 [multiproc_executor.py:932]     return fn(*args, **kwargs)
[36m(vLLMHttpServer pid=17965)[0m (Worker pid=19149) ERROR 07-29 13:28:35 [multiproc_executor.py:932]            ^^^^^^^^^^^^^^^^^^^
[36m(vLLMHttpServer pid=17965)[0m (Worker pid=19149) ERROR 07-29 13:28:35 [multiproc_executor.py:932]   File "/vllm/vllm/compilation/caching.py", line 206, in __call__
[36m(vLLMHttpServer pid=17965)[0m (Worker pid=19149) ERROR 07-29 13:28:35 [multiproc_executor.py:932]     return self.optimized_call(*args, **kwargs)
[36m(vLLMHttpServer pid=17965)[0m (Worker pid=19149) ERROR 07-29 13:28:35 [multiproc_executor.py:932]            ^^^^^^^^^^^^^^^^^^^^^^^^^^^^^^^^^^^^
[36m(vLLMHttpServer pid=17965)[0m (Worker pid=19149) ERROR 07-29 13:28:35 [multiproc_executor.py:932]   File "/usr/local/python3.11.15/lib/python3.11/site-packages/torch/fx/graph_module.py", line 837, in call_wrapped
[36m(vLLMHttpServer pid=17965)[0m (Worker pid=19149) ERROR 07-29 13:28:35 [multiproc_executor.py:932]     return self._wrapped_call(self, *args, **kwargs)
[36m(vLLMHttpServer pid=17965)[0m (Worker pid=19149) ERROR 07-29 13:28:35 [multiproc_executor.py:932]            ^^^^^^^^^^^^^^^^^^^^^^^^^^^^^^^^^^^^^^^^^
[36m(vLLMHttpServer pid=17965)[0m (Worker pid=19149) ERROR 07-29 13:28:35 [multiproc_executor.py:932]   File "/usr/local/python3.11.15/lib/python3.11/site-packages/torch/fx/graph_module.py", line 413, in __call__
[36m(vLLMHttpServer pid=17965)[0m (Worker pid=19149) ERROR 07-29 13:28:35 [multiproc_executor.py:932]     raise e
[36m(vLLMHttpServer pid=17965)[0m (Worker pid=19149) ERROR 07-29 13:28:35 [multiproc_executor.py:932]   File "/usr/local/python3.11.15/lib/python3.11/site-packages/torch/fx/graph_module.py", line 400, in __call__
[36m(vLLMHttpServer pid=17965)[0m (Worker pid=19149) ERROR 07-29 13:28:35 [multiproc_executor.py:932]     return super(self.cls, obj).__call__(*args, **kwargs)  # type: ignore[misc]
[36m(vLLMHttpServer pid=17965)[0m (Worker pid=19149) ERROR 07-29 13:28:35 [multiproc_executor.py:932]            ^^^^^^^^^^^^^^^^^^^^^^^^^^^^^^^^^^^^^^^^^^^^^^
[36m(vLLMHttpServer pid=17965)[0m (Worker pid=19149) ERROR 07-29 13:28:35 [multiproc_executor.py:932]   File "/usr/local/python3.11.15/lib/python3.11/site-packages/torch/nn/modules/module.py", line 1775, in _wrapped_call_impl
[36m(vLLMHttpServer pid=17965)[0m (Worker pid=19149) ERROR 07-29 13:28:35 [multiproc_executor.py:932]     return self._call_impl(*args, **kwargs)
[36m(vLLMHttpServer pid=17965)[0m (Worker pid=19149) ERROR 07-29 13:28:35 [multiproc_executor.py:932]            ^^^^^^^^^^^^^^^^^^^^^^^^^^^^^^^^
[36m(vLLMHttpServer pid=17965)[0m (Worker pid=19149) ERROR 07-29 13:28:35 [multiproc_executor.py:932]   File "/usr/local/python3.11.15/lib/python3.11/site-packages/torch/nn/modules/module.py", line 1786, in _call_impl
[36m(vLLMHttpServer pid=17965)[0m (Worker pid=19149) ERROR 07-29 13:28:35 [multiproc_executor.py:932]     return forward_call(*args, **kwargs)
[36m(vLLMHttpServer pid=17965)[0m (Worker pid=19149) ERROR 07-29 13:28:35 [multiproc_executor.py:932]            ^^^^^^^^^^^^^^^^^^^^^^^^^^^^^
[36m(vLLMHttpServer pid=17965)[0m (Worker pid=19149) ERROR 07-29 13:28:35 [multiproc_executor.py:932]   File "<eval_with_key>.82", line 807, in forward
[36m(vLLMHttpServer pid=17965)[0m (Worker pid=19149) ERROR 07-29 13:28:35 [multiproc_executor.py:932]     submod_0 = self.submod_0(l_self_modules_embed_tokens_punica_wrapper_embeddings_indices, s72, l_input_ids_, l_self_modules_embed_tokens_lora_a_stacked_2d, l_self_modules_embed_tokens_modules_base_layer_parameters_weight_, l_self_modules_embed_tokens_punica_wrapper_seq_lengths, l_self_modules_embed_tokens_punica_wrapper_lora_indices_per_batch, l_self_modules_embed_tokens_lora_b_stacked, l_self_modules_layers_modules_0_modules_input_layernorm_parameters_weight_, l_self_modules_layers_modules_0_modules_self_attn_modules_qkv_proj_modules_base_layer_parameters_weight_, l_self_modules_layers_modules_0_modules_self_attn_modules_qkv_proj_lora_a_stacked_0_, l_self_modules_layers_modules_0_modules_self_attn_modules_qkv_proj_lora_a_stacked_1_, l_self_modules_layers_modules_0_modules_self_attn_modules_qkv_proj_lora_a_stacked_2_, l_self_modules_layers_modules_0_modules_self_attn_modules_qkv_proj_lora_b_stacked_0_, l_self_modules_layers_modules_0_modules_self_attn_modules_qkv_proj_lora_b_stacked_1_, l_self_modules_layers_modules_0_modules_self_attn_modules_qkv_proj_lora_b_stacked_2_, l_self_modules_layers_modules_0_modules_self_attn_modules_q_norm_parameters_weight_, l_self_modules_layers_modules_0_modules_self_attn_modules_k_norm_parameters_weight_, l_positions_, s80, l_self_modules_layers_modules_0_modules_self_attn_modules_rotary_emb_buffers_cos_sin_cache_);  l_self_modules_embed_tokens_punica_wrapper_embeddings_indices = l_input_ids_ = l_self_modules_embed_tokens_lora_a_stacked_2d = l_self_modules_embed_tokens_modules_base_layer_parameters_weight_ = l_self_modules_embed_tokens_lora_b_stacked = l_self_modules_layers_modules_0_modules_input_layernorm_parameters_weight_ = l_self_modules_layers_modules_0_modules_self_attn_modules_qkv_proj_modules_base_layer_parameters_weight_ = l_self_modules_layers_modules_0_modules_self_attn_modules_qkv_proj_lora_a_stacked_0_ = l_self_modules_layers_modules_0_modules_self_attn_modules_qkv_proj_lora_a_stacked_1_ = l_self_modules_layers_modules_0_modules_self_attn_modules_qkv_proj_lora_a_stacked_2_ = l_self_modules_layers_modules_0_modules_self_attn_modules_qkv_proj_lora_b_stacked_0_ = l_self_modules_layers_modules_0_modules_self_attn_modules_qkv_proj_lora_b_stacked_1_ = l_self_modules_layers_modules_0_modules_self_attn_modules_qkv_proj_lora_b_stacked_2_ = l_self_modules_layers_modules_0_modules_self_attn_modules_q_norm_parameters_weight_ = l_self_modules_layers_modules_0_modules_self_attn_modules_k_norm_parameters_weight_ = None
[36m(vLLMHttpServer pid=17965)[0m (Worker pid=19149) ERROR 07-29 13:28:35 [multiproc_executor.py:932]                ^^^^^^^^^^^^^^^^^^^^^^^^^^^^^^^^^^^^^^^^^^^^^^^^^^^^^^^^^^^^^^^^^^^^^^^^^^^^^^^^^^^^^^^^^^^^^^^^^^^^^^^^^^^^^^^^^^^^^^^^^^^^^^^^^^^^^^^^^^^^^^^^^^^^^^^^^^^^^^^^^^^^^^^^^^^^^^^^^^^^^^^^^^^^^^^^^^^^^^^^^^^^^^^^^^^^^^^^^^^^^^^^^^^^^^^^^^^^^^^^^^^^^^^^^^^^^^^^^^^^^^^^^^^^^^^^^^^^^^^^^^^^^^^^^^^^^^^^^^^^^^^^^^^^^^^^^^^^^^^^^^^^^^^^^^^^^^^^^^^^^^^^^^^^^^^^^^^^^^^^^^^^^^^^^^^^^^^^^^^^^^^^^^^^^^^^^^^^^^^^^^^^^^^^^^^^^^^^^^^^^^^^^^^^^^^^^^^^^^^^^^^^^^^^^^^^^^^^^^^^^^^^^^^^^^^^^^^^^^^^^^^^^^^^^^^^^^^^^^^^^^^^^^^^^^^^^^^^^^^^^^^^^^^^^^^^^^^^^^^^^^^^^^^^^^^^^^^^^^^^^^^^^^^^^^^^^^^^^^^^^^^^^^^^^^^^^^^^^^^^^^^^^^^^^^^^^^^^^^^^^^^^^^^^^^^^^^^^^^^^^^^^^^^^^^^^^^^^^^^^^^^^^^^^^^^^^^^^^^^^^^^^^^^^^^^^^^^^^^^^^^^^^^^^^^^^^^^^^^^^^^^^^^^^^^^^^^^^^^^^^^^^^^^^^^^^^^^^^^^^^^^^^^^^^^^^^^^^^^^^^^^^^^^^^^^^^^^^^^^^^^^^^^^^^^^^^^^^^^^^^^^^^^^^^^^^^^^^^^^^^^^^^^^^^^^^^^^^^^^^^^^^^^^^^^^^^^^^^^^^^^^^^^^^^^^^^^^^^^^^^^^^^^^^^^^^^^^^^^^^^^^^^^^^^^^^^^^^^^^^^^^^^^^^^^^^^^^^^^^^^^^^^^^^^^^^^^^^^^^^^^^^^^^^^^^^^^^^^^^^^^^^^^^^^^^^^^^^^^^^^^^^^^^^^^^^^^^^^^^^^^^^^^^^^^^^^^^^^^^^^^^^^^^^^^^^^^^^^^^^^^^^^^^^^^^^^^^^^^^^^^^^^^^^^^^^^^^^^^^^^^^^^^^^^^^^^^^^^^^^^^^^^^^^^^^^^^^^^^^^^^^^^^^^^^^^^^^^^^^^^^^^^^^^^^^^^^^^^^^^^^^^^^^^^^^^^^^^^^^^^^^^^^^^^^^^^^^^^^^^^^^^^^^^^^^^^^^^^^^^^^^^^^^^^^^^^^^^^^^^^^^^^^^^^^^^^^^^^^^^^^^^^^^^^^^^^^^^^^^^^^^^^^^^^^^^^^^^^^^^^^^^^^^^^^^^^^^^
[36m(vLLMHttpServer pid=17965)[0m (Worker pid=19149) ERROR 07-29 13:28:35 [multiproc_executor.py:932]   File "/vllm-ascend/vllm_ascend/compilation/acl_graph.py", line 156, in __call__
[36m(vLLMHttpServer pid=17965)[0m (Worker pid=19149) ERROR 07-29 13:28:35 [multiproc_executor.py:932]     with torch.npu.graph(aclgraph, pool=self.graph_pool):
[36m(vLLMHttpServer pid=17965)[0m (Worker pid=19149) ERROR 07-29 13:28:35 [multiproc_executor.py:932]   File "/usr/local/python3.11.15/lib/python3.11/site-packages/torch_npu/npu/graphs.py", line 528, in __enter__
[36m(vLLMHttpServer pid=17965)[0m (Worker pid=19149) ERROR 07-29 13:28:35 [multiproc_executor.py:932]     self.npu_graph.capture_begin(
[36m(vLLMHttpServer pid=17965)[0m (Worker pid=19149) ERROR 07-29 13:28:35 [multiproc_executor.py:932]   File "/usr/local/python3.11.15/lib/python3.11/site-packages/torch_npu/npu/graphs.py", line 359, in capture_begin
[36m(vLLMHttpServer pid=17965)[0m (Worker pid=19149) ERROR 07-29 13:28:35 [multiproc_executor.py:932]     super().capture_begin(pool=pool, capture_error_mode=capture_error_mode, report_shape=True)
[36m(vLLMHttpServer pid=17965)[0m (Worker pid=19149) ERROR 07-29 13:28:35 [multiproc_executor.py:932] RuntimeError: Do not support TASK_QUEUE_ENABLE = 2 during NPU graph capture, please export TASK_QUEUE_ENABLE=1/0.
[36m(vLLMHttpServer pid=17965)[0m (Worker pid=19149) ERROR 07-29 13:28:35 [multiproc_executor.py:932] [ERROR] 2026-07-29-13:28:34 (PID:19149, Device:0, RankID:-1) ERR00007 PTA feature not supported
[36m(vLLMHttpServer pid=17965)[0m (Worker pid=19149) ERROR 07-29 13:28:35 [multiproc_executor.py:932] 
[36m(vLLMHttpServer pid=17965)[0m (Worker pid=19149) ERROR 07-29 13:28:35 [multiproc_executor.py:932] During handling of the above exception, another exception occurred:
[36m(vLLMHttpServer pid=17965)[0m (Worker pid=19149) ERROR 07-29 13:28:35 [multiproc_executor.py:932] 
[36m(vLLMHttpServer pid=17965)[0m (Worker pid=19149) ERROR 07-29 13:28:35 [multiproc_executor.py:932] Traceback (most recent call last):
[36m(vLLMHttpServer pid=17965)[0m (Worker pid=19149) ERROR 07-29 13:28:35 [multiproc_executor.py:932]   File "/vllm-ascend/vllm_ascend/worker/model_runner_v1.py", line 3423, in _torch_cuda_wrapper
[36m(vLLMHttpServer pid=17965)[0m (Worker pid=19149) ERROR 07-29 13:28:35 [multiproc_executor.py:932]     yield
[36m(vLLMHttpServer pid=17965)[0m (Worker pid=19149) ERROR 07-29 13:28:35 [multiproc_executor.py:932]   File "/vllm-ascend/vllm_ascend/worker/model_runner_v1.py", line 3364, in capture_model
[36m(vLLMHttpServer pid=17965)[0m (Worker pid=19149) ERROR 07-29 13:28:35 [multiproc_executor.py:932]     with _torch_cuda_wrapper(), _replace_gpu_model_runner_function_wrapper(parent_module_name):
[36m(vLLMHttpServer pid=17965)[0m (Worker pid=19149) ERROR 07-29 13:28:35 [multiproc_executor.py:932]   File "/usr/local/python3.11.15/lib/python3.11/contextlib.py", line 158, in __exit__
[36m(vLLMHttpServer pid=17965)[0m (Worker pid=19149) ERROR 07-29 13:28:35 [multiproc_executor.py:932]     self.gen.throw(typ, value, traceback)
[36m(vLLMHttpServer pid=17965)[0m (Worker pid=19149) ERROR 07-29 13:28:35 [multiproc_executor.py:932]   File "/vllm-ascend/vllm_ascend/worker/model_runner_v1.py", line 3452, in _replace_gpu_model_runner_function_wrapper
[36m(vLLMHttpServer pid=17965)[0m (Worker pid=19149) ERROR 07-29 13:28:35 [multiproc_executor.py:932]     raise RuntimeError(f"NPUModelRunner failed, error is {e}")
[36m(vLLMHttpServer pid=17965)[0m (Worker pid=19149) ERROR 07-29 13:28:35 [multiproc_executor.py:932] RuntimeError: NPUModelRunner failed, error is Do not support TASK_QUEUE_ENABLE = 2 during NPU graph capture, please export TASK_QUEUE_ENABLE=1/0.
[36m(vLLMHttpServer pid=17965)[0m (Worker pid=19149) ERROR 07-29 13:28:35 [multiproc_executor.py:932] [ERROR] 2026-07-29-13:28:34 (PID:19149, Device:0, RankID:-1) ERR00007 PTA feature not supported
[36m(vLLMHttpServer pid=17965)[0m (Worker pid=19149) ERROR 07-29 13:28:35 [multiproc_executor.py:932] 
[36m(vLLMHttpServer pid=17965)[0m (Worker pid=19149) ERROR 07-29 13:28:35 [multiproc_executor.py:932] During handling of the above exception, another exception occurred:
[36m(vLLMHttpServer pid=17965)[0m (Worker pid=19149) ERROR 07-29 13:28:35 [multiproc_executor.py:932] 
[36m(vLLMHttpServer pid=17965)[0m (Worker pid=19149) ERROR 07-29 13:28:35 [multiproc_executor.py:932] Traceback (most recent call last):
[36m(vLLMHttpServer pid=17965)[0m (Worker pid=19149) ERROR 07-29 13:28:35 [multiproc_executor.py:932]   File "/vllm/vllm/v1/executor/multiproc_executor.py", line 927, in worker_busy_loop
[36m(vLLMHttpServer pid=17965)[0m (Worker pid=19149) ERROR 07-29 13:28:35 [multiproc_executor.py:932]     output = func(*args, **kwargs)
[36m(vLLMHttpServer pid=17965)[0m (Worker pid=19149) ERROR 07-29 13:28:35 [multiproc_executor.py:932]              ^^^^^^^^^^^^^^^^^^^^^
[36m(vLLMHttpServer pid=17965)[0m (Worker pid=19149) ERROR 07-29 13:28:35 [multiproc_executor.py:932]   File "/vllm-ascend/vllm_ascend/worker/worker.py", line 466, in compile_or_warm_up_model
[36m(vLLMHttpServer pid=17965)[0m (Worker pid=19149) ERROR 07-29 13:28:35 [multiproc_executor.py:932]     self.model_runner.capture_model()
[36m(vLLMHttpServer pid=17965)[0m (Worker pid=19149) ERROR 07-29 13:28:35 [multiproc_executor.py:932]   File "/vllm-ascend/vllm_ascend/worker/model_runner_v1.py", line 3364, in capture_model
[36m(vLLMHttpServer pid=17965)[0m (Worker pid=19149) ERROR 07-29 13:28:35 [multiproc_executor.py:932]     with _torch_cuda_wrapper(), _replace_gpu_model_runner_function_wrapper(parent_module_name):
[36m(vLLMHttpServer pid=17965)[0m (Worker pid=19149) ERROR 07-29 13:28:35 [multiproc_executor.py:932]   File "/usr/local/python3.11.15/lib/python3.11/contextlib.py", line 158, in __exit__
[36m(vLLMHttpServer pid=17965)[0m (Worker pid=19149) ERROR 07-29 13:28:35 [multiproc_executor.py:932]     self.gen.throw(typ, value, traceback)
[36m(vLLMHttpServer pid=17965)[0m (Worker pid=19149) ERROR 07-29 13:28:35 [multiproc_executor.py:932]   File "/vllm-ascend/vllm_ascend/worker/model_runner_v1.py", line 3432, in _torch_cuda_wrapper
[36m(vLLMHttpServer pid=17965)[0m (Worker pid=19149) ERROR 07-29 13:28:35 [multiproc_executor.py:932]     raise RuntimeError(f"NPUModelRunner init failed, error is {e}")
[36m(vLLMHttpServer pid=17965)[0m (Worker pid=19149) ERROR 07-29 13:28:35 [multiproc_executor.py:932] RuntimeError: NPUModelRunner init failed, error is NPUModelRunner failed, error is Do not support TASK_QUEUE_ENABLE = 2 during NPU graph capture, please export TASK_QUEUE_ENABLE=1/0.
[36m(vLLMHttpServer pid=17965)[0m (Worker pid=19149) ERROR 07-29 13:28:35 [multiproc_executor.py:932] [ERROR] 2026-07-29-13:28:34 (PID:19149, Device:0, RankID:-1) ERR00007 PTA feature not supported
[36m(vLLMHttpServer pid=17965)[0m (Worker pid=19149) ERROR 07-29 13:28:35 [multiproc_executor.py:932] Traceback (most recent call last):
[36m(vLLMHttpServer pid=17965)[0m (Worker pid=19149) ERROR 07-29 13:28:35 [multiproc_executor.py:932]   File "/vllm-ascend/vllm_ascend/worker/model_runner_v1.py", line 3450, in _replace_gpu_model_runner_function_wrapper
[36m(vLLMHttpServer pid=17965)[0m (Worker pid=19149) ERROR 07-29 13:28:35 [multiproc_executor.py:932]     yield
[36m(vLLMHttpServer pid=17965)[0m (Worker pid=19149) ERROR 07-29 13:28:35 [multiproc_executor.py:932]   File "/vllm-ascend/vllm_ascend/worker/model_runner_v1.py", line 3365, in capture_model
[36m(vLLMHttpServer pid=17965)[0m (Worker pid=19149) ERROR 07-29 13:28:35 [multiproc_executor.py:932]     GPUModelRunner.capture_model(self)
[36m(vLLMHttpServer pid=17965)[0m (Worker pid=19149) ERROR 07-29 13:28:35 [multiproc_executor.py:932]   File "/vllm/vllm/tracing/otel.py", line 178, in sync_wrapper
[36m(vLLMHttpServer pid=17965)[0m (Worker pid=19149) ERROR 07-29 13:28:35 [multiproc_executor.py:932]     return func(*args, **kwargs)
[36m(vLLMHttpServer pid=17965)[0m (Worker pid=19149) ERROR 07-29 13:28:35 [multiproc_executor.py:932]            ^^^^^^^^^^^^^^^^^^^^^
[36m(vLLMHttpServer pid=17965)[0m (Worker pid=19149) ERROR 07-29 13:28:35 [multiproc_executor.py:932]   File "/vllm/vllm/v1/worker/gpu_model_runner.py", line 5719, in capture_model
[36m(vLLMHttpServer pid=17965)[0m (Worker pid=19149) ERROR 07-29 13:28:35 [multiproc_executor.py:932]     self._capture_cudagraphs(
[36m(vLLMHttpServer pid=17965)[0m (Worker pid=19149) ERROR 07-29 13:28:35 [multiproc_executor.py:932]   File "/vllm/vllm/v1/worker/gpu_model_runner.py", line 5830, in _capture_cudagraphs
[36m(vLLMHttpServer pid=17965)[0m (Worker pid=19149) ERROR 07-29 13:28:35 [multiproc_executor.py:932]     self._warmup_and_capture(
[36m(vLLMHttpServer pid=17965)[0m (Worker pid=19149) ERROR 07-29 13:28:35 [multiproc_executor.py:932]   File "/vllm/vllm/v1/worker/gpu_model_runner.py", line 5776, in _warmup_and_capture
[36m(vLLMHttpServer pid=17965)[0m (Worker pid=19149) ERROR 07-29 13:28:35 [multiproc_executor.py:932]     self._dummy_run(
[36m(vLLMHttpServer pid=17965)[0m (Worker pid=19149) ERROR 07-29 13:28:35 [multiproc_executor.py:932]   File "/usr/local/python3.11.15/lib/python3.11/site-packages/torch/utils/_contextlib.py", line 120, in decorate_context
[36m(vLLMHttpServer pid=17965)[0m (Worker pid=19149) ERROR 07-29 13:28:35 [multiproc_executor.py:932]     return func(*args, **kwargs)
[36m(vLLMHttpServer pid=17965)[0m (Worker pid=19149) ERROR 07-29 13:28:35 [multiproc_executor.py:932]            ^^^^^^^^^^^^^^^^^^^^^
[36m(vLLMHttpServer pid=17965)[0m (Worker pid=19149) ERROR 07-29 13:28:35 [multiproc_executor.py:932]   File "/vllm-ascend/vllm_ascend/worker/model_runner_v1.py", line 2519, in _dummy_run
[36m(vLLMHttpServer pid=17965)[0m (Worker pid=19149) ERROR 07-29 13:28:35 [multiproc_executor.py:932]     outputs = self._model_forward(
[36m(vLLMHttpServer pid=17965)[0m (Worker pid=19149) ERROR 07-29 13:28:35 [multiproc_executor.py:932]               ^^^^^^^^^^^^^^^^^^^^
[36m(vLLMHttpServer pid=17965)[0m (Worker pid=19149) ERROR 07-29 13:28:35 [multiproc_executor.py:932]   File "/vllm-ascend/vllm_ascend/worker/model_runner_v1.py", line 1859, in _model_forward
[36m(vLLMHttpServer pid=17965)[0m (Worker pid=19149) ERROR 07-29 13:28:35 [multiproc_executor.py:932]     hidden_states = run_model()
[36m(vLLMHttpServer pid=17965)[0m (Worker pid=19149) ERROR 07-29 13:28:35 [multiproc_executor.py:932]                     ^^^^^^^^^^^
[36m(vLLMHttpServer pid=17965)[0m (Worker pid=19149) ERROR 07-29 13:28:35 [multiproc_executor.py:932]   File "/usr/local/python3.11.15/lib/python3.11/site-packages/torch/nn/modules/module.py", line 1775, in _wrapped_call_impl
[36m(vLLMHttpServer pid=17965)[0m (Worker pid=19149) ERROR 07-29 13:28:35 [multiproc_executor.py:932]     return self._call_impl(*args, **kwargs)
[36m(vLLMHttpServer pid=17965)[0m (Worker pid=19149) ERROR 07-29 13:28:35 [multiproc_executor.py:932]            ^^^^^^^^^^^^^^^^^^^^^^^^^^^^^^^^
[36m(vLLMHttpServer pid=17965)[0m (Worker pid=19149) ERROR 07-29 13:28:35 [multiproc_executor.py:932]   File "/usr/local/python3.11.15/lib/python3.11/site-packages/torch/nn/modules/module.py", line 1786, in _call_impl
[36m(vLLMHttpServer pid=17965)[0m (Worker pid=19149) ERROR 07-29 13:28:35 [multiproc_executor.py:932]     return forward_call(*args, **kwargs)
[36m(vLLMHttpServer pid=17965)[0m (Worker pid=19149) ERROR 07-29 13:28:35 [multiproc_executor.py:932]            ^^^^^^^^^^^^^^^^^^^^^^^^^^^^^
[36m(vLLMHttpServer pid=17965)[0m (Worker pid=19149) ERROR 07-29 13:28:35 [multiproc_executor.py:932]   File "/vllm/vllm/model_executor/models/qwen3.py", line 322, in forward
[36m(vLLMHttpServer pid=17965)[0m (Worker pid=19149) ERROR 07-29 13:28:35 [multiproc_executor.py:932]     hidden_states = self.model(
[36m(vLLMHttpServer pid=17965)[0m (Worker pid=19149) ERROR 07-29 13:28:35 [multiproc_executor.py:932]                     ^^^^^^^^^^^
[36m(vLLMHttpServer pid=17965)[0m (Worker pid=19149) ERROR 07-29 13:28:35 [multiproc_executor.py:932]   File "/vllm/vllm/compilation/decorators.py", line 503, in __call__
[36m(vLLMHttpServer pid=17965)[0m (Worker pid=19149) ERROR 07-29 13:28:35 [multiproc_executor.py:932]     return TorchCompileWithNoGuardsWrapper.__call__(self, *args, **kwargs)  # type: ignore[arg-type]
[36m(vLLMHttpServer pid=17965)[0m (Worker pid=19149) ERROR 07-29 13:28:35 [multiproc_executor.py:932]            ^^^^^^^^^^^^^^^^^^^^^^^^^^^^^^^^^^^^^^^^^^^^^^^^^^^^^^^^^^^^^^^
[36m(vLLMHttpServer pid=17965)[0m (Worker pid=19149) ERROR 07-29 13:28:35 [multiproc_executor.py:932]   File "/vllm/vllm/compilation/wrapper.py", line 187, in __call__
[36m(vLLMHttpServer pid=17965)[0m (Worker pid=19149) ERROR 07-29 13:28:35 [multiproc_executor.py:932]     return self._call_with_optional_nvtx_range(
[36m(vLLMHttpServer pid=17965)[0m (Worker pid=19149) ERROR 07-29 13:28:35 [multiproc_executor.py:932]            ^^^^^^^^^^^^^^^^^^^^^^^^^^^^^^^^^^^^
[36m(vLLMHttpServer pid=17965)[0m (Worker pid=19149) ERROR 07-29 13:28:35 [multiproc_executor.py:932]   File "/vllm/vllm/compilation/wrapper.py", line 76, in _call_with_optional_nvtx_range
[36m(vLLMHttpServer pid=17965)[0m (Worker pid=19149) ERROR 07-29 13:28:35 [multiproc_executor.py:932]     return callable_fn(*args, **kwargs)
[36m(vLLMHttpServer pid=17965)[0m (Worker pid=19149) ERROR 07-29 13:28:35 [multiproc_executor.py:932]            ^^^^^^^^^^^^^^^^^^^^^^^^^^^^
[36m(vLLMHttpServer pid=17965)[0m (Worker pid=19149) ERROR 07-29 13:28:35 [multiproc_executor.py:932]   File "/vllm/vllm/model_executor/models/qwen2.py", line 422, in forward
[36m(vLLMHttpServer pid=17965)[0m (Worker pid=19149) ERROR 07-29 13:28:35 [multiproc_executor.py:932]     def forward(
[36m(vLLMHttpServer pid=17965)[0m (Worker pid=19149) ERROR 07-29 13:28:35 [multiproc_executor.py:932]   File "/usr/local/python3.11.15/lib/python3.11/site-packages/torch/_dynamo/eval_frame.py", line 1044, in _fn
[36m(vLLMHttpServer pid=17965)[0m (Worker pid=19149) ERROR 07-29 13:28:35 [multiproc_executor.py:932]     return fn(*args, **kwargs)
[36m(vLLMHttpServer pid=17965)[0m (Worker pid=19149) ERROR 07-29 13:28:35 [multiproc_executor.py:932]            ^^^^^^^^^^^^^^^^^^^
[36m(vLLMHttpServer pid=17965)[0m (Worker pid=19149) ERROR 07-29 13:28:35 [multiproc_executor.py:932]   File "/vllm/vllm/compilation/caching.py", line 206, in __call__
[36m(vLLMHttpServer pid=17965)[0m (Worker pid=19149) ERROR 07-29 13:28:35 [multiproc_executor.py:932]     return self.optimized_call(*args, **kwargs)
[36m(vLLMHttpServer pid=17965)[0m (Worker pid=19149) ERROR 07-29 13:28:35 [multiproc_executor.py:932]            ^^^^^^^^^^^^^^^^^^^^^^^^^^^^^^^^^^^^
[36m(vLLMHttpServer pid=17965)[0m (Worker pid=19149) ERROR 07-29 13:28:35 [multiproc_executor.py:932]   File "/usr/local/python3.11.15/lib/python3.11/site-packages/torch/fx/graph_module.py", line 837, in call_wrapped
[36m(vLLMHttpServer pid=17965)[0m (Worker pid=19149) ERROR 07-29 13:28:35 [multiproc_executor.py:932]     return self._wrapped_call(self, *args, **kwargs)
[36m(vLLMHttpServer pid=17965)[0m (Worker pid=19149) ERROR 07-29 13:28:35 [multiproc_executor.py:932]            ^^^^^^^^^^^^^^^^^^^^^^^^^^^^^^^^^^^^^^^^^
[36m(vLLMHttpServer pid=17965)[0m (Worker pid=19149) ERROR 07-29 13:28:35 [multiproc_executor.py:932]   File "/usr/local/python3.11.15/lib/python3.11/site-packages/torch/fx/graph_module.py", line 413, in __call__
[36m(vLLMHttpServer pid=17965)[0m (Worker pid=19149) ERROR 07-29 13:28:35 [multiproc_executor.py:932]     raise e
[36m(vLLMHttpServer pid=17965)[0m (Worker pid=19149) ERROR 07-29 13:28:35 [multiproc_executor.py:932]   File "/usr/local/python3.11.15/lib/python3.11/site-packages/torch/fx/graph_module.py", line 400, in __call__
[36m(vLLMHttpServer pid=17965)[0m (Worker pid=19149) ERROR 07-29 13:28:35 [multiproc_executor.py:932]     return super(self.cls, obj).__call__(*args, **kwargs)  # type: ignore[misc]
[36m(vLLMHttpServer pid=17965)[0m (Worker pid=19149) ERROR 07-29 13:28:35 [multiproc_executor.py:932]            ^^^^^^^^^^^^^^^^^^^^^^^^^^^^^^^^^^^^^^^^^^^^^^
[36m(vLLMHttpServer pid=17965)[0m (Worker pid=19149) ERROR 07-29 13:28:35 [multiproc_executor.py:932]   File "/usr/local/python3.11.15/lib/python3.11/site-packages/torch/nn/modules/module.py", line 1775, in _wrapped_call_impl
[36m(vLLMHttpServer pid=17965)[0m (Worker pid=19149) ERROR 07-29 13:28:35 [multiproc_executor.py:932]     return self._call_impl(*args, **kwargs)
[36m(vLLMHttpServer pid=17965)[0m (Worker pid=19149) ERROR 07-29 13:28:35 [multiproc_executor.py:932]            ^^^^^^^^^^^^^^^^^^^^^^^^^^^^^^^^
[36m(vLLMHttpServer pid=17965)[0m (Worker pid=19149) ERROR 07-29 13:28:35 [multiproc_executor.py:932]   File "/usr/local/python3.11.15/lib/python3.11/site-packages/torch/nn/modules/module.py", line 1786, in _call_impl
[36m(vLLMHttpServer pid=17965)[0m (Worker pid=19149) ERROR 07-29 13:28:35 [multiproc_executor.py:932]     return forward_call(*args, **kwargs)
[36m(vLLMHttpServer pid=17965)[0m (Worker pid=19149) ERROR 07-29 13:28:35 [multiproc_executor.py:932]            ^^^^^^^^^^^^^^^^^^^^^^^^^^^^^
[36m(vLLMHttpServer pid=17965)[0m (Worker pid=19149) ERROR 07-29 13:28:35 [multiproc_executor.py:932]   File "<eval_with_key>.82", line 807, in forward
[36m(vLLMHttpServer pid=17965)[0m (Worker pid=19149) ERROR 07-29 13:28:35 [multiproc_executor.py:932]     submod_0 = self.submod_0(l_self_modules_embed_tokens_punica_wrapper_embeddings_indices, s72, l_input_ids_, l_self_modules_embed_tokens_lora_a_stacked_2d, l_self_modules_embed_tokens_modules_base_layer_parameters_weight_, l_self_modules_embed_tokens_punica_wrapper_seq_lengths, l_self_modules_embed_tokens_punica_wrapper_lora_indices_per_batch, l_self_modules_embed_tokens_lora_b_stacked, l_self_modules_layers_modules_0_modules_input_layernorm_parameters_weight_, l_self_modules_layers_modules_0_modules_self_attn_modules_qkv_proj_modules_base_layer_parameters_weight_, l_self_modules_layers_modules_0_modules_self_attn_modules_qkv_proj_lora_a_stacked_0_, l_self_modules_layers_modules_0_modules_self_attn_modules_qkv_proj_lora_a_stacked_1_, l_self_modules_layers_modules_0_modules_self_attn_modules_qkv_proj_lora_a_stacked_2_, l_self_modules_layers_modules_0_modules_self_attn_modules_qkv_proj_lora_b_stacked_0_, l_self_modules_layers_modules_0_modules_self_attn_modules_qkv_proj_lora_b_stacked_1_, l_self_modules_layers_modules_0_modules_self_attn_modules_qkv_proj_lora_b_stacked_2_, l_self_modules_layers_modules_0_modules_self_attn_modules_q_norm_parameters_weight_, l_self_modules_layers_modules_0_modules_self_attn_modules_k_norm_parameters_weight_, l_positions_, s80, l_self_modules_layers_modules_0_modules_self_attn_modules_rotary_emb_buffers_cos_sin_cache_);  l_self_modules_embed_tokens_punica_wrapper_embeddings_indices = l_input_ids_ = l_self_modules_embed_tokens_lora_a_stacked_2d = l_self_modules_embed_tokens_modules_base_layer_parameters_weight_ = l_self_modules_embed_tokens_lora_b_stacked = l_self_modules_layers_modules_0_modules_input_layernorm_parameters_weight_ = l_self_modules_layers_modules_0_modules_self_attn_modules_qkv_proj_modules_base_layer_parameters_weight_ = l_self_modules_layers_modules_0_modules_self_attn_modules_qkv_proj_lora_a_stacked_0_ = l_self_modules_layers_modules_0_modules_self_attn_modules_qkv_proj_lora_a_stacked_1_ = l_self_modules_layers_modules_0_modules_self_attn_modules_qkv_proj_lora_a_stacked_2_ = l_self_modules_layers_modules_0_modules_self_attn_modules_qkv_proj_lora_b_stacked_0_ = l_self_modules_layers_modules_0_modules_self_attn_modules_qkv_proj_lora_b_stacked_1_ = l_self_modules_layers_modules_0_modules_self_attn_modules_qkv_proj_lora_b_stacked_2_ = l_self_modules_layers_modules_0_modules_self_attn_modules_q_norm_parameters_weight_ = l_self_modules_layers_modules_0_modules_self_attn_modules_k_norm_parameters_weight_ = None
[36m(vLLMHttpServer pid=17965)[0m (Worker pid=19149) ERROR 07-29 13:28:35 [multiproc_executor.py:932]                ^^^^^^^^^^^^^^^^^^^^^^^^^^^^^^^^^^^^^^^^^^^^^^^^^^^^^^^^^^^^^^^^^^^^^^^^^^^^^^^^^^^^^^^^^^^^^^^^^^^^^^^^^^^^^^^^^^^^^^^^^^^^^^^^^^^^^^^^^^^^^^^^^^^^^^^^^^^^^^^^^^^^^^^^^^^^^^^^^^^^^^^^^^^^^^^^^^^^^^^^^^^^^^^^^^^^^^^^^^^^^^^^^^^^^^^^^^^^^^^^^^^^^^^^^^^^^^^^^^^^^^^^^^^^^^^^^^^^^^^^^^^^^^^^^^^^^^^^^^^^^^^^^^^^^^^^^^^^^^^^^^^^^^^^^^^^^^^^^^^^^^^^^^^^^^^^^^^^^^^^^^^^^^^^^^^^^^^^^^^^^^^^^^^^^^^^^^^^^^^^^^^^^^^^^^^^^^^^^^^^^^^^^^^^^^^^^^^^^^^^^^^^^^^^^^^^^^^^^^^^^^^^^^^^^^^^^^^^^^^^^^^^^^^^^^^^^^^^^^^^^^^^^^^^^^^^^^^^^^^^^^^^^^^^^^^^^^^^^^^^^^^^^^^^^^^^^^^^^^^^^^^^^^^^^^^^^^^^^^^^^^^^^^^^^^^^^^^^^^^^^^^^^^^^^^^^^^^^^^^^^^^^^^^^^^^^^^^^^^^^^^^^^^^^^^^^^^^^^^^^^^^^^^^^^^^^^^^^^^^^^^^^^^^^^^^^^^^^^^^^^^^^^^^^^^^^^^^^^^^^^^^^^^^^^^^^^^^^^^^^^^^^^^^^^^^^^^^^^^^^^^^^^^^^^^^^^^^^^^^^^^^^^^^^^^^^^^^^^^^^^^^^^^^^^^^^^^^^^^^^^^^^^^^^^^^^^^^^^^^^^^^^^^^^^^^^^^^^^^^^^^^^^^^^^^^^^^^^^^^^^^^^^^^^^^^^^^^^^^^^^^^^^^^^^^^^^^^^^^^^^^^^^^^^^^^^^^^^^^^^^^^^^^^^^^^^^^^^^^^^^^^^^^^^^^^^^^^^^^^^^^^^^^^^^^^^^^^^^^^^^^^^^^^^^^^^^^^^^^^^^^^^^^^^^^^^^^^^^^^^^^^^^^^^^^^^^^^^^^^^^^^^^^^^^^^^^^^^^^^^^^^^^^^^^^^^^^^^^^^^^^^^^^^^^^^^^^^^^^^^^^^^^^^^^^^^^^^^^^^^^^^^^^^^^^^^^^^^^^^^^^^^^^^^^^^^^^^^^^^^^^^^^^^^^^^^^^^^^^^^^^^^^^^^^^^^^^^^^^^^^^^^^^^^^^^^^^^^^^^^^^^^^^^^^^^^^^^^^^^^^^^^^^^^^^^^^^^^^^^^^^^^^^^^^^^^^^^^^^^^^^^^^^^^^^^^^^^^^^^^^^^^^^^^^^^^^^^^^^^^^^^^^^^^^^^^^^^^
[36m(vLLMHttpServer pid=17965)[0m (Worker pid=19149) ERROR 07-29 13:28:35 [multiproc_executor.py:932]   File "/vllm-ascend/vllm_ascend/compilation/acl_graph.py", line 156, in __call__
[36m(vLLMHttpServer pid=17965)[0m (Worker pid=19149) ERROR 07-29 13:28:35 [multiproc_executor.py:932]     with torch.npu.graph(aclgraph, pool=self.graph_pool):
[36m(vLLMHttpServer pid=17965)[0m (Worker pid=19149) ERROR 07-29 13:28:35 [multiproc_executor.py:932]   File "/usr/local/python3.11.15/lib/python3.11/site-packages/torch_npu/npu/graphs.py", line 528, in __enter__
[36m(vLLMHttpServer pid=17965)[0m (Worker pid=19149) ERROR 07-29 13:28:35 [multiproc_executor.py:932]     self.npu_graph.capture_begin(
[36m(vLLMHttpServer pid=17965)[0m (Worker pid=19149) ERROR 07-29 13:28:35 [multiproc_executor.py:932]   File "/usr/local/python3.11.15/lib/python3.11/site-packages/torch_npu/npu/graphs.py", line 359, in capture_begin
[36m(vLLMHttpServer pid=17965)[0m (Worker pid=19149) ERROR 07-29 13:28:35 [multiproc_executor.py:932]     super().capture_begin(pool=pool, capture_error_mode=capture_error_mode, report_shape=True)
[36m(vLLMHttpServer pid=17965)[0m (Worker pid=19149) ERROR 07-29 13:28:35 [multiproc_executor.py:932] RuntimeError: Do not support TASK_QUEUE_ENABLE = 2 during NPU graph capture, please export TASK_QUEUE_ENABLE=1/0.
[36m(vLLMHttpServer pid=17965)[0m (Worker pid=19149) ERROR 07-29 13:28:35 [multiproc_executor.py:932] [ERROR] 2026-07-29-13:28:34 (PID:19149, Device:0, RankID:-1) ERR00007 PTA feature not supported
[36m(vLLMHttpServer pid=17965)[0m (Worker pid=19149) ERROR 07-29 13:28:35 [multiproc_executor.py:932] 
[36m(vLLMHttpServer pid=17965)[0m (Worker pid=19149) ERROR 07-29 13:28:35 [multiproc_executor.py:932] During handling of the above exception, another exception occurred:
[36m(vLLMHttpServer pid=17965)[0m (Worker pid=19149) ERROR 07-29 13:28:35 [multiproc_executor.py:932] 
[36m(vLLMHttpServer pid=17965)[0m (Worker pid=19149) ERROR 07-29 13:28:35 [multiproc_executor.py:932] Traceback (most recent call last):
[36m(vLLMHttpServer pid=17965)[0m (Worker pid=19149) ERROR 07-29 13:28:35 [multiproc_executor.py:932]   File "/vllm-ascend/vllm_ascend/worker/model_runner_v1.py", line 3423, in _torch_cuda_wrapper
[36m(vLLMHttpServer pid=17965)[0m (Worker pid=19149) ERROR 07-29 13:28:35 [multiproc_executor.py:932]     yield
[36m(vLLMHttpServer pid=17965)[0m (Worker pid=19149) ERROR 07-29 13:28:35 [multiproc_executor.py:932]   File "/vllm-ascend/vllm_ascend/worker/model_runner_v1.py", line 3364, in capture_model
[36m(vLLMHttpServer pid=17965)[0m (Worker pid=19149) ERROR 07-29 13:28:35 [multiproc_executor.py:932]     with _torch_cuda_wrapper(), _replace_gpu_model_runner_function_wrapper(parent_module_name):
[36m(vLLMHttpServer pid=17965)[0m (Worker pid=19149) ERROR 07-29 13:28:35 [multiproc_executor.py:932]   File "/usr/local/python3.11.15/lib/python3.11/contextlib.py", line 158, in __exit__
[36m(vLLMHttpServer pid=17965)[0m (Worker pid=19149) ERROR 07-29 13:28:35 [multiproc_executor.py:932]     self.gen.throw(typ, value, traceback)
[36m(vLLMHttpServer pid=17965)[0m (Worker pid=19149) ERROR 07-29 13:28:35 [multiproc_executor.py:932]   File "/vllm-ascend/vllm_ascend/worker/model_runner_v1.py", line 3452, in _replace_gpu_model_runner_function_wrapper
[36m(vLLMHttpServer pid=17965)[0m (Worker pid=19149) ERROR 07-29 13:28:35 [multiproc_executor.py:932]     raise RuntimeError(f"NPUModelRunner failed, error is {e}")
[36m(vLLMHttpServer pid=17965)[0m (Worker pid=19149) ERROR 07-29 13:28:35 [multiproc_executor.py:932] RuntimeError: NPUModelRunner failed, error is Do not support TASK_QUEUE_ENABLE = 2 during NPU graph capture, please export TASK_QUEUE_ENABLE=1/0.
[36m(vLLMHttpServer pid=17965)[0m (Worker pid=19149) ERROR 07-29 13:28:35 [multiproc_executor.py:932] [ERROR] 2026-07-29-13:28:34 (PID:19149, Device:0, RankID:-1) ERR00007 PTA feature not supported
[36m(vLLMHttpServer pid=17965)[0m (Worker pid=19149) ERROR 07-29 13:28:35 [multiproc_executor.py:932] 
[36m(vLLMHttpServer pid=17965)[0m (Worker pid=19149) ERROR 07-29 13:28:35 [multiproc_executor.py:932] During handling of the above exception, another exception occurred:
[36m(vLLMHttpServer pid=17965)[0m (Worker pid=19149) ERROR 07-29 13:28:35 [multiproc_executor.py:932] 
[36m(vLLMHttpServer pid=17965)[0m (Worker pid=19149) ERROR 07-29 13:28:35 [multiproc_executor.py:932] Traceback (most recent call last):
[36m(vLLMHttpServer pid=17965)[0m (Worker pid=19149) ERROR 07-29 13:28:35 [multiproc_executor.py:932]   File "/vllm/vllm/v1/executor/multiproc_executor.py", line 927, in worker_busy_loop
[36m(vLLMHttpServer pid=17965)[0m (Worker pid=19149) ERROR 07-29 13:28:35 [multiproc_executor.py:932]     output = func(*args, **kwargs)
[36m(vLLMHttpServer pid=17965)[0m (Worker pid=19149) ERROR 07-29 13:28:35 [multiproc_executor.py:932]              ^^^^^^^^^^^^^^^^^^^^^
[36m(vLLMHttpServer pid=17965)[0m (Worker pid=19149) ERROR 07-29 13:28:35 [multiproc_executor.py:932]   File "/vllm-ascend/vllm_ascend/worker/worker.py", line 466, in compile_or_warm_up_model
[36m(vLLMHttpServer pid=17965)[0m (Worker pid=19149) ERROR 07-29 13:28:35 [multiproc_executor.py:932]     self.model_runner.capture_model()
[36m(vLLMHttpServer pid=17965)[0m (Worker pid=19149) ERROR 07-29 13:28:35 [multiproc_executor.py:932]   File "/vllm-ascend/vllm_ascend/worker/model_runner_v1.py", line 3364, in capture_model
[36m(vLLMHttpServer pid=17965)[0m (Worker pid=19149) ERROR 07-29 13:28:35 [multiproc_executor.py:932]     with _torch_cuda_wrapper(), _replace_gpu_model_runner_function_wrapper(parent_module_name):
[36m(vLLMHttpServer pid=17965)[0m (Worker pid=19149) ERROR 07-29 13:28:35 [multiproc_executor.py:932]   File "/usr/local/python3.11.15/lib/python3.11/contextlib.py", line 158, in __exit__
[36m(vLLMHttpServer pid=17965)[0m (Worker pid=19149) ERROR 07-29 13:28:35 [multiproc_executor.py:932]     self.gen.throw(typ, value, traceback)
[36m(vLLMHttpServer pid=17965)[0m (Worker pid=19149) ERROR 07-29 13:28:35 [multiproc_executor.py:932]   File "/vllm-ascend/vllm_ascend/worker/model_runner_v1.py", line 3432, in _torch_cuda_wrapper
[36m(vLLMHttpServer pid=17965)[0m (Worker pid=19149) ERROR 07-29 13:28:35 [multiproc_executor.py:932]     raise RuntimeError(f"NPUModelRunner init failed, error is {e}")
[36m(vLLMHttpServer pid=17965)[0m (Worker pid=19149) ERROR 07-29 13:28:35 [multiproc_executor.py:932] RuntimeError: NPUModelRunner init failed, error is NPUModelRunner failed, error is Do not support TASK_QUEUE_ENABLE = 2 during NPU graph capture, please export TASK_QUEUE_ENABLE=1/0.
[36m(vLLMHttpServer pid=17965)[0m (Worker pid=19149) ERROR 07-29 13:28:35 [multiproc_executor.py:932] [ERROR] 2026-07-29-13:28:34 (PID:19149, Device:0, RankID:-1) ERR00007 PTA feature not supported
[36m(vLLMHttpServer pid=17965)[0m (Worker pid=19149) ERROR 07-29 13:28:35 [multiproc_executor.py:932] 
[36m(vLLMHttpServer pid=17965)[0m (EngineCore pid=18721) ERROR 07-29 13:28:35 [core.py:1099] EngineCore failed to start.
[36m(vLLMHttpServer pid=17965)[0m (EngineCore pid=18721) ERROR 07-29 13:28:35 [core.py:1099] Traceback (most recent call last):
[36m(vLLMHttpServer pid=17965)[0m (EngineCore pid=18721) ERROR 07-29 13:28:35 [core.py:1099]   File "/vllm/vllm/v1/engine/core.py", line 1073, in run_engine_core
[36m(vLLMHttpServer pid=17965)[0m (EngineCore pid=18721) ERROR 07-29 13:28:35 [core.py:1099]     engine_core = EngineCoreProc(*args, engine_index=dp_rank, **kwargs)
[36m(vLLMHttpServer pid=17965)[0m (EngineCore pid=18721) ERROR 07-29 13:28:35 [core.py:1099]                   ^^^^^^^^^^^^^^^^^^^^^^^^^^^^^^^^^^^^^^^^^^^^^^^^^^^^^
[36m(vLLMHttpServer pid=17965)[0m (EngineCore pid=18721) ERROR 07-29 13:28:35 [core.py:1099]   File "/vllm/vllm/tracing/otel.py", line 178, in sync_wrapper
[36m(vLLMHttpServer pid=17965)[0m (EngineCore pid=18721) ERROR 07-29 13:28:35 [core.py:1099]     return func(*args, **kwargs)
[36m(vLLMHttpServer pid=17965)[0m (EngineCore pid=18721) ERROR 07-29 13:28:35 [core.py:1099]            ^^^^^^^^^^^^^^^^^^^^^
[36m(vLLMHttpServer pid=17965)[0m (EngineCore pid=18721) ERROR 07-29 13:28:35 [core.py:1099]   File "/vllm/vllm/v1/engine/core.py", line 839, in __init__
[36m(vLLMHttpServer pid=17965)[0m (EngineCore pid=18721) ERROR 07-29 13:28:35 [core.py:1099]     super().__init__(
[36m(vLLMHttpServer pid=17965)[0m (EngineCore pid=18721) ERROR 07-29 13:28:35 [core.py:1099]   File "/vllm/vllm/v1/engine/core.py", line 122, in __init__
[36m(vLLMHttpServer pid=17965)[0m (EngineCore pid=18721) ERROR 07-29 13:28:35 [core.py:1099]     kv_cache_config = self._initialize_kv_caches(vllm_config)
[36m(vLLMHttpServer pid=17965)[0m (EngineCore pid=18721) ERROR 07-29 13:28:35 [core.py:1099]                       ^^^^^^^^^^^^^^^^^^^^^^^^^^^^^^^^^^^^^^^
[36m(vLLMHttpServer pid=17965)[0m (EngineCore pid=18721) ERROR 07-29 13:28:35 [core.py:1099]   File "/vllm/vllm/tracing/otel.py", line 178, in sync_wrapper
[36m(vLLMHttpServer pid=17965)[0m (EngineCore pid=18721) ERROR 07-29 13:28:35 [core.py:1099]     return func(*args, **kwargs)
[36m(vLLMHttpServer pid=17965)[0m (EngineCore pid=18721) ERROR 07-29 13:28:35 [core.py:1099]            ^^^^^^^^^^^^^^^^^^^^^
[36m(vLLMHttpServer pid=17965)[0m (EngineCore pid=18721) ERROR 07-29 13:28:35 [core.py:1099]   File "/vllm/vllm/v1/engine/core.py", line 278, in _initialize_kv_caches
[36m(vLLMHttpServer pid=17965)[0m (EngineCore pid=18721) ERROR 07-29 13:28:35 [core.py:1099]     self.model_executor.initialize_from_config(kv_cache_configs)
[36m(vLLMHttpServer pid=17965)[0m (EngineCore pid=18721) ERROR 07-29 13:28:35 [core.py:1099]   File "/vllm/vllm/v1/executor/abstract.py", line 118, in initialize_from_config
[36m(vLLMHttpServer pid=17965)[0m (EngineCore pid=18721) ERROR 07-29 13:28:35 [core.py:1099]     compilation_times: list[float] = self.collective_rpc("compile_or_warm_up_model")
[36m(vLLMHttpServer pid=17965)[0m (EngineCore pid=18721) ERROR 07-29 13:28:35 [core.py:1099]                                      ^^^^^^^^^^^^^^^^^^^^^^^^^^^^^^^^^^^^^^^^^^^^^^^[36m(vLLMHttpServer pid=17965)[0m (Worker pid=19149) sys:1: DeprecationWarning: builtin type swigvarlink has no __module__ attribute
[36m(vLLMHttpServer pid=17965)[0m (EngineCore pid=18721) Process EngineCore:
[36m(vLLMHttpServer pid=17965)[0m (EngineCore pid=18721) Traceback (most recent call last):
[36m(vLLMHttpServer pid=17965)[0m (EngineCore pid=18721)   File "/usr/local/python3.11.15/lib/python3.11/multiprocessing/process.py", line 314, in _bootstrap
[36m(vLLMHttpServer pid=17965)[0m (EngineCore pid=18721)     self.run()
[36m(vLLMHttpServer pid=17965)[0m (EngineCore pid=18721)   File "/usr/local/python3.11.15/lib/python3.11/multiprocessing/process.py", line 108, in run
[36m(vLLMHttpServer pid=17965)[0m (EngineCore pid=18721)     self._target(*self._args, **self._kwargs)
[36m(vLLMHttpServer pid=17965)[0m (EngineCore pid=18721)   File "/vllm/vllm/v1/engine/core.py", line 1103, in run_engine_core
[36m(vLLMHttpServer pid=17965)[0m (EngineCore pid=18721)     raise e
[36m(vLLMHttpServer pid=17965)[0m (EngineCore pid=18721)   File "/vllm/vllm/v1/engine/core.py", line 1073, in run_engine_core
[36m(vLLMHttpServer pid=17965)[0m (EngineCore pid=18721)     engine_core = EngineCoreProc(*args, engine_index=dp_rank, **kwargs)
[36m(vLLMHttpServer pid=17965)[0m (EngineCore pid=18721)                   ^^^^^^^^^^^^^^^^^^^^^^^^^^^^^^^^^^^^^^^^^^^^^^^^^^^^^
[36m(vLLMHttpServer pid=17965)[0m (EngineCore pid=18721)   File "/vllm/vllm/tracing/otel.py", line 178, in sync_wrapper
[36m(vLLMHttpServer pid=17965)[0m (EngineCore pid=18721)     return func(*args, **kwargs)
[36m(vLLMHttpServer pid=17965)[0m (EngineCore pid=18721)            ^^^^^^^^^^^^^^^^^^^^^
[36m(vLLMHttpServer pid=17965)[0m (EngineCore pid=18721)   File "/vllm/vllm/v1/engine/core.py", line 839, in __init__
[36m(vLLMHttpServer pid=17965)[0m (EngineCore pid=18721)     super().__init__(
[36m(vLLMHttpServer pid=17965)[0m (EngineCore pid=18721)   File "/vllm/vllm/v1/engine/core.py", line 122, in __init__
[36m(vLLMHttpServer pid=17965)[0m (EngineCore pid=18721)     kv_cache_config = self._initialize_kv_caches(vllm_config)
[36m(vLLMHttpServer pid=17965)[0m (EngineCore pid=18721)                       ^^^^^^^^^^^^^^^^^^^^^^^^^^^^^^^^^^^^^^^
[36m(vLLMHttpServer pid=17965)[0m (EngineCore pid=18721)   File "/vllm/vllm/tracing/otel.py", line 178, in sync_wrapper
[36m(vLLMHttpServer pid=17965)[0m (EngineCore pid=18721)     return func(*args, **kwargs)
[36m(vLLMHttpServer pid=17965)[0m (EngineCore pid=18721)            ^^^^^^^^^^^^^^^^^^^^^
[36m(vLLMHttpServer pid=17965)[0m (EngineCore pid=18721)   File "/vllm/vllm/v1/engine/core.py", line 278, in _initialize_kv_caches
[36m(vLLMHttpServer pid=17965)[0m (EngineCore pid=18721)     self.model_executor.initialize_from_config(kv_cache_configs)
[36m(vLLMHttpServer pid=17965)[0m (EngineCore pid=18721)   File "/vllm/vllm/v1/executor/abstract.py", line 118, in initialize_from_config
[36m(vLLMHttpServer pid=17965)[0m (EngineCore pid=18721)     compilation_times: list[float] = self.collective_rpc("compile_or_warm_up_model")
[36m(vLLMHttpServer pid=17965)[0m (EngineCore pid=18721)                                      ^^^^^^^^^^^^^^^^^^^^^^^^^^^^^^^^^^^^^^^^^^^^^^^
[36m(vLLMHttpServer pid=17965)[0m (EngineCore pid=18721)   File "/vllm/vllm/v1/executor/multiproc_executor.py", line 397, in collective_rpc
[36m(vLLMHttpServer pid=17965)[0m (EngineCore pid=18721)     return aggregate(get_response())
[36m(vLLMHttpServer pid=17965)[0m (EngineCore pid=18721)                      ^^^^^^^^^^^^^^
[36m(vLLMHttpServer pid=17965)[0m (EngineCore pid=18721)   File "/vllm/vllm/v1/executor/multiproc_executor.py", line 380, in get_response
[36m(vLLMHttpServer pid=17965)[0m (EngineCore pid=18721)     raise RuntimeError(
[36m(vLLMHttpServer pid=17965)[0m (EngineCore pid=18721) RuntimeError: Worker failed with error 'NPUModelRunner init failed, error is NPUModelRunner failed, error is Do not support TASK_QUEUE_ENABLE = 2 during NPU graph capture, please export TASK_QUEUE_ENABLE=1/0.
[36m(vLLMHttpServer pid=17965)[0m (EngineCore pid=18721) [ERROR] 2026-07-29-13:28:34 (PID:19149, Device:0, RankID:-1) ERR00007 PTA feature not supported', please check the stack trace above for the root cause

[36m(vLLMHttpServer pid=17965)[0m (EngineCore pid=18721) ERROR 07-29 13:28:35 [core.py:1099]   File "/vllm/vllm/v1/executor/multiproc_executor.py", line 397, in collective_rpc
[36m(vLLMHttpServer pid=17965)[0m (EngineCore pid=18721) ERROR 07-29 13:28:35 [core.py:1099]     return aggregate(get_response())
[36m(vLLMHttpServer pid=17965)[0m (EngineCore pid=18721) ERROR 07-29 13:28:35 [core.py:1099]                      ^^^^^^^^^^^^^^
[36m(vLLMHttpServer pid=17965)[0m (EngineCore pid=18721) ERROR 07-29 13:28:35 [core.py:1099]   File "/vllm/vllm/v1/executor/multiproc_executor.py", line 380, in get_response
[36m(vLLMHttpServer pid=17965)[0m (EngineCore pid=18721) ERROR 07-29 13:28:35 [core.py:1099]     raise RuntimeError(
[36m(vLLMHttpServer pid=17965)[0m (EngineCore pid=18721) ERROR 07-29 13:28:35 [core.py:1099] RuntimeError: Worker failed with error 'NPUModelRunner init failed, error is NPUModelRunner failed, error is Do not support TASK_QUEUE_ENABLE = 2 during NPU graph capture, please export TASK_QUEUE_ENABLE=1/0.
[36m(vLLMHttpServer pid=17965)[0m (EngineCore pid=18721) ERROR 07-29 13:28:35 [core.py:1099] [ERROR] 2026-07-29-13:28:34 (PID:19149, Device:0, RankID:-1) ERR00007 PTA feature not supported', please check the stack trace above for the root cause
[36m(vLLMHttpServer pid=17965)[0m (Worker pid=19149) WARNING 07-29 13:28:35 [multiproc_executor.py:866] WorkerProc was terminated
[36m(vLLMHttpServer pid=17965)[0m (EngineCore pid=18721) ERROR 07-29 13:28:45 [multiproc_executor.py:273] Worker proc VllmWorker-0 died unexpectedly, shutting down executor.
Error executing job with overrides: ['trainer.experiment_name=qy_owner_verl_smoke1_v2_npu23', 'trainer.total_training_steps=1', 'trainer.total_epochs=1', 'trainer.save_freq=1', 'trainer.test_freq=-1']
Traceback (most recent call last):
  File "/workspace/verl_official_main_17ea153d95ee_20260729/verl/trainer/main_ppo.py", line 185, in main
    run_ppo(config, task_runner_class=TaskRunnerV1)
  File "/workspace/verl_official_main_17ea153d95ee_20260729/verl/trainer/main_ppo.py", line 94, in run_ppo
    ray.get(runner.run.remote(config))
  File "/usr/local/python3.11.15/lib/python3.11/site-packages/ray/_private/auto_init_hook.py", line 22, in auto_init_wrapper
    return fn(*args, **kwargs)
           ^^^^^^^^^^^^^^^^^^^
  File "/usr/local/python3.11.15/lib/python3.11/site-packages/ray/_private/client_mode_hook.py", line 107, in wrapper
    return func(*args, **kwargs)
           ^^^^^^^^^^^^^^^^^^^^^
  File "/usr/local/python3.11.15/lib/python3.11/site-packages/ray/_private/worker.py", line 2980, in get
    values, debugger_breakpoint = worker.get_objects(
                                  ^^^^^^^^^^^^^^^^^^^
  File "/usr/local/python3.11.15/lib/python3.11/site-packages/ray/_private/worker.py", line 1023, in get_objects
    raise value.as_instanceof_cause()
ray.exceptions.RayTaskError(RuntimeError): [36mray::TaskRunnerV1.run()[39m (pid=13158, ip=10.17.0.41, actor_id=312893316970b95ab518ab3e01000000, repr=<main_ppo.TaskRunnerV1 object at 0xe869a4f60790>)
           ^^^^^^^^^^^^^^^^^^^^^^^^^^^^^^^^^^^^
           ^^^^^^^^^^^^^^^^^^^^^^^^^^^^^^^
  File "/workspace/verl_official_main_17ea153d95ee_20260729/verl/trainer/main_ppo.py", line 154, in run
    self.trainer.init()
  File "/workspace/verl_official_main_17ea153d95ee_20260729/verl/trainer/ppo/v1/trainer_base.py", line 226, in init
    self._setup()
  File "/workspace/verl_official_main_17ea153d95ee_20260729/verl/trainer/ppo/v1/trainer_separate_async.py", line 73, in _setup
    super()._setup()
  File "/workspace/verl_official_main_17ea153d95ee_20260729/verl/trainer/ppo/v1/trainer_base.py", line 351, in _setup
    self.llm_server_manager: LLMServerManager = LLMServerManager.create(
                                                ^^^^^^^^^^^^^^^^^^^^^^^^
  File "/workspace/verl_official_main_17ea153d95ee_20260729/verl/utils/ray_utils.py", line 123, in wrapper
    return asyncio.run(coro)
           ^^^^^^^^^^^^^^^^^
  File "/usr/local/python3.11.15/lib/python3.11/asyncio/runners.py", line 190, in run
    return runner.run(main)
           ^^^^^^^^^^^^^^^^
  File "/usr/local/python3.11.15/lib/python3.11/asyncio/runners.py", line 118, in run
    return self._loop.run_until_complete(task)
           ^^^^^^^^^^^^^^^^^^^^^^^^^^^^^^^^^^^
  File "uvloop/loop.pyx", line 1518, in uvloop.loop.Loop.run_until_complete
  File "/workspace/verl_official_main_17ea153d95ee_20260729/verl/workers/rollout/llm_server.py", line 467, in create
    await instance._initialize_llm_servers()
  File "/workspace/verl_official_main_17ea153d95ee_20260729/verl/workers/rollout/llm_server.py", line 520, in _initialize_llm_servers
    await asyncio.gather(*[server.init_hybrid(self.worker_group) for server in self.rollout_replicas])
  File "/workspace/verl_official_main_17ea153d95ee_20260729/verl/workers/rollout/replica.py", line 141, in init_hybrid
    await self.launch_servers()
  File "/workspace/verl_official_main_17ea153d95ee_20260729/verl/workers/rollout/vllm_rollout/vllm_async_server.py", line 1240, in launch_servers
    await asyncio.gather(
  File "/usr/local/python3.11.15/lib/python3.11/asyncio/tasks.py", line 694, in _wrap_awaitable
    return (yield from awaitable.__await__())
            ^^^^^^^^^^^^^^^^^^^^^^^^^^^^^^^^
ray.exceptions.RayTaskError(RuntimeError): [36mray::vLLMHttpServer.launch_server()[39m (pid=17965, ip=10.17.0.41, actor_id=21ec03113640a59b2582f2e601000000, repr=<verl.workers.rollout.vllm_rollout.vllm_async_server.vLLMHttpServer object at 0xe3929d918590>)
  File "/usr/local/python3.11.15/lib/python3.11/concurrent/futures/_base.py", line 456, in result
    return self.__get_result()
           ^^^^^^^^^^^^^^^^^^^
  File "/usr/local/python3.11.15/lib/python3.11/concurrent/futures/_base.py", line 401, in __get_result
    raise self._exception
           ^^^^^^^^^^^^^^^^^^^^^^^^^^^^^^^^^^^^^
  File "/workspace/verl_official_main_17ea153d95ee_20260729/verl/workers/rollout/vllm_rollout/vllm_async_server.py", line 450, in launch_server
    await self.run_server(server_args)
           ^^^^^^^^^^^^^^^^^^^^^^^^^^^^^^^^^^^^^
  File "/workspace/verl_official_main_17ea153d95ee_20260729/verl/workers/rollout/vllm_rollout/vllm_async_server.py", line 467, in run_server
    engine_client = AsyncLLM.from_vllm_config(vllm_config=vllm_config, usage_context=usage_context, **kwargs)
                    ^^^^^^^^^^^^^^^^^^^^^^^^^^^^^^^^^^^^^^^^^^^^^^^^^^^^^^^^^^^^^^^^^^^^^^^^^^^^^^^^^^^^^^^^^
  File "/vllm/vllm/v1/engine/async_llm.py", line 225, in from_vllm_config
    return cls(
           ^^^^
  File "/vllm/vllm/v1/engine/async_llm.py", line 154, in __init__
    self.engine_core = EngineCoreClient.make_async_mp_client(
                       ^^^^^^^^^^^^^^^^^^^^^^^^^^^^^^^^^^^^^^
  File "/vllm/vllm/tracing/otel.py", line 178, in sync_wrapper
    return func(*args, **kwargs)
           ^^^^^^^^^^^^^^^^^^^^^
  File "/vllm/vllm/v1/engine/core_client.py", line 128, in make_async_mp_client
    return AsyncMPClient(*client_args)
           ^^^^^^^^^^^^^^^^^^^^^^^^^^^
  File "/vllm/vllm/tracing/otel.py", line 178, in sync_wrapper
    return func(*args, **kwargs)
           ^^^^^^^^^^^^^^^^^^^^^
  File "/vllm/vllm/v1/engine/core_client.py", line 924, in __init__
    super().__init__(
  File "/vllm/vllm/v1/engine/core_client.py", line 583, in __init__
    with launch_core_engines(
  File "/usr/local/python3.11.15/lib/python3.11/contextlib.py", line 144, in __exit__
    next(self.gen)
  File "/vllm/vllm/v1/engine/utils.py", line 972, in launch_core_engines
    wait_for_engine_startup(
  File "/vllm/vllm/v1/engine/utils.py", line 1031, in wait_for_engine_startup
    raise RuntimeError(
RuntimeError: Engine core initialization failed. See root cause above. Failed core proc(s): {}

Set the environment variable HYDRA_FULL_ERROR=1 for a complete stack trace.
