2026-07-30 04:25:17,852	INFO worker.py:2015 -- Started a local Ray instance. View the dashboard at [1m[32mhttp://127.0.0.1:8265 [39m[22m
[2026-07-30 04:25:36][INFO:twinkle] nodes: ['fda0cefc']
[2026-07-30 04:25:36][INFO:twinkle] node_ranks: [0]
[2026-07-30 04:25:36][INFO:twinkle] node2pg keys: [0]
[33m(raylet)[0m It looks like you're creating a detached actor in an anonymous namespace. In order to access this actor in the future, you will need to explicitly connect to this namespace with ray.init(namespace="dbd7a977-10e3-48cd-89c5-0af75b48621a", ...)
[36m(MultiLoraTransformersModel pid=159904)[0m Loading weights:   0%|          | 0/398 [00:00<?, ?it/s]
[36m(MultiLoraTransformersModel pid=159904)[0m Loading weights:  54%|█████▍    | 214/398 [00:00<00:00, 2070.67it/s]
[36m(MultiLoraTransformersModel pid=159904)[0m Loading weights: 100%|██████████| 398/398 [00:00<00:00, 2243.20it/s]
[36m(MultiLoraTransformersModel pid=159904)[0m /usr/local/python3.11.15/lib/python3.11/site-packages/peft/tuners/tuners_utils.py:1025: UserWarning: You have passed exclude_modules={'o_a_proj'} but no modules were excluded. Please check that exclude_modules was set correctly.
[36m(MultiLoraTransformersModel pid=159904)[0m   warnings.warn(
[36m(MultiLoraTransformersModel pid=159904)[0m /usr/local/python3.11.15/lib/python3.11/site-packages/_distutils_hack/__init__.py:53: UserWarning: Reliance on distutils from stdlib is deprecated. Users must rely on setuptools to provide the distutils module. Avoid importing distutils or import setuptools first, and avoid setting SETUPTOOLS_USE_DISTUTILS=stdlib. Register concerns at https://github.com/pypa/setuptools/issues/new?template=distutils-deprecation.yml
[36m(MultiLoraTransformersModel pid=159904)[0m   warnings.warn(
[36m(MultiLoraTransformersModel pid=159904)[0m /Megatron-LM/megatron/core/distributed/fsdp/src/megatron_fsdp/utils.py:108: UserWarning: Transformer Engine and Apex are not installed. Falling back to local implementations of multi_tensor_applier and multi_tensor_scale
[36m(MultiLoraTransformersModel pid=159904)[0m   warnings.warn(
[36m(MultiLoraTransformersModel pid=159904)[0m /Megatron-LM/megatron/core/inference/unified_memory.py:83: UserWarning: Failed to create unified memory mempool.
[36m(MultiLoraTransformersModel pid=159904)[0m   warnings.warn("Failed to create unified memory mempool.")
[36m(MultiLoraTransformersModel pid=159904)[0m fused_indices_to_multihot has reached end of life. Please migrate to a non-experimental function.
[36m(MultiLoraTransformersModel pid=159904)[0m /Megatron-LM/megatron/core/models/backends.py:21: UserWarning: Apex is not installed. Falling back to Torch Norm
[36m(MultiLoraTransformersModel pid=159904)[0m   warnings.warn("Apex is not installed. Falling back to Torch Norm")
[36m(MultiLoraTransformersModel( pid=159904)[0m   (model): PeftModel(
[36m(MultiLoraTransformersModel( pid=159904)[0m     (base_model): LoraModel(
[36m(MultiLoraTransformersModel( pid=159904)[0m       (model): Qwen3ForCausalLM(
[36m(MultiLoraTransformersModel( pid=159904)[0m         (model): Qwen3Model(
[36m(MultiLoraTransformersModel( pid=159904)[0m           (embed_tokens): Embedding(151936, 2560)
[36m(MultiLoraTransformersModel( pid=159904)[0m           (layers): ModuleList(
[36m(MultiLoraTransformersModel( pid=159904)[0m             (0-35): 36 x Qwen3DecoderLayer(
[36m(MultiLoraTransformersModel( pid=159904)[0m               (self_attn): Qwen3Attention(
[36m(MultiLoraTransformersModel( pid=159904)[0m                 (q_proj): lora.Linear(
[36m(MultiLoraTransformersModel( pid=159904)[0m                   (base_layer): Linear(in_features=2560, out_features=4096, bias=False)
[36m(MultiLoraTransformersModel( pid=159904)[0m                   (lora_dropout): ModuleDict(
[36m(MultiLoraTransformersModel( pid=159904)[0m                     (lora_0): Identity()
[36m(MultiLoraTransformersModel( pid=159904)[0m                     (lora_1): Identity()
[36m(MultiLoraTransformersModel( pid=159904)[0m                     (lora_2): Identity()
[36m(MultiLoraTransformersModel( pid=159904)[0m                     (lora_3): Identity()
[36m(MultiLoraTransformersModel( pid=159904)[0m                     (lora_4): Identity()
[36m(MultiLoraTransformersModel( pid=159904)[0m                   )
[36m(MultiLoraTransformersModel( pid=159904)[0m                   (lora_A): ModuleDict(
[36m(MultiLoraTransformersModel( pid=159904)[0m                     (lora_0): Linear(in_features=2560, out_features=32, bias=False)
[36m(MultiLoraTransformersModel( pid=159904)[0m                     (lora_1): Linear(in_features=2560, out_features=32, bias=False)
[36m(MultiLoraTransformersModel( pid=159904)[0m                     (lora_2): Linear(in_features=2560, out_features=32, bias=False)
[36m(MultiLoraTransformersModel( pid=159904)[0m                     (lora_3): Linear(in_features=2560, out_features=32, bias=False)
[36m(MultiLoraTransformersModel( pid=159904)[0m                     (lora_4): Linear(in_features=2560, out_features=32, bias=False)
[36m(MultiLoraTransformersModel( pid=159904)[0m                   )
[36m(MultiLoraTransformersModel( pid=159904)[0m                   (lora_B): ModuleDict(
[36m(MultiLoraTransformersModel( pid=159904)[0m                     (lora_0): Linear(in_features=32, out_features=4096, bias=False)
[36m(MultiLoraTransformersModel( pid=159904)[0m                     (lora_1): Linear(in_features=32, out_features=4096, bias=False)
[36m(MultiLoraTransformersModel( pid=159904)[0m                     (lora_2): Linear(in_features=32, out_features=4096, bias=False)
[36m(MultiLoraTransformersModel( pid=159904)[0m                     (lora_3): Linear(in_features=32, out_features=4096, bias=False)
[36m(MultiLoraTransformersModel( pid=159904)[0m                     (lora_4): Linear(in_features=32, out_features=4096, bias=False)
[36m(MultiLoraTransformersModel( pid=159904)[0m                   )
[36m(MultiLoraTransformersModel( pid=159904)[0m                   (lora_embedding_A): ParameterDict()
[36m(MultiLoraTransformersModel( pid=159904)[0m                   (lora_embedding_B): ParameterDict()
[36m(MultiLoraTransformersModel( pid=159904)[0m                   (lora_magnitude_vector): ModuleDict()
[36m(MultiLoraTransformersModel( pid=159904)[0m                 )
[36m(MultiLoraTransformersModel( pid=159904)[0m                 (k_proj): lora.Linear(
[36m(MultiLoraTransformersModel( pid=159904)[0m                   (base_layer): Linear(in_features=2560, out_features=1024, bias=False)
[36m(MultiLoraTransformersModel( pid=159904)[0m                   (lora_dropout): ModuleDict(
[36m(MultiLoraTransformersModel( pid=159904)[0m                     (lora_0): Identity()
[36m(MultiLoraTransformersModel( pid=159904)[0m                     (lora_1): Identity()
[36m(MultiLoraTransformersModel( pid=159904)[0m                     (lora_2): Identity()
[36m(MultiLoraTransformersModel( pid=159904)[0m                     (lora_3): Identity()
[36m(MultiLoraTransformersModel( pid=159904)[0m                     (lora_4): Identity()
[36m(MultiLoraTransformersModel( pid=159904)[0m                   )
[36m(MultiLoraTransformersModel( pid=159904)[0m                   (lora_A): ModuleDict(
[36m(MultiLoraTransformersModel( pid=159904)[0m                     (lora_0): Linear(in_features=2560, out_features=32, bias=False)
[36m(MultiLoraTransformersModel( pid=159904)[0m                     (lora_1): Linear(in_features=2560, out_features=32, bias=False)
[36m(MultiLoraTransformersModel( pid=159904)[0m                     (lora_2): Linear(in_features=2560, out_features=32, bias=False)
[36m(MultiLoraTransformersModel( pid=159904)[0m                     (lora_3): Linear(in_features=2560, out_features=32, bias=False)
[36m(MultiLoraTransformersModel( pid=159904)[0m                     (lora_4): Linear(in_features=2560, out_features=32, bias=False)
[36m(MultiLoraTransformersModel( pid=159904)[0m                   )
[36m(MultiLoraTransformersModel( pid=159904)[0m                   (lora_B): ModuleDict(
[36m(MultiLoraTransformersModel( pid=159904)[0m                     (lora_0): Linear(in_features=32, out_features=1024, bias=False)
[36m(MultiLoraTransformersModel( pid=159904)[0m                     (lora_1): Linear(in_features=32, out_features=1024, bias=False)
[36m(MultiLoraTransformersModel( pid=159904)[0m                     (lora_2): Linear(in_features=32, out_features=1024, bias=False)
[36m(MultiLoraTransformersModel( pid=159904)[0m                     (lora_3): Linear(in_features=32, out_features=1024, bias=False)
[36m(MultiLoraTransformersModel( pid=159904)[0m                     (lora_4): Linear(in_features=32, out_features=1024, bias=False)
[36m(MultiLoraTransformersModel( pid=159904)[0m                   )
[36m(MultiLoraTransformersModel( pid=159904)[0m                   (lora_embedding_A): ParameterDict()
[36m(MultiLoraTransformersModel( pid=159904)[0m                   (lora_embedding_B): ParameterDict()
[36m(MultiLoraTransformersModel( pid=159904)[0m                   (lora_magnitude_vector): ModuleDict()
[36m(MultiLoraTransformersModel( pid=159904)[0m                 )
[36m(MultiLoraTransformersModel( pid=159904)[0m                 (v_proj): lora.Linear(
[36m(MultiLoraTransformersModel( pid=159904)[0m                   (base_layer): Linear(in_features=2560, out_features=1024, bias=False)
[36m(MultiLoraTransformersModel( pid=159904)[0m                   (lora_dropout): ModuleDict(
[36m(MultiLoraTransformersModel( pid=159904)[0m                     (lora_0): Identity()
[36m(MultiLoraTransformersModel( pid=159904)[0m                     (lora_1): Identity()
[36m(MultiLoraTransformersModel( pid=159904)[0m                     (lora_2): Identity()
[36m(MultiLoraTransformersModel( pid=159904)[0m                     (lora_3): Identity()
[36m(MultiLoraTransformersModel( pid=159904)[0m                     (lora_4): Identity()
[36m(MultiLoraTransformersModel( pid=159904)[0m                   )
[36m(MultiLoraTransformersModel( pid=159904)[0m                   (lora_A): ModuleDict(
[36m(MultiLoraTransformersModel( pid=159904)[0m                     (lora_0): Linear(in_features=2560, out_features=32, bias=False)
[36m(MultiLoraTransformersModel( pid=159904)[0m                     (lora_1): Linear(in_features=2560, out_features=32, bias=False)
[36m(MultiLoraTransformersModel( pid=159904)[0m                     (lora_2): Linear(in_features=2560, out_features=32, bias=False)
[36m(MultiLoraTransformersModel( pid=159904)[0m                     (lora_3): Linear(in_features=2560, out_features=32, bias=False)
[36m(MultiLoraTransformersModel( pid=159904)[0m                     (lora_4): Linear(in_features=2560, out_features=32, bias=False)
[36m(MultiLoraTransformersModel( pid=159904)[0m                   )
[36m(MultiLoraTransformersModel( pid=159904)[0m                   (lora_B): ModuleDict(
[36m(MultiLoraTransformersModel( pid=159904)[0m                     (lora_0): Linear(in_features=32, out_features=1024, bias=False)
[36m(MultiLoraTransformersModel( pid=159904)[0m                     (lora_1): Linear(in_features=32, out_features=1024, bias=False)
[36m(MultiLoraTransformersModel( pid=159904)[0m                     (lora_2): Linear(in_features=32, out_features=1024, bias=False)
[36m(MultiLoraTransformersModel( pid=159904)[0m                     (lora_3): Linear(in_features=32, out_features=1024, bias=False)
[36m(MultiLoraTransformersModel( pid=159904)[0m                     (lora_4): Linear(in_features=32, out_features=1024, bias=False)
[36m(MultiLoraTransformersModel( pid=159904)[0m                   )
[36m(MultiLoraTransformersModel( pid=159904)[0m                   (lora_embedding_A): ParameterDict()
[36m(MultiLoraTransformersModel( pid=159904)[0m                   (lora_embedding_B): ParameterDict()
[36m(MultiLoraTransformersModel( pid=159904)[0m                   (lora_magnitude_vector): ModuleDict()
[36m(MultiLoraTransformersModel( pid=159904)[0m                 )
[36m(MultiLoraTransformersModel( pid=159904)[0m                 (o_proj): lora.Linear(
[36m(MultiLoraTransformersModel( pid=159904)[0m                   (base_layer): Linear(in_features=4096, out_features=2560, bias=False)
[36m(MultiLoraTransformersModel( pid=159904)[0m                   (lora_dropout): ModuleDict(
[36m(MultiLoraTransformersModel( pid=159904)[0m                     (lora_0): Identity()
[36m(MultiLoraTransformersModel( pid=159904)[0m                     (lora_1): Identity()
[36m(MultiLoraTransformersModel( pid=159904)[0m                     (lora_2): Identity()
[36m(MultiLoraTransformersModel( pid=159904)[0m                     (lora_3): Identity()
[36m(MultiLoraTransformersModel( pid=159904)[0m                     (lora_4): Identity()
[36m(MultiLoraTransformersModel( pid=159904)[0m                   )
[36m(MultiLoraTransformersModel( pid=159904)[0m                   (lora_A): ModuleDict(
[36m(MultiLoraTransformersModel( pid=159904)[0m                     (lora_0): Linear(in_features=4096, out_features=32, bias=False)
[36m(MultiLoraTransformersModel( pid=159904)[0m                     (lora_1): Linear(in_features=4096, out_features=32, bias=False)
[36m(MultiLoraTransformersModel( pid=159904)[0m                     (lora_2): Linear(in_features=4096, out_features=32, bias=False)
[36m(MultiLoraTransformersModel( pid=159904)[0m                     (lora_3): Linear(in_features=4096, out_features=32, bias=False)
[36m(MultiLoraTransformersModel( pid=159904)[0m                     (lora_4): Linear(in_features=4096, out_features=32, bias=False)
[36m(MultiLoraTransformersModel( pid=159904)[0m                   )
[36m(MultiLoraTransformersModel( pid=159904)[0m                   (lora_B): ModuleDict(
[36m(MultiLoraTransformersModel( pid=159904)[0m                     (lora_0): Linear(in_features=32, out_features=2560, bias=False)
[36m(MultiLoraTransformersModel( pid=159904)[0m                     (lora_1): Linear(in_features=32, out_features=2560, bias=False)
[36m(MultiLoraTransformersModel( pid=159904)[0m                     (lora_2): Linear(in_features=32, out_features=2560, bias=False)
[36m(MultiLoraTransformersModel( pid=159904)[0m                     (lora_3): Linear(in_features=32, out_features=2560, bias=False)
[36m(MultiLoraTransformersModel( pid=159904)[0m                     (lora_4): Linear(in_features=32, out_features=2560, bias=False)
[36m(MultiLoraTransformersModel( pid=159904)[0m                   )
[36m(MultiLoraTransformersModel( pid=159904)[0m                   (lora_embedding_A): ParameterDict()
[36m(MultiLoraTransformersModel( pid=159904)[0m                   (lora_embedding_B): ParameterDict()
[36m(MultiLoraTransformersModel( pid=159904)[0m                   (lora_magnitude_vector): ModuleDict()
[36m(MultiLoraTransformersModel( pid=159904)[0m                 )
[36m(MultiLoraTransformersModel( pid=159904)[0m                 (q_norm): Qwen3RMSNorm((128,), eps=1e-06)
[36m(MultiLoraTransformersModel( pid=159904)[0m                 (k_norm): Qwen3RMSNorm((128,), eps=1e-06)
[36m(MultiLoraTransformersModel( pid=159904)[0m               )
[36m(MultiLoraTransformersModel( pid=159904)[0m               (mlp): Qwen3MLP(
[36m(MultiLoraTransformersModel( pid=159904)[0m                 (gate_proj): lora.Linear(
[36m(MultiLoraTransformersModel( pid=159904)[0m                   (base_layer): Linear(in_features=2560, out_features=9728, bias=False)
[36m(MultiLoraTransformersModel( pid=159904)[0m                   (lora_dropout): ModuleDict(
[36m(MultiLoraTransformersModel( pid=159904)[0m                     (lora_0): Identity()
[36m(MultiLoraTransformersModel( pid=159904)[0m                     (lora_1): Identity()
[36m(MultiLoraTransformersModel( pid=159904)[0m                     (lora_2): Identity()
[36m(MultiLoraTransformersModel( pid=159904)[0m                     (lora_3): Identity()
[36m(MultiLoraTransformersModel( pid=159904)[0m                     (lora_4): Identity()
[36m(MultiLoraTransformersModel( pid=159904)[0m                   )
[36m(MultiLoraTransformersModel( pid=159904)[0m                   (lora_A): ModuleDict(
[36m(MultiLoraTransformersModel( pid=159904)[0m                     (lora_0): Linear(in_features=2560, out_features=32, bias=False)
[36m(MultiLoraTransformersModel( pid=159904)[0m                     (lora_1): Linear(in_features=2560, out_features=32, bias=False)
[36m(MultiLoraTransformersModel( pid=159904)[0m                     (lora_2): Linear(in_features=2560, out_features=32, bias=False)
[36m(MultiLoraTransformersModel( pid=159904)[0m                     (lora_3): Linear(in_features=2560, out_features=32, bias=False)
[36m(MultiLoraTransformersModel( pid=159904)[0m                     (lora_4): Linear(in_features=2560, out_features=32, bias=False)
[36m(MultiLoraTransformersModel( pid=159904)[0m                   )
[36m(MultiLoraTransformersModel( pid=159904)[0m                   (lora_B): ModuleDict(
[36m(MultiLoraTransformersModel( pid=159904)[0m                     (lora_0): Linear(in_features=32, out_features=9728, bias=False)
[36m(MultiLoraTransformersModel( pid=159904)[0m                     (lora_1): Linear(in_features=32, out_features=9728, bias=False)
[36m(MultiLoraTransformersModel( pid=159904)[0m                     (lora_2): Linear(in_features=32, out_features=9728, bias=False)
[36m(MultiLoraTransformersModel( pid=159904)[0m                     (lora_3): Linear(in_features=32, out_features=9728, bias=False)
[36m(MultiLoraTransformersModel( pid=159904)[0m                     (lora_4): Linear(in_features=32, out_features=9728, bias=False)
[36m(MultiLoraTransformersModel( pid=159904)[0m                   )
[36m(MultiLoraTransformersModel( pid=159904)[0m                   (lora_embedding_A): ParameterDict()
[36m(MultiLoraTransformersModel( pid=159904)[0m                   (lora_embedding_B): ParameterDict()
[36m(MultiLoraTransformersModel( pid=159904)[0m                   (lora_magnitude_vector): ModuleDict()
[36m(MultiLoraTransformersModel( pid=159904)[0m                 )
[36m(MultiLoraTransformersModel( pid=159904)[0m                 (up_proj): lora.Linear(
[36m(MultiLoraTransformersModel( pid=159904)[0m                   (base_layer): Linear(in_features=2560, out_features=9728, bias=False)
[36m(MultiLoraTransformersModel( pid=159904)[0m                   (lora_dropout): ModuleDict(
[36m(MultiLoraTransformersModel( pid=159904)[0m                     (lora_0): Identity()
[36m(MultiLoraTransformersModel( pid=159904)[0m                     (lora_1): Identity()
[36m(MultiLoraTransformersModel( pid=159904)[0m                     (lora_2): Identity()
[36m(MultiLoraTransformersModel( pid=159904)[0m                     (lora_3): Identity()
[36m(MultiLoraTransformersModel( pid=159904)[0m                     (lora_4): Identity()
[36m(MultiLoraTransformersModel( pid=159904)[0m                   )
[36m(MultiLoraTransformersModel( pid=159904)[0m                   (lora_A): ModuleDict(
[36m(MultiLoraTransformersModel( pid=159904)[0m                     (lora_0): Linear(in_features=2560, out_features=32, bias=False)
[36m(MultiLoraTransformersModel( pid=159904)[0m                     (lora_1): Linear(in_features=2560, out_features=32, bias=False)
[36m(MultiLoraTransformersModel( pid=159904)[0m                     (lora_2): Linear(in_features=2560, out_features=32, bias=False)
[36m(MultiLoraTransformersModel( pid=159904)[0m                     (lora_3): Linear(in_features=2560, out_features=32, bias=False)
[36m(MultiLoraTransformersModel( pid=159904)[0m                     (lora_4): Linear(in_features=2560, out_features=32, bias=False)
[36m(MultiLoraTransformersModel( pid=159904)[0m                   )
[36m(MultiLoraTransformersModel( pid=159904)[0m                   (lora_B): ModuleDict(
[36m(MultiLoraTransformersModel( pid=159904)[0m                     (lora_0): Linear(in_features=32, out_features=9728, bias=False)
[36m(MultiLoraTransformersModel( pid=159904)[0m                     (lora_1): Linear(in_features=32, out_features=9728, bias=False)
[36m(MultiLoraTransformersModel( pid=159904)[0m                     (lora_2): Linear(in_features=32, out_features=9728, bias=False)
[36m(MultiLoraTransformersModel( pid=159904)[0m                     (lora_3): Linear(in_features=32, out_features=9728, bias=False)
[36m(MultiLoraTransformersModel( pid=159904)[0m                     (lora_4): Linear(in_features=32, out_features=9728, bias=False)
[36m(MultiLoraTransformersModel( pid=159904)[0m                   )
[36m(MultiLoraTransformersModel( pid=159904)[0m                   (lora_embedding_A): ParameterDict()
[36m(MultiLoraTransformersModel( pid=159904)[0m                   (lora_embedding_B): ParameterDict()
[36m(MultiLoraTransformersModel( pid=159904)[0m                   (lora_magnitude_vector): ModuleDict()
[36m(MultiLoraTransformersModel( pid=159904)[0m                 )
[36m(MultiLoraTransformersModel( pid=159904)[0m                 (down_proj): lora.Linear(
[36m(MultiLoraTransformersModel( pid=159904)[0m                   (base_layer): Linear(in_features=9728, out_features=2560, bias=False)
[36m(MultiLoraTransformersModel( pid=159904)[0m                   (lora_dropout): ModuleDict(
[36m(MultiLoraTransformersModel( pid=159904)[0m                     (lora_0): Identity()
[36m(MultiLoraTransformersModel( pid=159904)[0m                     (lora_1): Identity()
[36m(MultiLoraTransformersModel( pid=159904)[0m                     (lora_2): Identity()
[36m(MultiLoraTransformersModel( pid=159904)[0m                     (lora_3): Identity()
[36m(MultiLoraTransformersModel( pid=159904)[0m                     (lora_4): Identity()
[36m(MultiLoraTransformersModel( pid=159904)[0m                   )
[36m(MultiLoraTransformersModel( pid=159904)[0m                   (lora_A): ModuleDict(
[36m(MultiLoraTransformersModel( pid=159904)[0m                     (lora_0): Linear(in_features=9728, out_features=32, bias=False)
[36m(MultiLoraTransformersModel( pid=159904)[0m                     (lora_1): Linear(in_features=9728, out_features=32, bias=False)
[36m(MultiLoraTransformersModel( pid=159904)[0m                     (lora_2): Linear(in_features=9728, out_features=32, bias=False)
[36m(MultiLoraTransformersModel( pid=159904)[0m                     (lora_3): Linear(in_features=9728, out_features=32, bias=False)
[36m(MultiLoraTransformersModel( pid=159904)[0m                     (lora_4): Linear(in_features=9728, out_features=32, bias=False)
[36m(MultiLoraTransformersModel( pid=159904)[0m                   )
[36m(MultiLoraTransformersModel( pid=159904)[0m                   (lora_B): ModuleDict(
[36m(MultiLoraTransformersModel( pid=159904)[0m                     (lora_0): Linear(in_features=32, out_features=2560, bias=False)
[36m(MultiLoraTransformersModel( pid=159904)[0m                     (lora_1): Linear(in_features=32, out_features=2560, bias=False)
[36m(MultiLoraTransformersModel( pid=159904)[0m                     (lora_2): Linear(in_features=32, out_features=2560, bias=False)
[36m(MultiLoraTransformersModel( pid=159904)[0m                     (lora_3): Linear(in_features=32, out_features=2560, bias=False)
[36m(MultiLoraTransformersModel( pid=159904)[0m                     (lora_4): Linear(in_features=32, out_features=2560, bias=False)
[36m(MultiLoraTransformersModel( pid=159904)[0m                   )
[36m(MultiLoraTransformersModel( pid=159904)[0m                   (lora_embedding_A): ParameterDict()
[36m(MultiLoraTransformersModel( pid=159904)[0m                   (lora_embedding_B): ParameterDict()
[36m(MultiLoraTransformersModel( pid=159904)[0m                   (lora_magnitude_vector): ModuleDict()
[36m(MultiLoraTransformersModel( pid=159904)[0m                 )
[36m(MultiLoraTransformersModel( pid=159904)[0m                 (act_fn): SiLUActivation()
[36m(MultiLoraTransformersModel( pid=159904)[0m               )
[36m(MultiLoraTransformersModel( pid=159904)[0m               (input_layernorm): Qwen3RMSNorm((2560,), eps=1e-06)
[36m(MultiLoraTransformersModel( pid=159904)[0m               (post_attention_layernorm): Qwen3RMSNorm((2560,), eps=1e-06)
[36m(MultiLoraTransformersModel( pid=159904)[0m             )
[36m(MultiLoraTransformersModel( pid=159904)[0m           )
[36m(MultiLoraTransformersModel( pid=159904)[0m           (norm): Qwen3RMSNorm((2560,), eps=1e-06)
[36m(MultiLoraTransformersModel( pid=159904)[0m           (rotary_emb): Qwen3RotaryEmbedding()
[36m(MultiLoraTransformersModel( pid=159904)[0m         )
[36m(MultiLoraTransformersModel( pid=159904)[0m         (lm_head): Linear(in_features=2560, out_features=151936, bias=False)
[36m(MultiLoraTransformersModel( pid=159904)[0m       )
[36m(MultiLoraTransformersModel( pid=159904)[0m     )
[36m(MultiLoraTransformersModel( pid=159904)[0m   )
[36m(MultiLoraTransformersModel( pid=159904)[0m )
[36m(MultiLoraTransformersModel( pid=159904)[0m   (model): PeftModel(
[36m(MultiLoraTransformersModel( pid=159904)[0m     (base_model): LoraModel(
[36m(MultiLoraTransformersModel( pid=159904)[0m       (model): Qwen3ForCausalLM(
[36m(MultiLoraTransformersModel( pid=159904)[0m         (model): Qwen3Model(
[36m(MultiLoraTransformersModel( pid=159904)[0m           (embed_tokens): Embedding(151936, 2560)
[36m(MultiLoraTransformersModel( pid=159904)[0m           (layers): ModuleList(
[36m(MultiLoraTransformersModel( pid=159904)[0m             (0-35): 36 x Qwen3DecoderLayer(
[36m(MultiLoraTransformersModel( pid=159904)[0m               (self_attn): Qwen3Attention(
[36m(MultiLoraTransformersModel( pid=159904)[0m                 (q_proj): lora.Linear(
[36m(MultiLoraTransformersModel( pid=159904)[0m                   (base_layer): Linear(in_features=2560, out_features=4096, bias=False)
[36m(MultiLoraTransformersModel( pid=159904)[0m                   (lora_dropout): ModuleDict(
[36m(MultiLoraTransformersModel( pid=159904)[0m                     (lora_0): Identity()
[36m(MultiLoraTransformersModel( pid=159904)[0m                     (lora_1): Identity()
[36m(MultiLoraTransformersModel( pid=159904)[0m                     (lora_2): Identity()
[36m(MultiLoraTransformersModel( pid=159904)[0m                     (lora_3): Identity()
[36m(MultiLoraTransformersModel( pid=159904)[0m                     (lora_4): Identity()
[36m(MultiLoraTransformersModel( pid=159904)[0m                   )
[36m(MultiLoraTransformersModel( pid=159904)[0m                   (lora_A): ModuleDict(
[36m(MultiLoraTransformersModel( pid=159904)[0m                     (lora_0): Linear(in_features=2560, out_features=32, bias=False)
[36m(MultiLoraTransformersModel( pid=159904)[0m                     (lora_1): Linear(in_features=2560, out_features=32, bias=False)
[36m(MultiLoraTransformersModel( pid=159904)[0m                     (lora_2): Linear(in_features=2560, out_features=32, bias=False)
[36m(MultiLoraTransformersModel( pid=159904)[0m                     (lora_3): Linear(in_features=2560, out_features=32, bias=False)
[36m(MultiLoraTransformersModel( pid=159904)[0m                     (lora_4): Linear(in_features=2560, out_features=32, bias=False)
[36m(MultiLoraTransformersModel( pid=159904)[0m                   )
[36m(MultiLoraTransformersModel( pid=159904)[0m                   (lora_B): ModuleDict(
[36m(MultiLoraTransformersModel( pid=159904)[0m                     (lora_0): Linear(in_features=32, out_features=4096, bias=False)
[36m(MultiLoraTransformersModel( pid=159904)[0m                     (lora_1): Linear(in_features=32, out_features=4096, bias=False)
[36m(MultiLoraTransformersModel( pid=159904)[0m                     (lora_2): Linear(in_features=32, out_features=4096, bias=False)
[36m(MultiLoraTransformersModel( pid=159904)[0m                     (lora_3): Linear(in_features=32, out_features=4096, bias=False)
[36m(MultiLoraTransformersModel( pid=159904)[0m                     (lora_4): Linear(in_features=32, out_features=4096, bias=False)
[36m(MultiLoraTransformersModel( pid=159904)[0m                   )
[36m(MultiLoraTransformersModel( pid=159904)[0m                   (lora_embedding_A): ParameterDict()
[36m(MultiLoraTransformersModel( pid=159904)[0m                   (lora_embedding_B): ParameterDict()
[36m(MultiLoraTransformersModel( pid=159904)[0m                   (lora_magnitude_vector): ModuleDict()
[36m(MultiLoraTransformersModel( pid=159904)[0m                 )
[36m(MultiLoraTransformersModel( pid=159904)[0m                 (k_proj): lora.Linear(
[36m(MultiLoraTransformersModel( pid=159904)[0m                   (base_layer): Linear(in_features=2560, out_features=1024, bias=False)
[36m(MultiLoraTransformersModel( pid=159904)[0m                   (lora_dropout): ModuleDict(
[36m(MultiLoraTransformersModel( pid=159904)[0m                     (lora_0): Identity()
[36m(MultiLoraTransformersModel( pid=159904)[0m                     (lora_1): Identity()
[36m(MultiLoraTransformersModel( pid=159904)[0m                     (lora_2): Identity()
[36m(MultiLoraTransformersModel( pid=159904)[0m                     (lora_3): Identity()
[36m(MultiLoraTransformersModel( pid=159904)[0m                     (lora_4): Identity()
[36m(MultiLoraTransformersModel( pid=159904)[0m                   )
[36m(MultiLoraTransformersModel( pid=159904)[0m                   (lora_A): ModuleDict(
[36m(MultiLoraTransformersModel( pid=159904)[0m                     (lora_0): Linear(in_features=2560, out_features=32, bias=False)
[36m(MultiLoraTransformersModel( pid=159904)[0m                     (lora_1): Linear(in_features=2560, out_features=32, bias=False)
[36m(MultiLoraTransformersModel( pid=159904)[0m                     (lora_2): Linear(in_features=2560, out_features=32, bias=False)
[36m(MultiLoraTransformersModel( pid=159904)[0m                     (lora_3): Linear(in_features=2560, out_features=32, bias=False)
[36m(MultiLoraTransformersModel( pid=159904)[0m                     (lora_4): Linear(in_features=2560, out_features=32, bias=False)
[36m(MultiLoraTransformersModel( pid=159904)[0m                   )
[36m(MultiLoraTransformersModel( pid=159904)[0m                   (lora_B): ModuleDict(
[36m(MultiLoraTransformersModel( pid=159904)[0m                     (lora_0): Linear(in_features=32, out_features=1024, bias=False)
[36m(MultiLoraTransformersModel( pid=159904)[0m                     (lora_1): Linear(in_features=32, out_features=1024, bias=False)
[36m(MultiLoraTransformersModel( pid=159904)[0m                     (lora_2): Linear(in_features=32, out_features=1024, bias=False)
[36m(MultiLoraTransformersModel( pid=159904)[0m                     (lora_3): Linear(in_features=32, out_features=1024, bias=False)
[36m(MultiLoraTransformersModel( pid=159904)[0m                     (lora_4): Linear(in_features=32, out_features=1024, bias=False)
[36m(MultiLoraTransformersModel( pid=159904)[0m                   )
[36m(MultiLoraTransformersModel( pid=159904)[0m                   (lora_embedding_A): ParameterDict()
[36m(MultiLoraTransformersModel( pid=159904)[0m                   (lora_embedding_B): ParameterDict()
[36m(MultiLoraTransformersModel( pid=159904)[0m                   (lora_magnitude_vector): ModuleDict()
[36m(MultiLoraTransformersModel( pid=159904)[0m                 )
[36m(MultiLoraTransformersModel( pid=159904)[0m                 (v_proj): lora.Linear(
[36m(MultiLoraTransformersModel( pid=159904)[0m                   (base_layer): Linear(in_features=2560, out_features=1024, bias=False)
[36m(MultiLoraTransformersModel( pid=159904)[0m                   (lora_dropout): ModuleDict(
[36m(MultiLoraTransformersModel( pid=159904)[0m                     (lora_0): Identity()
[36m(MultiLoraTransformersModel( pid=159904)[0m                     (lora_1): Identity()
[36m(MultiLoraTransformersModel( pid=159904)[0m                     (lora_2): Identity()
[36m(MultiLoraTransformersModel( pid=159904)[0m                     (lora_3): Identity()
[36m(MultiLoraTransformersModel( pid=159904)[0m                     (lora_4): Identity()
[36m(MultiLoraTransformersModel( pid=159904)[0m                   )
[36m(MultiLoraTransformersModel( pid=159904)[0m                   (lora_A): ModuleDict(
[36m(MultiLoraTransformersModel( pid=159904)[0m                     (lora_0): Linear(in_features=2560, out_features=32, bias=False)
[36m(MultiLoraTransformersModel( pid=159904)[0m                     (lora_1): Linear(in_features=2560, out_features=32, bias=False)
[36m(MultiLoraTransformersModel( pid=159904)[0m                     (lora_2): Linear(in_features=2560, out_features=32, bias=False)
[36m(MultiLoraTransformersModel( pid=159904)[0m                     (lora_3): Linear(in_features=2560, out_features=32, bias=False)
[36m(MultiLoraTransformersModel( pid=159904)[0m                     (lora_4): Linear(in_features=2560, out_features=32, bias=False)
[36m(MultiLoraTransformersModel( pid=159904)[0m                   )
[36m(MultiLoraTransformersModel( pid=159904)[0m                   (lora_B): ModuleDict(
[36m(MultiLoraTransformersModel( pid=159904)[0m                     (lora_0): Linear(in_features=32, out_features=1024, bias=False)
[36m(MultiLoraTransformersModel( pid=159904)[0m                     (lora_1): Linear(in_features=32, out_features=1024, bias=False)
[36m(MultiLoraTransformersModel( pid=159904)[0m                     (lora_2): Linear(in_features=32, out_features=1024, bias=False)
[36m(MultiLoraTransformersModel( pid=159904)[0m                     (lora_3): Linear(in_features=32, out_features=1024, bias=False)
[36m(MultiLoraTransformersModel( pid=159904)[0m                     (lora_4): Linear(in_features=32, out_features=1024, bias=False)
[36m(MultiLoraTransformersModel( pid=159904)[0m                   )
[36m(MultiLoraTransformersModel( pid=159904)[0m                   (lora_embedding_A): ParameterDict()
[36m(MultiLoraTransformersModel( pid=159904)[0m                   (lora_embedding_B): ParameterDict()
[36m(MultiLoraTransformersModel( pid=159904)[0m                   (lora_magnitude_vector): ModuleDict()
[36m(MultiLoraTransformersModel( pid=159904)[0m                 )
[36m(MultiLoraTransformersModel( pid=159904)[0m                 (o_proj): lora.Linear(
[36m(MultiLoraTransformersModel( pid=159904)[0m                   (base_layer): Linear(in_features=4096, out_features=2560, bias=False)
[36m(MultiLoraTransformersModel( pid=159904)[0m                   (lora_dropout): ModuleDict(
[36m(MultiLoraTransformersModel( pid=159904)[0m                     (lora_0): Identity()
[36m(MultiLoraTransformersModel( pid=159904)[0m                     (lora_1): Identity()
[36m(MultiLoraTransformersModel( pid=159904)[0m                     (lora_2): Identity()
[36m(MultiLoraTransformersModel( pid=159904)[0m                     (lora_3): Identity()
[36m(MultiLoraTransformersModel( pid=159904)[0m                     (lora_4): Identity()
[36m(MultiLoraTransformersModel( pid=159904)[0m                   )
[36m(MultiLoraTransformersModel( pid=159904)[0m                   (lora_A): ModuleDict(
[36m(MultiLoraTransformersModel( pid=159904)[0m                     (lora_0): Linear(in_features=4096, out_features=32, bias=False)
[36m(MultiLoraTransformersModel( pid=159904)[0m                     (lora_1): Linear(in_features=4096, out_features=32, bias=False)
[36m(MultiLoraTransformersModel( pid=159904)[0m                     (lora_2): Linear(in_features=4096, out_features=32, bias=False)
[36m(MultiLoraTransformersModel( pid=159904)[0m                     (lora_3): Linear(in_features=4096, out_features=32, bias=False)
[36m(MultiLoraTransformersModel( pid=159904)[0m                     (lora_4): Linear(in_features=4096, out_features=32, bias=False)
[36m(MultiLoraTransformersModel( pid=159904)[0m                   )
[36m(MultiLoraTransformersModel( pid=159904)[0m                   (lora_B): ModuleDict(
[36m(MultiLoraTransformersModel( pid=159904)[0m                     (lora_0): Linear(in_features=32, out_features=2560, bias=False)
[36m(MultiLoraTransformersModel( pid=159904)[0m                     (lora_1): Linear(in_features=32, out_features=2560, bias=False)
[36m(MultiLoraTransformersModel( pid=159904)[0m                     (lora_2): Linear(in_features=32, out_features=2560, bias=False)
[36m(MultiLoraTransformersModel( pid=159904)[0m                     (lora_3): Linear(in_features=32, out_features=2560, bias=False)
[36m(MultiLoraTransformersModel( pid=159904)[0m                     (lora_4): Linear(in_features=32, out_features=2560, bias=False)
[36m(MultiLoraTransformersModel( pid=159904)[0m                   )
[36m(MultiLoraTransformersModel( pid=159904)[0m                   (lora_embedding_A): ParameterDict()
[36m(MultiLoraTransformersModel( pid=159904)[0m                   (lora_embedding_B): ParameterDict()
[36m(MultiLoraTransformersModel( pid=159904)[0m                   (lora_magnitude_vector): ModuleDict()
[36m(MultiLoraTransformersModel( pid=159904)[0m                 )
[36m(MultiLoraTransformersModel( pid=159904)[0m                 (q_norm): Qwen3RMSNorm((128,), eps=1e-06)
[36m(MultiLoraTransformersModel( pid=159904)[0m                 (k_norm): Qwen3RMSNorm((128,), eps=1e-06)
[36m(MultiLoraTransformersModel( pid=159904)[0m               )
[36m(MultiLoraTransformersModel( pid=159904)[0m               (mlp): Qwen3MLP(
[36m(MultiLoraTransformersModel( pid=159904)[0m                 (gate_proj): lora.Linear(
[36m(MultiLoraTransformersModel( pid=159904)[0m                   (base_layer): Linear(in_features=2560, out_features=9728, bias=False)
[36m(MultiLoraTransformersModel( pid=159904)[0m                   (lora_dropout): ModuleDict(
[36m(MultiLoraTransformersModel( pid=159904)[0m                     (lora_0): Identity()
[36m(MultiLoraTransformersModel( pid=159904)[0m                     (lora_1): Identity()
[36m(MultiLoraTransformersModel( pid=159904)[0m                     (lora_2): Identity()
[36m(MultiLoraTransformersModel( pid=159904)[0m                     (lora_3): Identity()
[36m(MultiLoraTransformersModel( pid=159904)[0m                     (lora_4): Identity()
[36m(MultiLoraTransformersModel( pid=159904)[0m                   )
[36m(MultiLoraTransformersModel( pid=159904)[0m                   (lora_A): ModuleDict(
[36m(MultiLoraTransformersModel( pid=159904)[0m                     (lora_0): Linear(in_features=2560, out_features=32, bias=False)
[36m(MultiLoraTransformersModel( pid=159904)[0m                     (lora_1): Linear(in_features=2560, out_features=32, bias=False)
[36m(MultiLoraTransformersModel( pid=159904)[0m                     (lora_2): Linear(in_features=2560, out_features=32, bias=False)
[36m(MultiLoraTransformersModel( pid=159904)[0m                     (lora_3): Linear(in_features=2560, out_features=32, bias=False)
[36m(MultiLoraTransformersModel( pid=159904)[0m                     (lora_4): Linear(in_features=2560, out_features=32, bias=False)
[36m(MultiLoraTransformersModel( pid=159904)[0m                   )
[36m(MultiLoraTransformersModel( pid=159904)[0m                   (lora_B): ModuleDict(
[36m(MultiLoraTransformersModel( pid=159904)[0m                     (lora_0): Linear(in_features=32, out_features=9728, bias=False)
[36m(MultiLoraTransformersModel( pid=159904)[0m                     (lora_1): Linear(in_features=32, out_features=9728, bias=False)
[36m(MultiLoraTransformersModel( pid=159904)[0m                     (lora_2): Linear(in_features=32, out_features=9728, bias=False)
[36m(MultiLoraTransformersModel( pid=159904)[0m                     (lora_3): Linear(in_features=32, out_features=9728, bias=False)
[36m(MultiLoraTransformersModel( pid=159904)[0m                     (lora_4): Linear(in_features=32, out_features=9728, bias=False)
[36m(MultiLoraTransformersModel( pid=159904)[0m                   )
[36m(MultiLoraTransformersModel( pid=159904)[0m                   (lora_embedding_A): ParameterDict()
[36m(MultiLoraTransformersModel( pid=159904)[0m                   (lora_embedding_B): ParameterDict()
[36m(MultiLoraTransformersModel( pid=159904)[0m                   (lora_magnitude_vector): ModuleDict()
[36m(MultiLoraTransformersModel( pid=159904)[0m                 )
[36m(MultiLoraTransformersModel( pid=159904)[0m                 (up_proj): lora.Linear(
[36m(MultiLoraTransformersModel( pid=159904)[0m                   (base_layer): Linear(in_features=2560, out_features=9728, bias=False)
[36m(MultiLoraTransformersModel( pid=159904)[0m                   (lora_dropout): ModuleDict(
[36m(MultiLoraTransformersModel( pid=159904)[0m                     (lora_0): Identity()
[36m(MultiLoraTransformersModel( pid=159904)[0m                     (lora_1): Identity()
[36m(MultiLoraTransformersModel( pid=159904)[0m                     (lora_2): Identity()
[36m(MultiLoraTransformersModel( pid=159904)[0m                     (lora_3): Identity()
[36m(MultiLoraTransformersModel( pid=159904)[0m                     (lora_4): Identity()
[36m(MultiLoraTransformersModel( pid=159904)[0m                   )
[36m(MultiLoraTransformersModel( pid=159904)[0m                   (lora_A): ModuleDict(
[36m(MultiLoraTransformersModel( pid=159904)[0m                     (lora_0): Linear(in_features=2560, out_features=32, bias=False)
[36m(MultiLoraTransformersModel( pid=159904)[0m                     (lora_1): Linear(in_features=2560, out_features=32, bias=False)
[36m(MultiLoraTransformersModel( pid=159904)[0m                     (lora_2): Linear(in_features=2560, out_features=32, bias=False)
[36m(MultiLoraTransformersModel( pid=159904)[0m                     (lora_3): Linear(in_features=2560, out_features=32, bias=False)
[36m(MultiLoraTransformersModel( pid=159904)[0m                     (lora_4): Linear(in_features=2560, out_features=32, bias=False)
[36m(MultiLoraTransformersModel( pid=159904)[0m                   )
[36m(MultiLoraTransformersModel( pid=159904)[0m                   (lora_B): ModuleDict(
[36m(MultiLoraTransformersModel( pid=159904)[0m                     (lora_0): Linear(in_features=32, out_features=9728, bias=False)
[36m(MultiLoraTransformersModel( pid=159904)[0m                     (lora_1): Linear(in_features=32, out_features=9728, bias=False)
[36m(MultiLoraTransformersModel( pid=159904)[0m                     (lora_2): Linear(in_features=32, out_features=9728, bias=False)
[36m(MultiLoraTransformersModel( pid=159904)[0m                     (lora_3): Linear(in_features=32, out_features=9728, bias=False)
[36m(MultiLoraTransformersModel( pid=159904)[0m                     (lora_4): Linear(in_features=32, out_features=9728, bias=False)
[36m(MultiLoraTransformersModel( pid=159904)[0m                   )
[36m(MultiLoraTransformersModel( pid=159904)[0m                   (lora_embedding_A): ParameterDict()
[36m(MultiLoraTransformersModel( pid=159904)[0m                   (lora_embedding_B): ParameterDict()
[36m(MultiLoraTransformersModel( pid=159904)[0m                   (lora_magnitude_vector): ModuleDict()
[36m(MultiLoraTransformersModel( pid=159904)[0m                 )
[36m(MultiLoraTransformersModel( pid=159904)[0m                 (down_proj): lora.Linear(
[36m(MultiLoraTransformersModel( pid=159904)[0m                   (base_layer): Linear(in_features=9728, out_features=2560, bias=False)
[36m(MultiLoraTransformersModel( pid=159904)[0m                   (lora_dropout): ModuleDict(
[36m(MultiLoraTransformersModel( pid=159904)[0m                     (lora_0): Identity()
[36m(MultiLoraTransformersModel( pid=159904)[0m                     (lora_1): Identity()
[36m(MultiLoraTransformersModel( pid=159904)[0m                     (lora_2): Identity()
[36m(MultiLoraTransformersModel( pid=159904)[0m                     (lora_3): Identity()
[36m(MultiLoraTransformersModel( pid=159904)[0m                     (lora_4): Identity()
[36m(MultiLoraTransformersModel( pid=159904)[0m                   )
[36m(MultiLoraTransformersModel( pid=159904)[0m                   (lora_A): ModuleDict(
[36m(MultiLoraTransformersModel( pid=159904)[0m                     (lora_0): Linear(in_features=9728, out_features=32, bias=False)
[36m(MultiLoraTransformersModel( pid=159904)[0m                     (lora_1): Linear(in_features=9728, out_features=32, bias=False)
[36m(MultiLoraTransformersModel( pid=159904)[0m                     (lora_2): Linear(in_features=9728, out_features=32, bias=False)
[36m(MultiLoraTransformersModel( pid=159904)[0m                     (lora_3): Linear(in_features=9728, out_features=32, bias=False)
[36m(MultiLoraTransformersModel( pid=159904)[0m                     (lora_4): Linear(in_features=9728, out_features=32, bias=False)
[36m(MultiLoraTransformersModel( pid=159904)[0m                   )
[36m(MultiLoraTransformersModel( pid=159904)[0m                   (lora_B): ModuleDict(
[36m(MultiLoraTransformersModel( pid=159904)[0m                     (lora_0): Linear(in_features=32, out_features=2560, bias=False)
[36m(MultiLoraTransformersModel( pid=159904)[0m                     (lora_1): Linear(in_features=32, out_features=2560, bias=False)
[36m(MultiLoraTransformersModel( pid=159904)[0m                     (lora_2): Linear(in_features=32, out_features=2560, bias=False)
[36m(MultiLoraTransformersModel( pid=159904)[0m                     (lora_3): Linear(in_features=32, out_features=2560, bias=False)
[36m(MultiLoraTransformersModel( pid=159904)[0m                     (lora_4): Linear(in_features=32, out_features=2560, bias=False)
[36m(MultiLoraTransformersModel( pid=159904)[0m                   )
[36m(MultiLoraTransformersModel( pid=159904)[0m                   (lora_embedding_A): ParameterDict()
[36m(MultiLoraTransformersModel( pid=159904)[0m                   (lora_embedding_B): ParameterDict()
[36m(MultiLoraTransformersModel( pid=159904)[0m                   (lora_magnitude_vector): ModuleDict()
[36m(MultiLoraTransformersModel( pid=159904)[0m                 )
[36m(MultiLoraTransformersModel( pid=159904)[0m                 (act_fn): SiLUActivation()
[36m(MultiLoraTransformersModel( pid=159904)[0m               )
[36m(MultiLoraTransformersModel( pid=159904)[0m               (input_layernorm): Qwen3RMSNorm((2560,), eps=1e-06)
[36m(MultiLoraTransformersModel( pid=159904)[0m               (post_attention_layernorm): Qwen3RMSNorm((2560,), eps=1e-06)
[36m(MultiLoraTransformersModel( pid=159904)[0m             )
[36m(MultiLoraTransformersModel( pid=159904)[0m           )
[36m(MultiLoraTransformersModel( pid=159904)[0m           (norm): Qwen3RMSNorm((2560,), eps=1e-06)
[36m(MultiLoraTransformersModel( pid=159904)[0m           (rotary_emb): Qwen3RotaryEmbedding()
[36m(MultiLoraTransformersModel( pid=159904)[0m         )
[36m(MultiLoraTransformersModel( pid=159904)[0m         (lm_head): Linear(in_features=2560, out_features=151936, bias=False)
[36m(MultiLoraTransformersModel( pid=159904)[0m       )
[36m(MultiLoraTransformersModel( pid=159904)[0m     )
[36m(MultiLoraTransformersModel( pid=159904)[0m   )
[36m(MultiLoraTransformersModel( pid=159904)[0m )
[36m(MultiLoraTransformersModel( pid=159904)[0m [transformers] return_assistant_tokens_mask==True but chat template does not contain `{% generation %}` keyword.
[36m(MultiLoraTransformersModel( pid=159904)[0m [2026-07-30 04:26:32][INFO:twinkle] Lora count: 5, available lora: 4
[36m(VLLMSamplerTQ pid=160665)[0m INFO 07-30 04:26:54 [__init__.py:44] Available plugins for group vllm.platform_plugins:
[36m(VLLMSamplerTQ pid=160665)[0m INFO 07-30 04:26:54 [__init__.py:46] - ascend -> vllm_ascend:register
[36m(VLLMSamplerTQ pid=160665)[0m INFO 07-30 04:26:54 [__init__.py:49] All plugins in this group will be loaded. Set `VLLM_PLUGINS` to control which plugins to load.
[36m(VLLMSamplerTQ pid=160665)[0m INFO 07-30 04:26:54 [__init__.py:239] Platform plugin ascend is activated
[36m(VLLMSamplerTQ pid=160665)[0m Modular Diffusers is currently an experimental feature under active development. The API is subject to breaking changes in future releases.
[36m(VLLMSamplerTQ pid=160665)[0m [transformers] `Siglip2ImageProcessorFast` is deprecated. The `Fast` suffix for image processors has been removed; use `Siglip2ImageProcessor` instead.
[36m(VLLMSamplerTQ pid=160665)[0m /usr/local/python3.11.15/lib/python3.11/site-packages/_distutils_hack/__init__.py:53: UserWarning: Reliance on distutils from stdlib is deprecated. Users must rely on setuptools to provide the distutils module. Avoid importing distutils or import setuptools first, and avoid setting SETUPTOOLS_USE_DISTUTILS=stdlib. Register concerns at https://github.com/pypa/setuptools/issues/new?template=distutils-deprecation.yml
[36m(VLLMSamplerTQ pid=160665)[0m   warnings.warn(
[36m(VLLMSamplerTQ pid=160665)[0m INFO 07-30 04:27:01 [__init__.py:110] Registered model loader `<class 'vllm_ascend.model_loader.netloader.netloader.ModelNetLoaderElastic'>` with load format `netloader`
[36m(VLLMSamplerTQ pid=160665)[0m INFO 07-30 04:27:01 [__init__.py:110] Registered model loader `<class 'vllm_ascend.model_loader.rfork.rfork_loader.RForkModelLoader'>` with load format `rfork`
[36m(VLLMSamplerTQ pid=160665)[0m WARNING 07-30 04:27:02 [envs.py:1717] Unknown vLLM environment variable detected: VLLM_USE_V1
[36m(VLLMSamplerTQ pid=160665)[0m INFO 07-30 04:27:02 [model.py:533] Resolved architecture: Qwen3ForCausalLM
[36m(VLLMSamplerTQ pid=160665)[0m INFO 07-30 04:27:02 [model.py:1582] Using max model len 2048
[36m(VLLMSamplerTQ pid=160665)[0m INFO 07-30 04:27:02 [arg_utils.py:1569] Using ray runtime env (env vars redacted): {'env_vars': {'ASCEND_AICPU_PATH': '***', 'ASCEND_HOME_PATH': '***', 'ASCEND_OPP_PATH': '***', 'ASCEND_RT_VISIBLE_DEVICES': '***', 'ASCEND_TOOLKIT_HOME': '***', 'ASCEND_TOOLKIT_LATEST_HOME': '***', 'ATB_COMPARE_TILING_EVERY_KERNEL': '***', 'ATB_HOME_PATH': '***', 'ATB_MATMUL_SHUFFLE_K_ENABLE': '***', 'ATB_OPSRUNNER_KERNEL_CACHE_GLOABL_COUNT': '***', 'ATB_OPSRUNNER_KERNEL_CACHE_LOCAL_COUNT': '***', 'ATB_SHARE_MEMORY_NAME_SUFFIX': '***', 'ATB_STREAM_SYNC_EVERY_KERNEL_ENABLE': '***', 'ATB_STREAM_SYNC_EVERY_OPERATION_ENABLE': '***', 'ATB_STREAM_SYNC_EVERY_RUNNER_ENABLE': '***', 'ATB_WORKSPACE_MEM_ALLOC_ALG_TYPE': '***', 'CANN_VERSION': '***', 'CLUSTER_NAME': '***', 'CMAKE_PREFIX_PATH': '***', 'GSM8K_TEST_DATASET_ID': '***', 'GSM8K_TRAIN_DATASET_ID': '***', 'HCCL_CONNECT_TIMEOUT': '***', 'HCCL_HOST_SOCKET_PORT_RANGE': '***', 'HCCL_NPU_SOCKET_PORT_RANGE': '***', 'HOME': '***', 'HOSTNAME': '***', 'KMP_DUPLICATE_LIB_OK': '***', 'KMP_INIT_AT_FORK': '***', 'LCCL_DETERMINISTIC': '***', 'LCCL_PARALLEL': '***', 'LC_CTYPE': '***', 'LD_LIBRARY_PATH': '***', 'LMDEPLOY_USE_MODELSCOPE': '***', 'LOCAL_RANK': '***', 'LS_COLORS': '***', 'MASTER_ADDR': '***', 'MASTER_PORT': '***', 'MEGATRON_LM_PATH': '***', 'MODELSCOPE_CACHE': '***', 'MODEL_ID': '***', 'NEW_CFG': '***', 'NEW_EXP': '***', 'NEW_OUT': '***', 'NEW_RUNNER': '***', 'OLDPWD': '***', 'OLD_EXP': '***', 'OLD_RUNNER': '***', 'OWNER': '***', 'PATH': '***', 'PIP_DEFAULT_TIMEOUT': '***', 'PIP_DISABLE_PIP_VERSION_CHECK': '***', 'PIP_RETRIES': '***', 'PWD': '***', 'PYTHONBREAKPOINT': '***', 'PYTHONPATH': '***', 'PYTORCH_NVML_BASED_CUDA_CHECK': '***', 'RANK': '***', 'RAY_CLIENT_MODE': '***', 'RAY_DEDUP_LOGS': '***', 'RAY_EXPERIMENTAL_NOSET_ASCEND_RT_VISIBLE_DEVICES': '***', 'RAY_EXPERIMENTAL_NOSET_CUDA_VISIBLE_DEVICES': '***', 'RAY_EXPERIMENTAL_NOSET_HABANA_VISIBLE_MODULES': '***', 'RAY_EXPERIMENTAL_NOSET_HIP_VISIBLE_DEVICES': '***', 'RAY_EXPERIMENTAL_NOSET_NEURON_RT_VISIBLE_CORES': '***', 'RAY_EXPERIMENTAL_NOSET_ONEAPI_DEVICE_SELECTOR': '***', 'RAY_EXPERIMENTAL_NOSET_ROCR_VISIBLE_DEVICES': '***', 'RAY_EXPERIMENTAL_NOSET_TPU_VISIBLE_CHIPS': '***', 'RAY_USAGE_STATS_ENABLED': '***', 'SETUPTOOLS_USE_DISTUTILS': '***', 'SHLVL': '***', 'SOC_VERSION': '***', 'TASK_QUEUE_ENABLE': '***', 'TERM': '***', 'TOOLCHAIN_HOME': '***', 'TORCHINDUCTOR_COMPILE_THREADS': '***', 'TORCH_DEVICE_BACKEND_AUTOLOAD': '***', 'TWINKLE_FULL_DETERMINISM': '***', 'TWINKLE_MODE': '***', 'TWINKLE_SEED': '***', 'TWINKLE_SESSION_ID': '***', 'VLLM_USE_MODELSCOPE': '***', 'WORKER_NAME': '***', 'WORLD_SIZE': '***', '_': '***'}}
[36m(VLLMSamplerTQ pid=160665)[0m INFO 07-30 04:27:02 [scheduler.py:231] Chunked prefill is enabled with max_num_batched_tokens=2048.
[36m(VLLMSamplerTQ pid=160665)[0m INFO 07-30 04:27:02 [vllm.py:754] Asynchronous scheduling is enabled.
[36m(VLLMSamplerTQ pid=160665)[0m WARNING 07-30 04:27:02 [platform.py:783] Parameter '--disable-cascade-attn' is a GPU-specific feature. Resetting to False for Ascend.
[36m(VLLMSamplerTQ pid=160665)[0m WARNING 07-30 04:27:02 [platform.py:872] Ignored parameter 'disable_flashinfer_prefill'. This is a GPU-specific feature not supported on Ascend. Resetting to False.
[36m(VLLMSamplerTQ pid=160665)[0m INFO 07-30 04:27:02 [ascend_config.py:426] Dynamic EPLB is False
[36m(VLLMSamplerTQ pid=160665)[0m INFO 07-30 04:27:02 [ascend_config.py:427] The number of redundant experts is 0
[36m(VLLMSamplerTQ pid=160665)[0m INFO 07-30 04:27:02 [platform.py:370] PIECEWISE compilation enabled on NPU. use_inductor not supported - using only ACL Graph mode
[36m(VLLMSamplerTQ pid=160665)[0m INFO 07-30 04:27:02 [utils.py:549] Calculated maximum supported batch sizes for ACL graph: 48
[36m(VLLMSamplerTQ pid=160665)[0m WARNING 07-30 04:27:02 [utils.py:550] Currently, communication is performed using FFTS+ method, which reduces the number of available streams and, as a result, limits the range of runtime shapes that can be handled. To both improve communication performance and increase the number of supported shapes, set HCCL_OP_EXPANSION_MODE=AIV.
[36m(VLLMSamplerTQ pid=160665)[0m INFO 07-30 04:27:02 [utils.py:582] No adjustment needed for ACL graph batch sizes: Qwen3ForCausalLM model (layers: 36) with 11 sizes
[36m(VLLMSamplerTQ pid=160665)[0m INFO 07-30 04:27:02 [utils.py:1188] Block size is set to 128 if prefix cache or chunked prefill is enabled.
[36m(VLLMSamplerTQ pid=160665)[0m INFO 07-30 04:27:02 [platform.py:536] Set PYTORCH_NPU_ALLOC_CONF=expandable_segments:True
[36m(VLLMSamplerTQ pid=160665)[0m INFO 07-30 04:27:02 [compilation.py:289] Enabled custom fusions: norm_quant, act_quant
[36m(VLLMSamplerTQ pid=160665)[0m Modular Diffusers is currently an experimental feature under active development. The API is subject to breaking changes in future releases.
[36m(VLLMSamplerTQ pid=160665)[0m [transformers] `Siglip2ImageProcessorFast` is deprecated. The `Fast` suffix for image processors has been removed; use `Siglip2ImageProcessor` instead.
[36m(VLLMSamplerTQ pid=160665)[0m INFO 07-30 04:27:23 [__init__.py:44] Available plugins for group vllm.platform_plugins:
[36m(VLLMSamplerTQ pid=160665)[0m INFO 07-30 04:27:23 [__init__.py:46] - ascend -> vllm_ascend:register
[36m(VLLMSamplerTQ pid=160665)[0m INFO 07-30 04:27:23 [__init__.py:49] All plugins in this group will be loaded. Set `VLLM_PLUGINS` to control which plugins to load.
[36m(VLLMSamplerTQ pid=160665)[0m INFO 07-30 04:27:23 [__init__.py:239] Platform plugin ascend is activated
[36m(VLLMSamplerTQ pid=160665)[0m /usr/local/python3.11.15/lib/python3.11/site-packages/_distutils_hack/__init__.py:53: UserWarning: Reliance on distutils from stdlib is deprecated. Users must rely on setuptools to provide the distutils module. Avoid importing distutils or import setuptools first, and avoid setting SETUPTOOLS_USE_DISTUTILS=stdlib. Register concerns at https://github.com/pypa/setuptools/issues/new?template=distutils-deprecation.yml
[36m(VLLMSamplerTQ pid=160665)[0m   warnings.warn(
[36m(VLLMSamplerTQ pid=160665)[0m (EngineCore pid=161080) INFO 07-30 04:27:26 [__init__.py:110] Registered model loader `<class 'vllm_ascend.model_loader.netloader.netloader.ModelNetLoaderElastic'>` with load format `netloader`
[36m(VLLMSamplerTQ pid=160665)[0m (EngineCore pid=161080) INFO 07-30 04:27:26 [__init__.py:110] Registered model loader `<class 'vllm_ascend.model_loader.rfork.rfork_loader.RForkModelLoader'>` with load format `rfork`
[36m(VLLMSamplerTQ pid=160665)[0m (EngineCore pid=161080) INFO 07-30 04:27:26 [core.py:103] Initializing a V1 LLM engine (v0.18.0) with config: model='/mnt/lv_model/npu60005420a/models/Qwen3-4B', speculative_config=None, tokenizer='/mnt/lv_model/npu60005420a/models/Qwen3-4B', skip_tokenizer_init=False, tokenizer_mode=auto, revision=None, tokenizer_revision=None, trust_remote_code=True, dtype=torch.bfloat16, max_seq_len=2048, download_dir=None, load_format=auto, tensor_parallel_size=1, pipeline_parallel_size=1, data_parallel_size=1, decode_context_parallel_size=1, dcp_comm_backend=ag_rs, disable_custom_all_reduce=True, quantization=None, enforce_eager=False, enable_return_routed_experts=False, kv_cache_dtype=auto, device_config=npu, structured_outputs_config=StructuredOutputsConfig(backend='auto', disable_any_whitespace=False, disable_additional_properties=False, reasoning_parser='', reasoning_parser_plugin='', enable_in_reasoning=False), observability_config=ObservabilityConfig(show_hidden_metrics_for_version=None, otlp_traces_endpoint=None, collect_detailed_traces=None, kv_cache_metrics=False, kv_cache_metrics_sample=0.01, cudagraph_metrics=False, enable_layerwise_nvtx_tracing=False, enable_mfu_metrics=False, enable_mm_processor_stats=False, enable_logging_iteration_details=False), seed=1, served_model_name=/mnt/lv_model/npu60005420a/models/Qwen3-4B, enable_prefix_caching=True, enable_chunked_prefill=True, pooler_config=None, compilation_config={'mode': <CompilationMode.VLLM_COMPILE: 3>, 'debug_dump_path': None, 'cache_dir': '', 'compile_cache_save_format': 'binary', 'backend': 'vllm_ascend.compilation.compiler_interface.AscendCompiler', 'custom_ops': ['all'], 'splitting_ops': ['vllm::unified_attention', 'vllm::unified_attention_with_output', 'vllm::unified_mla_attention', 'vllm::unified_mla_attention_with_output', 'vllm::mamba_mixer2', 'vllm::mamba_mixer', 'vllm::short_conv', 'vllm::linear_attention', 'vllm::plamo2_mamba_mixer', 'vllm::gdn_attention_core', 'vllm::olmo_hybrid_gdn_full_forward', 'vllm::kda_attention', 'vllm::sparse_attn_indexer', 'vllm::rocm_aiter_sparse_attn_indexer', 'vllm::unified_kv_cache_update', 'vllm::unified_mla_kv_cache_update', 'vllm::mla_forward'], 'compile_mm_encoder': False, 'compile_sizes': [], 'compile_ranges_endpoints': [2048], 'inductor_compile_config': {'enable_auto_functionalized_v2': False, 'combo_kernels': True, 'benchmark_combo_kernel': True}, 'inductor_passes': {}, 'cudagraph_mode': <CUDAGraphMode.PIECEWISE: 1>, 'cudagraph_num_of_warmups': 1, 'cudagraph_capture_sizes': [1, 2, 4, 8, 16, 24, 32, 40, 48, 56, 64], 'cudagraph_copy_inputs': False, 'cudagraph_specialize_lora': True, 'use_inductor_graph_partition': False, 'pass_config': {'fuse_norm_quant': True, 'fuse_act_quant': True, 'fuse_attn_quant': False, 'enable_sp': False, 'fuse_gemm_comms': False, 'fuse_allreduce_rms': False}, 'max_cudagraph_capture_size': 64, 'dynamic_shapes_config': {'type': <DynamicShapesType.BACKED: 'backed'>, 'evaluate_guards': False, 'assume_32_bit_indexing': False}, 'local_cache_dir': None, 'fast_moe_cold_start': True, 'static_all_moe_layers': []}
[36m(VLLMSamplerTQ pid=160665)[0m (EngineCore pid=161080) [transformers] `Qwen2VLImageProcessorFast` is deprecated. The `Fast` suffix for image processors has been removed; use `Qwen2VLImageProcessor` instead.
[36m(VLLMSamplerTQ pid=160665)[0m (EngineCore pid=161080) INFO 07-30 04:27:30 [worker_base.py:269] Injected <class 'twinkle.sampler.vllm_sampler.vllm_worker_extension.TwinkleWorkerExtension'> into <class 'vllm_ascend.worker.worker.NPUWorker'> for extended collective_rpc calls ['_convert_peft_to_vllm_lora_name', '_get_zmq_handle', '_load_weights', 'get_state_keys', 'load_synced_weights', 'monkey_patch_model', 'update_weights_from_ipc']
[36m(VLLMSamplerTQ pid=160665)[0m (EngineCore pid=161080) INFO 07-30 04:27:30 [ascend_config.py:426] Dynamic EPLB is False
[36m(VLLMSamplerTQ pid=160665)[0m (EngineCore pid=161080) INFO 07-30 04:27:30 [ascend_config.py:427] The number of redundant experts is 0
[36m(VLLMSamplerTQ pid=160665)[0m (EngineCore pid=161080) INFO 07-30 04:27:32 [parallel_state.py:1395] world_size=1 rank=0 local_rank=0 distributed_init_method=tcp://10.17.0.41:40467 backend=hccl
[36m(VLLMSamplerTQ pid=160665)[0m [Gloo] Rank 0 is connected to 0 peer ranks. Expected number of connected peer ranks is : 0
[36m(VLLMSamplerTQ pid=160665)[0m [Gloo] Rank 0 is connected to 0 peer ranks. Expected number of connected peer ranks is : 0
[36m(VLLMSamplerTQ pid=160665)[0m [Gloo] Rank 0 is connected to 0 peer ranks. Expected number of connected peer ranks is : 0
[36m(VLLMSamplerTQ pid=160665)[0m [Gloo] Rank 0 is connected to 0 peer ranks. Expected number of connected peer ranks is : 0
[36m(VLLMSamplerTQ pid=160665)[0m [Gloo] Rank 0 is connected to 0 peer ranks. Expected number of connected peer ranks is : 0
[36m(VLLMSamplerTQ pid=160665)[0m [Gloo] Rank 0 is connected to 0 peer ranks. Expected number of connected peer ranks is : 0
[36m(VLLMSamplerTQ pid=160665)[0m (EngineCore pid=161080) INFO 07-30 04:27:32 [parallel_state.py:1717] rank 0 in world size 1 is assigned as DP rank 0, PP rank 0, PCP rank 0, TP rank 0, EP rank N/A, EPLB rank N/A
[36m(VLLMSamplerTQ pid=160665)[0m [Gloo] Rank 0 is connected to 0 peer ranks. Expected number of connected peer ranks is : 0
[36m(VLLMSamplerTQ pid=160665)[0m (EngineCore pid=161080) INFO 07-30 04:27:34 [cpu_binding.py:329] [cpu_bind_mode] mode=topo_affinity rank=0 visible_npus=[3]
[36m(VLLMSamplerTQ pid=160665)[0m (EngineCore pid=161080) INFO 07-30 04:27:34 [cpu_binding.py:376] The CPU allocation plan is as follows:
[36m(VLLMSamplerTQ pid=160665)[0m (EngineCore pid=161080) INFO 07-30 04:27:34 [cpu_binding.py:381] NPU3: main=[98 99 100 101 102 103 104 105 106 107 108 109 110 111 112 113 114 115 116 117 118 119 120 121 122 123 124 125 126 127 128 129 130 131 132 133 134 135 136 137 138 139 140 141]  acl=[142]  release=[[143]]
[36m(VLLMSamplerTQ pid=160665)[0m (EngineCore pid=161080) INFO 07-30 04:27:35 [cpu_binding.py:392] The 'migratepages' command is not available, skipping memory binding.
[36m(VLLMSamplerTQ pid=160665)[0m (EngineCore pid=161080) INFO 07-30 04:27:35 [cpu_binding.py:497] NPU3(PCI 0000:82:00.0): sq_send_trigger_irq IRQ_ID=2892 -> CPU96, cq_update_irq IRQ_ID=2893 -> CPU97
[36m(VLLMSamplerTQ pid=160665)[0m (EngineCore pid=161080) INFO 07-30 04:27:36 [model_runner_v1.py:2589] Starting to load model /mnt/lv_model/npu60005420a/models/Qwen3-4B...
[36m(VLLMSamplerTQ pid=160665)[0m (EngineCore pid=161080) INFO 07-30 04:27:38 [compilation.py:942] Using OOT custom backend for compilation.
[36m(VLLMSamplerTQ pid=160665)[0m (EngineCore pid=161080) Loading safetensors checkpoint shards:   0% Completed | 0/3 [00:00<?, ?it/s]
[36m(VLLMSamplerTQ pid=160665)[0m (EngineCore pid=161080) INFO 07-30 04:27:38 [compilation.py:942] Using OOT custom backend for compilation.
[36m(VLLMSamplerTQ pid=160665)[0m (EngineCore pid=161080) Loading safetensors checkpoint shards:  33% Completed | 1/3 [00:01<00:03,  1.82s/it]
[36m(VLLMSamplerTQ pid=160665)[0m (EngineCore pid=161080) Loading safetensors checkpoint shards:  67% Completed | 2/3 [00:07<00:04,  4.32s/it]
[36m(VLLMSamplerTQ pid=160665)[0m (EngineCore pid=161080) Loading safetensors checkpoint shards: 100% Completed | 3/3 [00:08<00:00,  2.49s/it]
[36m(VLLMSamplerTQ pid=160665)[0m (EngineCore pid=161080) Loading safetensors checkpoint shards: 100% Completed | 3/3 [00:08<00:00,  2.74s/it]
[36m(VLLMSamplerTQ pid=160665)[0m (EngineCore pid=161080) 
[36m(VLLMSamplerTQ pid=160665)[0m (EngineCore pid=161080) INFO 07-30 04:27:46 [default_loader.py:384] Loading weights took 8.23 seconds
[36m(VLLMSamplerTQ pid=160665)[0m (EngineCore pid=161080) INFO 07-30 04:27:46 [punica_selector.py:20] Using PunicaWrapperNPU.
[36m(VLLMSamplerTQ pid=160665)[0m (EngineCore pid=161080) INFO 07-30 04:27:49 [model_runner_v1.py:2616] Loading model weights took 7.5976 GB
[36m(VLLMSamplerTQ pid=160665)[0m (EngineCore pid=161080) INFO 07-30 04:28:16 [backends.py:988] Using cache directory: /root/.cache/vllm/torch_compile_cache/d0273bea55/rank_0_0/backbone for vLLM's torch.compile
[36m(VLLMSamplerTQ pid=160665)[0m (EngineCore pid=161080) INFO 07-30 04:28:16 [backends.py:1048] Dynamo bytecode transform time: 26.46 s
[36m(VLLMSamplerTQ pid=160665)[0m (EngineCore pid=161080) /usr/local/python3.11.15/lib/python3.11/site-packages/torch_npu/dynamo/torchair/configs/compiler_config.py:105: UserWarning: The following torchair config or properties may not take effect or report error in reduce-overhead mode: config.experimental_config.enable_view_optimize:True, set_dim_gears, dynamo_export, scope, npu_print
[36m(VLLMSamplerTQ pid=160665)[0m (EngineCore pid=161080)   warnings.warn(
[36m(VLLMSamplerTQ pid=160665)[0m (EngineCore pid=161080) /usr/local/python3.11.15/lib/python3.11/site-packages/torch_npu/dynamo/torchair/configs/compiler_config.py:112: DeprecationWarning: The "reduce-overhead" mode configuration will be deprecated. Please use the "npugraph_ex" backend.
[36m(VLLMSamplerTQ pid=160665)[0m (EngineCore pid=161080)   warnings.warn("The \"reduce-overhead\" mode configuration will be deprecated. "
[36m(VLLMSamplerTQ pid=160665)[0m (EngineCore pid=161080) INFO 07-30 04:28:20 [compiler_interface.py:162] enable_npugraph_ex is enabled, which will bring graph compilation optimization.
[36m(VLLMSamplerTQ pid=160665)[0m (EngineCore pid=161080) /usr/local/python3.11.15/lib/python3.11/site-packages/torch_npu/dynamo/torchair/configs/compiler_config.py:105: UserWarning: The following torchair config or properties may not take effect or report error in reduce-overhead mode: config.experimental_config.enable_view_optimize:True, set_dim_gears, dynamo_export, scope, npu_print
[36m(VLLMSamplerTQ pid=160665)[0m (EngineCore pid=161080)   warnings.warn(
[36m(VLLMSamplerTQ pid=160665)[0m (EngineCore pid=161080) /usr/local/python3.11.15/lib/python3.11/site-packages/torch_npu/dynamo/torchair/configs/compiler_config.py:112: DeprecationWarning: The "reduce-overhead" mode configuration will be deprecated. Please use the "npugraph_ex" backend.
[36m(VLLMSamplerTQ pid=160665)[0m (EngineCore pid=161080)   warnings.warn("The \"reduce-overhead\" mode configuration will be deprecated. "
[36m(VLLMSamplerTQ pid=160665)[0m (EngineCore pid=161080) INFO 07-30 04:28:22 [compiler_interface.py:162] enable_npugraph_ex is enabled, which will bring graph compilation optimization.
[36m(VLLMSamplerTQ pid=160665)[0m (EngineCore pid=161080) /usr/local/python3.11.15/lib/python3.11/site-packages/torch_npu/dynamo/torchair/configs/compiler_config.py:105: UserWarning: The following torchair config or properties may not take effect or report error in reduce-overhead mode: config.experimental_config.enable_view_optimize:True, set_dim_gears, dynamo_export, scope, npu_print
[36m(VLLMSamplerTQ pid=160665)[0m (EngineCore pid=161080)   warnings.warn(
[36m(VLLMSamplerTQ pid=160665)[0m (EngineCore pid=161080) /usr/local/python3.11.15/lib/python3.11/site-packages/torch_npu/dynamo/torchair/configs/compiler_config.py:112: DeprecationWarning: The "reduce-overhead" mode configuration will be deprecated. Please use the "npugraph_ex" backend.
[36m(VLLMSamplerTQ pid=160665)[0m (EngineCore pid=161080)   warnings.warn("The \"reduce-overhead\" mode configuration will be deprecated. "
[36m(VLLMSamplerTQ pid=160665)[0m (EngineCore pid=161080) INFO 07-30 04:28:26 [compiler_interface.py:162] enable_npugraph_ex is enabled, which will bring graph compilation optimization.
[36m(VLLMSamplerTQ pid=160665)[0m (EngineCore pid=161080) /usr/local/python3.11.15/lib/python3.11/site-packages/torch_npu/dynamo/torchair/configs/compiler_config.py:105: UserWarning: The following torchair config or properties may not take effect or report error in reduce-overhead mode: config.experimental_config.enable_view_optimize:True, set_dim_gears, dynamo_export, scope, npu_print
[36m(VLLMSamplerTQ pid=160665)[0m (EngineCore pid=161080)   warnings.warn(
[36m(VLLMSamplerTQ pid=160665)[0m (EngineCore pid=161080) /usr/local/python3.11.15/lib/python3.11/site-packages/torch_npu/dynamo/torchair/configs/compiler_config.py:112: DeprecationWarning: The "reduce-overhead" mode configuration will be deprecated. Please use the "npugraph_ex" backend.
[36m(VLLMSamplerTQ pid=160665)[0m (EngineCore pid=161080)   warnings.warn("The \"reduce-overhead\" mode configuration will be deprecated. "
[36m(VLLMSamplerTQ pid=160665)[0m (EngineCore pid=161080) INFO 07-30 04:28:29 [compiler_interface.py:162] enable_npugraph_ex is enabled, which will bring graph compilation optimization.
[36m(VLLMSamplerTQ pid=160665)[0m (EngineCore pid=161080) /usr/local/python3.11.15/lib/python3.11/site-packages/torch_npu/dynamo/torchair/configs/compiler_config.py:105: UserWarning: The following torchair config or properties may not take effect or report error in reduce-overhead mode: config.experimental_config.enable_view_optimize:True, set_dim_gears, dynamo_export, scope, npu_print
[36m(VLLMSamplerTQ pid=160665)[0m (EngineCore pid=161080)   warnings.warn(
[36m(VLLMSamplerTQ pid=160665)[0m (EngineCore pid=161080) /usr/local/python3.11.15/lib/python3.11/site-packages/torch_npu/dynamo/torchair/configs/compiler_config.py:112: DeprecationWarning: The "reduce-overhead" mode configuration will be deprecated. Please use the "npugraph_ex" backend.
[36m(VLLMSamplerTQ pid=160665)[0m (EngineCore pid=161080)   warnings.warn("The \"reduce-overhead\" mode configuration will be deprecated. "
[36m(VLLMSamplerTQ pid=160665)[0m (EngineCore pid=161080) INFO 07-30 04:28:33 [compiler_interface.py:162] enable_npugraph_ex is enabled, which will bring graph compilation optimization.
[36m(VLLMSamplerTQ pid=160665)[0m (EngineCore pid=161080) /usr/local/python3.11.15/lib/python3.11/site-packages/torch_npu/dynamo/torchair/configs/compiler_config.py:105: UserWarning: The following torchair config or properties may not take effect or report error in reduce-overhead mode: config.experimental_config.enable_view_optimize:True, set_dim_gears, dynamo_export, scope, npu_print
[36m(VLLMSamplerTQ pid=160665)[0m (EngineCore pid=161080)   warnings.warn(
[36m(VLLMSamplerTQ pid=160665)[0m (EngineCore pid=161080) /usr/local/python3.11.15/lib/python3.11/site-packages/torch_npu/dynamo/torchair/configs/compiler_config.py:112: DeprecationWarning: The "reduce-overhead" mode configuration will be deprecated. Please use the "npugraph_ex" backend.
[36m(VLLMSamplerTQ pid=160665)[0m (EngineCore pid=161080)   warnings.warn("The \"reduce-overhead\" mode configuration will be deprecated. "
[36m(VLLMSamplerTQ pid=160665)[0m (EngineCore pid=161080) INFO 07-30 04:28:36 [compiler_interface.py:162] enable_npugraph_ex is enabled, which will bring graph compilation optimization.
[36m(VLLMSamplerTQ pid=160665)[0m (EngineCore pid=161080) /usr/local/python3.11.15/lib/python3.11/site-packages/torch_npu/dynamo/torchair/configs/compiler_config.py:105: UserWarning: The following torchair config or properties may not take effect or report error in reduce-overhead mode: config.experimental_config.enable_view_optimize:True, set_dim_gears, dynamo_export, scope, npu_print
[36m(VLLMSamplerTQ pid=160665)[0m (EngineCore pid=161080)   warnings.warn(
[36m(VLLMSamplerTQ pid=160665)[0m (EngineCore pid=161080) /usr/local/python3.11.15/lib/python3.11/site-packages/torch_npu/dynamo/torchair/configs/compiler_config.py:112: DeprecationWarning: The "reduce-overhead" mode configuration will be deprecated. Please use the "npugraph_ex" backend.
[36m(VLLMSamplerTQ pid=160665)[0m (EngineCore pid=161080)   warnings.warn("The \"reduce-overhead\" mode configuration will be deprecated. "
[36m(VLLMSamplerTQ pid=160665)[0m (EngineCore pid=161080) INFO 07-30 04:28:40 [compiler_interface.py:162] enable_npugraph_ex is enabled, which will bring graph compilation optimization.
[36m(VLLMSamplerTQ pid=160665)[0m (EngineCore pid=161080) /usr/local/python3.11.15/lib/python3.11/site-packages/torch_npu/dynamo/torchair/configs/compiler_config.py:105: UserWarning: The following torchair config or properties may not take effect or report error in reduce-overhead mode: config.experimental_config.enable_view_optimize:True, set_dim_gears, dynamo_export, scope, npu_print
[36m(VLLMSamplerTQ pid=160665)[0m (EngineCore pid=161080)   warnings.warn(
[36m(VLLMSamplerTQ pid=160665)[0m (EngineCore pid=161080) /usr/local/python3.11.15/lib/python3.11/site-packages/torch_npu/dynamo/torchair/configs/compiler_config.py:112: DeprecationWarning: The "reduce-overhead" mode configuration will be deprecated. Please use the "npugraph_ex" backend.
[36m(VLLMSamplerTQ pid=160665)[0m (EngineCore pid=161080)   warnings.warn("The \"reduce-overhead\" mode configuration will be deprecated. "
[36m(VLLMSamplerTQ pid=160665)[0m (EngineCore pid=161080) INFO 07-30 04:28:43 [compiler_interface.py:162] enable_npugraph_ex is enabled, which will bring graph compilation optimization.
[36m(VLLMSamplerTQ pid=160665)[0m (EngineCore pid=161080) /usr/local/python3.11.15/lib/python3.11/site-packages/torch_npu/dynamo/torchair/configs/compiler_config.py:105: UserWarning: The following torchair config or properties may not take effect or report error in reduce-overhead mode: config.experimental_config.enable_view_optimize:True, set_dim_gears, dynamo_export, scope, npu_print
[36m(VLLMSamplerTQ pid=160665)[0m (EngineCore pid=161080)   warnings.warn(
[36m(VLLMSamplerTQ pid=160665)[0m (EngineCore pid=161080) /usr/local/python3.11.15/lib/python3.11/site-packages/torch_npu/dynamo/torchair/configs/compiler_config.py:112: DeprecationWarning: The "reduce-overhead" mode configuration will be deprecated. Please use the "npugraph_ex" backend.
[36m(VLLMSamplerTQ pid=160665)[0m (EngineCore pid=161080)   warnings.warn("The \"reduce-overhead\" mode configuration will be deprecated. "
[36m(VLLMSamplerTQ pid=160665)[0m (EngineCore pid=161080) INFO 07-30 04:28:47 [compiler_interface.py:162] enable_npugraph_ex is enabled, which will bring graph compilation optimization.
[36m(VLLMSamplerTQ pid=160665)[0m (EngineCore pid=161080) /usr/local/python3.11.15/lib/python3.11/site-packages/torch_npu/dynamo/torchair/configs/compiler_config.py:105: UserWarning: The following torchair config or properties may not take effect or report error in reduce-overhead mode: config.experimental_config.enable_view_optimize:True, set_dim_gears, dynamo_export, scope, npu_print
[36m(VLLMSamplerTQ pid=160665)[0m (EngineCore pid=161080)   warnings.warn(
[36m(VLLMSamplerTQ pid=160665)[0m (EngineCore pid=161080) /usr/local/python3.11.15/lib/python3.11/site-packages/torch_npu/dynamo/torchair/configs/compiler_config.py:112: DeprecationWarning: The "reduce-overhead" mode configuration will be deprecated. Please use the "npugraph_ex" backend.
[36m(VLLMSamplerTQ pid=160665)[0m (EngineCore pid=161080)   warnings.warn("The \"reduce-overhead\" mode configuration will be deprecated. "
[36m(VLLMSamplerTQ pid=160665)[0m (EngineCore pid=161080) INFO 07-30 04:28:50 [compiler_interface.py:162] enable_npugraph_ex is enabled, which will bring graph compilation optimization.
[36m(VLLMSamplerTQ pid=160665)[0m (EngineCore pid=161080) INFO 07-30 04:28:54 [compiler_interface.py:162] enable_npugraph_ex is enabled, which will bring graph compilation optimization.
[36m(VLLMSamplerTQ pid=160665)[0m (EngineCore pid=161080) /usr/local/python3.11.15/lib/python3.11/site-packages/torch_npu/dynamo/torchair/configs/compiler_config.py:105: UserWarning: The following torchair config or properties may not take effect or report error in reduce-overhead mode: config.experimental_config.enable_view_optimize:True, set_dim_gears, dynamo_export, scope, npu_print
[36m(VLLMSamplerTQ pid=160665)[0m (EngineCore pid=161080)   warnings.warn(
[36m(VLLMSamplerTQ pid=160665)[0m (EngineCore pid=161080) /usr/local/python3.11.15/lib/python3.11/site-packages/torch_npu/dynamo/torchair/configs/compiler_config.py:112: DeprecationWarning: The "reduce-overhead" mode configuration will be deprecated. Please use the "npugraph_ex" backend.
[36m(VLLMSamplerTQ pid=160665)[0m (EngineCore pid=161080)   warnings.warn("The \"reduce-overhead\" mode configuration will be deprecated. "
[36m(VLLMSamplerTQ pid=160665)[0m (EngineCore pid=161080) /usr/local/python3.11.15/lib/python3.11/site-packages/torch_npu/dynamo/torchair/configs/compiler_config.py:105: UserWarning: The following torchair config or properties may not take effect or report error in reduce-overhead mode: config.experimental_config.enable_view_optimize:True, set_dim_gears, dynamo_export, scope, npu_print
[36m(VLLMSamplerTQ pid=160665)[0m (EngineCore pid=161080)   warnings.warn(
[36m(VLLMSamplerTQ pid=160665)[0m (EngineCore pid=161080) /usr/local/python3.11.15/lib/python3.11/site-packages/torch_npu/dynamo/torchair/configs/compiler_config.py:112: DeprecationWarning: The "reduce-overhead" mode configuration will be deprecated. Please use the "npugraph_ex" backend.
[36m(VLLMSamplerTQ pid=160665)[0m (EngineCore pid=161080)   warnings.warn("The \"reduce-overhead\" mode configuration will be deprecated. "
[36m(VLLMSamplerTQ pid=160665)[0m (EngineCore pid=161080) INFO 07-30 04:28:57 [compiler_interface.py:162] enable_npugraph_ex is enabled, which will bring graph compilation optimization.
[36m(VLLMSamplerTQ pid=160665)[0m (EngineCore pid=161080) /usr/local/python3.11.15/lib/python3.11/site-packages/torch_npu/dynamo/torchair/configs/compiler_config.py:105: UserWarning: The following torchair config or properties may not take effect or report error in reduce-overhead mode: config.experimental_config.enable_view_optimize:True, set_dim_gears, dynamo_export, scope, npu_print
[36m(VLLMSamplerTQ pid=160665)[0m (EngineCore pid=161080)   warnings.warn(
[36m(VLLMSamplerTQ pid=160665)[0m (EngineCore pid=161080) /usr/local/python3.11.15/lib/python3.11/site-packages/torch_npu/dynamo/torchair/configs/compiler_config.py:112: DeprecationWarning: The "reduce-overhead" mode configuration will be deprecated. Please use the "npugraph_ex" backend.
[36m(VLLMSamplerTQ pid=160665)[0m (EngineCore pid=161080)   warnings.warn("The \"reduce-overhead\" mode configuration will be deprecated. "
[36m(VLLMSamplerTQ pid=160665)[0m (EngineCore pid=161080) INFO 07-30 04:29:01 [compiler_interface.py:162] enable_npugraph_ex is enabled, which will bring graph compilation optimization.
[36m(VLLMSamplerTQ pid=160665)[0m (EngineCore pid=161080) /usr/local/python3.11.15/lib/python3.11/site-packages/torch_npu/dynamo/torchair/configs/compiler_config.py:105: UserWarning: The following torchair config or properties may not take effect or report error in reduce-overhead mode: config.experimental_config.enable_view_optimize:True, set_dim_gears, dynamo_export, scope, npu_print
[36m(VLLMSamplerTQ pid=160665)[0m (EngineCore pid=161080)   warnings.warn(
[36m(VLLMSamplerTQ pid=160665)[0m (EngineCore pid=161080) /usr/local/python3.11.15/lib/python3.11/site-packages/torch_npu/dynamo/torchair/configs/compiler_config.py:112: DeprecationWarning: The "reduce-overhead" mode configuration will be deprecated. Please use the "npugraph_ex" backend.
[36m(VLLMSamplerTQ pid=160665)[0m (EngineCore pid=161080)   warnings.warn("The \"reduce-overhead\" mode configuration will be deprecated. "
[36m(VLLMSamplerTQ pid=160665)[0m (EngineCore pid=161080) INFO 07-30 04:29:04 [compiler_interface.py:162] enable_npugraph_ex is enabled, which will bring graph compilation optimization.
[36m(VLLMSamplerTQ pid=160665)[0m (EngineCore pid=161080) /usr/local/python3.11.15/lib/python3.11/site-packages/torch_npu/dynamo/torchair/configs/compiler_config.py:105: UserWarning: The following torchair config or properties may not take effect or report error in reduce-overhead mode: config.experimental_config.enable_view_optimize:True, set_dim_gears, dynamo_export, scope, npu_print
[36m(VLLMSamplerTQ pid=160665)[0m (EngineCore pid=161080)   warnings.warn(
[36m(VLLMSamplerTQ pid=160665)[0m (EngineCore pid=161080) /usr/local/python3.11.15/lib/python3.11/site-packages/torch_npu/dynamo/torchair/configs/compiler_config.py:112: DeprecationWarning: The "reduce-overhead" mode configuration will be deprecated. Please use the "npugraph_ex" backend.
[36m(VLLMSamplerTQ pid=160665)[0m (EngineCore pid=161080)   warnings.warn("The \"reduce-overhead\" mode configuration will be deprecated. "
[36m(VLLMSamplerTQ pid=160665)[0m (EngineCore pid=161080) INFO 07-30 04:29:09 [compiler_interface.py:162] enable_npugraph_ex is enabled, which will bring graph compilation optimization.
[36m(VLLMSamplerTQ pid=160665)[0m (EngineCore pid=161080) /usr/local/python3.11.15/lib/python3.11/site-packages/torch_npu/dynamo/torchair/configs/compiler_config.py:105: UserWarning: The following torchair config or properties may not take effect or report error in reduce-overhead mode: config.experimental_config.enable_view_optimize:True, set_dim_gears, dynamo_export, scope, npu_print
[36m(VLLMSamplerTQ pid=160665)[0m (EngineCore pid=161080)   warnings.warn(
[36m(VLLMSamplerTQ pid=160665)[0m (EngineCore pid=161080) /usr/local/python3.11.15/lib/python3.11/site-packages/torch_npu/dynamo/torchair/configs/compiler_config.py:112: DeprecationWarning: The "reduce-overhead" mode configuration will be deprecated. Please use the "npugraph_ex" backend.
[36m(VLLMSamplerTQ pid=160665)[0m (EngineCore pid=161080)   warnings.warn("The \"reduce-overhead\" mode configuration will be deprecated. "
[36m(VLLMSamplerTQ pid=160665)[0m (EngineCore pid=161080) INFO 07-30 04:29:13 [compiler_interface.py:162] enable_npugraph_ex is enabled, which will bring graph compilation optimization.
[36m(VLLMSamplerTQ pid=160665)[0m (EngineCore pid=161080) /usr/local/python3.11.15/lib/python3.11/site-packages/torch_npu/dynamo/torchair/configs/compiler_config.py:105: UserWarning: The following torchair config or properties may not take effect or report error in reduce-overhead mode: config.experimental_config.enable_view_optimize:True, set_dim_gears, dynamo_export, scope, npu_print
[36m(VLLMSamplerTQ pid=160665)[0m (EngineCore pid=161080)   warnings.warn(
[36m(VLLMSamplerTQ pid=160665)[0m (EngineCore pid=161080) /usr/local/python3.11.15/lib/python3.11/site-packages/torch_npu/dynamo/torchair/configs/compiler_config.py:112: DeprecationWarning: The "reduce-overhead" mode configuration will be deprecated. Please use the "npugraph_ex" backend.
[36m(VLLMSamplerTQ pid=160665)[0m (EngineCore pid=161080)   warnings.warn("The \"reduce-overhead\" mode configuration will be deprecated. "
[36m(VLLMSamplerTQ pid=160665)[0m (EngineCore pid=161080) INFO 07-30 04:29:16 [compiler_interface.py:162] enable_npugraph_ex is enabled, which will bring graph compilation optimization.
[36m(VLLMSamplerTQ pid=160665)[0m (EngineCore pid=161080) /usr/local/python3.11.15/lib/python3.11/site-packages/torch_npu/dynamo/torchair/configs/compiler_config.py:105: UserWarning: The following torchair config or properties may not take effect or report error in reduce-overhead mode: config.experimental_config.enable_view_optimize:True, set_dim_gears, dynamo_export, scope, npu_print
[36m(VLLMSamplerTQ pid=160665)[0m (EngineCore pid=161080)   warnings.warn(
[36m(VLLMSamplerTQ pid=160665)[0m (EngineCore pid=161080) /usr/local/python3.11.15/lib/python3.11/site-packages/torch_npu/dynamo/torchair/configs/compiler_config.py:112: DeprecationWarning: The "reduce-overhead" mode configuration will be deprecated. Please use the "npugraph_ex" backend.
[36m(VLLMSamplerTQ pid=160665)[0m (EngineCore pid=161080)   warnings.warn("The \"reduce-overhead\" mode configuration will be deprecated. "
[36m(VLLMSamplerTQ pid=160665)[0m (EngineCore pid=161080) INFO 07-30 04:29:20 [compiler_interface.py:162] enable_npugraph_ex is enabled, which will bring graph compilation optimization.
[36m(VLLMSamplerTQ pid=160665)[0m (EngineCore pid=161080) /usr/local/python3.11.15/lib/python3.11/site-packages/torch_npu/dynamo/torchair/configs/compiler_config.py:105: UserWarning: The following torchair config or properties may not take effect or report error in reduce-overhead mode: config.experimental_config.enable_view_optimize:True, set_dim_gears, dynamo_export, scope, npu_print
[36m(VLLMSamplerTQ pid=160665)[0m (EngineCore pid=161080)   warnings.warn(
[36m(VLLMSamplerTQ pid=160665)[0m (EngineCore pid=161080) /usr/local/python3.11.15/lib/python3.11/site-packages/torch_npu/dynamo/torchair/configs/compiler_config.py:112: DeprecationWarning: The "reduce-overhead" mode configuration will be deprecated. Please use the "npugraph_ex" backend.
[36m(VLLMSamplerTQ pid=160665)[0m (EngineCore pid=161080)   warnings.warn("The \"reduce-overhead\" mode configuration will be deprecated. "
[36m(VLLMSamplerTQ pid=160665)[0m (EngineCore pid=161080) INFO 07-30 04:29:23 [compiler_interface.py:162] enable_npugraph_ex is enabled, which will bring graph compilation optimization.
[36m(VLLMSamplerTQ pid=160665)[0m (EngineCore pid=161080) /usr/local/python3.11.15/lib/python3.11/site-packages/torch_npu/dynamo/torchair/configs/compiler_config.py:105: UserWarning: The following torchair config or properties may not take effect or report error in reduce-overhead mode: config.experimental_config.enable_view_optimize:True, set_dim_gears, dynamo_export, scope, npu_print
[36m(VLLMSamplerTQ pid=160665)[0m (EngineCore pid=161080)   warnings.warn(
[36m(VLLMSamplerTQ pid=160665)[0m (EngineCore pid=161080) /usr/local/python3.11.15/lib/python3.11/site-packages/torch_npu/dynamo/torchair/configs/compiler_config.py:112: DeprecationWarning: The "reduce-overhead" mode configuration will be deprecated. Please use the "npugraph_ex" backend.
[36m(VLLMSamplerTQ pid=160665)[0m (EngineCore pid=161080)   warnings.warn("The \"reduce-overhead\" mode configuration will be deprecated. "
[36m(VLLMSamplerTQ pid=160665)[0m (EngineCore pid=161080) INFO 07-30 04:29:27 [compiler_interface.py:162] enable_npugraph_ex is enabled, which will bring graph compilation optimization.
[36m(VLLMSamplerTQ pid=160665)[0m (EngineCore pid=161080) /usr/local/python3.11.15/lib/python3.11/site-packages/torch_npu/dynamo/torchair/configs/compiler_config.py:105: UserWarning: The following torchair config or properties may not take effect or report error in reduce-overhead mode: config.experimental_config.enable_view_optimize:True, set_dim_gears, dynamo_export, scope, npu_print
[36m(VLLMSamplerTQ pid=160665)[0m (EngineCore pid=161080)   warnings.warn(
[36m(VLLMSamplerTQ pid=160665)[0m (EngineCore pid=161080) /usr/local/python3.11.15/lib/python3.11/site-packages/torch_npu/dynamo/torchair/configs/compiler_config.py:112: DeprecationWarning: The "reduce-overhead" mode configuration will be deprecated. Please use the "npugraph_ex" backend.
[36m(VLLMSamplerTQ pid=160665)[0m (EngineCore pid=161080)   warnings.warn("The \"reduce-overhead\" mode configuration will be deprecated. "
[36m(VLLMSamplerTQ pid=160665)[0m (EngineCore pid=161080) INFO 07-30 04:29:30 [compiler_interface.py:162] enable_npugraph_ex is enabled, which will bring graph compilation optimization.
[36m(VLLMSamplerTQ pid=160665)[0m (EngineCore pid=161080) /usr/local/python3.11.15/lib/python3.11/site-packages/torch_npu/dynamo/torchair/configs/compiler_config.py:105: UserWarning: The following torchair config or properties may not take effect or report error in reduce-overhead mode: config.experimental_config.enable_view_optimize:True, set_dim_gears, dynamo_export, scope, npu_print
[36m(VLLMSamplerTQ pid=160665)[0m (EngineCore pid=161080)   warnings.warn(
[36m(VLLMSamplerTQ pid=160665)[0m (EngineCore pid=161080) /usr/local/python3.11.15/lib/python3.11/site-packages/torch_npu/dynamo/torchair/configs/compiler_config.py:112: DeprecationWarning: The "reduce-overhead" mode configuration will be deprecated. Please use the "npugraph_ex" backend.
[36m(VLLMSamplerTQ pid=160665)[0m (EngineCore pid=161080)   warnings.warn("The \"reduce-overhead\" mode configuration will be deprecated. "
[36m(VLLMSamplerTQ pid=160665)[0m (EngineCore pid=161080) INFO 07-30 04:29:34 [compiler_interface.py:162] enable_npugraph_ex is enabled, which will bring graph compilation optimization.
[36m(VLLMSamplerTQ pid=160665)[0m (EngineCore pid=161080) /usr/local/python3.11.15/lib/python3.11/site-packages/torch_npu/dynamo/torchair/configs/compiler_config.py:105: UserWarning: The following torchair config or properties may not take effect or report error in reduce-overhead mode: config.experimental_config.enable_view_optimize:True, set_dim_gears, dynamo_export, scope, npu_print
[36m(VLLMSamplerTQ pid=160665)[0m (EngineCore pid=161080)   warnings.warn(
[36m(VLLMSamplerTQ pid=160665)[0m (EngineCore pid=161080) /usr/local/python3.11.15/lib/python3.11/site-packages/torch_npu/dynamo/torchair/configs/compiler_config.py:112: DeprecationWarning: The "reduce-overhead" mode configuration will be deprecated. Please use the "npugraph_ex" backend.
[36m(VLLMSamplerTQ pid=160665)[0m (EngineCore pid=161080)   warnings.warn("The \"reduce-overhead\" mode configuration will be deprecated. "
[36m(VLLMSamplerTQ pid=160665)[0m (EngineCore pid=161080) INFO 07-30 04:29:37 [compiler_interface.py:162] enable_npugraph_ex is enabled, which will bring graph compilation optimization.
[36m(VLLMSamplerTQ pid=160665)[0m (EngineCore pid=161080) /usr/local/python3.11.15/lib/python3.11/site-packages/torch_npu/dynamo/torchair/configs/compiler_config.py:105: UserWarning: The following torchair config or properties may not take effect or report error in reduce-overhead mode: config.experimental_config.enable_view_optimize:True, set_dim_gears, dynamo_export, scope, npu_print
[36m(VLLMSamplerTQ pid=160665)[0m (EngineCore pid=161080)   warnings.warn(
[36m(VLLMSamplerTQ pid=160665)[0m (EngineCore pid=161080) /usr/local/python3.11.15/lib/python3.11/site-packages/torch_npu/dynamo/torchair/configs/compiler_config.py:112: DeprecationWarning: The "reduce-overhead" mode configuration will be deprecated. Please use the "npugraph_ex" backend.
[36m(VLLMSamplerTQ pid=160665)[0m (EngineCore pid=161080)   warnings.warn("The \"reduce-overhead\" mode configuration will be deprecated. "
[36m(VLLMSamplerTQ pid=160665)[0m (EngineCore pid=161080) INFO 07-30 04:29:41 [compiler_interface.py:162] enable_npugraph_ex is enabled, which will bring graph compilation optimization.
[36m(VLLMSamplerTQ pid=160665)[0m (EngineCore pid=161080) /usr/local/python3.11.15/lib/python3.11/site-packages/torch_npu/dynamo/torchair/configs/compiler_config.py:105: UserWarning: The following torchair config or properties may not take effect or report error in reduce-overhead mode: config.experimental_config.enable_view_optimize:True, set_dim_gears, dynamo_export, scope, npu_print
[36m(VLLMSamplerTQ pid=160665)[0m (EngineCore pid=161080)   warnings.warn(
[36m(VLLMSamplerTQ pid=160665)[0m (EngineCore pid=161080) /usr/local/python3.11.15/lib/python3.11/site-packages/torch_npu/dynamo/torchair/configs/compiler_config.py:112: DeprecationWarning: The "reduce-overhead" mode configuration will be deprecated. Please use the "npugraph_ex" backend.
[36m(VLLMSamplerTQ pid=160665)[0m (EngineCore pid=161080)   warnings.warn("The \"reduce-overhead\" mode configuration will be deprecated. "
[36m(VLLMSamplerTQ pid=160665)[0m (EngineCore pid=161080) INFO 07-30 04:29:44 [compiler_interface.py:162] enable_npugraph_ex is enabled, which will bring graph compilation optimization.
[36m(VLLMSamplerTQ pid=160665)[0m (EngineCore pid=161080) /usr/local/python3.11.15/lib/python3.11/site-packages/torch_npu/dynamo/torchair/configs/compiler_config.py:105: UserWarning: The following torchair config or properties may not take effect or report error in reduce-overhead mode: config.experimental_config.enable_view_optimize:True, set_dim_gears, dynamo_export, scope, npu_print
[36m(VLLMSamplerTQ pid=160665)[0m (EngineCore pid=161080)   warnings.warn(
[36m(VLLMSamplerTQ pid=160665)[0m (EngineCore pid=161080) /usr/local/python3.11.15/lib/python3.11/site-packages/torch_npu/dynamo/torchair/configs/compiler_config.py:112: DeprecationWarning: The "reduce-overhead" mode configuration will be deprecated. Please use the "npugraph_ex" backend.
[36m(VLLMSamplerTQ pid=160665)[0m (EngineCore pid=161080)   warnings.warn("The \"reduce-overhead\" mode configuration will be deprecated. "
[36m(VLLMSamplerTQ pid=160665)[0m (EngineCore pid=161080) INFO 07-30 04:29:48 [compiler_interface.py:162] enable_npugraph_ex is enabled, which will bring graph compilation optimization.
[36m(VLLMSamplerTQ pid=160665)[0m (EngineCore pid=161080) /usr/local/python3.11.15/lib/python3.11/site-packages/torch_npu/dynamo/torchair/configs/compiler_config.py:105: UserWarning: The following torchair config or properties may not take effect or report error in reduce-overhead mode: config.experimental_config.enable_view_optimize:True, set_dim_gears, dynamo_export, scope, npu_print
[36m(VLLMSamplerTQ pid=160665)[0m (EngineCore pid=161080)   warnings.warn(
[36m(VLLMSamplerTQ pid=160665)[0m (EngineCore pid=161080) /usr/local/python3.11.15/lib/python3.11/site-packages/torch_npu/dynamo/torchair/configs/compiler_config.py:112: DeprecationWarning: The "reduce-overhead" mode configuration will be deprecated. Please use the "npugraph_ex" backend.
[36m(VLLMSamplerTQ pid=160665)[0m (EngineCore pid=161080)   warnings.warn("The \"reduce-overhead\" mode configuration will be deprecated. "
[36m(VLLMSamplerTQ pid=160665)[0m (EngineCore pid=161080) INFO 07-30 04:29:51 [compiler_interface.py:162] enable_npugraph_ex is enabled, which will bring graph compilation optimization.
[36m(VLLMSamplerTQ pid=160665)[0m (EngineCore pid=161080) /usr/local/python3.11.15/lib/python3.11/site-packages/torch_npu/dynamo/torchair/configs/compiler_config.py:105: UserWarning: The following torchair config or properties may not take effect or report error in reduce-overhead mode: config.experimental_config.enable_view_optimize:True, set_dim_gears, dynamo_export, scope, npu_print
[36m(VLLMSamplerTQ pid=160665)[0m (EngineCore pid=161080)   warnings.warn(
[36m(VLLMSamplerTQ pid=160665)[0m (EngineCore pid=161080) /usr/local/python3.11.15/lib/python3.11/site-packages/torch_npu/dynamo/torchair/configs/compiler_config.py:112: DeprecationWarning: The "reduce-overhead" mode configuration will be deprecated. Please use the "npugraph_ex" backend.
[36m(VLLMSamplerTQ pid=160665)[0m (EngineCore pid=161080)   warnings.warn("The \"reduce-overhead\" mode configuration will be deprecated. "
[36m(VLLMSamplerTQ pid=160665)[0m (EngineCore pid=161080) INFO 07-30 04:29:55 [compiler_interface.py:162] enable_npugraph_ex is enabled, which will bring graph compilation optimization.
[36m(VLLMSamplerTQ pid=160665)[0m (EngineCore pid=161080) INFO 07-30 04:29:58 [compiler_interface.py:162] enable_npugraph_ex is enabled, which will bring graph compilation optimization.
[36m(VLLMSamplerTQ pid=160665)[0m (EngineCore pid=161080) /usr/local/python3.11.15/lib/python3.11/site-packages/torch_npu/dynamo/torchair/configs/compiler_config.py:105: UserWarning: The following torchair config or properties may not take effect or report error in reduce-overhead mode: config.experimental_config.enable_view_optimize:True, set_dim_gears, dynamo_export, scope, npu_print
[36m(VLLMSamplerTQ pid=160665)[0m (EngineCore pid=161080)   warnings.warn(
[36m(VLLMSamplerTQ pid=160665)[0m (EngineCore pid=161080) /usr/local/python3.11.15/lib/python3.11/site-packages/torch_npu/dynamo/torchair/configs/compiler_config.py:112: DeprecationWarning: The "reduce-overhead" mode configuration will be deprecated. Please use the "npugraph_ex" backend.
[36m(VLLMSamplerTQ pid=160665)[0m (EngineCore pid=161080)   warnings.warn("The \"reduce-overhead\" mode configuration will be deprecated. "
[36m(VLLMSamplerTQ pid=160665)[0m (EngineCore pid=161080) /usr/local/python3.11.15/lib/python3.11/site-packages/torch_npu/dynamo/torchair/configs/compiler_config.py:105: UserWarning: The following torchair config or properties may not take effect or report error in reduce-overhead mode: config.experimental_config.enable_view_optimize:True, set_dim_gears, dynamo_export, scope, npu_print
[36m(VLLMSamplerTQ pid=160665)[0m (EngineCore pid=161080)   warnings.warn(
[36m(VLLMSamplerTQ pid=160665)[0m (EngineCore pid=161080) /usr/local/python3.11.15/lib/python3.11/site-packages/torch_npu/dynamo/torchair/configs/compiler_config.py:112: DeprecationWarning: The "reduce-overhead" mode configuration will be deprecated. Please use the "npugraph_ex" backend.
[36m(VLLMSamplerTQ pid=160665)[0m (EngineCore pid=161080)   warnings.warn("The \"reduce-overhead\" mode configuration will be deprecated. "
[36m(VLLMSamplerTQ pid=160665)[0m (EngineCore pid=161080) INFO 07-30 04:30:02 [compiler_interface.py:162] enable_npugraph_ex is enabled, which will bring graph compilation optimization.
[36m(VLLMSamplerTQ pid=160665)[0m (EngineCore pid=161080) /usr/local/python3.11.15/lib/python3.11/site-packages/torch_npu/dynamo/torchair/configs/compiler_config.py:105: UserWarning: The following torchair config or properties may not take effect or report error in reduce-overhead mode: config.experimental_config.enable_view_optimize:True, set_dim_gears, dynamo_export, scope, npu_print
[36m(VLLMSamplerTQ pid=160665)[0m (EngineCore pid=161080)   warnings.warn(
[36m(VLLMSamplerTQ pid=160665)[0m (EngineCore pid=161080) /usr/local/python3.11.15/lib/python3.11/site-packages/torch_npu/dynamo/torchair/configs/compiler_config.py:112: DeprecationWarning: The "reduce-overhead" mode configuration will be deprecated. Please use the "npugraph_ex" backend.
[36m(VLLMSamplerTQ pid=160665)[0m (EngineCore pid=161080)   warnings.warn("The \"reduce-overhead\" mode configuration will be deprecated. "
[36m(VLLMSamplerTQ pid=160665)[0m (EngineCore pid=161080) INFO 07-30 04:30:05 [compiler_interface.py:162] enable_npugraph_ex is enabled, which will bring graph compilation optimization.
[36m(VLLMSamplerTQ pid=160665)[0m (EngineCore pid=161080) /usr/local/python3.11.15/lib/python3.11/site-packages/torch_npu/dynamo/torchair/configs/compiler_config.py:105: UserWarning: The following torchair config or properties may not take effect or report error in reduce-overhead mode: config.experimental_config.enable_view_optimize:True, set_dim_gears, dynamo_export, scope, npu_print
[36m(VLLMSamplerTQ pid=160665)[0m (EngineCore pid=161080)   warnings.warn(
[36m(VLLMSamplerTQ pid=160665)[0m (EngineCore pid=161080) /usr/local/python3.11.15/lib/python3.11/site-packages/torch_npu/dynamo/torchair/configs/compiler_config.py:112: DeprecationWarning: The "reduce-overhead" mode configuration will be deprecated. Please use the "npugraph_ex" backend.
[36m(VLLMSamplerTQ pid=160665)[0m (EngineCore pid=161080)   warnings.warn("The \"reduce-overhead\" mode configuration will be deprecated. "
[36m(VLLMSamplerTQ pid=160665)[0m (EngineCore pid=161080) INFO 07-30 04:30:10 [compiler_interface.py:162] enable_npugraph_ex is enabled, which will bring graph compilation optimization.
[36m(VLLMSamplerTQ pid=160665)[0m (EngineCore pid=161080) /usr/local/python3.11.15/lib/python3.11/site-packages/torch_npu/dynamo/torchair/configs/compiler_config.py:105: UserWarning: The following torchair config or properties may not take effect or report error in reduce-overhead mode: config.experimental_config.enable_view_optimize:True, set_dim_gears, dynamo_export, scope, npu_print
[36m(VLLMSamplerTQ pid=160665)[0m (EngineCore pid=161080)   warnings.warn(
[36m(VLLMSamplerTQ pid=160665)[0m (EngineCore pid=161080) /usr/local/python3.11.15/lib/python3.11/site-packages/torch_npu/dynamo/torchair/configs/compiler_config.py:112: DeprecationWarning: The "reduce-overhead" mode configuration will be deprecated. Please use the "npugraph_ex" backend.
[36m(VLLMSamplerTQ pid=160665)[0m (EngineCore pid=161080)   warnings.warn("The \"reduce-overhead\" mode configuration will be deprecated. "
[36m(VLLMSamplerTQ pid=160665)[0m (EngineCore pid=161080) INFO 07-30 04:30:14 [compiler_interface.py:162] enable_npugraph_ex is enabled, which will bring graph compilation optimization.
[36m(VLLMSamplerTQ pid=160665)[0m (EngineCore pid=161080) /usr/local/python3.11.15/lib/python3.11/site-packages/torch_npu/dynamo/torchair/configs/compiler_config.py:105: UserWarning: The following torchair config or properties may not take effect or report error in reduce-overhead mode: config.experimental_config.enable_view_optimize:True, set_dim_gears, dynamo_export, scope, npu_print
[36m(VLLMSamplerTQ pid=160665)[0m (EngineCore pid=161080)   warnings.warn(
[36m(VLLMSamplerTQ pid=160665)[0m (EngineCore pid=161080) /usr/local/python3.11.15/lib/python3.11/site-packages/torch_npu/dynamo/torchair/configs/compiler_config.py:112: DeprecationWarning: The "reduce-overhead" mode configuration will be deprecated. Please use the "npugraph_ex" backend.
[36m(VLLMSamplerTQ pid=160665)[0m (EngineCore pid=161080)   warnings.warn("The \"reduce-overhead\" mode configuration will be deprecated. "
[36m(VLLMSamplerTQ pid=160665)[0m (EngineCore pid=161080) INFO 07-30 04:30:17 [compiler_interface.py:162] enable_npugraph_ex is enabled, which will bring graph compilation optimization.
[36m(VLLMSamplerTQ pid=160665)[0m (EngineCore pid=161080) /usr/local/python3.11.15/lib/python3.11/site-packages/torch_npu/dynamo/torchair/configs/compiler_config.py:105: UserWarning: The following torchair config or properties may not take effect or report error in reduce-overhead mode: config.experimental_config.enable_view_optimize:True, set_dim_gears, dynamo_export, scope, npu_print
[36m(VLLMSamplerTQ pid=160665)[0m (EngineCore pid=161080)   warnings.warn(
[36m(VLLMSamplerTQ pid=160665)[0m (EngineCore pid=161080) /usr/local/python3.11.15/lib/python3.11/site-packages/torch_npu/dynamo/torchair/configs/compiler_config.py:112: DeprecationWarning: The "reduce-overhead" mode configuration will be deprecated. Please use the "npugraph_ex" backend.
[36m(VLLMSamplerTQ pid=160665)[0m (EngineCore pid=161080)   warnings.warn("The \"reduce-overhead\" mode configuration will be deprecated. "
[36m(VLLMSamplerTQ pid=160665)[0m (EngineCore pid=161080) INFO 07-30 04:30:21 [compiler_interface.py:162] enable_npugraph_ex is enabled, which will bring graph compilation optimization.
[36m(VLLMSamplerTQ pid=160665)[0m (EngineCore pid=161080) /usr/local/python3.11.15/lib/python3.11/site-packages/torch_npu/dynamo/torchair/configs/compiler_config.py:105: UserWarning: The following torchair config or properties may not take effect or report error in reduce-overhead mode: config.experimental_config.enable_view_optimize:True, set_dim_gears, dynamo_export, scope, npu_print
[36m(VLLMSamplerTQ pid=160665)[0m (EngineCore pid=161080)   warnings.warn(
[36m(VLLMSamplerTQ pid=160665)[0m (EngineCore pid=161080) /usr/local/python3.11.15/lib/python3.11/site-packages/torch_npu/dynamo/torchair/configs/compiler_config.py:112: DeprecationWarning: The "reduce-overhead" mode configuration will be deprecated. Please use the "npugraph_ex" backend.
[36m(VLLMSamplerTQ pid=160665)[0m (EngineCore pid=161080)   warnings.warn("The \"reduce-overhead\" mode configuration will be deprecated. "
[36m(VLLMSamplerTQ pid=160665)[0m (EngineCore pid=161080) INFO 07-30 04:30:24 [compiler_interface.py:162] enable_npugraph_ex is enabled, which will bring graph compilation optimization.
[36m(VLLMSamplerTQ pid=160665)[0m (EngineCore pid=161080) /usr/local/python3.11.15/lib/python3.11/site-packages/torch_npu/dynamo/torchair/configs/compiler_config.py:105: UserWarning: The following torchair config or properties may not take effect or report error in reduce-overhead mode: config.experimental_config.enable_view_optimize:True, set_dim_gears, dynamo_export, scope, npu_print
[36m(VLLMSamplerTQ pid=160665)[0m (EngineCore pid=161080)   warnings.warn(
[36m(VLLMSamplerTQ pid=160665)[0m (EngineCore pid=161080) /usr/local/python3.11.15/lib/python3.11/site-packages/torch_npu/dynamo/torchair/configs/compiler_config.py:112: DeprecationWarning: The "reduce-overhead" mode configuration will be deprecated. Please use the "npugraph_ex" backend.
[36m(VLLMSamplerTQ pid=160665)[0m (EngineCore pid=161080)   warnings.warn("The \"reduce-overhead\" mode configuration will be deprecated. "
[36m(VLLMSamplerTQ pid=160665)[0m (EngineCore pid=161080) INFO 07-30 04:30:28 [compiler_interface.py:162] enable_npugraph_ex is enabled, which will bring graph compilation optimization.
[36m(VLLMSamplerTQ pid=160665)[0m (EngineCore pid=161080) INFO 07-30 04:30:30 [backends.py:387] Compiling a graph for compile range (1, 2048) takes 129.53 s
[36m(VLLMSamplerTQ pid=160665)[0m (EngineCore pid=161080) INFO 07-30 04:30:36 [monitor.py:48] torch.compile and initial profiling/warmup run together took 166.11 s in total
[36m(VLLMSamplerTQ pid=160665)[0m (EngineCore pid=161080) INFO 07-30 04:30:38 [worker.py:357] Available KV cache memory: 34.88 GiB
[36m(VLLMSamplerTQ pid=160665)[0m (EngineCore pid=161080) INFO 07-30 04:30:38 [kv_cache_utils.py:1316] GPU KV cache size: 253,952 tokens
[36m(VLLMSamplerTQ pid=160665)[0m (EngineCore pid=161080) INFO 07-30 04:30:38 [kv_cache_utils.py:1321] Maximum concurrency for 2,048 tokens per request: 124.00x
[36m(VLLMSamplerTQ pid=160665)[0m (EngineCore pid=161080) Capturing CUDA graphs (mixed prefill-decode, PIECEWISE):   0%|          | 0/22 [00:00<?, ?it/s]
[36m(VLLMSamplerTQ pid=160665)[0m Capturing CUDA graphs (mixed prefill-decode, PIECEWISE):   5%|▍         | 1/22 [00:00<00:15,  1.34it/s]
[36m(VLLMSamplerTQ pid=160665)[0m Capturing CUDA graphs (mixed prefill-decode, PIECEWISE):   9%|▉         | 2/22 [00:01<00:13,  1.51it/s]
[36m(VLLMSamplerTQ pid=160665)[0m Capturing CUDA graphs (mixed prefill-decode, PIECEWISE):  14%|█▎        | 3/22 [00:01<00:11,  1.59it/s]
[36m(VLLMSamplerTQ pid=160665)[0m Capturing CUDA graphs (mixed prefill-decode, PIECEWISE):  18%|█▊        | 4/22 [00:02<00:10,  1.65it/s]
[36m(VLLMSamplerTQ pid=160665)[0m Capturing CUDA graphs (mixed prefill-decode, PIECEWISE):  23%|██▎       | 5/22 [00:03<00:10,  1.68it/s]
[36m(VLLMSamplerTQ pid=160665)[0m Capturing CUDA graphs (mixed prefill-decode, PIECEWISE):  27%|██▋       | 6/22 [00:03<00:09,  1.70it/s]
[36m(VLLMSamplerTQ pid=160665)[0m Capturing CUDA graphs (mixed prefill-decode, PIECEWISE):  32%|███▏      | 7/22 [00:04<00:08,  1.69it/s]
[36m(VLLMSamplerTQ pid=160665)[0m Capturing CUDA graphs (mixed prefill-decode, PIECEWISE):  36%|███▋      | 8/22 [00:04<00:08,  1.67it/s]
[36m(VLLMSamplerTQ pid=160665)[0m Capturing CUDA graphs (mixed prefill-decode, PIECEWISE):  41%|████      | 9/22 [00:05<00:07,  1.64it/s]
[36m(VLLMSamplerTQ pid=160665)[0m Capturing CUDA graphs (mixed prefill-decode, PIECEWISE):  45%|████▌     | 10/22 [00:06<00:07,  1.63it/s]
[36m(VLLMSamplerTQ pid=160665)[0m Capturing CUDA graphs (mixed prefill-decode, PIECEWISE):  50%|█████     | 11/22 [00:06<00:06,  1.62it/s]
[36m(VLLMSamplerTQ pid=160665)[0m Capturing CUDA graphs (mixed prefill-decode, PIECEWISE):  55%|█████▍    | 12/22 [00:07<00:06,  1.63it/s]
[36m(VLLMSamplerTQ pid=160665)[0m Capturing CUDA graphs (mixed prefill-decode, PIECEWISE):  59%|█████▉    | 13/22 [00:07<00:05,  1.62it/s]
[36m(VLLMSamplerTQ pid=160665)[0m Capturing CUDA graphs (mixed prefill-decode, PIECEWISE):  64%|██████▎   | 14/22 [00:08<00:04,  1.61it/s]
[36m(VLLMSamplerTQ pid=160665)[0m Capturing CUDA graphs (mixed prefill-decode, PIECEWISE):  68%|██████▊   | 15/22 [00:09<00:04,  1.59it/s]
[36m(VLLMSamplerTQ pid=160665)[0m Capturing CUDA graphs (mixed prefill-decode, PIECEWISE):  73%|███████▎  | 16/22 [00:09<00:03,  1.60it/s]
[36m(VLLMSamplerTQ pid=160665)[0m Capturing CUDA graphs (mixed prefill-decode, PIECEWISE):  77%|███████▋  | 17/22 [00:10<00:03,  1.59it/s]
[36m(VLLMSamplerTQ pid=160665)[0m Capturing CUDA graphs (mixed prefill-decode, PIECEWISE):  82%|████████▏ | 18/22 [00:11<00:02,  1.60it/s]
[36m(VLLMSamplerTQ pid=160665)[0m Capturing CUDA graphs (mixed prefill-decode, PIECEWISE):  86%|████████▋ | 19/22 [00:11<00:01,  1.61it/s]
[36m(VLLMSamplerTQ pid=160665)[0m Capturing CUDA graphs (mixed prefill-decode, PIECEWISE):  91%|█████████ | 20/22 [00:12<00:01,  1.61it/s]
[36m(VLLMSamplerTQ pid=160665)[0m Capturing CUDA graphs (mixed prefill-decode, PIECEWISE):  95%|█████████▌| 21/22 [00:12<00:00,  1.60it/s]
[36m(VLLMSamplerTQ pid=160665)[0m Capturing CUDA graphs (mixed prefill-decode, PIECEWISE): 100%|██████████| 22/22 [00:13<00:00,  1.62it/s]Capturing CUDA graphs (mixed prefill-decode, PIECEWISE): 100%|██████████| 22/22 [00:13<00:00,  1.62it/s]
[36m(VLLMSamplerTQ pid=160665)[0m (EngineCore pid=161080) INFO 07-30 04:30:54 [gpu_model_runner.py:5746] Graph capturing finished in 15 secs, took 0.14 GiB
[36m(VLLMSamplerTQ pid=160665)[0m (EngineCore pid=161080) INFO 07-30 04:30:54 [core.py:281] init engine (profile, create kv cache, warmup model) took 185.14 seconds
[36m(VLLMSamplerTQ pid=160665)[0m [2026-07-30 04:30:56][INFO:twinkle] VLLMEngine initialized: model=/mnt/lv_model/npu60005420a/models/Qwen3-4B
[36m(VLLMSamplerTQ pid=160665)[0m [transformers] `Qwen2VLImageProcessorFast` is deprecated. The `Fast` suffix for image processors has been removed; use `Qwen2VLImageProcessor` instead.
[36m(VLLMSamplerTQ pid=160665)[0m (EngineCore pid=161080) INFO 07-30 04:30:56 [vllm.py:754] Asynchronous scheduling is enabled.
[36m(VLLMSamplerTQ pid=160665)[0m (EngineCore pid=161080) INFO 07-30 04:30:56 [platform.py:370] PIECEWISE compilation enabled on NPU. use_inductor not supported - using only ACL Graph mode
[36m(VLLMSamplerTQ pid=160665)[0m (EngineCore pid=161080) INFO 07-30 04:30:56 [utils.py:549] Calculated maximum supported batch sizes for ACL graph: 48
[36m(VLLMSamplerTQ pid=160665)[0m (EngineCore pid=161080) WARNING 07-30 04:30:56 [utils.py:550] Currently, communication is performed using FFTS+ method, which reduces the number of available streams and, as a result, limits the range of runtime shapes that can be handled. To both improve communication performance and increase the number of supported shapes, set HCCL_OP_EXPANSION_MODE=AIV.
[36m(VLLMSamplerTQ pid=160665)[0m (EngineCore pid=161080) INFO 07-30 04:30:56 [utils.py:582] No adjustment needed for ACL graph batch sizes: Qwen3ForCausalLM model (layers: 36) with 11 sizes
[36m(VLLMSamplerTQ pid=160665)[0m (EngineCore pid=161080) INFO 07-30 04:30:56 [platform.py:536] Set PYTORCH_NPU_ALLOC_CONF=expandable_segments:True
[36m(VLLMSamplerTQ pid=160665)[0m (EngineCore pid=161080) INFO 07-30 04:30:56 [compilation.py:289] Enabled custom fusions: norm_quant, act_quant
[36m(VLLMSamplerTQ pid=160665)[0m [transformers] return_assistant_tokens_mask==True but chat template does not contain `{% generation %}` keyword.
[36m(RolloutWorker pid=164037)[0m [2026-07-30 04:31:15][INFO:twinkle] ⚠️ Using local initialization of class: <class 'twinkle.dataset.base.Dataset'>, please make sure the class does not need remote execution.
[36m(RolloutWorker pid=164037)[0m [2026-07-30 04:31:16][INFO:twinkle] ⚠️ Using local initialization of class: <class 'twinkle.template.base.Template'>, please make sure the class does not need remote execution.
[36m(RolloutWorker pid=164037)[0m [transformers] return_assistant_tokens_mask==True but chat template does not contain `{% generation %}` keyword.
[36m(RolloutWorker pid=164037)[0m Map: 100%|██████████| 2000/2000 [00:00<?, ? examples/s]
[36m(RolloutWorker pid=164037)[0m Map: 4000 examples [00:00, 36036.48 examples/s]        
[36m(RolloutWorker pid=164037)[0m Map: 100%|██████████| 2000/2000 [00:00<?, ? examples/s]
[36m(RolloutWorker pid=164037)[0m Map: 3000 examples [00:01, 739.28 examples/s]          
[36m(RolloutWorker pid=164037)[0m Map: 4000 examples [00:02, 737.99 examples/s]Map: 4000 examples [00:02, 734.15 examples/s]
[36m(RolloutWorker pid=164037)[0m Filter: 100%|██████████| 2000/2000 [00:00<?, ? examples/s]
[36m(RolloutWorker pid=164037)[0m Filter: 4000 examples [00:00, 10941.37 examples/s]        Filter: 4000 examples [00:00, 10680.38 examples/s]
[36m(RolloutWorker pid=164037)[0m [2026-07-30 04:31:24][INFO:twinkle] ⚠️ Using local initialization of class: <class 'twinkle.dataloader.dataloader.DataLoader'>, please make sure the class does not need remote execution.
[36m(TransferQueueController pid=148633)[0m 2026-07-30 04:31:24,380 - INFO - transfer_queue.utils.perf_utils - TQ_CONTROLLER_3f91e081: [Performance] Total success requests: 1, Total req/min: 0.18, Total avg process time: 0.0012s; 
[36m(TransferQueueController pid=148633)[0m Time range: last 5.61 minutes; 
[36m(TransferQueueController pid=148633)[0m Per-operation statistics: GET_META: req_count=1, req/min=0.18, avg_time=0.001239s, max_time=0.001239s, min_time=0.001239s
[36m(RolloutWorker pid=164037)[0m Using blocking ray.get inside async actor. This blocks the event loop. Please use `await` on object ref with asyncio.gather if you want to yield execution to the event loop instead.
[36m(TrainerWorker pid=164038)[0m Using blocking ray.get inside async actor. This blocks the event loop. Please use `await` on object ref with asyncio.gather if you want to yield execution to the event loop instead.
[36m(SimpleStorageUnit pid=148626)[0m 2026-07-30 04:31:24,434 - INFO - transfer_queue.utils.perf_utils - TQ_STORAGE_UNIT_07ba66fb: [Performance] Total success requests: 1, Total req/min: 0.18, Total avg process time: 0.0147s; 
[36m(SimpleStorageUnit pid=148626)[0m Time range: last 5.43 minutes; 
[36m(SimpleStorageUnit pid=148626)[0m Per-operation statistics: PUT_DATA: req_count=1, req/min=0.18, avg_time=0.014675s, max_time=0.014675s, min_time=0.014675s
[36m(SimpleStorageUnit pid=148628)[0m 2026-07-30 04:31:24,434 - INFO - transfer_queue.utils.perf_utils - TQ_STORAGE_UNIT_56f88ffb: [Performance] Total success requests: 1, Total req/min: 0.18, Total avg process time: 0.0132s; 
[36m(SimpleStorageUnit pid=148628)[0m Time range: last 5.43 minutes; 
[36m(SimpleStorageUnit pid=148628)[0m Per-operation statistics: PUT_DATA: req_count=1, req/min=0.18, avg_time=0.013176s, max_time=0.013176s, min_time=0.013176s
[36m(VLLMSamplerTQ pid=160665)[0m [2026-07-30 04:31:24][INFO:twinkle] Loading LoRA from /mnt/lv_model/npu60005420a/qy_owner_experiments_20260730/qy_owner_twinkle_full125_noeval_final_npu23/run_cwd/output/async_single_lora_gsm8k_accuracy/async-gsm8k_accuracy_lora-initial
[36m(VLLMSamplerTQ pid=160665)[0m WARNING 07-30 04:31:25 [input_processor.py:141] vLLM has deprecated support for supporting different tokenizers for different LoRAs. By default, vLLM uses base model's tokenizer. If you are using a LoRA with its own tokenizer, consider specifying `--tokenizer [lora_path]` to use the LoRA tokenizer.
[36m(VLLMSamplerTQ pid=160665)[0m WARNING 07-30 04:31:25 [input_processor.py:227] Passing raw prompts to InputProcessor is deprecated and will be removed in v0.18. You should instead pass the outputs of Renderer.render_cmpl() or Renderer.render_chat().
[36m(VLLMSamplerTQ pid=160665)[0m (EngineCore pid=161080) INFO 07-30 04:31:26 [acl_graph.py:196] Replaying aclgraph
[36m(AdvantageWorker pid=164036)[0m Using blocking ray.get inside async actor. This blocks the event loop. Please use `await` on object ref with asyncio.gather if you want to yield execution to the event loop instead.
[36m(VLLMSamplerTQ pid=160665)[0m Using blocking ray.get inside async actor. This blocks the event loop. Please use `await` on object ref with asyncio.gather if you want to yield execution to the event loop instead.
[36m(MultiLoraTransformersModel( pid=159904)[0m Warning: since the loaded file is not a zipfile, only "torch.device" and "str" type parameters are currently supported for parameter types of map_location. If parameter types of map_location is "Callable[[torch.Tensor, str], torch.Tensor]" or "Dict[str, str]", which is only support for zipfile, all tensors are currently loaded onto the CPU, which may introduce problems.
[36m(TrainerWorker pid=164038)[0m ('Warning: torch.save with "_use_new_zipfile_serialization = False" is not recommended for npu tensor, which may bring unexpected errors and hopefully set "_use_new_zipfile_serialization = True"', 'if it is necessary to use this, please convert the npu tensor to cpu tensor for saving')
[36m(MultiLoraTransformersModel( pid=159904)[0m [transformers] `use_cache=True` is incompatible with gradient checkpointing. Setting `use_cache=False`.
[36m(MultiLoraTransformersModel( pid=159904)[0m /usr/local/python3.11.15/lib/python3.11/site-packages/torch/autograd/__init__.py:221: UserWarning: Cannot create tensor with interal format while allow_internel_format=False, tensor will be created with base format. (Triggered internally at ../torch_npu/csrc/aten/common/TensorFactories.cpp:340.)
[36m(MultiLoraTransformersModel( pid=159904)[0m   torch.ones_like(out, memory_format=torch.preserve_format)
[36m(MultiLoraTransformersModel( pid=159904)[0m ('Warning: torch.save with "_use_new_zipfile_serialization = False" is not recommended for npu tensor, which may bring unexpected errors and hopefully set "_use_new_zipfile_serialization = True"', 'if it is necessary to use this, please convert the npu tensor to cpu tensor for saving')
[36m(VLLMSamplerTQ pid=160665)[0m [2026-07-30 04:33:02][INFO:twinkle] Loading LoRA from /mnt/lv_model/npu60005420a/qy_owner_experiments_20260730/qy_owner_twinkle_full125_noeval_final_npu23/run_cwd/output/async_single_lora_gsm8k_accuracy/async-gsm8k_accuracy_lora-v1
[36m(VLLMSamplerTQ pid=160665)[0m [2026-07-30 04:34:29][INFO:twinkle] Loading LoRA from /mnt/lv_model/npu60005420a/qy_owner_experiments_20260730/qy_owner_twinkle_full125_noeval_final_npu23/run_cwd/output/async_single_lora_gsm8k_accuracy/async-gsm8k_accuracy_lora-v2
[36m(VLLMSamplerTQ pid=160665)[0m [2026-07-30 04:35:58][INFO:twinkle] Loading LoRA from /mnt/lv_model/npu60005420a/qy_owner_experiments_20260730/qy_owner_twinkle_full125_noeval_final_npu23/run_cwd/output/async_single_lora_gsm8k_accuracy/async-gsm8k_accuracy_lora-v3
[36m(TransferQueueController pid=148633)[0m 2026-07-30 04:36:24,414 - INFO - transfer_queue.utils.perf_utils - TQ_CONTROLLER_3f91e081: [Performance] Total success requests: 10985, Total req/min: 2196.76, Total avg process time: 0.0007s; 
[36m(TransferQueueController pid=148633)[0m Time range: last 5.00 minutes; 
[36m(TransferQueueController pid=148633)[0m Per-operation statistics: GET_META: req_count=7711, req/min=1542.03, avg_time=0.000494s, max_time=0.007203s, min_time=0.000051s; GET_CONSUMPTION: req_count=2956, req/min=591.13, avg_time=0.001156s, max_time=0.005289s, min_time=0.000051s; NOTIFY_DATA_UPDATE: req_count=100, req/min=20.00, avg_time=0.000421s, max_time=0.001397s, min_time=0.000188s; SET_CUSTOM_META: req_count=212, req/min=42.40, avg_time=0.000066s, max_time=0.000228s, min_time=0.000030s; GET_PARTITION_META: req_count=3, req/min=0.60, avg_time=0.005449s, max_time=0.005991s, min_time=0.004872s; CLEAR_PARTITION: req_count=3, req/min=0.60, avg_time=0.000789s, max_time=0.001010s, min_time=0.000578s
[36m(SimpleStorageUnit pid=148626)[0m 2026-07-30 04:36:54,392 - INFO - transfer_queue.utils.perf_utils - TQ_STORAGE_UNIT_07ba66fb: [Performance] Total success requests: 154, Total req/min: 28.00, Total avg process time: 0.0142s; 
[36m(SimpleStorageUnit pid=148626)[0m Time range: last 5.50 minutes; 
[36m(SimpleStorageUnit pid=148626)[0m Per-operation statistics: PUT_DATA: req_count=100, req/min=18.18, avg_time=0.013687s, max_time=0.025045s, min_time=0.009417s; GET_DATA: req_count=51, req/min=9.27, avg_time=0.014874s, max_time=0.025780s, min_time=0.009689s; CLEAR_DATA: req_count=3, req/min=0.55, avg_time=0.018061s, max_time=0.024662s, min_time=0.014304s
[36m(SimpleStorageUnit pid=148628)[0m 2026-07-30 04:36:54,392 - INFO - transfer_queue.utils.perf_utils - TQ_STORAGE_UNIT_56f88ffb: [Performance] Total success requests: 154, Total req/min: 28.00, Total avg process time: 0.0135s; 
[36m(SimpleStorageUnit pid=148628)[0m Time range: last 5.50 minutes; 
[36m(SimpleStorageUnit pid=148628)[0m Per-operation statistics: PUT_DATA: req_count=100, req/min=18.18, avg_time=0.013151s, max_time=0.030757s, min_time=0.009442s; GET_DATA: req_count=51, req/min=9.27, avg_time=0.013997s, max_time=0.026138s, min_time=0.009280s; CLEAR_DATA: req_count=3, req/min=0.55, avg_time=0.018511s, max_time=0.027718s, min_time=0.013441s
[36m(VLLMSamplerTQ pid=160665)[0m [2026-07-30 04:37:27][INFO:twinkle] Loading LoRA from /mnt/lv_model/npu60005420a/qy_owner_experiments_20260730/qy_owner_twinkle_full125_noeval_final_npu23/run_cwd/output/async_single_lora_gsm8k_accuracy/async-gsm8k_accuracy_lora-v4
[36m(VLLMSamplerTQ pid=160665)[0m [2026-07-30 04:38:50][INFO:twinkle] Loading LoRA from /mnt/lv_model/npu60005420a/qy_owner_experiments_20260730/qy_owner_twinkle_full125_noeval_final_npu23/run_cwd/output/async_single_lora_gsm8k_accuracy/async-gsm8k_accuracy_lora-v5
[36m(VLLMSamplerTQ pid=160665)[0m [2026-07-30 04:40:20][INFO:twinkle] Loading LoRA from /mnt/lv_model/npu60005420a/qy_owner_experiments_20260730/qy_owner_twinkle_full125_noeval_final_npu23/run_cwd/output/async_single_lora_gsm8k_accuracy/async-gsm8k_accuracy_lora-v6
[36m(TransferQueueController pid=148633)[0m 2026-07-30 04:41:24,459 - INFO - transfer_queue.utils.perf_utils - TQ_CONTROLLER_3f91e081: [Performance] Total success requests: 11301, Total req/min: 2259.86, Total avg process time: 0.0006s; 
[36m(TransferQueueController pid=148633)[0m Time range: last 5.00 minutes; 
[36m(TransferQueueController pid=148633)[0m Per-operation statistics: GET_META: req_count=7938, req/min=1587.36, avg_time=0.000446s, max_time=0.002817s, min_time=0.000051s; GET_CONSUMPTION: req_count=2983, req/min=596.51, avg_time=0.001095s, max_time=0.003031s, min_time=0.000625s; SET_CUSTOM_META: req_count=243, req/min=48.59, avg_time=0.000069s, max_time=0.000244s, min_time=0.000031s; NOTIFY_DATA_UPDATE: req_count=131, req/min=26.20, avg_time=0.000466s, max_time=0.001284s, min_time=0.000195s; GET_PARTITION_META: req_count=3, req/min=0.60, avg_time=0.006430s, max_time=0.007449s, min_time=0.005605s; CLEAR_PARTITION: req_count=3, req/min=0.60, avg_time=0.001053s, max_time=0.001263s, min_time=0.000775s
[36m(VLLMSamplerTQ pid=160665)[0m [2026-07-30 04:41:53][INFO:twinkle] Loading LoRA from /mnt/lv_model/npu60005420a/qy_owner_experiments_20260730/qy_owner_twinkle_full125_noeval_final_npu23/run_cwd/output/async_single_lora_gsm8k_accuracy/async-gsm8k_accuracy_lora-v7
[36m(SimpleStorageUnit pid=148626)[0m 2026-07-30 04:42:25,920 - INFO - transfer_queue.utils.perf_utils - TQ_STORAGE_UNIT_07ba66fb: [Performance] Total success requests: 204, Total req/min: 36.92, Total avg process time: 0.0130s; 
[36m(SimpleStorageUnit pid=148626)[0m Time range: last 5.53 minutes; 
[36m(SimpleStorageUnit pid=148626)[0m Per-operation statistics: PUT_DATA: req_count=132, req/min=23.89, avg_time=0.012838s, max_time=0.020258s, min_time=0.009418s; GET_DATA: req_count=68, req/min=12.31, avg_time=0.013118s, max_time=0.015733s, min_time=0.009901s; CLEAR_DATA: req_count=4, req/min=0.72, avg_time=0.015936s, max_time=0.016864s, min_time=0.015328s
[36m(SimpleStorageUnit pid=148628)[0m 2026-07-30 04:42:25,920 - INFO - transfer_queue.utils.perf_utils - TQ_STORAGE_UNIT_56f88ffb: [Performance] Total success requests: 204, Total req/min: 36.92, Total avg process time: 0.0122s; 
[36m(SimpleStorageUnit pid=148628)[0m Time range: last 5.53 minutes; 
[36m(SimpleStorageUnit pid=148628)[0m Per-operation statistics: PUT_DATA: req_count=132, req/min=23.89, avg_time=0.012087s, max_time=0.020026s, min_time=0.009298s; GET_DATA: req_count=68, req/min=12.31, avg_time=0.012151s, max_time=0.014808s, min_time=0.009930s; CLEAR_DATA: req_count=4, req/min=0.72, avg_time=0.014799s, max_time=0.015148s, min_time=0.014623s
[36m(VLLMSamplerTQ pid=160665)[0m [2026-07-30 04:43:24][INFO:twinkle] Loading LoRA from /mnt/lv_model/npu60005420a/qy_owner_experiments_20260730/qy_owner_twinkle_full125_noeval_final_npu23/run_cwd/output/async_single_lora_gsm8k_accuracy/async-gsm8k_accuracy_lora-v8
[36m(VLLMSamplerTQ pid=160665)[0m [2026-07-30 04:45:03][INFO:twinkle] Loading LoRA from /mnt/lv_model/npu60005420a/qy_owner_experiments_20260730/qy_owner_twinkle_full125_noeval_final_npu23/run_cwd/output/async_single_lora_gsm8k_accuracy/async-gsm8k_accuracy_lora-v9
[36m(TransferQueueController pid=148633)[0m 2026-07-30 04:46:24,497 - INFO - transfer_queue.utils.perf_utils - TQ_CONTROLLER_3f91e081: [Performance] Total success requests: 10852, Total req/min: 2170.13, Total avg process time: 0.0006s; 
[36m(TransferQueueController pid=148633)[0m Time range: last 5.00 minutes; 
[36m(TransferQueueController pid=148633)[0m Per-operation statistics: GET_META: req_count=7770, req/min=1553.81, avg_time=0.000487s, max_time=0.005573s, min_time=0.000054s; GET_CONSUMPTION: req_count=2782, req/min=556.33, avg_time=0.001129s, max_time=0.006000s, min_time=0.000096s; GET_PARTITION_META: req_count=3, req/min=0.60, avg_time=0.006275s, max_time=0.006815s, min_time=0.005677s; CLEAR_PARTITION: req_count=3, req/min=0.60, avg_time=0.001081s, max_time=0.001411s, min_time=0.000615s; NOTIFY_DATA_UPDATE: req_count=99, req/min=19.80, avg_time=0.000496s, max_time=0.000820s, min_time=0.000177s; SET_CUSTOM_META: req_count=195, req/min=39.00, avg_time=0.000085s, max_time=0.000339s, min_time=0.000030s
[36m(VLLMSamplerTQ pid=160665)[0m [2026-07-30 04:46:43][INFO:twinkle] Loading LoRA from /mnt/lv_model/npu60005420a/qy_owner_experiments_20260730/qy_owner_twinkle_full125_noeval_final_npu23/run_cwd/output/async_single_lora_gsm8k_accuracy/async-gsm8k_accuracy_lora-v10
[36m(SimpleStorageUnit pid=148626)[0m 2026-07-30 04:47:25,937 - INFO - transfer_queue.utils.perf_utils - TQ_STORAGE_UNIT_07ba66fb: [Performance] Total success requests: 155, Total req/min: 31.00, Total avg process time: 0.0134s; 
[36m(SimpleStorageUnit pid=148626)[0m Time range: last 5.00 minutes; 
[36m(SimpleStorageUnit pid=148626)[0m Per-operation statistics: GET_DATA: req_count=52, req/min=10.40, avg_time=0.013564s, max_time=0.015561s, min_time=0.009997s; PUT_DATA: req_count=100, req/min=20.00, avg_time=0.013291s, max_time=0.024377s, min_time=0.010097s; CLEAR_DATA: req_count=3, req/min=0.60, avg_time=0.016570s, max_time=0.017259s, min_time=0.016077s
[36m(SimpleStorageUnit pid=148628)[0m 2026-07-30 04:47:25,937 - INFO - transfer_queue.utils.perf_utils - TQ_STORAGE_UNIT_56f88ffb: [Performance] Total success requests: 155, Total req/min: 31.00, Total avg process time: 0.0127s; 
[36m(SimpleStorageUnit pid=148628)[0m Time range: last 5.00 minutes; 
[36m(SimpleStorageUnit pid=148628)[0m Per-operation statistics: GET_DATA: req_count=52, req/min=10.40, avg_time=0.012674s, max_time=0.014418s, min_time=0.010077s; PUT_DATA: req_count=100, req/min=20.00, avg_time=0.012647s, max_time=0.024256s, min_time=0.010172s; CLEAR_DATA: req_count=3, req/min=0.60, avg_time=0.015731s, max_time=0.016357s, min_time=0.015176s
[36m(VLLMSamplerTQ pid=160665)[0m [2026-07-30 04:48:21][INFO:twinkle] Loading LoRA from /mnt/lv_model/npu60005420a/qy_owner_experiments_20260730/qy_owner_twinkle_full125_noeval_final_npu23/run_cwd/output/async_single_lora_gsm8k_accuracy/async-gsm8k_accuracy_lora-v11
[36m(VLLMSamplerTQ pid=160665)[0m [2026-07-30 04:49:56][INFO:twinkle] Loading LoRA from /mnt/lv_model/npu60005420a/qy_owner_experiments_20260730/qy_owner_twinkle_full125_noeval_final_npu23/run_cwd/output/async_single_lora_gsm8k_accuracy/async-gsm8k_accuracy_lora-v12
[36m(TransferQueueController pid=148633)[0m 2026-07-30 04:51:24,534 - INFO - transfer_queue.utils.perf_utils - TQ_CONTROLLER_3f91e081: [Performance] Total success requests: 10703, Total req/min: 2140.33, Total avg process time: 0.0007s; 
[36m(TransferQueueController pid=148633)[0m Time range: last 5.00 minutes; 
[36m(TransferQueueController pid=148633)[0m Per-operation statistics: GET_META: req_count=7696, req/min=1539.01, avg_time=0.000538s, max_time=0.005166s, min_time=0.000052s; GET_CONSUMPTION: req_count=2707, req/min=541.33, avg_time=0.001108s, max_time=0.004544s, min_time=0.000058s; GET_PARTITION_META: req_count=3, req/min=0.60, avg_time=0.006348s, max_time=0.006522s, min_time=0.006072s; CLEAR_PARTITION: req_count=3, req/min=0.60, avg_time=0.001172s, max_time=0.001209s, min_time=0.001137s; NOTIFY_DATA_UPDATE: req_count=99, req/min=19.80, avg_time=0.000422s, max_time=0.001068s, min_time=0.000195s; SET_CUSTOM_META: req_count=195, req/min=39.00, avg_time=0.000078s, max_time=0.000477s, min_time=0.000030s
[36m(VLLMSamplerTQ pid=160665)[0m [2026-07-30 04:51:30][INFO:twinkle] Loading LoRA from /mnt/lv_model/npu60005420a/qy_owner_experiments_20260730/qy_owner_twinkle_full125_noeval_final_npu23/run_cwd/output/async_single_lora_gsm8k_accuracy/async-gsm8k_accuracy_lora-v13
[36m(SimpleStorageUnit pid=148626)[0m 2026-07-30 04:52:26,139 - INFO - transfer_queue.utils.perf_utils - TQ_STORAGE_UNIT_07ba66fb: [Performance] Total success requests: 154, Total req/min: 30.78, Total avg process time: 0.0131s; 
[36m(SimpleStorageUnit pid=148626)[0m Time range: last 5.00 minutes; 
[36m(SimpleStorageUnit pid=148626)[0m Per-operation statistics: PUT_DATA: req_count=100, req/min=19.99, avg_time=0.012859s, max_time=0.020779s, min_time=0.010159s; GET_DATA: req_count=51, req/min=10.19, avg_time=0.013281s, max_time=0.014974s, min_time=0.010104s; CLEAR_DATA: req_count=3, req/min=0.60, avg_time=0.015790s, max_time=0.016311s, min_time=0.015023s
[36m(SimpleStorageUnit pid=148628)[0m 2026-07-30 04:52:26,139 - INFO - transfer_queue.utils.perf_utils - TQ_STORAGE_UNIT_56f88ffb: [Performance] Total success requests: 154, Total req/min: 30.78, Total avg process time: 0.0123s; 
[36m(SimpleStorageUnit pid=148628)[0m Time range: last 5.00 minutes; 
[36m(SimpleStorageUnit pid=148628)[0m Per-operation statistics: PUT_DATA: req_count=100, req/min=19.99, avg_time=0.012187s, max_time=0.020928s, min_time=0.010067s; GET_DATA: req_count=51, req/min=10.19, avg_time=0.012417s, max_time=0.014578s, min_time=0.009980s; CLEAR_DATA: req_count=3, req/min=0.60, avg_time=0.015598s, max_time=0.016473s, min_time=0.015092s
[36m(VLLMSamplerTQ pid=160665)[0m [2026-07-30 04:53:07][INFO:twinkle] Loading LoRA from /mnt/lv_model/npu60005420a/qy_owner_experiments_20260730/qy_owner_twinkle_full125_noeval_final_npu23/run_cwd/output/async_single_lora_gsm8k_accuracy/async-gsm8k_accuracy_lora-v14
[36m(VLLMSamplerTQ pid=160665)[0m [2026-07-30 04:54:46][INFO:twinkle] Loading LoRA from /mnt/lv_model/npu60005420a/qy_owner_experiments_20260730/qy_owner_twinkle_full125_noeval_final_npu23/run_cwd/output/async_single_lora_gsm8k_accuracy/async-gsm8k_accuracy_lora-v15
[36m(TransferQueueController pid=148633)[0m 2026-07-30 04:56:24,580 - INFO - transfer_queue.utils.perf_utils - TQ_CONTROLLER_3f91e081: [Performance] Total success requests: 10770, Total req/min: 2153.67, Total avg process time: 0.0006s; 
[36m(TransferQueueController pid=148633)[0m Time range: last 5.00 minutes; 
[36m(TransferQueueController pid=148633)[0m Per-operation statistics: GET_META: req_count=7713, req/min=1542.37, avg_time=0.000440s, max_time=0.005632s, min_time=0.000051s; GET_CONSUMPTION: req_count=2755, req/min=550.92, avg_time=0.001052s, max_time=0.003544s, min_time=0.000106s; GET_PARTITION_META: req_count=4, req/min=0.80, avg_time=0.006393s, max_time=0.006796s, min_time=0.005634s; CLEAR_PARTITION: req_count=4, req/min=0.80, avg_time=0.001035s, max_time=0.001258s, min_time=0.000567s; NOTIFY_DATA_UPDATE: req_count=99, req/min=19.80, avg_time=0.000439s, max_time=0.001104s, min_time=0.000200s; SET_CUSTOM_META: req_count=195, req/min=38.99, avg_time=0.000079s, max_time=0.000388s, min_time=0.000033s
[36m(VLLMSamplerTQ pid=160665)[0m [2026-07-30 04:56:24][INFO:twinkle] Loading LoRA from /mnt/lv_model/npu60005420a/qy_owner_experiments_20260730/qy_owner_twinkle_full125_noeval_final_npu23/run_cwd/output/async_single_lora_gsm8k_accuracy/async-gsm8k_accuracy_lora-v16
[36m(SimpleStorageUnit pid=148626)[0m 2026-07-30 04:57:26,421 - INFO - transfer_queue.utils.perf_utils - TQ_STORAGE_UNIT_07ba66fb: [Performance] Total success requests: 156, Total req/min: 31.17, Total avg process time: 0.0135s; 
[36m(SimpleStorageUnit pid=148626)[0m Time range: last 5.00 minutes; 
[36m(SimpleStorageUnit pid=148626)[0m Per-operation statistics: GET_DATA: req_count=52, req/min=10.39, avg_time=0.013663s, max_time=0.021743s, min_time=0.010118s; PUT_DATA: req_count=101, req/min=20.18, avg_time=0.013362s, max_time=0.023823s, min_time=0.010110s; CLEAR_DATA: req_count=3, req/min=0.60, avg_time=0.016129s, max_time=0.016935s, min_time=0.015609s
[36m(SimpleStorageUnit pid=148628)[0m 2026-07-30 04:57:26,421 - INFO - transfer_queue.utils.perf_utils - TQ_STORAGE_UNIT_56f88ffb: [Performance] Total success requests: 156, Total req/min: 31.17, Total avg process time: 0.0128s; 
[36m(SimpleStorageUnit pid=148628)[0m Time range: last 5.00 minutes; 
[36m(SimpleStorageUnit pid=148628)[0m Per-operation statistics: GET_DATA: req_count=52, req/min=10.39, avg_time=0.012837s, max_time=0.020720s, min_time=0.010114s; PUT_DATA: req_count=101, req/min=20.18, avg_time=0.012721s, max_time=0.022808s, min_time=0.010170s; CLEAR_DATA: req_count=3, req/min=0.60, avg_time=0.016211s, max_time=0.017635s, min_time=0.014887s
[36m(VLLMSamplerTQ pid=160665)[0m [2026-07-30 04:58:03][INFO:twinkle] Loading LoRA from /mnt/lv_model/npu60005420a/qy_owner_experiments_20260730/qy_owner_twinkle_full125_noeval_final_npu23/run_cwd/output/async_single_lora_gsm8k_accuracy/async-gsm8k_accuracy_lora-v17
[36m(VLLMSamplerTQ pid=160665)[0m [2026-07-30 04:59:41][INFO:twinkle] Loading LoRA from /mnt/lv_model/npu60005420a/qy_owner_experiments_20260730/qy_owner_twinkle_full125_noeval_final_npu23/run_cwd/output/async_single_lora_gsm8k_accuracy/async-gsm8k_accuracy_lora-v18
[36m(VLLMSamplerTQ pid=160665)[0m [2026-07-30 05:01:19][INFO:twinkle] Loading LoRA from /mnt/lv_model/npu60005420a/qy_owner_experiments_20260730/qy_owner_twinkle_full125_noeval_final_npu23/run_cwd/output/async_single_lora_gsm8k_accuracy/async-gsm8k_accuracy_lora-v19
[36m(TransferQueueController pid=148633)[0m 2026-07-30 05:01:24,615 - INFO - transfer_queue.utils.perf_utils - TQ_CONTROLLER_3f91e081: [Performance] Total success requests: 11201, Total req/min: 2239.94, Total avg process time: 0.0006s; 
[36m(TransferQueueController pid=148633)[0m Time range: last 5.00 minutes; 
[36m(TransferQueueController pid=148633)[0m Per-operation statistics: GET_META: req_count=7948, req/min=1589.42, avg_time=0.000467s, max_time=0.003073s, min_time=0.000054s; GET_CONSUMPTION: req_count=2935, req/min=586.93, avg_time=0.001173s, max_time=0.003230s, min_time=0.000623s; NOTIFY_DATA_UPDATE: req_count=100, req/min=20.00, avg_time=0.000472s, max_time=0.001066s, min_time=0.000221s; SET_CUSTOM_META: req_count=212, req/min=42.40, avg_time=0.000085s, max_time=0.000284s, min_time=0.000033s; GET_PARTITION_META: req_count=3, req/min=0.60, avg_time=0.006831s, max_time=0.006858s, min_time=0.006778s; CLEAR_PARTITION: req_count=3, req/min=0.60, avg_time=0.001130s, max_time=0.001288s, min_time=0.000853s
[36m(SimpleStorageUnit pid=148626)[0m 2026-07-30 05:03:02,315 - INFO - transfer_queue.utils.perf_utils - TQ_STORAGE_UNIT_07ba66fb: [Performance] Total success requests: 196, Total req/min: 35.01, Total avg process time: 0.0138s; 
[36m(SimpleStorageUnit pid=148626)[0m Time range: last 5.60 minutes; 
[36m(SimpleStorageUnit pid=148626)[0m Per-operation statistics: PUT_DATA: req_count=126, req/min=22.51, avg_time=0.013414s, max_time=0.023531s, min_time=0.009960s; GET_DATA: req_count=66, req/min=11.79, avg_time=0.014229s, max_time=0.023274s, min_time=0.009832s; CLEAR_DATA: req_count=4, req/min=0.71, avg_time=0.018672s, max_time=0.026105s, min_time=0.015979s
[36m(SimpleStorageUnit pid=148628)[0m 2026-07-30 05:03:02,316 - INFO - transfer_queue.utils.perf_utils - TQ_STORAGE_UNIT_56f88ffb: [Performance] Total success requests: 196, Total req/min: 35.01, Total avg process time: 0.0131s; 
[36m(SimpleStorageUnit pid=148628)[0m Time range: last 5.60 minutes; 
[36m(SimpleStorageUnit pid=148628)[0m Per-operation statistics: PUT_DATA: req_count=126, req/min=22.51, avg_time=0.012752s, max_time=0.023113s, min_time=0.010000s; GET_DATA: req_count=66, req/min=11.79, avg_time=0.013397s, max_time=0.023282s, min_time=0.009918s; CLEAR_DATA: req_count=4, req/min=0.71, avg_time=0.018260s, max_time=0.027093s, min_time=0.014788s
[36m(VLLMSamplerTQ pid=160665)[0m [2026-07-30 05:03:02][INFO:twinkle] Loading LoRA from /mnt/lv_model/npu60005420a/qy_owner_experiments_20260730/qy_owner_twinkle_full125_noeval_final_npu23/run_cwd/output/async_single_lora_gsm8k_accuracy/async-gsm8k_accuracy_lora-v20
[36m(VLLMSamplerTQ pid=160665)[0m [2026-07-30 05:04:43][INFO:twinkle] Loading LoRA from /mnt/lv_model/npu60005420a/qy_owner_experiments_20260730/qy_owner_twinkle_full125_noeval_final_npu23/run_cwd/output/async_single_lora_gsm8k_accuracy/async-gsm8k_accuracy_lora-v21
[36m(VLLMSamplerTQ pid=160665)[0m [2026-07-30 05:06:20][INFO:twinkle] Loading LoRA from /mnt/lv_model/npu60005420a/qy_owner_experiments_20260730/qy_owner_twinkle_full125_noeval_final_npu23/run_cwd/output/async_single_lora_gsm8k_accuracy/async-gsm8k_accuracy_lora-v22
[36m(TransferQueueController pid=148633)[0m 2026-07-30 05:06:24,636 - INFO - transfer_queue.utils.perf_utils - TQ_CONTROLLER_3f91e081: [Performance] Total success requests: 10705, Total req/min: 2140.85, Total avg process time: 0.0007s; 
[36m(TransferQueueController pid=148633)[0m Time range: last 5.00 minutes; 
[36m(TransferQueueController pid=148633)[0m Per-operation statistics: GET_CONSUMPTION: req_count=2722, req/min=544.36, avg_time=0.001167s, max_time=0.002940s, min_time=0.000130s; GET_META: req_count=7683, req/min=1536.49, avg_time=0.000511s, max_time=0.002599s, min_time=0.000053s; SET_CUSTOM_META: req_count=195, req/min=39.00, avg_time=0.000082s, max_time=0.000157s, min_time=0.000032s; NOTIFY_DATA_UPDATE: req_count=99, req/min=19.80, avg_time=0.000486s, max_time=0.001207s, min_time=0.000200s; GET_PARTITION_META: req_count=3, req/min=0.60, avg_time=0.006609s, max_time=0.006964s, min_time=0.006255s; CLEAR_PARTITION: req_count=3, req/min=0.60, avg_time=0.001066s, max_time=0.001167s, min_time=0.000960s
[36m(VLLMSamplerTQ pid=160665)[0m [2026-07-30 05:08:00][INFO:twinkle] Loading LoRA from /mnt/lv_model/npu60005420a/qy_owner_experiments_20260730/qy_owner_twinkle_full125_noeval_final_npu23/run_cwd/output/async_single_lora_gsm8k_accuracy/async-gsm8k_accuracy_lora-v23
[36m(SimpleStorageUnit pid=148626)[0m 2026-07-30 05:08:42,102 - INFO - transfer_queue.utils.perf_utils - TQ_STORAGE_UNIT_07ba66fb: [Performance] Total success requests: 155, Total req/min: 27.37, Total avg process time: 0.0133s; 
[36m(SimpleStorageUnit pid=148626)[0m Time range: last 5.66 minutes; 
[36m(SimpleStorageUnit pid=148626)[0m Per-operation statistics: PUT_DATA: req_count=101, req/min=17.83, avg_time=0.013205s, max_time=0.024738s, min_time=0.009323s; GET_DATA: req_count=51, req/min=9.01, avg_time=0.013429s, max_time=0.015022s, min_time=0.009983s; CLEAR_DATA: req_count=3, req/min=0.53, avg_time=0.016510s, max_time=0.017915s, min_time=0.015735s
[36m(SimpleStorageUnit pid=148628)[0m 2026-07-30 05:08:42,102 - INFO - transfer_queue.utils.perf_utils - TQ_STORAGE_UNIT_56f88ffb: [Performance] Total success requests: 155, Total req/min: 27.37, Total avg process time: 0.0128s; 
[36m(SimpleStorageUnit pid=148628)[0m Time range: last 5.66 minutes; 
[36m(SimpleStorageUnit pid=148628)[0m Per-operation statistics: PUT_DATA: req_count=101, req/min=17.83, avg_time=0.012659s, max_time=0.024933s, min_time=0.009555s; GET_DATA: req_count=51, req/min=9.01, avg_time=0.012811s, max_time=0.014718s, min_time=0.010237s; CLEAR_DATA: req_count=3, req/min=0.53, avg_time=0.014992s, max_time=0.015207s, min_time=0.014782s
[36m(VLLMSamplerTQ pid=160665)[0m [2026-07-30 05:09:39][INFO:twinkle] Loading LoRA from /mnt/lv_model/npu60005420a/qy_owner_experiments_20260730/qy_owner_twinkle_full125_noeval_final_npu23/run_cwd/output/async_single_lora_gsm8k_accuracy/async-gsm8k_accuracy_lora-v24
[36m(VLLMSamplerTQ pid=160665)[0m [2026-07-30 05:11:17][INFO:twinkle] Loading LoRA from /mnt/lv_model/npu60005420a/qy_owner_experiments_20260730/qy_owner_twinkle_full125_noeval_final_npu23/run_cwd/output/async_single_lora_gsm8k_accuracy/async-gsm8k_accuracy_lora-v25
[36m(TransferQueueController pid=148633)[0m 2026-07-30 05:11:24,681 - INFO - transfer_queue.utils.perf_utils - TQ_CONTROLLER_3f91e081: [Performance] Total success requests: 10839, Total req/min: 2167.48, Total avg process time: 0.0007s; 
[36m(TransferQueueController pid=148633)[0m Time range: last 5.00 minutes; 
[36m(TransferQueueController pid=148633)[0m Per-operation statistics: GET_META: req_count=7747, req/min=1549.17, avg_time=0.000570s, max_time=0.003110s, min_time=0.000052s; GET_CONSUMPTION: req_count=2792, req/min=558.32, avg_time=0.001121s, max_time=0.002335s, min_time=0.000112s; SET_CUSTOM_META: req_count=195, req/min=38.99, avg_time=0.000084s, max_time=0.000270s, min_time=0.000038s; NOTIFY_DATA_UPDATE: req_count=99, req/min=19.80, avg_time=0.000475s, max_time=0.000719s, min_time=0.000213s; GET_PARTITION_META: req_count=3, req/min=0.60, avg_time=0.006664s, max_time=0.007076s, min_time=0.006447s; CLEAR_PARTITION: req_count=3, req/min=0.60, avg_time=0.001151s, max_time=0.001224s, min_time=0.001086s
[36m(VLLMSamplerTQ pid=160665)[0m [2026-07-30 05:12:58][INFO:twinkle] Loading LoRA from /mnt/lv_model/npu60005420a/qy_owner_experiments_20260730/qy_owner_twinkle_full125_noeval_final_npu23/run_cwd/output/async_single_lora_gsm8k_accuracy/async-gsm8k_accuracy_lora-v26
[36m(SimpleStorageUnit pid=148626)[0m 2026-07-30 05:13:52,630 - INFO - transfer_queue.utils.perf_utils - TQ_STORAGE_UNIT_07ba66fb: [Performance] Total success requests: 159, Total req/min: 30.72, Total avg process time: 0.0133s; 
[36m(SimpleStorageUnit pid=148626)[0m Time range: last 5.18 minutes; 
[36m(SimpleStorageUnit pid=148626)[0m Per-operation statistics: GET_DATA: req_count=53, req/min=10.24, avg_time=0.013666s, max_time=0.023622s, min_time=0.009836s; PUT_DATA: req_count=103, req/min=19.90, avg_time=0.013047s, max_time=0.023668s, min_time=0.009827s; CLEAR_DATA: req_count=3, req/min=0.58, avg_time=0.015502s, max_time=0.016010s, min_time=0.014761s
[36m(SimpleStorageUnit pid=148628)[0m 2026-07-30 05:13:52,630 - INFO - transfer_queue.utils.perf_utils - TQ_STORAGE_UNIT_56f88ffb: [Performance] Total success requests: 159, Total req/min: 30.72, Total avg process time: 0.0125s; 
[36m(SimpleStorageUnit pid=148628)[0m Time range: last 5.18 minutes; 
[36m(SimpleStorageUnit pid=148628)[0m Per-operation statistics: GET_DATA: req_count=53, req/min=10.24, avg_time=0.012769s, max_time=0.022690s, min_time=0.009814s; PUT_DATA: req_count=103, req/min=19.90, avg_time=0.012366s, max_time=0.023747s, min_time=0.009878s; CLEAR_DATA: req_count=3, req/min=0.58, avg_time=0.014558s, max_time=0.015185s, min_time=0.013756s
[36m(VLLMSamplerTQ pid=160665)[0m [2026-07-30 05:14:31][INFO:twinkle] Loading LoRA from /mnt/lv_model/npu60005420a/qy_owner_experiments_20260730/qy_owner_twinkle_full125_noeval_final_npu23/run_cwd/output/async_single_lora_gsm8k_accuracy/async-gsm8k_accuracy_lora-v27
[36m(VLLMSamplerTQ pid=160665)[0m [2026-07-30 05:16:08][INFO:twinkle] Loading LoRA from /mnt/lv_model/npu60005420a/qy_owner_experiments_20260730/qy_owner_twinkle_full125_noeval_final_npu23/run_cwd/output/async_single_lora_gsm8k_accuracy/async-gsm8k_accuracy_lora-v28
[36m(TransferQueueController pid=148633)[0m 2026-07-30 05:16:24,681 - INFO - transfer_queue.utils.perf_utils - TQ_CONTROLLER_3f91e081: [Performance] Total success requests: 10989, Total req/min: 2197.79, Total avg process time: 0.0007s; 
[36m(TransferQueueController pid=148633)[0m Time range: last 5.00 minutes; 
[36m(TransferQueueController pid=148633)[0m Per-operation statistics: GET_CONSUMPTION: req_count=2859, req/min=571.80, avg_time=0.001207s, max_time=0.003463s, min_time=0.000112s; GET_META: req_count=7830, req/min=1565.99, avg_time=0.000533s, max_time=0.004299s, min_time=0.000053s; SET_CUSTOM_META: req_count=195, req/min=39.00, avg_time=0.000086s, max_time=0.000344s, min_time=0.000033s; NOTIFY_DATA_UPDATE: req_count=99, req/min=19.80, avg_time=0.000447s, max_time=0.000954s, min_time=0.000198s; GET_PARTITION_META: req_count=3, req/min=0.60, avg_time=0.006483s, max_time=0.006706s, min_time=0.006321s; CLEAR_PARTITION: req_count=3, req/min=0.60, avg_time=0.001152s, max_time=0.001374s, min_time=0.000935s
[36m(VLLMSamplerTQ pid=160665)[0m [2026-07-30 05:17:44][INFO:twinkle] Loading LoRA from /mnt/lv_model/npu60005420a/qy_owner_experiments_20260730/qy_owner_twinkle_full125_noeval_final_npu23/run_cwd/output/async_single_lora_gsm8k_accuracy/async-gsm8k_accuracy_lora-v29
[36m(SimpleStorageUnit pid=148626)[0m 2026-07-30 05:19:26,008 - INFO - transfer_queue.utils.perf_utils - TQ_STORAGE_UNIT_07ba66fb: [Performance] Total success requests: 196, Total req/min: 35.28, Total avg process time: 0.0134s; 
[36m(SimpleStorageUnit pid=148626)[0m Time range: last 5.56 minutes; 
[36m(SimpleStorageUnit pid=148626)[0m Per-operation statistics: GET_DATA: req_count=66, req/min=11.88, avg_time=0.013431s, max_time=0.015239s, min_time=0.010048s; PUT_DATA: req_count=126, req/min=22.68, avg_time=0.013333s, max_time=0.026203s, min_time=0.009382s; CLEAR_DATA: req_count=4, req/min=0.72, avg_time=0.015805s, max_time=0.015897s, min_time=0.015714s
[36m(SimpleStorageUnit pid=148628)[0m 2026-07-30 05:19:26,008 - INFO - transfer_queue.utils.perf_utils - TQ_STORAGE_UNIT_56f88ffb: [Performance] Total success requests: 196, Total req/min: 35.28, Total avg process time: 0.0127s; 
[36m(SimpleStorageUnit pid=148628)[0m Time range: last 5.56 minutes; 
[36m(SimpleStorageUnit pid=148628)[0m Per-operation statistics: GET_DATA: req_count=66, req/min=11.88, avg_time=0.012547s, max_time=0.014434s, min_time=0.009954s; PUT_DATA: req_count=126, req/min=22.68, avg_time=0.012702s, max_time=0.026296s, min_time=0.009657s; CLEAR_DATA: req_count=4, req/min=0.72, avg_time=0.015122s, max_time=0.015620s, min_time=0.014844s
[36m(VLLMSamplerTQ pid=160665)[0m [2026-07-30 05:19:26][INFO:twinkle] Loading LoRA from /mnt/lv_model/npu60005420a/qy_owner_experiments_20260730/qy_owner_twinkle_full125_noeval_final_npu23/run_cwd/output/async_single_lora_gsm8k_accuracy/async-gsm8k_accuracy_lora-v30
[36m(VLLMSamplerTQ pid=160665)[0m [2026-07-30 05:21:01][INFO:twinkle] Loading LoRA from /mnt/lv_model/npu60005420a/qy_owner_experiments_20260730/qy_owner_twinkle_full125_noeval_final_npu23/run_cwd/output/async_single_lora_gsm8k_accuracy/async-gsm8k_accuracy_lora-v31
[36m(TransferQueueController pid=148633)[0m 2026-07-30 05:21:24,686 - INFO - transfer_queue.utils.perf_utils - TQ_CONTROLLER_3f91e081: [Performance] Total success requests: 11110, Total req/min: 2221.98, Total avg process time: 0.0006s; 
[36m(TransferQueueController pid=148633)[0m Time range: last 5.00 minutes; 
[36m(TransferQueueController pid=148633)[0m Per-operation statistics: GET_META: req_count=7911, req/min=1582.18, avg_time=0.000484s, max_time=0.002720s, min_time=0.000051s; GET_CONSUMPTION: req_count=2899, req/min=579.79, avg_time=0.001086s, max_time=0.003602s, min_time=0.000625s; SET_CUSTOM_META: req_count=195, req/min=39.00, avg_time=0.000083s, max_time=0.000323s, min_time=0.000031s; NOTIFY_DATA_UPDATE: req_count=99, req/min=19.80, avg_time=0.000477s, max_time=0.001147s, min_time=0.000207s; GET_PARTITION_META: req_count=3, req/min=0.60, avg_time=0.006307s, max_time=0.006520s, min_time=0.006161s; CLEAR_PARTITION: req_count=3, req/min=0.60, avg_time=0.000842s, max_time=0.001257s, min_time=0.000618s
[36m(VLLMSamplerTQ pid=160665)[0m [2026-07-30 05:22:35][INFO:twinkle] Loading LoRA from /mnt/lv_model/npu60005420a/qy_owner_experiments_20260730/qy_owner_twinkle_full125_noeval_final_npu23/run_cwd/output/async_single_lora_gsm8k_accuracy/async-gsm8k_accuracy_lora-v32
[36m(VLLMSamplerTQ pid=160665)[0m [2026-07-30 05:24:11][INFO:twinkle] Loading LoRA from /mnt/lv_model/npu60005420a/qy_owner_experiments_20260730/qy_owner_twinkle_full125_noeval_final_npu23/run_cwd/output/async_single_lora_gsm8k_accuracy/async-gsm8k_accuracy_lora-v33
[36m(SimpleStorageUnit pid=148626)[0m 2026-07-30 05:24:44,222 - INFO - transfer_queue.utils.perf_utils - TQ_STORAGE_UNIT_07ba66fb: [Performance] Total success requests: 155, Total req/min: 29.23, Total avg process time: 0.0137s; 
[36m(SimpleStorageUnit pid=148626)[0m Time range: last 5.30 minutes; 
[36m(SimpleStorageUnit pid=148626)[0m Per-operation statistics: PUT_DATA: req_count=101, req/min=19.04, avg_time=0.013526s, max_time=0.025380s, min_time=0.010121s; GET_DATA: req_count=51, req/min=9.62, avg_time=0.013913s, max_time=0.022085s, min_time=0.010153s; CLEAR_DATA: req_count=3, req/min=0.57, avg_time=0.018254s, max_time=0.022532s, min_time=0.016063s
[36m(SimpleStorageUnit pid=148628)[0m 2026-07-30 05:24:44,222 - INFO - transfer_queue.utils.perf_utils - TQ_STORAGE_UNIT_56f88ffb: [Performance] Total success requests: 155, Total req/min: 29.23, Total avg process time: 0.0130s; 
[36m(SimpleStorageUnit pid=148628)[0m Time range: last 5.30 minutes; 
[36m(SimpleStorageUnit pid=148628)[0m Per-operation statistics: PUT_DATA: req_count=101, req/min=19.04, avg_time=0.012826s, max_time=0.026081s, min_time=0.010130s; GET_DATA: req_count=51, req/min=9.62, avg_time=0.013020s, max_time=0.021798s, min_time=0.010261s; CLEAR_DATA: req_count=3, req/min=0.57, avg_time=0.017649s, max_time=0.023590s, min_time=0.014473s
[36m(VLLMSamplerTQ pid=160665)[0m [2026-07-30 05:25:49][INFO:twinkle] Loading LoRA from /mnt/lv_model/npu60005420a/qy_owner_experiments_20260730/qy_owner_twinkle_full125_noeval_final_npu23/run_cwd/output/async_single_lora_gsm8k_accuracy/async-gsm8k_accuracy_lora-v34
[36m(TransferQueueController pid=148633)[0m 2026-07-30 05:26:24,686 - INFO - transfer_queue.utils.perf_utils - TQ_CONTROLLER_3f91e081: [Performance] Total success requests: 11116, Total req/min: 2223.20, Total avg process time: 0.0007s; 
[36m(TransferQueueController pid=148633)[0m Time range: last 5.00 minutes; 
[36m(TransferQueueController pid=148633)[0m Per-operation statistics: GET_META: req_count=7910, req/min=1582.00, avg_time=0.000530s, max_time=0.003651s, min_time=0.000051s; GET_CONSUMPTION: req_count=2901, req/min=580.20, avg_time=0.001092s, max_time=0.003050s, min_time=0.000106s; SET_CUSTOM_META: req_count=198, req/min=39.60, avg_time=0.000079s, max_time=0.000198s, min_time=0.000028s; NOTIFY_DATA_UPDATE: req_count=101, req/min=20.20, avg_time=0.000432s, max_time=0.001037s, min_time=0.000199s; GET_PARTITION_META: req_count=3, req/min=0.60, avg_time=0.006854s, max_time=0.007088s, min_time=0.006532s; CLEAR_PARTITION: req_count=3, req/min=0.60, avg_time=0.001059s, max_time=0.001193s, min_time=0.000873s
[36m(VLLMSamplerTQ pid=160665)[0m [2026-07-30 05:27:21][INFO:twinkle] Loading LoRA from /mnt/lv_model/npu60005420a/qy_owner_experiments_20260730/qy_owner_twinkle_full125_noeval_final_npu23/run_cwd/output/async_single_lora_gsm8k_accuracy/async-gsm8k_accuracy_lora-v35
[36m(VLLMSamplerTQ pid=160665)[0m [2026-07-30 05:29:02][INFO:twinkle] Loading LoRA from /mnt/lv_model/npu60005420a/qy_owner_experiments_20260730/qy_owner_twinkle_full125_noeval_final_npu23/run_cwd/output/async_single_lora_gsm8k_accuracy/async-gsm8k_accuracy_lora-v36
[36m(SimpleStorageUnit pid=148626)[0m 2026-07-30 05:29:47,972 - INFO - transfer_queue.utils.perf_utils - TQ_STORAGE_UNIT_07ba66fb: [Performance] Total success requests: 162, Total req/min: 32.00, Total avg process time: 0.0146s; 
[36m(SimpleStorageUnit pid=148626)[0m Time range: last 5.06 minutes; 
[36m(SimpleStorageUnit pid=148626)[0m Per-operation statistics: GET_DATA: req_count=54, req/min=10.67, avg_time=0.014543s, max_time=0.023992s, min_time=0.010247s; PUT_DATA: req_count=105, req/min=20.74, avg_time=0.014629s, max_time=0.023248s, min_time=0.010092s; CLEAR_DATA: req_count=3, req/min=0.59, avg_time=0.015985s, max_time=0.016126s, min_time=0.015897s
[36m(SimpleStorageUnit pid=148628)[0m 2026-07-30 05:29:47,972 - INFO - transfer_queue.utils.perf_utils - TQ_STORAGE_UNIT_56f88ffb: [Performance] Total success requests: 162, Total req/min: 32.00, Total avg process time: 0.0140s; 
[36m(SimpleStorageUnit pid=148628)[0m Time range: last 5.06 minutes; 
[36m(SimpleStorageUnit pid=148628)[0m Per-operation statistics: GET_DATA: req_count=54, req/min=10.67, avg_time=0.013734s, max_time=0.023780s, min_time=0.010139s; PUT_DATA: req_count=105, req/min=20.74, avg_time=0.014082s, max_time=0.024595s, min_time=0.010201s; CLEAR_DATA: req_count=3, req/min=0.59, avg_time=0.014634s, max_time=0.014832s, min_time=0.014442s
[36m(VLLMSamplerTQ pid=160665)[0m [2026-07-30 05:30:38][INFO:twinkle] Loading LoRA from /mnt/lv_model/npu60005420a/qy_owner_experiments_20260730/qy_owner_twinkle_full125_noeval_final_npu23/run_cwd/output/async_single_lora_gsm8k_accuracy/async-gsm8k_accuracy_lora-v37
[36m(TransferQueueController pid=148633)[0m 2026-07-30 05:31:24,696 - INFO - transfer_queue.utils.perf_utils - TQ_CONTROLLER_3f91e081: [Performance] Total success requests: 11153, Total req/min: 2230.53, Total avg process time: 0.0007s; 
[36m(TransferQueueController pid=148633)[0m Time range: last 5.00 minutes; 
[36m(TransferQueueController pid=148633)[0m Per-operation statistics: GET_META: req_count=7919, req/min=1583.75, avg_time=0.000531s, max_time=0.004191s, min_time=0.000052s; GET_CONSUMPTION: req_count=2919, req/min=583.78, avg_time=0.001110s, max_time=0.002635s, min_time=0.000625s; SET_CUSTOM_META: req_count=204, req/min=40.80, avg_time=0.000078s, max_time=0.000291s, min_time=0.000028s; NOTIFY_DATA_UPDATE: req_count=105, req/min=21.00, avg_time=0.000465s, max_time=0.000848s, min_time=0.000199s; GET_PARTITION_META: req_count=3, req/min=0.60, avg_time=0.006420s, max_time=0.007072s, min_time=0.005842s; CLEAR_PARTITION: req_count=3, req/min=0.60, avg_time=0.000881s, max_time=0.001069s, min_time=0.000562s
[36m(VLLMSamplerTQ pid=160665)[0m [2026-07-30 05:32:12][INFO:twinkle] Loading LoRA from /mnt/lv_model/npu60005420a/qy_owner_experiments_20260730/qy_owner_twinkle_full125_noeval_final_npu23/run_cwd/output/async_single_lora_gsm8k_accuracy/async-gsm8k_accuracy_lora-v38
[36m(VLLMSamplerTQ pid=160665)[0m [2026-07-30 05:33:45][INFO:twinkle] Loading LoRA from /mnt/lv_model/npu60005420a/qy_owner_experiments_20260730/qy_owner_twinkle_full125_noeval_final_npu23/run_cwd/output/async_single_lora_gsm8k_accuracy/async-gsm8k_accuracy_lora-v39
[36m(SimpleStorageUnit pid=148626)[0m 2026-07-30 05:35:15,286 - INFO - transfer_queue.utils.perf_utils - TQ_STORAGE_UNIT_07ba66fb: [Performance] Total success requests: 193, Total req/min: 35.38, Total avg process time: 0.0136s; 
[36m(SimpleStorageUnit pid=148626)[0m Time range: last 5.46 minutes; 
[36m(SimpleStorageUnit pid=148626)[0m Per-operation statistics: GET_DATA: req_count=65, req/min=11.92, avg_time=0.013567s, max_time=0.021922s, min_time=0.010244s; PUT_DATA: req_count=124, req/min=22.73, avg_time=0.013508s, max_time=0.024324s, min_time=0.010227s; CLEAR_DATA: req_count=4, req/min=0.73, avg_time=0.015681s, max_time=0.015939s, min_time=0.015468s
[36m(SimpleStorageUnit pid=148628)[0m 2026-07-30 05:35:15,286 - INFO - transfer_queue.utils.perf_utils - TQ_STORAGE_UNIT_56f88ffb: [Performance] Total success requests: 193, Total req/min: 35.38, Total avg process time: 0.0126s; 
[36m(SimpleStorageUnit pid=148628)[0m Time range: last 5.46 minutes; 
[36m(SimpleStorageUnit pid=148628)[0m Per-operation statistics: GET_DATA: req_count=65, req/min=11.92, avg_time=0.012685s, max_time=0.022257s, min_time=0.010109s; PUT_DATA: req_count=124, req/min=22.73, avg_time=0.012409s, max_time=0.023981s, min_time=0.009512s; CLEAR_DATA: req_count=4, req/min=0.73, avg_time=0.014975s, max_time=0.015254s, min_time=0.014738s
[36m(VLLMSamplerTQ pid=160665)[0m [2026-07-30 05:35:15][INFO:twinkle] Loading LoRA from /mnt/lv_model/npu60005420a/qy_owner_experiments_20260730/qy_owner_twinkle_full125_noeval_final_npu23/run_cwd/output/async_single_lora_gsm8k_accuracy/async-gsm8k_accuracy_lora-v40
[36m(TransferQueueController pid=148633)[0m 2026-07-30 05:36:24,731 - INFO - transfer_queue.utils.perf_utils - TQ_CONTROLLER_3f91e081: [Performance] Total success requests: 10834, Total req/min: 2166.54, Total avg process time: 0.0006s; 
[36m(TransferQueueController pid=148633)[0m Time range: last 5.00 minutes; 
[36m(TransferQueueController pid=148633)[0m Per-operation statistics: GET_META: req_count=7724, req/min=1544.61, avg_time=0.000501s, max_time=0.002587s, min_time=0.000052s; GET_CONSUMPTION: req_count=2750, req/min=549.93, avg_time=0.001039s, max_time=0.003528s, min_time=0.000126s; SET_CUSTOM_META: req_count=231, req/min=46.19, avg_time=0.000076s, max_time=0.000317s, min_time=0.000035s; NOTIFY_DATA_UPDATE: req_count=123, req/min=24.60, avg_time=0.000428s, max_time=0.001406s, min_time=0.000209s; GET_PARTITION_META: req_count=3, req/min=0.60, avg_time=0.007599s, max_time=0.007943s, min_time=0.007005s; CLEAR_PARTITION: req_count=3, req/min=0.60, avg_time=0.001040s, max_time=0.001151s, min_time=0.000843s
[36m(VLLMSamplerTQ pid=160665)[0m [2026-07-30 05:36:49][INFO:twinkle] Loading LoRA from /mnt/lv_model/npu60005420a/qy_owner_experiments_20260730/qy_owner_twinkle_full125_noeval_final_npu23/run_cwd/output/async_single_lora_gsm8k_accuracy/async-gsm8k_accuracy_lora-v41
[36m(VLLMSamplerTQ pid=160665)[0m [2026-07-30 05:38:23][INFO:twinkle] Loading LoRA from /mnt/lv_model/npu60005420a/qy_owner_experiments_20260730/qy_owner_twinkle_full125_noeval_final_npu23/run_cwd/output/async_single_lora_gsm8k_accuracy/async-gsm8k_accuracy_lora-v42
[36m(VLLMSamplerTQ pid=160665)[0m [2026-07-30 05:39:56][INFO:twinkle] Loading LoRA from /mnt/lv_model/npu60005420a/qy_owner_experiments_20260730/qy_owner_twinkle_full125_noeval_final_npu23/run_cwd/output/async_single_lora_gsm8k_accuracy/async-gsm8k_accuracy_lora-v43
[36m(SimpleStorageUnit pid=148626)[0m 2026-07-30 05:40:22,146 - INFO - transfer_queue.utils.perf_utils - TQ_STORAGE_UNIT_07ba66fb: [Performance] Total success requests: 155, Total req/min: 30.31, Total avg process time: 0.0137s; 
[36m(SimpleStorageUnit pid=148626)[0m Time range: last 5.11 minutes; 
[36m(SimpleStorageUnit pid=148626)[0m Per-operation statistics: PUT_DATA: req_count=101, req/min=19.75, avg_time=0.013667s, max_time=0.024228s, min_time=0.010042s; GET_DATA: req_count=51, req/min=9.97, avg_time=0.013801s, max_time=0.022308s, min_time=0.009928s; CLEAR_DATA: req_count=3, req/min=0.59, avg_time=0.015500s, max_time=0.015672s, min_time=0.015298s
[36m(SimpleStorageUnit pid=148628)[0m 2026-07-30 05:40:22,144 - INFO - transfer_queue.utils.perf_utils - TQ_STORAGE_UNIT_56f88ffb: [Performance] Total success requests: 155, Total req/min: 30.31, Total avg process time: 0.0127s; 
[36m(SimpleStorageUnit pid=148628)[0m Time range: last 5.11 minutes; 
[36m(SimpleStorageUnit pid=148628)[0m Per-operation statistics: PUT_DATA: req_count=101, req/min=19.75, avg_time=0.012782s, max_time=0.023349s, min_time=0.010230s; GET_DATA: req_count=51, req/min=9.97, avg_time=0.012484s, max_time=0.021093s, min_time=0.010194s; CLEAR_DATA: req_count=3, req/min=0.59, avg_time=0.014901s, max_time=0.015105s, min_time=0.014543s
[36m(TransferQueueController pid=148633)[0m 2026-07-30 05:41:24,786 - INFO - transfer_queue.utils.perf_utils - TQ_CONTROLLER_3f91e081: [Performance] Total success requests: 10471, Total req/min: 2093.82, Total avg process time: 0.0006s; 
[36m(TransferQueueController pid=148633)[0m Time range: last 5.00 minutes; 
[36m(TransferQueueController pid=148633)[0m Per-operation statistics: GET_META: req_count=7572, req/min=1514.12, avg_time=0.000506s, max_time=0.003490s, min_time=0.000052s; GET_CONSUMPTION: req_count=2599, req/min=519.71, avg_time=0.001030s, max_time=0.004250s, min_time=0.000079s; GET_PARTITION_META: req_count=3, req/min=0.60, avg_time=0.006517s, max_time=0.007404s, min_time=0.005851s; CLEAR_PARTITION: req_count=3, req/min=0.60, avg_time=0.000666s, max_time=0.000910s, min_time=0.000457s; NOTIFY_DATA_UPDATE: req_count=99, req/min=19.80, avg_time=0.000465s, max_time=0.001319s, min_time=0.000207s; SET_CUSTOM_META: req_count=195, req/min=38.99, avg_time=0.000071s, max_time=0.000386s, min_time=0.000028s
[36m(VLLMSamplerTQ pid=160665)[0m [2026-07-30 05:41:25][INFO:twinkle] Loading LoRA from /mnt/lv_model/npu60005420a/qy_owner_experiments_20260730/qy_owner_twinkle_full125_noeval_final_npu23/run_cwd/output/async_single_lora_gsm8k_accuracy/async-gsm8k_accuracy_lora-v44
[36m(VLLMSamplerTQ pid=160665)[0m [2026-07-30 05:42:55][INFO:twinkle] Loading LoRA from /mnt/lv_model/npu60005420a/qy_owner_experiments_20260730/qy_owner_twinkle_full125_noeval_final_npu23/run_cwd/output/async_single_lora_gsm8k_accuracy/async-gsm8k_accuracy_lora-v45
[36m(VLLMSamplerTQ pid=160665)[0m [2026-07-30 05:44:25][INFO:twinkle] Loading LoRA from /mnt/lv_model/npu60005420a/qy_owner_experiments_20260730/qy_owner_twinkle_full125_noeval_final_npu23/run_cwd/output/async_single_lora_gsm8k_accuracy/async-gsm8k_accuracy_lora-v46
[36m(SimpleStorageUnit pid=148626)[0m 2026-07-30 05:45:57,227 - INFO - transfer_queue.utils.perf_utils - TQ_STORAGE_UNIT_07ba66fb: [Performance] Total success requests: 202, Total req/min: 36.17, Total avg process time: 0.0139s; 
[36m(SimpleStorageUnit pid=148626)[0m Time range: last 5.58 minutes; 
[36m(SimpleStorageUnit pid=148626)[0m Per-operation statistics: GET_DATA: req_count=68, req/min=12.18, avg_time=0.013789s, max_time=0.020277s, min_time=0.010428s; PUT_DATA: req_count=130, req/min=23.28, avg_time=0.013911s, max_time=0.023454s, min_time=0.010279s; CLEAR_DATA: req_count=4, req/min=0.72, avg_time=0.015813s, max_time=0.016079s, min_time=0.015061s
[36m(SimpleStorageUnit pid=148628)[0m 2026-07-30 05:45:57,227 - INFO - transfer_queue.utils.perf_utils - TQ_STORAGE_UNIT_56f88ffb: [Performance] Total success requests: 202, Total req/min: 36.17, Total avg process time: 0.0130s; 
[36m(SimpleStorageUnit pid=148628)[0m Time range: last 5.58 minutes; 
[36m(SimpleStorageUnit pid=148628)[0m Per-operation statistics: GET_DATA: req_count=68, req/min=12.18, avg_time=0.012753s, max_time=0.020495s, min_time=0.010652s; PUT_DATA: req_count=130, req/min=23.28, avg_time=0.013095s, max_time=0.023452s, min_time=0.010150s; CLEAR_DATA: req_count=4, req/min=0.72, avg_time=0.014455s, max_time=0.015274s, min_time=0.012583s
[36m(VLLMSamplerTQ pid=160665)[0m [2026-07-30 05:45:57][INFO:twinkle] Loading LoRA from /mnt/lv_model/npu60005420a/qy_owner_experiments_20260730/qy_owner_twinkle_full125_noeval_final_npu23/run_cwd/output/async_single_lora_gsm8k_accuracy/async-gsm8k_accuracy_lora-v47
[36m(TransferQueueController pid=148633)[0m 2026-07-30 05:46:24,788 - INFO - transfer_queue.utils.perf_utils - TQ_CONTROLLER_3f91e081: [Performance] Total success requests: 11251, Total req/min: 2250.19, Total avg process time: 0.0007s; 
[36m(TransferQueueController pid=148633)[0m Time range: last 5.00 minutes; 
[36m(TransferQueueController pid=148633)[0m Per-operation statistics: GET_META: req_count=7951, req/min=1590.19, avg_time=0.000554s, max_time=0.002801s, min_time=0.000050s; GET_CONSUMPTION: req_count=2975, req/min=595.00, avg_time=0.001138s, max_time=0.003155s, min_time=0.000621s; GET_PARTITION_META: req_count=4, req/min=0.80, avg_time=0.006353s, max_time=0.006826s, min_time=0.005603s; CLEAR_PARTITION: req_count=4, req/min=0.80, avg_time=0.001186s, max_time=0.001215s, min_time=0.001121s; NOTIFY_DATA_UPDATE: req_count=102, req/min=20.40, avg_time=0.000477s, max_time=0.001131s, min_time=0.000216s; SET_CUSTOM_META: req_count=215, req/min=43.00, avg_time=0.000072s, max_time=0.000184s, min_time=0.000028s
[36m(VLLMSamplerTQ pid=160665)[0m [2026-07-30 05:47:30][INFO:twinkle] Loading LoRA from /mnt/lv_model/npu60005420a/qy_owner_experiments_20260730/qy_owner_twinkle_full125_noeval_final_npu23/run_cwd/output/async_single_lora_gsm8k_accuracy/async-gsm8k_accuracy_lora-v48
[36m(VLLMSamplerTQ pid=160665)[0m [2026-07-30 05:49:02][INFO:twinkle] Loading LoRA from /mnt/lv_model/npu60005420a/qy_owner_experiments_20260730/qy_owner_twinkle_full125_noeval_final_npu23/run_cwd/output/async_single_lora_gsm8k_accuracy/async-gsm8k_accuracy_lora-v49
[36m(VLLMSamplerTQ pid=160665)[0m [2026-07-30 05:50:37][INFO:twinkle] Loading LoRA from /mnt/lv_model/npu60005420a/qy_owner_experiments_20260730/qy_owner_twinkle_full125_noeval_final_npu23/run_cwd/output/async_single_lora_gsm8k_accuracy/async-gsm8k_accuracy_lora-v50
[36m(SimpleStorageUnit pid=148626)[0m 2026-07-30 05:51:02,545 - INFO - transfer_queue.utils.perf_utils - TQ_STORAGE_UNIT_07ba66fb: [Performance] Total success requests: 155, Total req/min: 30.46, Total avg process time: 0.0137s; 
[36m(SimpleStorageUnit pid=148626)[0m Time range: last 5.09 minutes; 
[36m(SimpleStorageUnit pid=148626)[0m Per-operation statistics: PUT_DATA: req_count=101, req/min=19.85, avg_time=0.013579s, max_time=0.024263s, min_time=0.010064s; GET_DATA: req_count=51, req/min=10.02, avg_time=0.013773s, max_time=0.024871s, min_time=0.009994s; CLEAR_DATA: req_count=3, req/min=0.59, avg_time=0.015480s, max_time=0.016146s, min_time=0.014989s
[36m(SimpleStorageUnit pid=148628)[0m 2026-07-30 05:51:02,543 - INFO - transfer_queue.utils.perf_utils - TQ_STORAGE_UNIT_56f88ffb: [Performance] Total success requests: 155, Total req/min: 30.46, Total avg process time: 0.0130s; 
[36m(SimpleStorageUnit pid=148628)[0m Time range: last 5.09 minutes; 
[36m(SimpleStorageUnit pid=148628)[0m Per-operation statistics: PUT_DATA: req_count=101, req/min=19.85, avg_time=0.012888s, max_time=0.025389s, min_time=0.010198s; GET_DATA: req_count=51, req/min=10.02, avg_time=0.013013s, max_time=0.024015s, min_time=0.010151s; CLEAR_DATA: req_count=3, req/min=0.59, avg_time=0.014355s, max_time=0.014551s, min_time=0.013997s
[36m(TransferQueueController pid=148633)[0m 2026-07-30 05:51:24,796 - INFO - transfer_queue.utils.perf_utils - TQ_CONTROLLER_3f91e081: [Performance] Total success requests: 11305, Total req/min: 2260.93, Total avg process time: 0.0008s; 
[36m(TransferQueueController pid=148633)[0m Time range: last 5.00 minutes; 
[36m(TransferQueueController pid=148633)[0m Per-operation statistics: GET_META: req_count=7989, req/min=1597.75, avg_time=0.000640s, max_time=0.003814s, min_time=0.000051s; GET_CONSUMPTION: req_count=3001, req/min=600.18, avg_time=0.001119s, max_time=0.003839s, min_time=0.000620s; SET_CUSTOM_META: req_count=204, req/min=40.80, avg_time=0.000078s, max_time=0.000359s, min_time=0.000029s; NOTIFY_DATA_UPDATE: req_count=105, req/min=21.00, avg_time=0.000477s, max_time=0.000984s, min_time=0.000209s; GET_PARTITION_META: req_count=3, req/min=0.60, avg_time=0.006242s, max_time=0.006668s, min_time=0.005409s; CLEAR_PARTITION: req_count=3, req/min=0.60, avg_time=0.001259s, max_time=0.001335s, min_time=0.001127s
[36m(VLLMSamplerTQ pid=160665)[0m [2026-07-30 05:52:09][INFO:twinkle] Loading LoRA from /mnt/lv_model/npu60005420a/qy_owner_experiments_20260730/qy_owner_twinkle_full125_noeval_final_npu23/run_cwd/output/async_single_lora_gsm8k_accuracy/async-gsm8k_accuracy_lora-v51
[36m(VLLMSamplerTQ pid=160665)[0m [2026-07-30 05:53:39][INFO:twinkle] Loading LoRA from /mnt/lv_model/npu60005420a/qy_owner_experiments_20260730/qy_owner_twinkle_full125_noeval_final_npu23/run_cwd/output/async_single_lora_gsm8k_accuracy/async-gsm8k_accuracy_lora-v52
[36m(VLLMSamplerTQ pid=160665)[0m [2026-07-30 05:55:11][INFO:twinkle] Loading LoRA from /mnt/lv_model/npu60005420a/qy_owner_experiments_20260730/qy_owner_twinkle_full125_noeval_final_npu23/run_cwd/output/async_single_lora_gsm8k_accuracy/async-gsm8k_accuracy_lora-v53
[36m(SimpleStorageUnit pid=148626)[0m 2026-07-30 05:56:06,058 - INFO - transfer_queue.utils.perf_utils - TQ_STORAGE_UNIT_07ba66fb: [Performance] Total success requests: 168, Total req/min: 33.21, Total avg process time: 0.0138s; 
[36m(SimpleStorageUnit pid=148626)[0m Time range: last 5.06 minutes; 
[36m(SimpleStorageUnit pid=148626)[0m Per-operation statistics: GET_DATA: req_count=56, req/min=11.07, avg_time=0.013593s, max_time=0.016758s, min_time=0.010114s; PUT_DATA: req_count=109, req/min=21.55, avg_time=0.013848s, max_time=0.024883s, min_time=0.010139s; CLEAR_DATA: req_count=3, req/min=0.59, avg_time=0.015549s, max_time=0.015725s, min_time=0.015434s
[36m(SimpleStorageUnit pid=148628)[0m 2026-07-30 05:56:06,058 - INFO - transfer_queue.utils.perf_utils - TQ_STORAGE_UNIT_56f88ffb: [Performance] Total success requests: 168, Total req/min: 33.21, Total avg process time: 0.0126s; 
[36m(SimpleStorageUnit pid=148628)[0m Time range: last 5.06 minutes; 
[36m(SimpleStorageUnit pid=148628)[0m Per-operation statistics: GET_DATA: req_count=56, req/min=11.07, avg_time=0.012401s, max_time=0.013903s, min_time=0.010399s; PUT_DATA: req_count=109, req/min=21.55, avg_time=0.012606s, max_time=0.018271s, min_time=0.010305s; CLEAR_DATA: req_count=3, req/min=0.59, avg_time=0.014838s, max_time=0.015182s, min_time=0.014543s
[36m(TransferQueueController pid=148633)[0m 2026-07-30 05:56:24,844 - INFO - transfer_queue.utils.perf_utils - TQ_CONTROLLER_3f91e081: [Performance] Total success requests: 10908, Total req/min: 2181.26, Total avg process time: 0.0008s; 
[36m(TransferQueueController pid=148633)[0m Time range: last 5.00 minutes; 
[36m(TransferQueueController pid=148633)[0m Per-operation statistics: GET_CONSUMPTION: req_count=2790, req/min=557.91, avg_time=0.001089s, max_time=0.010764s, min_time=0.000063s; GET_META: req_count=7758, req/min=1551.36, avg_time=0.000707s, max_time=0.824220s, min_time=0.000051s; SET_CUSTOM_META: req_count=231, req/min=46.19, avg_time=0.000078s, max_time=0.000563s, min_time=0.000035s; NOTIFY_DATA_UPDATE: req_count=123, req/min=24.60, avg_time=0.000457s, max_time=0.001269s, min_time=0.000223s; GET_PARTITION_META: req_count=3, req/min=0.60, avg_time=0.007201s, max_time=0.008734s, min_time=0.005682s; CLEAR_PARTITION: req_count=3, req/min=0.60, avg_time=0.000984s, max_time=0.001413s, min_time=0.000743s
[36m(VLLMSamplerTQ pid=160665)[0m [2026-07-30 05:56:43][INFO:twinkle] Loading LoRA from /mnt/lv_model/npu60005420a/qy_owner_experiments_20260730/qy_owner_twinkle_full125_noeval_final_npu23/run_cwd/output/async_single_lora_gsm8k_accuracy/async-gsm8k_accuracy_lora-v54
[36m(VLLMSamplerTQ pid=160665)[0m [2026-07-30 05:58:14][INFO:twinkle] Loading LoRA from /mnt/lv_model/npu60005420a/qy_owner_experiments_20260730/qy_owner_twinkle_full125_noeval_final_npu23/run_cwd/output/async_single_lora_gsm8k_accuracy/async-gsm8k_accuracy_lora-v55
[36m(VLLMSamplerTQ pid=160665)[0m [2026-07-30 05:59:42][INFO:twinkle] Loading LoRA from /mnt/lv_model/npu60005420a/qy_owner_experiments_20260730/qy_owner_twinkle_full125_noeval_final_npu23/run_cwd/output/async_single_lora_gsm8k_accuracy/async-gsm8k_accuracy_lora-v56
[36m(SimpleStorageUnit pid=148626)[0m 2026-07-30 06:01:11,862 - INFO - transfer_queue.utils.perf_utils - TQ_STORAGE_UNIT_07ba66fb: [Performance] Total success requests: 187, Total req/min: 36.69, Total avg process time: 0.0158s; 
[36m(SimpleStorageUnit pid=148626)[0m Time range: last 5.10 minutes; 
[36m(SimpleStorageUnit pid=148626)[0m Per-operation statistics: GET_DATA: req_count=63, req/min=12.36, avg_time=0.015698s, max_time=0.024073s, min_time=0.010168s; PUT_DATA: req_count=120, req/min=23.54, avg_time=0.015827s, max_time=0.025257s, min_time=0.010007s; CLEAR_DATA: req_count=4, req/min=0.78, avg_time=0.017379s, max_time=0.023237s, min_time=0.015273s
[36m(SimpleStorageUnit pid=148628)[0m 2026-07-30 06:01:11,862 - INFO - transfer_queue.utils.perf_utils - TQ_STORAGE_UNIT_56f88ffb: [Performance] Total success requests: 187, Total req/min: 36.69, Total avg process time: 0.0152s; 
[36m(SimpleStorageUnit pid=148628)[0m Time range: last 5.10 minutes; 
[36m(SimpleStorageUnit pid=148628)[0m Per-operation statistics: GET_DATA: req_count=63, req/min=12.36, avg_time=0.015137s, max_time=0.027200s, min_time=0.010263s; PUT_DATA: req_count=120, req/min=23.54, avg_time=0.015208s, max_time=0.025109s, min_time=0.010203s; CLEAR_DATA: req_count=4, req/min=0.78, avg_time=0.016660s, max_time=0.023675s, min_time=0.013912s
[36m(VLLMSamplerTQ pid=160665)[0m [2026-07-30 06:01:12][INFO:twinkle] Loading LoRA from /mnt/lv_model/npu60005420a/qy_owner_experiments_20260730/qy_owner_twinkle_full125_noeval_final_npu23/run_cwd/output/async_single_lora_gsm8k_accuracy/async-gsm8k_accuracy_lora-v57
[36m(TransferQueueController pid=148633)[0m 2026-07-30 06:01:24,878 - INFO - transfer_queue.utils.perf_utils - TQ_CONTROLLER_3f91e081: [Performance] Total success requests: 10982, Total req/min: 2196.15, Total avg process time: 0.0007s; 
[36m(TransferQueueController pid=148633)[0m Time range: last 5.00 minutes; 
[36m(TransferQueueController pid=148633)[0m Per-operation statistics: GET_META: req_count=7831, req/min=1566.02, avg_time=0.000556s, max_time=0.003706s, min_time=0.000054s; GET_CONSUMPTION: req_count=2831, req/min=566.14, avg_time=0.001052s, max_time=0.002817s, min_time=0.000621s; GET_PARTITION_META: req_count=4, req/min=0.80, avg_time=0.006172s, max_time=0.006639s, min_time=0.005247s; CLEAR_PARTITION: req_count=4, req/min=0.80, avg_time=0.001138s, max_time=0.001324s, min_time=0.000668s; NOTIFY_DATA_UPDATE: req_count=100, req/min=20.00, avg_time=0.000502s, max_time=0.001151s, min_time=0.000193s; SET_CUSTOM_META: req_count=212, req/min=42.40, avg_time=0.000074s, max_time=0.000326s, min_time=0.000029s
[36m(VLLMSamplerTQ pid=160665)[0m [2026-07-30 06:02:42][INFO:twinkle] Loading LoRA from /mnt/lv_model/npu60005420a/qy_owner_experiments_20260730/qy_owner_twinkle_full125_noeval_final_npu23/run_cwd/output/async_single_lora_gsm8k_accuracy/async-gsm8k_accuracy_lora-v58
[36m(VLLMSamplerTQ pid=160665)[0m [2026-07-30 06:04:08][INFO:twinkle] Loading LoRA from /mnt/lv_model/npu60005420a/qy_owner_experiments_20260730/qy_owner_twinkle_full125_noeval_final_npu23/run_cwd/output/async_single_lora_gsm8k_accuracy/async-gsm8k_accuracy_lora-v59
[36m(VLLMSamplerTQ pid=160665)[0m [2026-07-30 06:05:31][INFO:twinkle] Loading LoRA from /mnt/lv_model/npu60005420a/qy_owner_experiments_20260730/qy_owner_twinkle_full125_noeval_final_npu23/run_cwd/output/async_single_lora_gsm8k_accuracy/async-gsm8k_accuracy_lora-v60
[36m(SimpleStorageUnit pid=148626)[0m 2026-07-30 06:06:13,855 - INFO - transfer_queue.utils.perf_utils - TQ_STORAGE_UNIT_07ba66fb: [Performance] Total success requests: 179, Total req/min: 35.56, Total avg process time: 0.0136s; 
[36m(SimpleStorageUnit pid=148626)[0m Time range: last 5.03 minutes; 
[36m(SimpleStorageUnit pid=148626)[0m Per-operation statistics: PUT_DATA: req_count=117, req/min=23.25, avg_time=0.013670s, max_time=0.022977s, min_time=0.009846s; GET_DATA: req_count=59, req/min=11.72, avg_time=0.013383s, max_time=0.021923s, min_time=0.009681s; CLEAR_DATA: req_count=3, req/min=0.60, avg_time=0.016760s, max_time=0.018131s, min_time=0.015947s
[36m(SimpleStorageUnit pid=148628)[0m 2026-07-30 06:06:13,855 - INFO - transfer_queue.utils.perf_utils - TQ_STORAGE_UNIT_56f88ffb: [Performance] Total success requests: 179, Total req/min: 35.56, Total avg process time: 0.0131s; 
[36m(SimpleStorageUnit pid=148628)[0m Time range: last 5.03 minutes; 
[36m(SimpleStorageUnit pid=148628)[0m Per-operation statistics: PUT_DATA: req_count=117, req/min=23.25, avg_time=0.013098s, max_time=0.022309s, min_time=0.009420s; GET_DATA: req_count=59, req/min=11.72, avg_time=0.012831s, max_time=0.020864s, min_time=0.009579s; CLEAR_DATA: req_count=3, req/min=0.60, avg_time=0.016880s, max_time=0.020280s, min_time=0.015059s
[36m(TransferQueueController pid=148633)[0m 2026-07-30 06:06:24,886 - INFO - transfer_queue.utils.perf_utils - TQ_CONTROLLER_3f91e081: [Performance] Total success requests: 11698, Total req/min: 2339.53, Total avg process time: 0.0007s; 
[36m(TransferQueueController pid=148633)[0m Time range: last 5.00 minutes; 
[36m(TransferQueueController pid=148633)[0m Per-operation statistics: GET_META: req_count=8162, req/min=1632.35, avg_time=0.000600s, max_time=0.003448s, min_time=0.000054s; GET_CONSUMPTION: req_count=3176, req/min=635.18, avg_time=0.001027s, max_time=0.002782s, min_time=0.000054s; SET_CUSTOM_META: req_count=231, req/min=46.20, avg_time=0.000066s, max_time=0.000191s, min_time=0.000033s; NOTIFY_DATA_UPDATE: req_count=123, req/min=24.60, avg_time=0.000397s, max_time=0.001060s, min_time=0.000201s; GET_PARTITION_META: req_count=3, req/min=0.60, avg_time=0.006542s, max_time=0.006785s, min_time=0.006392s; CLEAR_PARTITION: req_count=3, req/min=0.60, avg_time=0.001029s, max_time=0.001247s, min_time=0.000720s
[36m(VLLMSamplerTQ pid=160665)[0m [2026-07-30 06:06:54][INFO:twinkle] Loading LoRA from /mnt/lv_model/npu60005420a/qy_owner_experiments_20260730/qy_owner_twinkle_full125_noeval_final_npu23/run_cwd/output/async_single_lora_gsm8k_accuracy/async-gsm8k_accuracy_lora-v61
[36m(VLLMSamplerTQ pid=160665)[0m [2026-07-30 06:08:24][INFO:twinkle] Loading LoRA from /mnt/lv_model/npu60005420a/qy_owner_experiments_20260730/qy_owner_twinkle_full125_noeval_final_npu23/run_cwd/output/async_single_lora_gsm8k_accuracy/async-gsm8k_accuracy_lora-v62
[36m(VLLMSamplerTQ pid=160665)[0m [2026-07-30 06:09:55][INFO:twinkle] Loading LoRA from /mnt/lv_model/npu60005420a/qy_owner_experiments_20260730/qy_owner_twinkle_full125_noeval_final_npu23/run_cwd/output/async_single_lora_gsm8k_accuracy/async-gsm8k_accuracy_lora-v63
[36m(SimpleStorageUnit pid=148626)[0m 2026-07-30 06:11:22,724 - INFO - transfer_queue.utils.perf_utils - TQ_STORAGE_UNIT_07ba66fb: [Performance] Total success requests: 178, Total req/min: 34.58, Total avg process time: 0.0142s; 
[36m(SimpleStorageUnit pid=148626)[0m Time range: last 5.15 minutes; 
[36m(SimpleStorageUnit pid=148626)[0m Per-operation statistics: GET_DATA: req_count=60, req/min=11.66, avg_time=0.014069s, max_time=0.023874s, min_time=0.010679s; PUT_DATA: req_count=114, req/min=22.15, avg_time=0.014224s, max_time=0.024657s, min_time=0.010474s; CLEAR_DATA: req_count=4, req/min=0.78, avg_time=0.015524s, max_time=0.016518s, min_time=0.014358s
[36m(SimpleStorageUnit pid=148628)[0m 2026-07-30 06:11:22,724 - INFO - transfer_queue.utils.perf_utils - TQ_STORAGE_UNIT_56f88ffb: [Performance] Total success requests: 178, Total req/min: 34.58, Total avg process time: 0.0136s; 
[36m(SimpleStorageUnit pid=148628)[0m Time range: last 5.15 minutes; 
[36m(SimpleStorageUnit pid=148628)[0m Per-operation statistics: GET_DATA: req_count=60, req/min=11.66, avg_time=0.013507s, max_time=0.025041s, min_time=0.010279s; PUT_DATA: req_count=114, req/min=22.15, avg_time=0.013626s, max_time=0.025567s, min_time=0.010425s; CLEAR_DATA: req_count=4, req/min=0.78, avg_time=0.014585s, max_time=0.015561s, min_time=0.013762s
[36m(VLLMSamplerTQ pid=160665)[0m [2026-07-30 06:11:22][INFO:twinkle] Loading LoRA from /mnt/lv_model/npu60005420a/qy_owner_experiments_20260730/qy_owner_twinkle_full125_noeval_final_npu23/run_cwd/output/async_single_lora_gsm8k_accuracy/async-gsm8k_accuracy_lora-v64
[36m(TransferQueueController pid=148633)[0m 2026-07-30 06:11:24,897 - INFO - transfer_queue.utils.perf_utils - TQ_CONTROLLER_3f91e081: [Performance] Total success requests: 10624, Total req/min: 2124.72, Total avg process time: 0.0007s; 
[36m(TransferQueueController pid=148633)[0m Time range: last 5.00 minutes; 
[36m(TransferQueueController pid=148633)[0m Per-operation statistics: GET_CONSUMPTION: req_count=2646, req/min=529.18, avg_time=0.001092s, max_time=0.003204s, min_time=0.000115s; GET_META: req_count=7638, req/min=1527.54, avg_time=0.000608s, max_time=0.002397s, min_time=0.000054s; SET_CUSTOM_META: req_count=224, req/min=44.80, avg_time=0.000074s, max_time=0.000288s, min_time=0.000033s; NOTIFY_DATA_UPDATE: req_count=108, req/min=21.60, avg_time=0.000415s, max_time=0.000997s, min_time=0.000203s; GET_PARTITION_META: req_count=4, req/min=0.80, avg_time=0.006167s, max_time=0.006393s, min_time=0.005616s; CLEAR_PARTITION: req_count=4, req/min=0.80, avg_time=0.001155s, max_time=0.001679s, min_time=0.000675s
[36m(VLLMSamplerTQ pid=160665)[0m [2026-07-30 06:12:51][INFO:twinkle] Loading LoRA from /mnt/lv_model/npu60005420a/qy_owner_experiments_20260730/qy_owner_twinkle_full125_noeval_final_npu23/run_cwd/output/async_single_lora_gsm8k_accuracy/async-gsm8k_accuracy_lora-v65
[36m(VLLMSamplerTQ pid=160665)[0m [2026-07-30 06:14:17][INFO:twinkle] Loading LoRA from /mnt/lv_model/npu60005420a/qy_owner_experiments_20260730/qy_owner_twinkle_full125_noeval_final_npu23/run_cwd/output/async_single_lora_gsm8k_accuracy/async-gsm8k_accuracy_lora-v66
[36m(VLLMSamplerTQ pid=160665)[0m [2026-07-30 06:15:46][INFO:twinkle] Loading LoRA from /mnt/lv_model/npu60005420a/qy_owner_experiments_20260730/qy_owner_twinkle_full125_noeval_final_npu23/run_cwd/output/async_single_lora_gsm8k_accuracy/async-gsm8k_accuracy_lora-v67
[36m(SimpleStorageUnit pid=148626)[0m 2026-07-30 06:16:24,455 - INFO - transfer_queue.utils.perf_utils - TQ_STORAGE_UNIT_07ba66fb: [Performance] Total success requests: 161, Total req/min: 32.02, Total avg process time: 0.0134s; 
[36m(SimpleStorageUnit pid=148626)[0m Time range: last 5.03 minutes; 
[36m(SimpleStorageUnit pid=148626)[0m Per-operation statistics: PUT_DATA: req_count=105, req/min=20.88, avg_time=0.013482s, max_time=0.028932s, min_time=0.010298s; GET_DATA: req_count=53, req/min=10.54, avg_time=0.013257s, max_time=0.017052s, min_time=0.010595s; CLEAR_DATA: req_count=3, req/min=0.60, avg_time=0.015353s, max_time=0.015982s, min_time=0.014734s
[36m(SimpleStorageUnit pid=148628)[0m 2026-07-30 06:16:24,455 - INFO - transfer_queue.utils.perf_utils - TQ_STORAGE_UNIT_56f88ffb: [Performance] Total success requests: 161, Total req/min: 32.02, Total avg process time: 0.0126s; 
[36m(SimpleStorageUnit pid=148628)[0m Time range: last 5.03 minutes; 
[36m(SimpleStorageUnit pid=148628)[0m Per-operation statistics: PUT_DATA: req_count=105, req/min=20.88, avg_time=0.012594s, max_time=0.028950s, min_time=0.010287s; GET_DATA: req_count=53, req/min=10.54, avg_time=0.012354s, max_time=0.017062s, min_time=0.010446s; CLEAR_DATA: req_count=3, req/min=0.60, avg_time=0.015587s, max_time=0.016928s, min_time=0.014739s
[36m(TransferQueueController pid=148633)[0m 2026-07-30 06:16:24,908 - INFO - transfer_queue.utils.perf_utils - TQ_CONTROLLER_3f91e081: [Performance] Total success requests: 11413, Total req/min: 2282.51, Total avg process time: 0.0007s; 
[36m(TransferQueueController pid=148633)[0m Time range: last 5.00 minutes; 
[36m(TransferQueueController pid=148633)[0m Per-operation statistics: GET_META: req_count=8044, req/min=1608.74, avg_time=0.000547s, max_time=0.002871s, min_time=0.000052s; GET_CONSUMPTION: req_count=3054, req/min=610.78, avg_time=0.001043s, max_time=0.002800s, min_time=0.000070s; SET_CUSTOM_META: req_count=204, req/min=40.80, avg_time=0.000074s, max_time=0.000348s, min_time=0.000028s; NOTIFY_DATA_UPDATE: req_count=105, req/min=21.00, avg_time=0.000468s, max_time=0.001130s, min_time=0.000224s; GET_PARTITION_META: req_count=3, req/min=0.60, avg_time=0.006390s, max_time=0.007006s, min_time=0.005863s; CLEAR_PARTITION: req_count=3, req/min=0.60, avg_time=0.000954s, max_time=0.001239s, min_time=0.000573s
[36m(VLLMSamplerTQ pid=160665)[0m [2026-07-30 06:17:11][INFO:twinkle] Loading LoRA from /mnt/lv_model/npu60005420a/qy_owner_experiments_20260730/qy_owner_twinkle_full125_noeval_final_npu23/run_cwd/output/async_single_lora_gsm8k_accuracy/async-gsm8k_accuracy_lora-v68
[36m(VLLMSamplerTQ pid=160665)[0m [2026-07-30 06:18:32][INFO:twinkle] Loading LoRA from /mnt/lv_model/npu60005420a/qy_owner_experiments_20260730/qy_owner_twinkle_full125_noeval_final_npu23/run_cwd/output/async_single_lora_gsm8k_accuracy/async-gsm8k_accuracy_lora-v69
[36m(VLLMSamplerTQ pid=160665)[0m [2026-07-30 06:20:06][INFO:twinkle] Loading LoRA from /mnt/lv_model/npu60005420a/qy_owner_experiments_20260730/qy_owner_twinkle_full125_noeval_final_npu23/run_cwd/output/async_single_lora_gsm8k_accuracy/async-gsm8k_accuracy_lora-v70
[36m(TransferQueueController pid=148633)[0m 2026-07-30 06:21:24,923 - INFO - transfer_queue.utils.perf_utils - TQ_CONTROLLER_3f91e081: [Performance] Total success requests: 10946, Total req/min: 2189.10, Total avg process time: 0.0007s; 
[36m(TransferQueueController pid=148633)[0m Time range: last 5.00 minutes; 
[36m(TransferQueueController pid=148633)[0m Per-operation statistics: GET_CONSUMPTION: req_count=2799, req/min=559.77, avg_time=0.000996s, max_time=0.002529s, min_time=0.000063s; GET_META: req_count=7782, req/min=1556.33, avg_time=0.000644s, max_time=0.002137s, min_time=0.000055s; SET_CUSTOM_META: req_count=234, req/min=46.80, avg_time=0.000060s, max_time=0.000168s, min_time=0.000030s; NOTIFY_DATA_UPDATE: req_count=125, req/min=25.00, avg_time=0.000423s, max_time=0.000905s, min_time=0.000189s; GET_PARTITION_META: req_count=3, req/min=0.60, avg_time=0.005956s, max_time=0.007198s, min_time=0.004863s; CLEAR_PARTITION: req_count=3, req/min=0.60, avg_time=0.000696s, max_time=0.000904s, min_time=0.000460s
[36m(SimpleStorageUnit pid=148626)[0m 2026-07-30 06:21:37,940 - INFO - transfer_queue.utils.perf_utils - TQ_STORAGE_UNIT_07ba66fb: [Performance] Total success requests: 196, Total req/min: 37.51, Total avg process time: 0.0134s; 
[36m(SimpleStorageUnit pid=148626)[0m Time range: last 5.22 minutes; 
[36m(SimpleStorageUnit pid=148626)[0m Per-operation statistics: GET_DATA: req_count=66, req/min=12.63, avg_time=0.013172s, max_time=0.025283s, min_time=0.010111s; PUT_DATA: req_count=126, req/min=24.12, avg_time=0.013457s, max_time=0.024709s, min_time=0.009768s; CLEAR_DATA: req_count=4, req/min=0.77, avg_time=0.015480s, max_time=0.016059s, min_time=0.014796s
[36m(SimpleStorageUnit pid=148628)[0m 2026-07-30 06:21:37,940 - INFO - transfer_queue.utils.perf_utils - TQ_STORAGE_UNIT_56f88ffb: [Performance] Total success requests: 196, Total req/min: 37.51, Total avg process time: 0.0125s; 
[36m(SimpleStorageUnit pid=148628)[0m Time range: last 5.22 minutes; 
[36m(SimpleStorageUnit pid=148628)[0m Per-operation statistics: GET_DATA: req_count=66, req/min=12.63, avg_time=0.012308s, max_time=0.024579s, min_time=0.009969s; PUT_DATA: req_count=126, req/min=24.12, avg_time=0.012577s, max_time=0.023718s, min_time=0.009446s; CLEAR_DATA: req_count=4, req/min=0.77, avg_time=0.014547s, max_time=0.015289s, min_time=0.013940s
[36m(VLLMSamplerTQ pid=160665)[0m [2026-07-30 06:21:38][INFO:twinkle] Loading LoRA from /mnt/lv_model/npu60005420a/qy_owner_experiments_20260730/qy_owner_twinkle_full125_noeval_final_npu23/run_cwd/output/async_single_lora_gsm8k_accuracy/async-gsm8k_accuracy_lora-v71
[36m(VLLMSamplerTQ pid=160665)[0m [2026-07-30 06:23:06][INFO:twinkle] Loading LoRA from /mnt/lv_model/npu60005420a/qy_owner_experiments_20260730/qy_owner_twinkle_full125_noeval_final_npu23/run_cwd/output/async_single_lora_gsm8k_accuracy/async-gsm8k_accuracy_lora-v72
[36m(VLLMSamplerTQ pid=160665)[0m [2026-07-30 06:24:31][INFO:twinkle] Loading LoRA from /mnt/lv_model/npu60005420a/qy_owner_experiments_20260730/qy_owner_twinkle_full125_noeval_final_npu23/run_cwd/output/async_single_lora_gsm8k_accuracy/async-gsm8k_accuracy_lora-v73
[36m(VLLMSamplerTQ pid=160665)[0m [2026-07-30 06:25:53][INFO:twinkle] Loading LoRA from /mnt/lv_model/npu60005420a/qy_owner_experiments_20260730/qy_owner_twinkle_full125_noeval_final_npu23/run_cwd/output/async_single_lora_gsm8k_accuracy/async-gsm8k_accuracy_lora-v74
[36m(TransferQueueController pid=148633)[0m 2026-07-30 06:26:24,923 - INFO - transfer_queue.utils.perf_utils - TQ_CONTROLLER_3f91e081: [Performance] Total success requests: 11261, Total req/min: 2252.20, Total avg process time: 0.0007s; 
[36m(TransferQueueController pid=148633)[0m Time range: last 5.00 minutes; 
[36m(TransferQueueController pid=148633)[0m Per-operation statistics: GET_META: req_count=7962, req/min=1592.40, avg_time=0.000536s, max_time=0.002722s, min_time=0.000053s; GET_CONSUMPTION: req_count=2964, req/min=592.80, avg_time=0.001053s, max_time=0.003208s, min_time=0.000622s; GET_PARTITION_META: req_count=4, req/min=0.80, avg_time=0.006706s, max_time=0.007451s, min_time=0.005696s; CLEAR_PARTITION: req_count=4, req/min=0.80, avg_time=0.000998s, max_time=0.001323s, min_time=0.000526s; NOTIFY_DATA_UPDATE: req_count=106, req/min=21.20, avg_time=0.000474s, max_time=0.001055s, min_time=0.000211s; SET_CUSTOM_META: req_count=221, req/min=44.20, avg_time=0.000072s, max_time=0.000188s, min_time=0.000031s
[36m(SimpleStorageUnit pid=148626)[0m 2026-07-30 06:26:45,925 - INFO - transfer_queue.utils.perf_utils - TQ_STORAGE_UNIT_07ba66fb: [Performance] Total success requests: 179, Total req/min: 34.87, Total avg process time: 0.0136s; 
[36m(SimpleStorageUnit pid=148626)[0m Time range: last 5.13 minutes; 
[36m(SimpleStorageUnit pid=148626)[0m Per-operation statistics: PUT_DATA: req_count=117, req/min=22.79, avg_time=0.013744s, max_time=0.025726s, min_time=0.010205s; GET_DATA: req_count=59, req/min=11.49, avg_time=0.013193s, max_time=0.014496s, min_time=0.010176s; CLEAR_DATA: req_count=3, req/min=0.58, avg_time=0.015973s, max_time=0.016286s, min_time=0.015362s
[36m(SimpleStorageUnit pid=148628)[0m 2026-07-30 06:26:45,925 - INFO - transfer_queue.utils.perf_utils - TQ_STORAGE_UNIT_56f88ffb: [Performance] Total success requests: 179, Total req/min: 34.87, Total avg process time: 0.0128s; 
[36m(SimpleStorageUnit pid=148628)[0m Time range: last 5.13 minutes; 
[36m(SimpleStorageUnit pid=148628)[0m Per-operation statistics: PUT_DATA: req_count=117, req/min=22.79, avg_time=0.012945s, max_time=0.025542s, min_time=0.010279s; GET_DATA: req_count=59, req/min=11.49, avg_time=0.012454s, max_time=0.019483s, min_time=0.010423s; CLEAR_DATA: req_count=3, req/min=0.58, avg_time=0.014951s, max_time=0.015503s, min_time=0.014452s
[36m(VLLMSamplerTQ pid=160665)[0m [2026-07-30 06:27:20][INFO:twinkle] Loading LoRA from /mnt/lv_model/npu60005420a/qy_owner_experiments_20260730/qy_owner_twinkle_full125_noeval_final_npu23/run_cwd/output/async_single_lora_gsm8k_accuracy/async-gsm8k_accuracy_lora-v75
[36m(VLLMSamplerTQ pid=160665)[0m [2026-07-30 06:28:47][INFO:twinkle] Loading LoRA from /mnt/lv_model/npu60005420a/qy_owner_experiments_20260730/qy_owner_twinkle_full125_noeval_final_npu23/run_cwd/output/async_single_lora_gsm8k_accuracy/async-gsm8k_accuracy_lora-v76
[36m(VLLMSamplerTQ pid=160665)[0m [2026-07-30 06:30:18][INFO:twinkle] Loading LoRA from /mnt/lv_model/npu60005420a/qy_owner_experiments_20260730/qy_owner_twinkle_full125_noeval_final_npu23/run_cwd/output/async_single_lora_gsm8k_accuracy/async-gsm8k_accuracy_lora-v77
[36m(TransferQueueController pid=148633)[0m 2026-07-30 06:31:24,946 - INFO - transfer_queue.utils.perf_utils - TQ_CONTROLLER_3f91e081: [Performance] Total success requests: 11243, Total req/min: 2248.42, Total avg process time: 0.0007s; 
[36m(TransferQueueController pid=148633)[0m Time range: last 5.00 minutes; 
[36m(TransferQueueController pid=148633)[0m Per-operation statistics: GET_CONSUMPTION: req_count=2939, req/min=587.75, avg_time=0.001080s, max_time=0.002558s, min_time=0.000057s; GET_META: req_count=7939, req/min=1587.68, avg_time=0.000632s, max_time=0.002706s, min_time=0.000054s; SET_CUSTOM_META: req_count=234, req/min=46.80, avg_time=0.000071s, max_time=0.000164s, min_time=0.000033s; NOTIFY_DATA_UPDATE: req_count=125, req/min=25.00, avg_time=0.000435s, max_time=0.000899s, min_time=0.000194s; GET_PARTITION_META: req_count=3, req/min=0.60, avg_time=0.006231s, max_time=0.006788s, min_time=0.005476s; CLEAR_PARTITION: req_count=3, req/min=0.60, avg_time=0.000839s, max_time=0.001126s, min_time=0.000509s
[36m(VLLMSamplerTQ pid=160665)[0m [2026-07-30 06:31:43][INFO:twinkle] Loading LoRA from /mnt/lv_model/npu60005420a/qy_owner_experiments_20260730/qy_owner_twinkle_full125_noeval_final_npu23/run_cwd/output/async_single_lora_gsm8k_accuracy/async-gsm8k_accuracy_lora-v78
[36m(SimpleStorageUnit pid=148626)[0m 2026-07-30 06:32:03,781 - INFO - transfer_queue.utils.perf_utils - TQ_STORAGE_UNIT_07ba66fb: [Performance] Total success requests: 180, Total req/min: 33.98, Total avg process time: 0.0148s; 
[36m(SimpleStorageUnit pid=148626)[0m Time range: last 5.30 minutes; 
[36m(SimpleStorageUnit pid=148626)[0m Per-operation statistics: GET_DATA: req_count=60, req/min=11.33, avg_time=0.014943s, max_time=0.026475s, min_time=0.011731s; PUT_DATA: req_count=116, req/min=21.90, avg_time=0.014642s, max_time=0.026014s, min_time=0.010132s; CLEAR_DATA: req_count=4, req/min=0.76, avg_time=0.017959s, max_time=0.024782s, min_time=0.015409s
[36m(SimpleStorageUnit pid=148628)[0m 2026-07-30 06:32:03,781 - INFO - transfer_queue.utils.perf_utils - TQ_STORAGE_UNIT_56f88ffb: [Performance] Total success requests: 180, Total req/min: 33.98, Total avg process time: 0.0142s; 
[36m(SimpleStorageUnit pid=148628)[0m Time range: last 5.30 minutes; 
[36m(SimpleStorageUnit pid=148628)[0m Per-operation statistics: GET_DATA: req_count=60, req/min=11.33, avg_time=0.014171s, max_time=0.025705s, min_time=0.010930s; PUT_DATA: req_count=116, req/min=21.90, avg_time=0.014085s, max_time=0.026548s, min_time=0.010270s; CLEAR_DATA: req_count=4, req/min=0.76, avg_time=0.017340s, max_time=0.023913s, min_time=0.014508s
[36m(VLLMSamplerTQ pid=160665)[0m [2026-07-30 06:33:10][INFO:twinkle] Loading LoRA from /mnt/lv_model/npu60005420a/qy_owner_experiments_20260730/qy_owner_twinkle_full125_noeval_final_npu23/run_cwd/output/async_single_lora_gsm8k_accuracy/async-gsm8k_accuracy_lora-v79
[36m(VLLMSamplerTQ pid=160665)[0m [2026-07-30 06:34:38][INFO:twinkle] Loading LoRA from /mnt/lv_model/npu60005420a/qy_owner_experiments_20260730/qy_owner_twinkle_full125_noeval_final_npu23/run_cwd/output/async_single_lora_gsm8k_accuracy/async-gsm8k_accuracy_lora-v80
[36m(VLLMSamplerTQ pid=160665)[0m [2026-07-30 06:36:05][INFO:twinkle] Loading LoRA from /mnt/lv_model/npu60005420a/qy_owner_experiments_20260730/qy_owner_twinkle_full125_noeval_final_npu23/run_cwd/output/async_single_lora_gsm8k_accuracy/async-gsm8k_accuracy_lora-v81
[36m(TransferQueueController pid=148633)[0m 2026-07-30 06:36:24,948 - INFO - transfer_queue.utils.perf_utils - TQ_CONTROLLER_3f91e081: [Performance] Total success requests: 11048, Total req/min: 2209.58, Total avg process time: 0.0007s; 
[36m(TransferQueueController pid=148633)[0m Time range: last 5.00 minutes; 
[36m(TransferQueueController pid=148633)[0m Per-operation statistics: GET_META: req_count=7843, req/min=1568.59, avg_time=0.000583s, max_time=0.002441s, min_time=0.000053s; GET_CONSUMPTION: req_count=2880, req/min=576.00, avg_time=0.000930s, max_time=0.002314s, min_time=0.000113s; GET_PARTITION_META: req_count=4, req/min=0.80, avg_time=0.006909s, max_time=0.008381s, min_time=0.005455s; CLEAR_PARTITION: req_count=4, req/min=0.80, avg_time=0.000994s, max_time=0.001160s, min_time=0.000574s; NOTIFY_DATA_UPDATE: req_count=102, req/min=20.40, avg_time=0.000433s, max_time=0.000980s, min_time=0.000223s; SET_CUSTOM_META: req_count=215, req/min=43.00, avg_time=0.000070s, max_time=0.000283s, min_time=0.000032s
[36m(SimpleStorageUnit pid=148626)[0m 2026-07-30 06:37:25,336 - INFO - transfer_queue.utils.perf_utils - TQ_STORAGE_UNIT_07ba66fb: [Performance] Total success requests: 202, Total req/min: 37.69, Total avg process time: 0.0135s; 
[36m(SimpleStorageUnit pid=148626)[0m Time range: last 5.36 minutes; 
[36m(SimpleStorageUnit pid=148626)[0m Per-operation statistics: GET_DATA: req_count=68, req/min=12.69, avg_time=0.013303s, max_time=0.017336s, min_time=0.009551s; PUT_DATA: req_count=130, req/min=24.26, avg_time=0.013502s, max_time=0.023475s, min_time=0.009301s; CLEAR_DATA: req_count=4, req/min=0.75, avg_time=0.015062s, max_time=0.015308s, min_time=0.014755s
[36m(SimpleStorageUnit pid=148628)[0m 2026-07-30 06:37:25,336 - INFO - transfer_queue.utils.perf_utils - TQ_STORAGE_UNIT_56f88ffb: [Performance] Total success requests: 202, Total req/min: 37.69, Total avg process time: 0.0124s; 
[36m(SimpleStorageUnit pid=148628)[0m Time range: last 5.36 minutes; 
[36m(SimpleStorageUnit pid=148628)[0m Per-operation statistics: GET_DATA: req_count=68, req/min=12.69, avg_time=0.012217s, max_time=0.014255s, min_time=0.009631s; PUT_DATA: req_count=130, req/min=24.26, avg_time=0.012376s, max_time=0.023435s, min_time=0.009845s; CLEAR_DATA: req_count=4, req/min=0.75, avg_time=0.014336s, max_time=0.015124s, min_time=0.013952s
[36m(VLLMSamplerTQ pid=160665)[0m [2026-07-30 06:37:25][INFO:twinkle] Loading LoRA from /mnt/lv_model/npu60005420a/qy_owner_experiments_20260730/qy_owner_twinkle_full125_noeval_final_npu23/run_cwd/output/async_single_lora_gsm8k_accuracy/async-gsm8k_accuracy_lora-v82
[36m(VLLMSamplerTQ pid=160665)[0m [2026-07-30 06:38:50][INFO:twinkle] Loading LoRA from /mnt/lv_model/npu60005420a/qy_owner_experiments_20260730/qy_owner_twinkle_full125_noeval_final_npu23/run_cwd/output/async_single_lora_gsm8k_accuracy/async-gsm8k_accuracy_lora-v83
[36m(VLLMSamplerTQ pid=160665)[0m [2026-07-30 06:40:13][INFO:twinkle] Loading LoRA from /mnt/lv_model/npu60005420a/qy_owner_experiments_20260730/qy_owner_twinkle_full125_noeval_final_npu23/run_cwd/output/async_single_lora_gsm8k_accuracy/async-gsm8k_accuracy_lora-v84
[36m(TransferQueueController pid=148633)[0m 2026-07-30 06:41:24,972 - INFO - transfer_queue.utils.perf_utils - TQ_CONTROLLER_3f91e081: [Performance] Total success requests: 11342, Total req/min: 2268.22, Total avg process time: 0.0007s; 
[36m(TransferQueueController pid=148633)[0m Time range: last 5.00 minutes; 
[36m(TransferQueueController pid=148633)[0m Per-operation statistics: GET_META: req_count=7982, req/min=1596.27, avg_time=0.000623s, max_time=0.002320s, min_time=0.000052s; GET_CONSUMPTION: req_count=2985, req/min=596.95, avg_time=0.001064s, max_time=0.002661s, min_time=0.000058s; SET_CUSTOM_META: req_count=240, req/min=48.00, avg_time=0.000067s, max_time=0.000197s, min_time=0.000032s; NOTIFY_DATA_UPDATE: req_count=129, req/min=25.80, avg_time=0.000423s, max_time=0.001076s, min_time=0.000217s; GET_PARTITION_META: req_count=3, req/min=0.60, avg_time=0.006142s, max_time=0.006214s, min_time=0.006007s; CLEAR_PARTITION: req_count=3, req/min=0.60, avg_time=0.000913s, max_time=0.001146s, min_time=0.000651s
[36m(VLLMSamplerTQ pid=160665)[0m [2026-07-30 06:41:35][INFO:twinkle] Loading LoRA from /mnt/lv_model/npu60005420a/qy_owner_experiments_20260730/qy_owner_twinkle_full125_noeval_final_npu23/run_cwd/output/async_single_lora_gsm8k_accuracy/async-gsm8k_accuracy_lora-v85
[36m(SimpleStorageUnit pid=148626)[0m 2026-07-30 06:42:26,290 - INFO - transfer_queue.utils.perf_utils - TQ_STORAGE_UNIT_07ba66fb: [Performance] Total success requests: 194, Total req/min: 38.68, Total avg process time: 0.0133s; 
[36m(SimpleStorageUnit pid=148626)[0m Time range: last 5.02 minutes; 
[36m(SimpleStorageUnit pid=148626)[0m Per-operation statistics: PUT_DATA: req_count=127, req/min=25.32, avg_time=0.013397s, max_time=0.024168s, min_time=0.009873s; GET_DATA: req_count=64, req/min=12.76, avg_time=0.013045s, max_time=0.014969s, min_time=0.009880s; CLEAR_DATA: req_count=3, req/min=0.60, avg_time=0.015549s, max_time=0.016084s, min_time=0.015086s
[36m(SimpleStorageUnit pid=148628)[0m 2026-07-30 06:42:26,290 - INFO - transfer_queue.utils.perf_utils - TQ_STORAGE_UNIT_56f88ffb: [Performance] Total success requests: 194, Total req/min: 38.68, Total avg process time: 0.0124s; 
[36m(SimpleStorageUnit pid=148628)[0m Time range: last 5.02 minutes; 
[36m(SimpleStorageUnit pid=148628)[0m Per-operation statistics: PUT_DATA: req_count=127, req/min=25.32, avg_time=0.012485s, max_time=0.023793s, min_time=0.009713s; GET_DATA: req_count=64, req/min=12.76, avg_time=0.011979s, max_time=0.014098s, min_time=0.009508s; CLEAR_DATA: req_count=3, req/min=0.60, avg_time=0.015027s, max_time=0.015277s, min_time=0.014666s
[36m(VLLMSamplerTQ pid=160665)[0m [2026-07-30 06:42:59][INFO:twinkle] Loading LoRA from /mnt/lv_model/npu60005420a/qy_owner_experiments_20260730/qy_owner_twinkle_full125_noeval_final_npu23/run_cwd/output/async_single_lora_gsm8k_accuracy/async-gsm8k_accuracy_lora-v86
[36m(VLLMSamplerTQ pid=160665)[0m [2026-07-30 06:44:21][INFO:twinkle] Loading LoRA from /mnt/lv_model/npu60005420a/qy_owner_experiments_20260730/qy_owner_twinkle_full125_noeval_final_npu23/run_cwd/output/async_single_lora_gsm8k_accuracy/async-gsm8k_accuracy_lora-v87
[36m(VLLMSamplerTQ pid=160665)[0m [2026-07-30 06:45:39][INFO:twinkle] Loading LoRA from /mnt/lv_model/npu60005420a/qy_owner_experiments_20260730/qy_owner_twinkle_full125_noeval_final_npu23/run_cwd/output/async_single_lora_gsm8k_accuracy/async-gsm8k_accuracy_lora-v88
[36m(TransferQueueController pid=148633)[0m 2026-07-30 06:46:24,994 - INFO - transfer_queue.utils.perf_utils - TQ_CONTROLLER_3f91e081: [Performance] Total success requests: 11600, Total req/min: 2319.84, Total avg process time: 0.0007s; 
[36m(TransferQueueController pid=148633)[0m Time range: last 5.00 minutes; 
[36m(TransferQueueController pid=148633)[0m Per-operation statistics: GET_META: req_count=8119, req/min=1623.69, avg_time=0.000596s, max_time=0.003109s, min_time=0.000053s; GET_CONSUMPTION: req_count=3106, req/min=621.16, avg_time=0.001076s, max_time=0.002548s, min_time=0.000624s; GET_PARTITION_META: req_count=4, req/min=0.80, avg_time=0.006581s, max_time=0.007205s, min_time=0.006077s; CLEAR_PARTITION: req_count=4, req/min=0.80, avg_time=0.001123s, max_time=0.001182s, min_time=0.000985s; NOTIFY_DATA_UPDATE: req_count=122, req/min=24.40, avg_time=0.000451s, max_time=0.001230s, min_time=0.000223s; SET_CUSTOM_META: req_count=245, req/min=49.00, avg_time=0.000068s, max_time=0.000142s, min_time=0.000034s
[36m(VLLMSamplerTQ pid=160665)[0m [2026-07-30 06:46:59][INFO:twinkle] Loading LoRA from /mnt/lv_model/npu60005420a/qy_owner_experiments_20260730/qy_owner_twinkle_full125_noeval_final_npu23/run_cwd/output/async_single_lora_gsm8k_accuracy/async-gsm8k_accuracy_lora-v89
[36m(SimpleStorageUnit pid=148626)[0m 2026-07-30 06:47:27,845 - INFO - transfer_queue.utils.perf_utils - TQ_STORAGE_UNIT_07ba66fb: [Performance] Total success requests: 177, Total req/min: 35.22, Total avg process time: 0.0132s; 
[36m(SimpleStorageUnit pid=148626)[0m Time range: last 5.03 minutes; 
[36m(SimpleStorageUnit pid=148626)[0m Per-operation statistics: GET_DATA: req_count=59, req/min=11.74, avg_time=0.012883s, max_time=0.021663s, min_time=0.010377s; PUT_DATA: req_count=114, req/min=22.68, avg_time=0.013300s, max_time=0.024589s, min_time=0.010288s; CLEAR_DATA: req_count=4, req/min=0.80, avg_time=0.015466s, max_time=0.015634s, min_time=0.015200s
[36m(SimpleStorageUnit pid=148628)[0m 2026-07-30 06:47:27,845 - INFO - transfer_queue.utils.perf_utils - TQ_STORAGE_UNIT_56f88ffb: [Performance] Total success requests: 177, Total req/min: 35.22, Total avg process time: 0.0123s; 
[36m(SimpleStorageUnit pid=148628)[0m Time range: last 5.03 minutes; 
[36m(SimpleStorageUnit pid=148628)[0m Per-operation statistics: GET_DATA: req_count=59, req/min=11.74, avg_time=0.012014s, max_time=0.021083s, min_time=0.010310s; PUT_DATA: req_count=114, req/min=22.68, avg_time=0.012411s, max_time=0.024203s, min_time=0.010357s; CLEAR_DATA: req_count=4, req/min=0.80, avg_time=0.014909s, max_time=0.015062s, min_time=0.014613s
[36m(VLLMSamplerTQ pid=160665)[0m [2026-07-30 06:48:13][INFO:twinkle] Loading LoRA from /mnt/lv_model/npu60005420a/qy_owner_experiments_20260730/qy_owner_twinkle_full125_noeval_final_npu23/run_cwd/output/async_single_lora_gsm8k_accuracy/async-gsm8k_accuracy_lora-v90
[36m(VLLMSamplerTQ pid=160665)[0m [2026-07-30 06:49:34][INFO:twinkle] Loading LoRA from /mnt/lv_model/npu60005420a/qy_owner_experiments_20260730/qy_owner_twinkle_full125_noeval_final_npu23/run_cwd/output/async_single_lora_gsm8k_accuracy/async-gsm8k_accuracy_lora-v91
[36m(VLLMSamplerTQ pid=160665)[0m [2026-07-30 06:50:53][INFO:twinkle] Loading LoRA from /mnt/lv_model/npu60005420a/qy_owner_experiments_20260730/qy_owner_twinkle_full125_noeval_final_npu23/run_cwd/output/async_single_lora_gsm8k_accuracy/async-gsm8k_accuracy_lora-v92
[36m(TransferQueueController pid=148633)[0m 2026-07-30 06:51:25,001 - INFO - transfer_queue.utils.perf_utils - TQ_CONTROLLER_3f91e081: [Performance] Total success requests: 11264, Total req/min: 2252.75, Total avg process time: 0.0007s; 
[36m(TransferQueueController pid=148633)[0m Time range: last 5.00 minutes; 
[36m(TransferQueueController pid=148633)[0m Per-operation statistics: GET_CONSUMPTION: req_count=2927, req/min=585.39, avg_time=0.001133s, max_time=0.003019s, min_time=0.000064s; GET_META: req_count=7962, req/min=1592.36, avg_time=0.000603s, max_time=0.002311s, min_time=0.000054s; SET_CUSTOM_META: req_count=245, req/min=49.00, avg_time=0.000071s, max_time=0.000294s, min_time=0.000028s; NOTIFY_DATA_UPDATE: req_count=122, req/min=24.40, avg_time=0.000458s, max_time=0.001358s, min_time=0.000228s; GET_PARTITION_META: req_count=4, req/min=0.80, avg_time=0.006260s, max_time=0.007080s, min_time=0.005029s; CLEAR_PARTITION: req_count=4, req/min=0.80, avg_time=0.000773s, max_time=0.001030s, min_time=0.000518s
[36m(VLLMSamplerTQ pid=160665)[0m [2026-07-30 06:52:16][INFO:twinkle] Loading LoRA from /mnt/lv_model/npu60005420a/qy_owner_experiments_20260730/qy_owner_twinkle_full125_noeval_final_npu23/run_cwd/output/async_single_lora_gsm8k_accuracy/async-gsm8k_accuracy_lora-v93
[36m(SimpleStorageUnit pid=148626)[0m 2026-07-30 06:52:30,767 - INFO - transfer_queue.utils.perf_utils - TQ_STORAGE_UNIT_07ba66fb: [Performance] Total success requests: 192, Total req/min: 38.03, Total avg process time: 0.0139s; 
[36m(SimpleStorageUnit pid=148626)[0m Time range: last 5.05 minutes; 
[36m(SimpleStorageUnit pid=148626)[0m Per-operation statistics: GET_DATA: req_count=64, req/min=12.68, avg_time=0.013778s, max_time=0.026140s, min_time=0.009822s; PUT_DATA: req_count=124, req/min=24.56, avg_time=0.013855s, max_time=0.025407s, min_time=0.009749s; CLEAR_DATA: req_count=4, req/min=0.79, avg_time=0.019206s, max_time=0.030381s, min_time=0.015153s
[36m(SimpleStorageUnit pid=148628)[0m 2026-07-30 06:52:30,767 - INFO - transfer_queue.utils.perf_utils - TQ_STORAGE_UNIT_56f88ffb: [Performance] Total success requests: 192, Total req/min: 38.03, Total avg process time: 0.0127s; 
[36m(SimpleStorageUnit pid=148628)[0m Time range: last 5.05 minutes; 
[36m(SimpleStorageUnit pid=148628)[0m Per-operation statistics: GET_DATA: req_count=64, req/min=12.68, avg_time=0.012434s, max_time=0.021851s, min_time=0.009847s; PUT_DATA: req_count=124, req/min=24.56, avg_time=0.012682s, max_time=0.023848s, min_time=0.009352s; CLEAR_DATA: req_count=4, req/min=0.79, avg_time=0.016248s, max_time=0.022424s, min_time=0.014038s
[36m(VLLMSamplerTQ pid=160665)[0m [2026-07-30 06:53:37][INFO:twinkle] Loading LoRA from /mnt/lv_model/npu60005420a/qy_owner_experiments_20260730/qy_owner_twinkle_full125_noeval_final_npu23/run_cwd/output/async_single_lora_gsm8k_accuracy/async-gsm8k_accuracy_lora-v94
[36m(VLLMSamplerTQ pid=160665)[0m [2026-07-30 06:54:54][INFO:twinkle] Loading LoRA from /mnt/lv_model/npu60005420a/qy_owner_experiments_20260730/qy_owner_twinkle_full125_noeval_final_npu23/run_cwd/output/async_single_lora_gsm8k_accuracy/async-gsm8k_accuracy_lora-v95
[36m(VLLMSamplerTQ pid=160665)[0m [2026-07-30 06:56:07][INFO:twinkle] Loading LoRA from /mnt/lv_model/npu60005420a/qy_owner_experiments_20260730/qy_owner_twinkle_full125_noeval_final_npu23/run_cwd/output/async_single_lora_gsm8k_accuracy/async-gsm8k_accuracy_lora-v96
[36m(TransferQueueController pid=148633)[0m 2026-07-30 06:56:25,005 - INFO - transfer_queue.utils.perf_utils - TQ_CONTROLLER_3f91e081: [Performance] Total success requests: 11337, Total req/min: 2267.36, Total avg process time: 0.0007s; 
[36m(TransferQueueController pid=148633)[0m Time range: last 5.00 minutes; 
[36m(TransferQueueController pid=148633)[0m Per-operation statistics: GET_CONSUMPTION: req_count=2966, req/min=593.19, avg_time=0.001085s, max_time=0.002584s, min_time=0.000056s; GET_META: req_count=8001, req/min=1600.17, avg_time=0.000608s, max_time=0.002603s, min_time=0.000053s; SET_CUSTOM_META: req_count=242, req/min=48.40, avg_time=0.000066s, max_time=0.000189s, min_time=0.000033s; NOTIFY_DATA_UPDATE: req_count=120, req/min=24.00, avg_time=0.000421s, max_time=0.000939s, min_time=0.000213s; GET_PARTITION_META: req_count=4, req/min=0.80, avg_time=0.005964s, max_time=0.006991s, min_time=0.005525s; CLEAR_PARTITION: req_count=4, req/min=0.80, avg_time=0.000949s, max_time=0.001180s, min_time=0.000616s
[36m(VLLMSamplerTQ pid=160665)[0m [2026-07-30 06:57:27][INFO:twinkle] Loading LoRA from /mnt/lv_model/npu60005420a/qy_owner_experiments_20260730/qy_owner_twinkle_full125_noeval_final_npu23/run_cwd/output/async_single_lora_gsm8k_accuracy/async-gsm8k_accuracy_lora-v97
[36m(SimpleStorageUnit pid=148626)[0m 2026-07-30 06:57:47,826 - INFO - transfer_queue.utils.perf_utils - TQ_STORAGE_UNIT_07ba66fb: [Performance] Total success requests: 204, Total req/min: 38.60, Total avg process time: 0.0137s; 
[36m(SimpleStorageUnit pid=148626)[0m Time range: last 5.28 minutes; 
[36m(SimpleStorageUnit pid=148626)[0m Per-operation statistics: GET_DATA: req_count=68, req/min=12.87, avg_time=0.013353s, max_time=0.021353s, min_time=0.010709s; PUT_DATA: req_count=132, req/min=24.98, avg_time=0.013796s, max_time=0.025385s, min_time=0.010334s; CLEAR_DATA: req_count=4, req/min=0.76, avg_time=0.015749s, max_time=0.016953s, min_time=0.015127s
[36m(SimpleStorageUnit pid=148628)[0m 2026-07-30 06:57:47,826 - INFO - transfer_queue.utils.perf_utils - TQ_STORAGE_UNIT_56f88ffb: [Performance] Total success requests: 204, Total req/min: 38.60, Total avg process time: 0.0128s; 
[36m(SimpleStorageUnit pid=148628)[0m Time range: last 5.28 minutes; 
[36m(SimpleStorageUnit pid=148628)[0m Per-operation statistics: GET_DATA: req_count=68, req/min=12.87, avg_time=0.012667s, max_time=0.020961s, min_time=0.009711s; PUT_DATA: req_count=132, req/min=24.98, avg_time=0.012889s, max_time=0.022552s, min_time=0.009727s; CLEAR_DATA: req_count=4, req/min=0.76, avg_time=0.014189s, max_time=0.014520s, min_time=0.013321s
[36m(VLLMSamplerTQ pid=160665)[0m [2026-07-30 06:58:49][INFO:twinkle] Loading LoRA from /mnt/lv_model/npu60005420a/qy_owner_experiments_20260730/qy_owner_twinkle_full125_noeval_final_npu23/run_cwd/output/async_single_lora_gsm8k_accuracy/async-gsm8k_accuracy_lora-v98
[36m(VLLMSamplerTQ pid=160665)[0m [2026-07-30 07:00:11][INFO:twinkle] Loading LoRA from /mnt/lv_model/npu60005420a/qy_owner_experiments_20260730/qy_owner_twinkle_full125_noeval_final_npu23/run_cwd/output/async_single_lora_gsm8k_accuracy/async-gsm8k_accuracy_lora-v99
[36m(TransferQueueController pid=148633)[0m 2026-07-30 07:01:25,019 - INFO - transfer_queue.utils.perf_utils - TQ_CONTROLLER_3f91e081: [Performance] Total success requests: 11095, Total req/min: 2218.89, Total avg process time: 0.0008s; 
[36m(TransferQueueController pid=148633)[0m Time range: last 5.00 minutes; 
[36m(TransferQueueController pid=148633)[0m Per-operation statistics: GET_META: req_count=7836, req/min=1567.13, avg_time=0.000668s, max_time=0.002546s, min_time=0.000053s; GET_CONSUMPTION: req_count=2879, req/min=575.77, avg_time=0.001168s, max_time=0.003017s, min_time=0.000065s; SET_CUSTOM_META: req_count=243, req/min=48.60, avg_time=0.000072s, max_time=0.000229s, min_time=0.000029s; NOTIFY_DATA_UPDATE: req_count=131, req/min=26.20, avg_time=0.000426s, max_time=0.000932s, min_time=0.000212s; GET_PARTITION_META: req_count=3, req/min=0.60, avg_time=0.006033s, max_time=0.007015s, min_time=0.004842s; CLEAR_PARTITION: req_count=3, req/min=0.60, avg_time=0.000738s, max_time=0.001053s, min_time=0.000490s
[36m(VLLMSamplerTQ pid=160665)[0m [2026-07-30 07:01:34][INFO:twinkle] Loading LoRA from /mnt/lv_model/npu60005420a/qy_owner_experiments_20260730/qy_owner_twinkle_full125_noeval_final_npu23/run_cwd/output/async_single_lora_gsm8k_accuracy/async-gsm8k_accuracy_lora-v100
[36m(SimpleStorageUnit pid=148626)[0m 2026-07-30 07:02:50,968 - INFO - transfer_queue.utils.perf_utils - TQ_STORAGE_UNIT_07ba66fb: [Performance] Total success requests: 202, Total req/min: 39.98, Total avg process time: 0.0135s; 
[36m(SimpleStorageUnit pid=148626)[0m Time range: last 5.05 minutes; 
[36m(SimpleStorageUnit pid=148626)[0m Per-operation statistics: GET_DATA: req_count=68, req/min=13.46, avg_time=0.013273s, max_time=0.016459s, min_time=0.010399s; PUT_DATA: req_count=130, req/min=25.73, avg_time=0.013519s, max_time=0.021062s, min_time=0.010461s; CLEAR_DATA: req_count=4, req/min=0.79, avg_time=0.016468s, max_time=0.020057s, min_time=0.014888s
[36m(SimpleStorageUnit pid=148628)[0m 2026-07-30 07:02:50,968 - INFO - transfer_queue.utils.perf_utils - TQ_STORAGE_UNIT_56f88ffb: [Performance] Total success requests: 202, Total req/min: 39.98, Total avg process time: 0.0126s; 
[36m(SimpleStorageUnit pid=148628)[0m Time range: last 5.05 minutes; 
[36m(SimpleStorageUnit pid=148628)[0m Per-operation statistics: GET_DATA: req_count=68, req/min=13.46, avg_time=0.012315s, max_time=0.014524s, min_time=0.010195s; PUT_DATA: req_count=130, req/min=25.73, avg_time=0.012576s, max_time=0.020750s, min_time=0.010226s; CLEAR_DATA: req_count=4, req/min=0.79, avg_time=0.015908s, max_time=0.019701s, min_time=0.014358s
[36m(VLLMSamplerTQ pid=160665)[0m [2026-07-30 07:02:51][INFO:twinkle] Loading LoRA from /mnt/lv_model/npu60005420a/qy_owner_experiments_20260730/qy_owner_twinkle_full125_noeval_final_npu23/run_cwd/output/async_single_lora_gsm8k_accuracy/async-gsm8k_accuracy_lora-v101
[36m(VLLMSamplerTQ pid=160665)[0m [2026-07-30 07:04:07][INFO:twinkle] Loading LoRA from /mnt/lv_model/npu60005420a/qy_owner_experiments_20260730/qy_owner_twinkle_full125_noeval_final_npu23/run_cwd/output/async_single_lora_gsm8k_accuracy/async-gsm8k_accuracy_lora-v102
[36m(VLLMSamplerTQ pid=160665)[0m [2026-07-30 07:05:27][INFO:twinkle] Loading LoRA from /mnt/lv_model/npu60005420a/qy_owner_experiments_20260730/qy_owner_twinkle_full125_noeval_final_npu23/run_cwd/output/async_single_lora_gsm8k_accuracy/async-gsm8k_accuracy_lora-v103
[36m(TransferQueueController pid=148633)[0m 2026-07-30 07:06:25,072 - INFO - transfer_queue.utils.perf_utils - TQ_CONTROLLER_3f91e081: [Performance] Total success requests: 11513, Total req/min: 2302.19, Total avg process time: 0.0008s; 
[36m(TransferQueueController pid=148633)[0m Time range: last 5.00 minutes; 
[36m(TransferQueueController pid=148633)[0m Per-operation statistics: GET_META: req_count=8042, req/min=1608.12, avg_time=0.000622s, max_time=0.002226s, min_time=0.000053s; GET_CONSUMPTION: req_count=3071, req/min=614.09, avg_time=0.001165s, max_time=0.003272s, min_time=0.000624s; GET_PARTITION_META: req_count=4, req/min=0.80, avg_time=0.006442s, max_time=0.006897s, min_time=0.006205s; CLEAR_PARTITION: req_count=4, req/min=0.80, avg_time=0.001080s, max_time=0.001282s, min_time=0.000828s; NOTIFY_DATA_UPDATE: req_count=132, req/min=26.40, avg_time=0.000461s, max_time=0.001524s, min_time=0.000218s; SET_CUSTOM_META: req_count=260, req/min=51.99, avg_time=0.000070s, max_time=0.000358s, min_time=0.000033s
[36m(VLLMSamplerTQ pid=160665)[0m [2026-07-30 07:06:43][INFO:twinkle] Loading LoRA from /mnt/lv_model/npu60005420a/qy_owner_experiments_20260730/qy_owner_twinkle_full125_noeval_final_npu23/run_cwd/output/async_single_lora_gsm8k_accuracy/async-gsm8k_accuracy_lora-v104
[36m(SimpleStorageUnit pid=148626)[0m 2026-07-30 07:08:03,528 - INFO - transfer_queue.utils.perf_utils - TQ_STORAGE_UNIT_07ba66fb: [Performance] Total success requests: 204, Total req/min: 39.16, Total avg process time: 0.0135s; 
[36m(SimpleStorageUnit pid=148626)[0m Time range: last 5.21 minutes; 
[36m(SimpleStorageUnit pid=148626)[0m Per-operation statistics: PUT_DATA: req_count=132, req/min=25.34, avg_time=0.013366s, max_time=0.018761s, min_time=0.010415s; GET_DATA: req_count=68, req/min=13.05, avg_time=0.013545s, max_time=0.022849s, min_time=0.011668s; CLEAR_DATA: req_count=4, req/min=0.77, avg_time=0.017803s, max_time=0.027647s, min_time=0.014330s
[36m(SimpleStorageUnit pid=148628)[0m 2026-07-30 07:08:03,526 - INFO - transfer_queue.utils.perf_utils - TQ_STORAGE_UNIT_56f88ffb: [Performance] Total success requests: 204, Total req/min: 39.16, Total avg process time: 0.0129s; 
[36m(SimpleStorageUnit pid=148628)[0m Time range: last 5.21 minutes; 
[36m(SimpleStorageUnit pid=148628)[0m Per-operation statistics: PUT_DATA: req_count=132, req/min=25.34, avg_time=0.012634s, max_time=0.022908s, min_time=0.010268s; GET_DATA: req_count=68, req/min=13.05, avg_time=0.013083s, max_time=0.022822s, min_time=0.010349s; CLEAR_DATA: req_count=4, req/min=0.77, avg_time=0.016490s, max_time=0.024475s, min_time=0.013255s
[36m(VLLMSamplerTQ pid=160665)[0m [2026-07-30 07:08:03][INFO:twinkle] Loading LoRA from /mnt/lv_model/npu60005420a/qy_owner_experiments_20260730/qy_owner_twinkle_full125_noeval_final_npu23/run_cwd/output/async_single_lora_gsm8k_accuracy/async-gsm8k_accuracy_lora-v105
[36m(VLLMSamplerTQ pid=160665)[0m [2026-07-30 07:09:23][INFO:twinkle] Loading LoRA from /mnt/lv_model/npu60005420a/qy_owner_experiments_20260730/qy_owner_twinkle_full125_noeval_final_npu23/run_cwd/output/async_single_lora_gsm8k_accuracy/async-gsm8k_accuracy_lora-v106
[36m(VLLMSamplerTQ pid=160665)[0m [2026-07-30 07:10:44][INFO:twinkle] Loading LoRA from /mnt/lv_model/npu60005420a/qy_owner_experiments_20260730/qy_owner_twinkle_full125_noeval_final_npu23/run_cwd/output/async_single_lora_gsm8k_accuracy/async-gsm8k_accuracy_lora-v107
[36m(TransferQueueController pid=148633)[0m 2026-07-30 07:11:25,084 - INFO - transfer_queue.utils.perf_utils - TQ_CONTROLLER_3f91e081: [Performance] Total success requests: 11345, Total req/min: 2268.92, Total avg process time: 0.0007s; 
[36m(TransferQueueController pid=148633)[0m Time range: last 5.00 minutes; 
[36m(TransferQueueController pid=148633)[0m Per-operation statistics: GET_META: req_count=7980, req/min=1595.94, avg_time=0.000590s, max_time=0.002811s, min_time=0.000053s; GET_CONSUMPTION: req_count=2980, req/min=595.98, avg_time=0.001130s, max_time=0.002948s, min_time=0.000073s; GET_PARTITION_META: req_count=4, req/min=0.80, avg_time=0.006257s, max_time=0.006801s, min_time=0.005892s; CLEAR_PARTITION: req_count=4, req/min=0.80, avg_time=0.000935s, max_time=0.001090s, min_time=0.000712s; NOTIFY_DATA_UPDATE: req_count=126, req/min=25.20, avg_time=0.000434s, max_time=0.001214s, min_time=0.000213s; SET_CUSTOM_META: req_count=251, req/min=50.20, avg_time=0.000068s, max_time=0.000274s, min_time=0.000031s
[36m(VLLMSamplerTQ pid=160665)[0m [2026-07-30 07:12:01][INFO:twinkle] Loading LoRA from /mnt/lv_model/npu60005420a/qy_owner_experiments_20260730/qy_owner_twinkle_full125_noeval_final_npu23/run_cwd/output/async_single_lora_gsm8k_accuracy/async-gsm8k_accuracy_lora-v108
[36m(SimpleStorageUnit pid=148626)[0m 2026-07-30 07:13:26,121 - INFO - transfer_queue.utils.perf_utils - TQ_STORAGE_UNIT_07ba66fb: [Performance] Total success requests: 204, Total req/min: 37.94, Total avg process time: 0.0132s; 
[36m(SimpleStorageUnit pid=148626)[0m Time range: last 5.38 minutes; 
[36m(SimpleStorageUnit pid=148626)[0m Per-operation statistics: PUT_DATA: req_count=132, req/min=24.55, avg_time=0.013281s, max_time=0.023737s, min_time=0.010216s; GET_DATA: req_count=68, req/min=12.65, avg_time=0.012896s, max_time=0.014352s, min_time=0.010109s; CLEAR_DATA: req_count=4, req/min=0.74, avg_time=0.014598s, max_time=0.015207s, min_time=0.014129s
[36m(SimpleStorageUnit pid=148628)[0m 2026-07-30 07:13:26,121 - INFO - transfer_queue.utils.perf_utils - TQ_STORAGE_UNIT_56f88ffb: [Performance] Total success requests: 204, Total req/min: 37.94, Total avg process time: 0.0123s; 
[36m(SimpleStorageUnit pid=148628)[0m Time range: last 5.38 minutes; 
[36m(SimpleStorageUnit pid=148628)[0m Per-operation statistics: PUT_DATA: req_count=132, req/min=24.55, avg_time=0.012344s, max_time=0.023254s, min_time=0.010004s; GET_DATA: req_count=68, req/min=12.65, avg_time=0.011990s, max_time=0.013374s, min_time=0.010109s; CLEAR_DATA: req_count=4, req/min=0.74, avg_time=0.013898s, max_time=0.014142s, min_time=0.013694s
[36m(VLLMSamplerTQ pid=160665)[0m [2026-07-30 07:13:26][INFO:twinkle] Loading LoRA from /mnt/lv_model/npu60005420a/qy_owner_experiments_20260730/qy_owner_twinkle_full125_noeval_final_npu23/run_cwd/output/async_single_lora_gsm8k_accuracy/async-gsm8k_accuracy_lora-v109
[36m(VLLMSamplerTQ pid=160665)[0m [2026-07-30 07:14:52][INFO:twinkle] Loading LoRA from /mnt/lv_model/npu60005420a/qy_owner_experiments_20260730/qy_owner_twinkle_full125_noeval_final_npu23/run_cwd/output/async_single_lora_gsm8k_accuracy/async-gsm8k_accuracy_lora-v110
[36m(VLLMSamplerTQ pid=160665)[0m [2026-07-30 07:16:10][INFO:twinkle] Loading LoRA from /mnt/lv_model/npu60005420a/qy_owner_experiments_20260730/qy_owner_twinkle_full125_noeval_final_npu23/run_cwd/output/async_single_lora_gsm8k_accuracy/async-gsm8k_accuracy_lora-v111
[36m(TransferQueueController pid=148633)[0m 2026-07-30 07:16:25,096 - INFO - transfer_queue.utils.perf_utils - TQ_CONTROLLER_3f91e081: [Performance] Total success requests: 11079, Total req/min: 2215.71, Total avg process time: 0.0008s; 
[36m(TransferQueueController pid=148633)[0m Time range: last 5.00 minutes; 
[36m(TransferQueueController pid=148633)[0m Per-operation statistics: GET_META: req_count=7865, req/min=1572.94, avg_time=0.000672s, max_time=0.004196s, min_time=0.000053s; GET_CONSUMPTION: req_count=2879, req/min=575.78, avg_time=0.001133s, max_time=0.003083s, min_time=0.000085s; SET_CUSTOM_META: req_count=221, req/min=44.20, avg_time=0.000070s, max_time=0.000346s, min_time=0.000030s; NOTIFY_DATA_UPDATE: req_count=106, req/min=21.20, avg_time=0.000439s, max_time=0.001351s, min_time=0.000214s; GET_PARTITION_META: req_count=4, req/min=0.80, avg_time=0.006139s, max_time=0.006360s, min_time=0.005847s; CLEAR_PARTITION: req_count=4, req/min=0.80, avg_time=0.001067s, max_time=0.001381s, min_time=0.000733s
[36m(VLLMSamplerTQ pid=160665)[0m [2026-07-30 07:17:39][INFO:twinkle] Loading LoRA from /mnt/lv_model/npu60005420a/qy_owner_experiments_20260730/qy_owner_twinkle_full125_noeval_final_npu23/run_cwd/output/async_single_lora_gsm8k_accuracy/async-gsm8k_accuracy_lora-v112
[36m(SimpleStorageUnit pid=148626)[0m 2026-07-30 07:18:31,628 - INFO - transfer_queue.utils.perf_utils - TQ_STORAGE_UNIT_07ba66fb: [Performance] Total success requests: 191, Total req/min: 37.51, Total avg process time: 0.0143s; 
[36m(SimpleStorageUnit pid=148626)[0m Time range: last 5.09 minutes; 
[36m(SimpleStorageUnit pid=148626)[0m Per-operation statistics: PUT_DATA: req_count=125, req/min=24.55, avg_time=0.014417s, max_time=0.026881s, min_time=0.010177s; GET_DATA: req_count=63, req/min=12.37, avg_time=0.014056s, max_time=0.022164s, min_time=0.010334s; CLEAR_DATA: req_count=3, req/min=0.59, avg_time=0.016056s, max_time=0.017707s, min_time=0.015115s
[36m(SimpleStorageUnit pid=148628)[0m 2026-07-30 07:18:31,631 - INFO - transfer_queue.utils.perf_utils - TQ_STORAGE_UNIT_56f88ffb: [Performance] Total success requests: 191, Total req/min: 37.51, Total avg process time: 0.0135s; 
[36m(SimpleStorageUnit pid=148628)[0m Time range: last 5.09 minutes; 
[36m(SimpleStorageUnit pid=148628)[0m Per-operation statistics: PUT_DATA: req_count=125, req/min=24.55, avg_time=0.013549s, max_time=0.027503s, min_time=0.010145s; GET_DATA: req_count=63, req/min=12.37, avg_time=0.013331s, max_time=0.022560s, min_time=0.010235s; CLEAR_DATA: req_count=3, req/min=0.59, avg_time=0.014405s, max_time=0.014980s, min_time=0.013923s
[36m(VLLMSamplerTQ pid=160665)[0m [2026-07-30 07:18:58][INFO:twinkle] Loading LoRA from /mnt/lv_model/npu60005420a/qy_owner_experiments_20260730/qy_owner_twinkle_full125_noeval_final_npu23/run_cwd/output/async_single_lora_gsm8k_accuracy/async-gsm8k_accuracy_lora-v113
[36m(VLLMSamplerTQ pid=160665)[0m [2026-07-30 07:20:21][INFO:twinkle] Loading LoRA from /mnt/lv_model/npu60005420a/qy_owner_experiments_20260730/qy_owner_twinkle_full125_noeval_final_npu23/run_cwd/output/async_single_lora_gsm8k_accuracy/async-gsm8k_accuracy_lora-v114
[36m(TransferQueueController pid=148633)[0m 2026-07-30 07:21:25,144 - INFO - transfer_queue.utils.perf_utils - TQ_CONTROLLER_3f91e081: [Performance] Total success requests: 11496, Total req/min: 2298.83, Total avg process time: 0.0008s; 
[36m(TransferQueueController pid=148633)[0m Time range: last 5.00 minutes; 
[36m(TransferQueueController pid=148633)[0m Per-operation statistics: GET_META: req_count=8050, req/min=1609.74, avg_time=0.000706s, max_time=0.003411s, min_time=0.000052s; GET_CONSUMPTION: req_count=3066, req/min=613.10, avg_time=0.001172s, max_time=0.002636s, min_time=0.000111s; SET_CUSTOM_META: req_count=243, req/min=48.59, avg_time=0.000073s, max_time=0.000291s, min_time=0.000030s; NOTIFY_DATA_UPDATE: req_count=131, req/min=26.20, avg_time=0.000465s, max_time=0.001669s, min_time=0.000214s; GET_PARTITION_META: req_count=3, req/min=0.60, avg_time=0.007033s, max_time=0.007134s, min_time=0.006972s; CLEAR_PARTITION: req_count=3, req/min=0.60, avg_time=0.001159s, max_time=0.001307s, min_time=0.001074s
[36m(VLLMSamplerTQ pid=160665)[0m [2026-07-30 07:21:45][INFO:twinkle] Loading LoRA from /mnt/lv_model/npu60005420a/qy_owner_experiments_20260730/qy_owner_twinkle_full125_noeval_final_npu23/run_cwd/output/async_single_lora_gsm8k_accuracy/async-gsm8k_accuracy_lora-v115
[36m(VLLMSamplerTQ pid=160665)[0m [2026-07-30 07:23:09][INFO:twinkle] Loading LoRA from /mnt/lv_model/npu60005420a/qy_owner_experiments_20260730/qy_owner_twinkle_full125_noeval_final_npu23/run_cwd/output/async_single_lora_gsm8k_accuracy/async-gsm8k_accuracy_lora-v116
[36m(SimpleStorageUnit pid=148626)[0m 2026-07-30 07:23:34,161 - INFO - transfer_queue.utils.perf_utils - TQ_STORAGE_UNIT_07ba66fb: [Performance] Total success requests: 177, Total req/min: 35.10, Total avg process time: 0.0139s; 
[36m(SimpleStorageUnit pid=148626)[0m Time range: last 5.04 minutes; 
[36m(SimpleStorageUnit pid=148626)[0m Per-operation statistics: PUT_DATA: req_count=114, req/min=22.61, avg_time=0.013751s, max_time=0.023013s, min_time=0.010283s; GET_DATA: req_count=59, req/min=11.70, avg_time=0.013999s, max_time=0.023617s, min_time=0.012426s; CLEAR_DATA: req_count=4, req/min=0.79, avg_time=0.016934s, max_time=0.022888s, min_time=0.014622s
[36m(SimpleStorageUnit pid=148628)[0m 2026-07-30 07:23:34,161 - INFO - transfer_queue.utils.perf_utils - TQ_STORAGE_UNIT_56f88ffb: [Performance] Total success requests: 177, Total req/min: 35.10, Total avg process time: 0.0132s; 
[36m(SimpleStorageUnit pid=148628)[0m Time range: last 5.04 minutes; 
[36m(SimpleStorageUnit pid=148628)[0m Per-operation statistics: PUT_DATA: req_count=114, req/min=22.61, avg_time=0.013051s, max_time=0.024414s, min_time=0.010205s; GET_DATA: req_count=59, req/min=11.70, avg_time=0.013091s, max_time=0.023723s, min_time=0.010854s; CLEAR_DATA: req_count=4, req/min=0.79, avg_time=0.017373s, max_time=0.024521s, min_time=0.014158s
[36m(VLLMSamplerTQ pid=160665)[0m [2026-07-30 07:24:31][INFO:twinkle] Loading LoRA from /mnt/lv_model/npu60005420a/qy_owner_experiments_20260730/qy_owner_twinkle_full125_noeval_final_npu23/run_cwd/output/async_single_lora_gsm8k_accuracy/async-gsm8k_accuracy_lora-v117
[36m(VLLMSamplerTQ pid=160665)[0m [2026-07-30 07:25:49][INFO:twinkle] Loading LoRA from /mnt/lv_model/npu60005420a/qy_owner_experiments_20260730/qy_owner_twinkle_full125_noeval_final_npu23/run_cwd/output/async_single_lora_gsm8k_accuracy/async-gsm8k_accuracy_lora-v118
[36m(TransferQueueController pid=148633)[0m 2026-07-30 07:26:25,146 - INFO - transfer_queue.utils.perf_utils - TQ_CONTROLLER_3f91e081: [Performance] Total success requests: 11299, Total req/min: 2259.79, Total avg process time: 0.0008s; 
[36m(TransferQueueController pid=148633)[0m Time range: last 5.00 minutes; 
[36m(TransferQueueController pid=148633)[0m Per-operation statistics: GET_META: req_count=7973, req/min=1594.59, avg_time=0.000681s, max_time=0.011238s, min_time=0.000052s; GET_CONSUMPTION: req_count=2981, req/min=596.20, avg_time=0.001190s, max_time=0.005507s, min_time=0.000073s; GET_PARTITION_META: req_count=4, req/min=0.80, avg_time=0.006349s, max_time=0.006503s, min_time=0.006178s; CLEAR_PARTITION: req_count=4, req/min=0.80, avg_time=0.000867s, max_time=0.001148s, min_time=0.000550s; NOTIFY_DATA_UPDATE: req_count=110, req/min=22.00, avg_time=0.000497s, max_time=0.001445s, min_time=0.000229s; SET_CUSTOM_META: req_count=227, req/min=45.40, avg_time=0.000077s, max_time=0.000538s, min_time=0.000035s
[36m(VLLMSamplerTQ pid=160665)[0m [2026-07-30 07:27:15][INFO:twinkle] Loading LoRA from /mnt/lv_model/npu60005420a/qy_owner_experiments_20260730/qy_owner_twinkle_full125_noeval_final_npu23/run_cwd/output/async_single_lora_gsm8k_accuracy/async-gsm8k_accuracy_lora-v119
[36m(SimpleStorageUnit pid=148626)[0m 2026-07-30 07:28:36,316 - INFO - transfer_queue.utils.perf_utils - TQ_STORAGE_UNIT_07ba66fb: [Performance] Total success requests: 193, Total req/min: 38.32, Total avg process time: 0.0151s; 
[36m(SimpleStorageUnit pid=148626)[0m Time range: last 5.04 minutes; 
[36m(SimpleStorageUnit pid=148626)[0m Per-operation statistics: GET_DATA: req_count=65, req/min=12.91, avg_time=0.015230s, max_time=0.023497s, min_time=0.011337s; PUT_DATA: req_count=124, req/min=24.62, avg_time=0.014981s, max_time=0.023931s, min_time=0.010273s; CLEAR_DATA: req_count=4, req/min=0.79, avg_time=0.017877s, max_time=0.022955s, min_time=0.015637s
[36m(SimpleStorageUnit pid=148628)[0m 2026-07-30 07:28:36,314 - INFO - transfer_queue.utils.perf_utils - TQ_STORAGE_UNIT_56f88ffb: [Performance] Total success requests: 193, Total req/min: 38.33, Total avg process time: 0.0144s; 
[36m(SimpleStorageUnit pid=148628)[0m Time range: last 5.04 minutes; 
[36m(SimpleStorageUnit pid=148628)[0m Per-operation statistics: GET_DATA: req_count=65, req/min=12.91, avg_time=0.014782s, max_time=0.030485s, min_time=0.010338s; PUT_DATA: req_count=124, req/min=24.62, avg_time=0.014173s, max_time=0.023397s, min_time=0.009532s; CLEAR_DATA: req_count=4, req/min=0.79, avg_time=0.017060s, max_time=0.023795s, min_time=0.014317s
[36m(VLLMSamplerTQ pid=160665)[0m [2026-07-30 07:28:36][INFO:twinkle] Loading LoRA from /mnt/lv_model/npu60005420a/qy_owner_experiments_20260730/qy_owner_twinkle_full125_noeval_final_npu23/run_cwd/output/async_single_lora_gsm8k_accuracy/async-gsm8k_accuracy_lora-v120
[36m(VLLMSamplerTQ pid=160665)[0m [2026-07-30 07:30:01][INFO:twinkle] Loading LoRA from /mnt/lv_model/npu60005420a/qy_owner_experiments_20260730/qy_owner_twinkle_full125_noeval_final_npu23/run_cwd/output/async_single_lora_gsm8k_accuracy/async-gsm8k_accuracy_lora-v121
[36m(VLLMSamplerTQ pid=160665)[0m [2026-07-30 07:31:20][INFO:twinkle] Loading LoRA from /mnt/lv_model/npu60005420a/qy_owner_experiments_20260730/qy_owner_twinkle_full125_noeval_final_npu23/run_cwd/output/async_single_lora_gsm8k_accuracy/async-gsm8k_accuracy_lora-v122
[36m(TransferQueueController pid=148633)[0m 2026-07-30 07:31:25,191 - INFO - transfer_queue.utils.perf_utils - TQ_CONTROLLER_3f91e081: [Performance] Total success requests: 11148, Total req/min: 2229.27, Total avg process time: 0.0007s; 
[36m(TransferQueueController pid=148633)[0m Time range: last 5.00 minutes; 
[36m(TransferQueueController pid=148633)[0m Per-operation statistics: GET_CONSUMPTION: req_count=2874, req/min=574.71, avg_time=0.001003s, max_time=0.004076s, min_time=0.000064s; GET_META: req_count=7899, req/min=1579.56, avg_time=0.000579s, max_time=0.004523s, min_time=0.000055s; SET_CUSTOM_META: req_count=245, req/min=48.99, avg_time=0.000067s, max_time=0.000279s, min_time=0.000030s; NOTIFY_DATA_UPDATE: req_count=122, req/min=24.40, avg_time=0.000429s, max_time=0.001480s, min_time=0.000201s; GET_PARTITION_META: req_count=4, req/min=0.80, avg_time=0.007082s, max_time=0.008409s, min_time=0.005956s; CLEAR_PARTITION: req_count=4, req/min=0.80, avg_time=0.001088s, max_time=0.001425s, min_time=0.000584s
[36m(VLLMSamplerTQ pid=160665)[0m [2026-07-30 07:32:37][INFO:twinkle] Loading LoRA from /mnt/lv_model/npu60005420a/qy_owner_experiments_20260730/qy_owner_twinkle_full125_noeval_final_npu23/run_cwd/output/async_single_lora_gsm8k_accuracy/async-gsm8k_accuracy_lora-v123
[36m(SimpleStorageUnit pid=148626)[0m 2026-07-30 07:33:55,815 - INFO - transfer_queue.utils.perf_utils - TQ_STORAGE_UNIT_07ba66fb: [Performance] Total success requests: 204, Total req/min: 38.31, Total avg process time: 0.0131s; 
[36m(SimpleStorageUnit pid=148626)[0m Time range: last 5.32 minutes; 
[36m(SimpleStorageUnit pid=148626)[0m Per-operation statistics: PUT_DATA: req_count=132, req/min=24.79, avg_time=0.012988s, max_time=0.023478s, min_time=0.009806s; GET_DATA: req_count=68, req/min=12.77, avg_time=0.013089s, max_time=0.016605s, min_time=0.012089s; CLEAR_DATA: req_count=4, req/min=0.75, avg_time=0.014723s, max_time=0.014994s, min_time=0.014301s
[36m(SimpleStorageUnit pid=148628)[0m 2026-07-30 07:33:55,815 - INFO - transfer_queue.utils.perf_utils - TQ_STORAGE_UNIT_56f88ffb: [Performance] Total success requests: 204, Total req/min: 38.31, Total avg process time: 0.0124s; 
[36m(SimpleStorageUnit pid=148628)[0m Time range: last 5.33 minutes; 
[36m(SimpleStorageUnit pid=148628)[0m Per-operation statistics: PUT_DATA: req_count=132, req/min=24.79, avg_time=0.012277s, max_time=0.022169s, min_time=0.009923s; GET_DATA: req_count=68, req/min=12.77, avg_time=0.012417s, max_time=0.016676s, min_time=0.010524s; CLEAR_DATA: req_count=4, req/min=0.75, avg_time=0.013979s, max_time=0.014115s, min_time=0.013736s
[36m(VLLMSamplerTQ pid=160665)[0m [2026-07-30 07:33:56][INFO:twinkle] Loading LoRA from /mnt/lv_model/npu60005420a/qy_owner_experiments_20260730/qy_owner_twinkle_full125_noeval_final_npu23/run_cwd/output/async_single_lora_gsm8k_accuracy/async-gsm8k_accuracy_lora-v124
{'trained_partitions': 125, 'wall_time_s': 11058.984116484411, 'metrics_event_count': 4749, 'metrics_flush_count': 1001, 'metrics_write_latency_s': 0.13557140994817019}
[36m(VLLMSamplerTQ pid=160665)[0m ERROR 07-30 07:35:16 [core_client.py:704] Engine core proc EngineCore died unexpectedly, shutting down client.
[36m(VLLMSamplerTQ pid=160665)[0m [2026-07-30 07:35:17][INFO:twinkle] Shutting down VLLMEngine...
[36m(VLLMSamplerTQ pid=160665)[0m [2026-07-30 07:35:17][WARNING:twinkle] Error during engine shutdown: object NoneType can't be used in 'await' expression
QY_TWINKLE_RUN_RC=0
QY_TWINKLE_RUN_ELAPSED_SECONDS=11431
RESULT: OWNER_TWINKLE_FULL125_FINAL_RUN_PASS
