+++ dirname /mnt/lv_model/npu60005420a/packages/twinkle_aligned_verl_grpo_npu_2cards_owner_20260729/run_qwen3_4b_v1_separate_async_npu_2cards.sh
++ cd /mnt/lv_model/npu60005420a/packages/twinkle_aligned_verl_grpo_npu_2cards_owner_20260729
++ pwd
+ SCRIPT_DIR=/mnt/lv_model/npu60005420a/packages/twinkle_aligned_verl_grpo_npu_2cards_owner_20260729
+ ROOT_DIR=/workspace/verl_official_main_17ea153d95ee_20260729
+ cd /workspace/verl_official_main_17ea153d95ee_20260729
+ export VERL_ROOT=/workspace/verl_official_main_17ea153d95ee_20260729
+ VERL_ROOT=/workspace/verl_official_main_17ea153d95ee_20260729
+ export GSM8K_REWARD_PATH=/mnt/lv_model/npu60005420a/packages/twinkle_aligned_verl_grpo_npu_2cards_owner_20260729/gsm8k_accuracy_reward.py
+ GSM8K_REWARD_PATH=/mnt/lv_model/npu60005420a/packages/twinkle_aligned_verl_grpo_npu_2cards_owner_20260729/gsm8k_accuracy_reward.py
+ export ASCEND_RT_VISIBLE_DEVICES=2,3
+ ASCEND_RT_VISIBLE_DEVICES=2,3
+ export HCCL_CONNECT_TIMEOUT=1500
+ HCCL_CONNECT_TIMEOUT=1500
+ export HCCL_HOST_SOCKET_PORT_RANGE=60000-60050
+ HCCL_HOST_SOCKET_PORT_RANGE=60000-60050
+ export HCCL_NPU_SOCKET_PORT_RANGE=61000-61050
+ HCCL_NPU_SOCKET_PORT_RANGE=61000-61050
+ export VLLM_USE_V1=1
+ VLLM_USE_V1=1
+ export TASK_QUEUE_ENABLE=1
+ TASK_QUEUE_ENABLE=1
+ export CPU_AFFINITY_CONF=1
+ CPU_AFFINITY_CONF=1
+ export TOKENIZERS_PARALLELISM=false
+ TOKENIZERS_PARALLELISM=false
+ export VERL_LOGGING_LEVEL=INFO
+ VERL_LOGGING_LEVEL=INFO
+ export RAY_DATA_HOME=/root/verl
+ RAY_DATA_HOME=/root/verl
+ export MODEL_PATH=/mnt/lv_model/npu60005420a/models/Qwen3-4B
+ MODEL_PATH=/mnt/lv_model/npu60005420a/models/Qwen3-4B
+ export TRAIN_FILE=/mnt/lv_model/npu60005420a/data/gsm8k_owner_aligned_20260729/verl_train_twinkle_aligned.parquet
+ TRAIN_FILE=/mnt/lv_model/npu60005420a/data/gsm8k_owner_aligned_20260729/verl_train_twinkle_aligned.parquet
+ export TEST_FILE=/mnt/lv_model/npu60005420a/data/gsm8k_owner_aligned_20260729/verl_test_official_twinkle_aligned.parquet
+ TEST_FILE=/mnt/lv_model/npu60005420a/data/gsm8k_owner_aligned_20260729/verl_test_official_twinkle_aligned.parquet
+ export OUTPUT_DIR=/mnt/lv_model/npu60005420a/qy_owner_smoke_20260729/qy_owner_verl_smoke1_v3_npu23
+ OUTPUT_DIR=/mnt/lv_model/npu60005420a/qy_owner_smoke_20260729/qy_owner_verl_smoke1_v3_npu23
+ export CKPTS_DIR=/mnt/lv_model/npu60005420a/qy_owner_smoke_20260729/qy_owner_verl_smoke1_v3_npu23/checkpoints
+ CKPTS_DIR=/mnt/lv_model/npu60005420a/qy_owner_smoke_20260729/qy_owner_verl_smoke1_v3_npu23/checkpoints
+ python3 -c 'import torch_npu, transfer_queue, vllm'
+ test -f /mnt/lv_model/npu60005420a/packages/twinkle_aligned_verl_grpo_npu_2cards_owner_20260729/gsm8k_accuracy_reward.py
+ test -f /mnt/lv_model/npu60005420a/data/gsm8k_owner_aligned_20260729/verl_train_twinkle_aligned.parquet
+ test -f /mnt/lv_model/npu60005420a/data/gsm8k_owner_aligned_20260729/verl_test_official_twinkle_aligned.parquet
+ mkdir -p /mnt/lv_model/npu60005420a/qy_owner_smoke_20260729/qy_owner_verl_smoke1_v3_npu23/checkpoints
+ mkdir -p /mnt/lv_model/npu60005420a/qy_owner_smoke_20260729/qy_owner_verl_smoke1_v3_npu23
+ python3 - /mnt/lv_model/npu60005420a/data/gsm8k_owner_aligned_20260729/verl_train_twinkle_aligned.parquet /mnt/lv_model/npu60005420a/data/gsm8k_owner_aligned_20260729/verl_test_official_twinkle_aligned.parquet
Twinkle GSM8KProcessor prompt and ground-truth contract validated
+ python3 -m verl.trainer.main_ppo --config-name=v1_separate_async_grpo_npu_2cards trainer.experiment_name=qy_owner_verl_smoke1_v3_npu23 trainer.total_training_steps=1 trainer.total_epochs=1 trainer.save_freq=1 trainer.test_freq=-1
/usr/local/python3.11.15/lib/python3.11/site-packages/torch_npu/npu/__init__.py:539: UserWarning: You can set the device capability via the environment variable TORCH_NPU_DEVICE_CAPABILITY. The return value of get_device_capability is only for compatibility with PyTorch and does not represent the actual capability of the NPU device.
  warnings.warn(f"You can set the device capability via the environment variable TORCH_NPU_DEVICE_CAPABILITY. {warning_str}")
/workspace/verl_official_main_17ea153d95ee_20260729/verl/trainer/main_ppo.py:181: UserWarning: Disabled critic as algorithm.adv_estimator != gae. If it is not intended, please set critic.enable=True
  use_critic=need_critic(config),
WARNING: val_batch_size is deprecated. Validation datasets are sent to inference engines as a whole batch, which will schedule the memory themselves.
[2026-07-29 13:32:38,031][torch_npu.env][INFO] - get env LD_LIBRARY_PATH = /usr/local/Ascend/nnal/atb/latest/atb/cxx_abi_1/lib:/usr/local/Ascend/nnal/atb/latest/atb/cxx_abi_1/examples:/usr/local/Ascend/nnal/atb/latest/atb/cxx_abi_1/tests/atbopstest:/usr/local/Ascend/cann-9.0.0/lib64:/usr/local/Ascend/cann-9.0.0/lib64/plugin/opskernel:/usr/local/Ascend/cann-9.0.0/lib64/plugin/nnengine:/usr/local/Ascend/cann-9.0.0/opp/built-in/op_impl/ai_core/tbe/op_tiling/lib/linux/aarch64:/usr/local/Ascend/driver/lib64:/usr/local/Ascend/driver/lib64/common:/usr/local/Ascend/driver/lib64/driver:/usr/local/Ascend/nnal/atb/latest/atb/cxx_abi_1/lib:/usr/local/Ascend/nnal/atb/latest/atb/cxx_abi_1/examples:/usr/local/Ascend/nnal/atb/latest/atb/cxx_abi_1/tests/atbopstest:/usr/local/Ascend/driver/lib64:/usr/local/Ascend/driver/lib64/common:/usr/local/Ascend/driver/lib64/driver:/usr/local/Ascend/driver/lib64:/usr/local/Ascend/driver/lib64/common:/usr/local/Ascend/driver/lib64/driver:/usr/local/Ascend/nnal/atb/latest/atb/cxx_abi_1/lib:/usr/local/Ascend/nnal/atb/latest/atb/cxx_abi_1/examples:/usr/local/Ascend/nnal/atb/latest/atb/cxx_abi_1/tests/atbopstest:/usr/local/Ascend/ascend-toolkit/latest/tools/aml/lib64:/usr/local/Ascend/ascend-toolkit/latest/tools/aml/lib64/plugin:/usr/local/Ascend/ascend-toolkit/latest/lib64:/usr/local/Ascend/ascend-toolkit/latest/lib64/plugin/opskernel:/usr/local/Ascend/ascend-toolkit/latest/lib64/plugin/nnengine:/usr/local/Ascend/ascend-toolkit/latest/opp/built-in/op_impl/ai_core/tbe/op_tiling:/usr/local/python3.11.15/lib:
INFO 07-29 13:32:38 [__init__.py:44] Available plugins for group vllm.platform_plugins:
INFO 07-29 13:32:38 [__init__.py:46] - ascend -> vllm_ascend:register
INFO 07-29 13:32:38 [__init__.py:49] All plugins in this group will be loaded. Set `VLLM_PLUGINS` to control which plugins to load.
INFO 07-29 13:32:38 [__init__.py:239] Platform plugin ascend is activated
[2026-07-29 13:32:41,756][torch_npu.env][INFO] - get env TORCHINDUCTOR_CACHE_DIR = /tmp/torchinductor_root
[validate_config] All configuration checks passed successfully!
[2026-07-29 13:32:42,752][torch_npu.env][INFO] - get env TOKENIZERS_PARALLELISM = false
[2026-07-29 13:32:42,753][torch_npu.env][INFO] - get env HCCL_HOST_SOCKET_PORT_RANGE = 60000-60050
[2026-07-29 13:32:42,753][torch_npu.env][INFO] - get env HCCL_NPU_SOCKET_PORT_RANGE = 61000-61050
[2026-07-29 13:32:42,753][torch_npu.env][INFO] - get env PYTHONPATH = /workspace/verl_official_main_17ea153d95ee_20260729:/usr/local/Ascend/cann-9.0.0/python/site-packages:/usr/local/Ascend/cann-9.0.0/opp/built-in/op_impl/ai_core/tbe:/usr/local/Ascend/ascend-toolkit/latest/python/site-packages:/usr/local/Ascend/ascend-toolkit/latest/opp/built-in/op_impl/ai_core/tbe:
ray init kwargs: {'num_cpus': None, 'runtime_env': {'env_vars': {'NCCL_DEBUG': 'WARN', 'VLLM_LOGGING_LEVEL': 'WARN', 'VLLM_ALLOW_RUNTIME_LORA_UPDATING': 'true', 'VLLM_DISABLE_COMPILE_CACHE': '1', 'HSA_NO_SCRATCH_RECLAIM': '1', 'PYTHONHASHSEED': '0', 'VERL_FULL_DETERMINISM': '0', 'VLLM_BATCH_INVARIANT': '0', 'VERL_RL_INSIGHT_ENABLE': '0', 'PYTHONPATH': '/workspace/verl_official_main_17ea153d95ee_20260729:/usr/local/Ascend/cann-9.0.0/python/site-packages:/usr/local/Ascend/cann-9.0.0/opp/built-in/op_impl/ai_core/tbe:/usr/local/Ascend/ascend-toolkit/latest/python/site-packages:/usr/local/Ascend/ascend-toolkit/latest/opp/built-in/op_impl/ai_core/tbe:', 'TRANSFER_QUEUE_ENABLE': '1'}, 'working_dir': None}}
[2026-07-29 13:32:46,109][torch_npu.env][INFO] - get env RAY_USAGE_STATS_ENABLED = 0
2026-07-29 13:32:52,088	INFO worker.py:2003 -- Started a local Ray instance. View the dashboard at [1m[32mhttp://127.0.0.1:8265 [39m[22m
/usr/local/python3.11.15/lib/python3.11/site-packages/ray/_private/worker.py:2051: FutureWarning: Tip: In future versions of Ray, Ray will no longer override accelerator visible devices env var if num_gpus=0 or num_gpus=None (default). To enable this behavior and turn off this error message, set RAY_ACCEL_ENV_VAR_OVERRIDE_ON_ZERO=0
  warnings.warn(
[36m(TaskRunnerV1 pid=13158)[0m WARNING:2026-07-29 13:33:15,131:Platform 'huawei' (PlatformNPU) is registered but not available. This may be due to this ray actor being a CPU-only actor.
[36m(TaskRunnerV1 pid=13158)[0m /usr/local/python3.11.15/lib/python3.11/site-packages/torch_npu/contrib/transfer_to_npu.py:362: ImportWarning: 
[36m(TaskRunnerV1 pid=13158)[0m     *************************************************************************************************************
[36m(TaskRunnerV1 pid=13158)[0m     The torch.Tensor.cuda and torch.nn.Module.cuda are replaced with torch.Tensor.npu and torch.nn.Module.npu now..
[36m(TaskRunnerV1 pid=13158)[0m     The torch.cuda.DoubleTensor is replaced with torch.npu.FloatTensor cause the double type is not supported now..
[36m(TaskRunnerV1 pid=13158)[0m     The backend in torch.distributed.init_process_group set to hccl now..
[36m(TaskRunnerV1 pid=13158)[0m     The torch.cuda.* and torch.cuda.amp.* are replaced with torch.npu.* and torch.npu.amp.* now..
[36m(TaskRunnerV1 pid=13158)[0m     The device parameters have been replaced with npu in the function below:
[36m(TaskRunnerV1 pid=13158)[0m     torch.logspace, torch.randint, torch.hann_window, torch.rand, torch.full_like, torch.ones_like, torch.rand_like, torch.randperm, torch.arange, torch.frombuffer, torch.normal, torch._empty_per_channel_affine_quantized, torch.empty_strided, torch.empty_like, torch.scalar_tensor, torch.tril_indices, torch.bartlett_window, torch.ones, torch.sparse_coo_tensor, torch.randn, torch.kaiser_window, torch.tensor, torch.triu_indices, torch.as_tensor, torch.zeros, torch.randint_like, torch.full, torch.eye, torch._sparse_csr_tensor_unsafe, torch.empty, torch._sparse_coo_tensor_unsafe, torch.blackman_window, torch.zeros_like, torch.range, torch.sparse_csr_tensor, torch.randn_like, torch.from_file, torch._cudnn_init_dropout_state, torch._empty_affine_quantized, torch.linspace, torch.hamming_window, torch.empty_quantized, torch._pin_memory, torch.load, torch.set_default_device, torch.get_device_module, torch.sparse_compressed_tensor, torch.Tensor.new_empty, torch.Tensor.new_empty_strided, torch.Tensor.new_full, torch.Tensor.new_ones, torch.Tensor.new_tensor, torch.Tensor.new_zeros, torch.Tensor.to, torch.Tensor.pin_memory, torch.nn.Module.to, torch.nn.Module.to_empty
[36m(TaskRunnerV1 pid=13158)[0m     *************************************************************************************************************
[36m(TaskRunnerV1 pid=13158)[0m     
[36m(TaskRunnerV1 pid=13158)[0m   warnings.warn(msg, ImportWarning)
[36m(TaskRunnerV1 pid=13158)[0m /usr/local/python3.11.15/lib/python3.11/site-packages/torch_npu/contrib/transfer_to_npu.py:291: RuntimeWarning: torch.jit.script and torch.jit.script_method will be disabled by transfer_to_npu, which currently does not support them, if you need to enable them, please do not use transfer_to_npu.
[36m(TaskRunnerV1 pid=13158)[0m   warnings.warn(msg, RuntimeWarning)
[36m(TaskRunnerV1 pid=13158)[0m /MindSpeed/mindspeed/features_manager/megatron_basic/requirements_basic.py:68: UserWarning: fla_npu is not installed. use chunk_gated_delta_rule instead.
[36m(TaskRunnerV1 pid=13158)[0m   warnings.warn("fla_npu is not installed. use chunk_gated_delta_rule instead.")
[36m(TaskRunnerV1 pid=13158)[0m /Megatron-LM/megatron/core/inference/contexts/__init__.py:9: DeprecationWarning: The following imports from `dynamic_context.py` will be removed in this file in `megatron-core` 0.14. The imports here result in a cyclic import issue that causes rotary embeddings to import from Apex rather than Transformer Engine.
[36m(TaskRunnerV1 pid=13158)[0m   warnings.warn(
[36m(TaskRunnerV1 pid=13158)[0m /MindSpeed/mindspeed/core/tensor_parallel/tp_2d/layernorm_2d.py:88: FutureWarning: `torch_npu.npu.amp.custom_fwd(args...)` is deprecated. Please use `torch.amp.custom_fwd(args..., device_type='npu')` instead.
[36m(TaskRunnerV1 pid=13158)[0m   @custom_fwd
[36m(TaskRunnerV1 pid=13158)[0m /MindSpeed/mindspeed/core/tensor_parallel/tp_2d/layernorm_2d.py:147: FutureWarning: `torch_npu.npu.amp.custom_bwd(args...)` is deprecated. Please use `torch.amp.custom_bwd(args..., device_type='npu')` instead.
[36m(TaskRunnerV1 pid=13158)[0m   @custom_bwd
[36m(TaskRunnerV1 pid=13158)[0m /MindSpeed/mindspeed/core/tensor_parallel/tp_2d/rms_norm_2d.py:66: FutureWarning: `torch_npu.npu.amp.custom_fwd(args...)` is deprecated. Please use `torch.amp.custom_fwd(args..., device_type='npu')` instead.
[36m(TaskRunnerV1 pid=13158)[0m   @custom_fwd
[36m(TaskRunnerV1 pid=13158)[0m /MindSpeed/mindspeed/core/tensor_parallel/tp_2d/rms_norm_2d.py:87: FutureWarning: `torch_npu.npu.amp.custom_bwd(args...)` is deprecated. Please use `torch.amp.custom_bwd(args..., device_type='npu')` instead.
[36m(TaskRunnerV1 pid=13158)[0m   @custom_bwd
[36m(TaskRunnerV1 pid=13158)[0m /Megatron-LM/megatron/core/transformer/multi_latent_attention.py:36: DeprecationWarning: The 'megatron.core.transformer.custom_layers.transformer_engine' 
[36m(TaskRunnerV1 pid=13158)[0m     module is deprecated and will be removed in 0.10.0. Please use 
[36m(TaskRunnerV1 pid=13158)[0m     'megatron.core.extensions.transformer_engine' instead.
[36m(TaskRunnerV1 pid=13158)[0m   from megatron.core.transformer.custom_layers.transformer_engine import (
[36m(TaskRunnerV1 pid=13158)[0m [Rank 0 | Local Rank 0] 2026-07-29 13:33:15,416 INFO [mindspeed.megatron_adaptor:33] => start to patch features in megatron adaptor.
[36m(TaskRunnerV1 pid=13158)[0m [Rank 0 | Local Rank 0] 2026-07-29 13:33:18,297 INFO [megatron.core.distributed.fsdp.src.megatron_fsdp.mixed_precision:34] => Using Megatron-FSDP without Transformer Engine.
[36m(TaskRunnerV1 pid=13158)[0m [Rank 0 | Local Rank 0] 2026-07-29 13:33:18,300 INFO [megatron.core.distributed.fsdp.src.megatron_fsdp.param_and_grad_buffer:69] => Detected Megatron Core, using Megatron-FSDP with Megatron.
[36m(TaskRunnerV1 pid=13158)[0m [Rank 0 | Local Rank 0] 2026-07-29 13:33:18,304 INFO [megatron.core.distributed.fsdp.src.megatron_fsdp.megatron_fsdp:47] => Detected Megatron Core, using Megatron-FSDP with Megatron.
[36m(TaskRunnerV1 pid=13158)[0m {'actor_rollout_ref': {'actor': {'_target_': 'verl.workers.config.FSDPActorConfig',
[36m(TaskRunnerV1 pid=13158)[0m                                  'calculate_entropy': False,
[36m(TaskRunnerV1 pid=13158)[0m                                  'calculate_sum_pi_squared': False,
[36m(TaskRunnerV1 pid=13158)[0m                                  'checkpoint': {'_target_': 'verl.trainer.config.CheckpointConfig',
[36m(TaskRunnerV1 pid=13158)[0m                                                 'async_save': False,
[36m(TaskRunnerV1 pid=13158)[0m                                                 'load_contents': ['model',
[36m(TaskRunnerV1 pid=13158)[0m                                                                   'optimizer',
[36m(TaskRunnerV1 pid=13158)[0m                                                                   'extra'],
[36m(TaskRunnerV1 pid=13158)[0m                                                 'save_contents': ['model',
[36m(TaskRunnerV1 pid=13158)[0m                                                                   'optimizer',
[36m(TaskRunnerV1 pid=13158)[0m                                                                   'extra'],
[36m(TaskRunnerV1 pid=13158)[0m                                                 'strict': True},
[36m(TaskRunnerV1 pid=13158)[0m                                  'clip_ratio': 0.2,
[36m(TaskRunnerV1 pid=13158)[0m                                  'clip_ratio_c': 3.0,
[36m(TaskRunnerV1 pid=13158)[0m                                  'clip_ratio_high': 0.2,
[36m(TaskRunnerV1 pid=13158)[0m                                  'clip_ratio_low': 0.2,
[36m(TaskRunnerV1 pid=13158)[0m                                  'data_loader_seed': 1,
[36m(TaskRunnerV1 pid=13158)[0m                                  'entropy_checkpointing': False,
[36m(TaskRunnerV1 pid=13158)[0m                                  'entropy_coeff': 0,
[36m(TaskRunnerV1 pid=13158)[0m                                  'entropy_from_logits_chunk_size': 2048,
[36m(TaskRunnerV1 pid=13158)[0m                                  'entropy_from_logits_with_chunking': False,
[36m(TaskRunnerV1 pid=13158)[0m                                  'freeze_vision_tower': False,
[36m(TaskRunnerV1 pid=13158)[0m                                  'fsdp_config': {'_target_': 'verl.workers.config.FSDPEngineConfig',
[36m(TaskRunnerV1 pid=13158)[0m                                                  'dtype': 'bfloat16',
[36m(TaskRunnerV1 pid=13158)[0m                                                  'entropy_checkpointing': False,
[36m(TaskRunnerV1 pid=13158)[0m                                                  'entropy_from_logits_chunk_size': 2048,
[36m(TaskRunnerV1 pid=13158)[0m                                                  'entropy_from_logits_with_chunking': False,
[36m(TaskRunnerV1 pid=13158)[0m                                                  'forward_only': False,
[36m(TaskRunnerV1 pid=13158)[0m                                                  'forward_prefetch': False,
[36m(TaskRunnerV1 pid=13158)[0m                                                  'fsdp_size': -1,
[36m(TaskRunnerV1 pid=13158)[0m                                                  'full_determinism': False,
[36m(TaskRunnerV1 pid=13158)[0m                                                  'model_dtype': 'fp32',
[36m(TaskRunnerV1 pid=13158)[0m                                                  'offload_policy': False,
[36m(TaskRunnerV1 pid=13158)[0m                                                  'optimizer_offload': False,
[36m(TaskRunnerV1 pid=13158)[0m                                                  'param_offload': False,
[36m(TaskRunnerV1 pid=13158)[0m                                                  'qat': {'_target_': 'verl.workers.config.QATEngineConfig',
[36m(TaskRunnerV1 pid=13158)[0m                                                          'activation_observer': 'static_minmax',
[36m(TaskRunnerV1 pid=13158)[0m                                                          'enable': False,
[36m(TaskRunnerV1 pid=13158)[0m                                                          'group_size': 16,
[36m(TaskRunnerV1 pid=13158)[0m                                                          'ignore_patterns': ['lm_head',
[36m(TaskRunnerV1 pid=13158)[0m                                                                              'embed_tokens',
[36m(TaskRunnerV1 pid=13158)[0m                                                                              're:.*mlp.gate$'],
[36m(TaskRunnerV1 pid=13158)[0m                                                          'mode': 'w4a16',
[36m(TaskRunnerV1 pid=13158)[0m                                                          'quantization_config_path': None},
[36m(TaskRunnerV1 pid=13158)[0m                                                  'reshard_after_forward': True,
[36m(TaskRunnerV1 pid=13158)[0m                                                  'seed': 1,
[36m(TaskRunnerV1 pid=13158)[0m                                                  'strategy': 'fsdp2',
[36m(TaskRunnerV1 pid=13158)[0m                                                  'ulysses_sequence_parallel_size': 1,
[36m(TaskRunnerV1 pid=13158)[0m                                                  'use_orig_params': False,
[36m(TaskRunnerV1 pid=13158)[0m                                                  'use_torch_compile': False,
[36m(TaskRunnerV1 pid=13158)[0m                                                  'wrap_policy': {'min_num_params': 0}},
[36m(TaskRunnerV1 pid=13158)[0m                                  'grad_clip': 1.0,
[36m(TaskRunnerV1 pid=13158)[0m                                  'kl_loss_coef': 0.001,
[36m(TaskRunnerV1 pid=13158)[0m                                  'kl_loss_type': 'low_var_kl',
[36m(TaskRunnerV1 pid=13158)[0m                                  'loss_agg_mode': 'token-mean',
[36m(TaskRunnerV1 pid=13158)[0m                                  'loss_scale_factor': None,
[36m(TaskRunnerV1 pid=13158)[0m                                  'optim': {'_target_': 'verl.workers.config.FSDPOptimizerConfig',
[36m(TaskRunnerV1 pid=13158)[0m                                            'betas': [0.9, 0.999],
[36m(TaskRunnerV1 pid=13158)[0m                                            'clip_grad': 1.0,
[36m(TaskRunnerV1 pid=13158)[0m                                            'lr': 1.7e-05,
[36m(TaskRunnerV1 pid=13158)[0m                                            'lr_scheduler_type': 'constant',
[36m(TaskRunnerV1 pid=13158)[0m                                            'lr_warmup_steps': -1,
[36m(TaskRunnerV1 pid=13158)[0m                                            'lr_warmup_steps_ratio': 0.0,
[36m(TaskRunnerV1 pid=13158)[0m                                            'min_lr_ratio': 0.0,
[36m(TaskRunnerV1 pid=13158)[0m                                            'num_cycles': 0.5,
[36m(TaskRunnerV1 pid=13158)[0m                                            'optimizer': 'AdamW',
[36m(TaskRunnerV1 pid=13158)[0m                                            'optimizer_impl': 'torch.optim',
[36m(TaskRunnerV1 pid=13158)[0m                                            'override_optimizer_config': None,
[36m(TaskRunnerV1 pid=13158)[0m                                            'total_training_steps': -1,
[36m(TaskRunnerV1 pid=13158)[0m                                            'warmup_style': None,
[36m(TaskRunnerV1 pid=13158)[0m                                            'weight_decay': 0.01,
[36m(TaskRunnerV1 pid=13158)[0m                                            'zero_indexed_step': True},
[36m(TaskRunnerV1 pid=13158)[0m                                  'policy_loss': {'_target_': 'verl.workers.config.PolicyLossConfig',
[36m(TaskRunnerV1 pid=13158)[0m                                                  'clip_cov_lb': 1.0,
[36m(TaskRunnerV1 pid=13158)[0m                                                  'clip_cov_ratio': 0.0002,
[36m(TaskRunnerV1 pid=13158)[0m                                                  'clip_cov_ub': 5.0,
[36m(TaskRunnerV1 pid=13158)[0m                                                  'kl_cov_ratio': 0.0002,
[36m(TaskRunnerV1 pid=13158)[0m                                                  'loss_mode': 'vanilla',
[36m(TaskRunnerV1 pid=13158)[0m                                                  'ppo_kl_coef': 0.1},
[36m(TaskRunnerV1 pid=13158)[0m                                  'ppo_epochs': 1,
[36m(TaskRunnerV1 pid=13158)[0m                                  'ppo_max_token_len_per_gpu': 4096,
[36m(TaskRunnerV1 pid=13158)[0m                                  'ppo_micro_batch_size': None,
[36m(TaskRunnerV1 pid=13158)[0m                                  'ppo_micro_batch_size_per_gpu': None,
[36m(TaskRunnerV1 pid=13158)[0m                                  'ppo_mini_batch_size': 16,
[36m(TaskRunnerV1 pid=13158)[0m                                  'profiler': {'_target_': 'verl.utils.profiler.ProfilerConfig',
[36m(TaskRunnerV1 pid=13158)[0m                                               'all_ranks': False,
[36m(TaskRunnerV1 pid=13158)[0m                                               'enable': False,
[36m(TaskRunnerV1 pid=13158)[0m                                               'ranks': [],
[36m(TaskRunnerV1 pid=13158)[0m                                               'save_path': 'outputs/profile',
[36m(TaskRunnerV1 pid=13158)[0m                                               'tool': None,
[36m(TaskRunnerV1 pid=13158)[0m                                               'tool_config': {'npu': {'_target_': 'verl.utils.profiler.config.NPUToolConfig',
[36m(TaskRunnerV1 pid=13158)[0m                                                                       'analysis': True,
[36m(TaskRunnerV1 pid=13158)[0m                                                                       'contents': [],
[36m(TaskRunnerV1 pid=13158)[0m                                                                       'discrete': False,
[36m(TaskRunnerV1 pid=13158)[0m                                                                       'level': 'level0'},
[36m(TaskRunnerV1 pid=13158)[0m                                                               'nsys': {'_target_': 'verl.utils.profiler.config.NsightToolConfig',
[36m(TaskRunnerV1 pid=13158)[0m                                                                        'discrete': False},
[36m(TaskRunnerV1 pid=13158)[0m                                                               'precision_debugger': {'_target_': 'verl.utils.profiler.config.PrecisionDebuggerToolConfig',
[36m(TaskRunnerV1 pid=13158)[0m                                                                                      'config_path': None,
[36m(TaskRunnerV1 pid=13158)[0m                                                                                      'stages': None,
[36m(TaskRunnerV1 pid=13158)[0m                                                                                      'steps': None,
[36m(TaskRunnerV1 pid=13158)[0m                                                                                      'strict': False},
[36m(TaskRunnerV1 pid=13158)[0m                                                               'torch': {'_target_': 'verl.utils.profiler.config.TorchProfilerToolConfig',
[36m(TaskRunnerV1 pid=13158)[0m                                                                         'contents': [],
[36m(TaskRunnerV1 pid=13158)[0m                                                                         'discrete': False,
[36m(TaskRunnerV1 pid=13158)[0m                                                                         'schedule': {'_target_': 'verl.utils.profiler.config.TorchProfilerScheduleConfig',
[36m(TaskRunnerV1 pid=13158)[0m                                                                                      'active': 0,
[36m(TaskRunnerV1 pid=13158)[0m                                                                                      'repeat': 0,
[36m(TaskRunnerV1 pid=13158)[0m                                                                                      'skip_first': 0,
[36m(TaskRunnerV1 pid=13158)[0m                                                                                      'wait': 0,
[36m(TaskRunnerV1 pid=13158)[0m                                                                                      'warmup': 0}},
[36m(TaskRunnerV1 pid=13158)[0m                                                               'torch_memory': {'_target_': 'verl.utils.profiler.config.TorchMemoryToolConfig',
[36m(TaskRunnerV1 pid=13158)[0m                                                                                'stack_depth': 32,
[36m(TaskRunnerV1 pid=13158)[0m                                                                                'trace_alloc_max_entries': 100000}}},
[36m(TaskRunnerV1 pid=13158)[0m                                  'qat': {'activation_observer': 'static_minmax',
[36m(TaskRunnerV1 pid=13158)[0m                                          'enable': False,
[36m(TaskRunnerV1 pid=13158)[0m                                          'group_size': 16,
[36m(TaskRunnerV1 pid=13158)[0m                                          'ignore_patterns': ['lm_head',
[36m(TaskRunnerV1 pid=13158)[0m                                                              'embed_tokens',
[36m(TaskRunnerV1 pid=13158)[0m                                                              're:.*mlp.gate$'],
[36m(TaskRunnerV1 pid=13158)[0m                                          'mode': 'w4a16',
[36m(TaskRunnerV1 pid=13158)[0m                                          'quantization_config_path': None},
[36m(TaskRunnerV1 pid=13158)[0m                                  'rollout_n': 4,
[36m(TaskRunnerV1 pid=13158)[0m                                  'router_replay': {'_target_': 'verl.workers.config.RouterReplayConfig',
[36m(TaskRunnerV1 pid=13158)[0m                                                    'mode': 'disabled',
[36m(TaskRunnerV1 pid=13158)[0m                                                    'record_file': None,
[36m(TaskRunnerV1 pid=13158)[0m                                                    'replay_file': None},
[36m(TaskRunnerV1 pid=13158)[0m                                  'shuffle': False,
[36m(TaskRunnerV1 pid=13158)[0m                                  'strategy': 'fsdp2',
[36m(TaskRunnerV1 pid=13158)[0m                                  'tau_neg': 1.05,
[36m(TaskRunnerV1 pid=13158)[0m                                  'tau_pos': 1.0,
[36m(TaskRunnerV1 pid=13158)[0m                                  'ulysses_sequence_parallel_size': 1,
[36m(TaskRunnerV1 pid=13158)[0m                                  'use_dynamic_bsz': True,
[36m(TaskRunnerV1 pid=13158)[0m                                  'use_fused_kernels': False,
[36m(TaskRunnerV1 pid=13158)[0m                                  'use_kl_loss': False,
[36m(TaskRunnerV1 pid=13158)[0m                                  'use_prefix_grouper': False,
[36m(TaskRunnerV1 pid=13158)[0m                                  'use_remove_padding': False,
[36m(TaskRunnerV1 pid=13158)[0m                                  'use_torch_compile': False},
[36m(TaskRunnerV1 pid=13158)[0m                        'hybrid_engine': True,
[36m(TaskRunnerV1 pid=13158)[0m                        'model': {'_target_': 'verl.workers.config.HFModelConfig',
[36m(TaskRunnerV1 pid=13158)[0m                                  'custom_chat_template': None,
[36m(TaskRunnerV1 pid=13158)[0m                                  'enable_activation_offload': False,
[36m(TaskRunnerV1 pid=13158)[0m                                  'enable_gradient_checkpointing': True,
[36m(TaskRunnerV1 pid=13158)[0m                                  'exclude_modules': None,
[36m(TaskRunnerV1 pid=13158)[0m                                  'external_lib': None,
[36m(TaskRunnerV1 pid=13158)[0m                                  'fused_kernel_options': {'impl_backend': 'torch'},
[36m(TaskRunnerV1 pid=13158)[0m                                  'hf_config_path': None,
[36m(TaskRunnerV1 pid=13158)[0m                                  'lora': {'a2a_experimental': False,
[36m(TaskRunnerV1 pid=13158)[0m                                           'adapter_path': None,
[36m(TaskRunnerV1 pid=13158)[0m                                           'alpha': 32,
[36m(TaskRunnerV1 pid=13158)[0m                                           'dropout': 0.0,
[36m(TaskRunnerV1 pid=13158)[0m                                           'dropout_position': 'pre',
[36m(TaskRunnerV1 pid=13158)[0m                                           'dtype': None,
[36m(TaskRunnerV1 pid=13158)[0m                                           'exclude_modules': [],
[36m(TaskRunnerV1 pid=13158)[0m                                           'freeze_language_model': True,
[36m(TaskRunnerV1 pid=13158)[0m                                           'freeze_vision_model': True,
[36m(TaskRunnerV1 pid=13158)[0m                                           'freeze_vision_projection': True,
[36m(TaskRunnerV1 pid=13158)[0m                                           'lora_A_init_method': 'xavier',
[36m(TaskRunnerV1 pid=13158)[0m                                           'lora_B_init_method': 'zero',
[36m(TaskRunnerV1 pid=13158)[0m                                           'merge': False,
[36m(TaskRunnerV1 pid=13158)[0m                                           'rank': 0,
[36m(TaskRunnerV1 pid=13158)[0m                                           'target_modules': ['linear_qkv',
[36m(TaskRunnerV1 pid=13158)[0m                                                              'linear_proj',
[36m(TaskRunnerV1 pid=13158)[0m                                                              'linear_fc1',
[36m(TaskRunnerV1 pid=13158)[0m                                                              'linear_fc2'],
[36m(TaskRunnerV1 pid=13158)[0m                                           'type': 'lora'},
[36m(TaskRunnerV1 pid=13158)[0m                                  'lora_adapter_path': None,
[36m(TaskRunnerV1 pid=13158)[0m                                  'lora_alpha': 16,
[36m(TaskRunnerV1 pid=13158)[0m                                  'lora_rank': 16,
[36m(TaskRunnerV1 pid=13158)[0m                                  'mtp': {'_target_': 'verl.workers.config.MtpConfig',
[36m(TaskRunnerV1 pid=13158)[0m                                          'detach_encoder': False,
[36m(TaskRunnerV1 pid=13158)[0m                                          'enable': False,
[36m(TaskRunnerV1 pid=13158)[0m                                          'enable_rollout': False,
[36m(TaskRunnerV1 pid=13158)[0m                                          'enable_train': False,
[36m(TaskRunnerV1 pid=13158)[0m                                          'method': 'mtp',
[36m(TaskRunnerV1 pid=13158)[0m                                          'mtp_loss_scaling_factor': 0.1,
[36m(TaskRunnerV1 pid=13158)[0m                                          'num_speculative_tokens': 1,
[36m(TaskRunnerV1 pid=13158)[0m                                          'speculative_algorithm': 'EAGLE',
[36m(TaskRunnerV1 pid=13158)[0m                                          'speculative_eagle_topk': 1,
[36m(TaskRunnerV1 pid=13158)[0m                                          'speculative_num_draft_tokens': 4,
[36m(TaskRunnerV1 pid=13158)[0m                                          'speculative_num_steps': 3},
[36m(TaskRunnerV1 pid=13158)[0m                                  'override_config': {},
[36m(TaskRunnerV1 pid=13158)[0m                                  'path': '/mnt/lv_model/npu60005420a/models/Qwen3-4B',
[36m(TaskRunnerV1 pid=13158)[0m                                  
[36m(TaskRunnerV1 pid=13158)[0m 'target_modules'
[36m(TaskRunnerV1 pid=13158)[0m : 'all-linear',
[36m(TaskRunnerV1 pid=13158)[0m                                  'tiled_mlp': {'enabled': False,
[36m(TaskRunnerV1 pid=13158)[0m                                                'num_shards': 4},
[36m(TaskRunnerV1 pid=13158)[0m                                  'tokenizer_path': None,
[36m(TaskRunnerV1 pid=13158)[0m                                  'trust_remote_code': False,
[36m(TaskRunnerV1 pid=13158)[0m                                  'use_fused_kernels': False,
[36m(TaskRunnerV1 pid=13158)[0m                                  'use_liger': False,
[36m(TaskRunnerV1 pid=13158)[0m                                  'use_remove_padding': False,
[36m(TaskRunnerV1 pid=13158)[0m                                  'use_shm': False},
[36m(TaskRunnerV1 pid=13158)[0m                        'nccl_timeout': 600,
[36m(TaskRunnerV1 pid=13158)[0m                        'ref': {'_target_': 'verl.workers.config.FSDPActorConfig',
[36m(TaskRunnerV1 pid=13158)[0m                                'entropy_checkpointing': False,
[36m(TaskRunnerV1 pid=13158)[0m                                'entropy_from_logits_chunk_size': 2048,
[36m(TaskRunnerV1 pid=13158)[0m                                'entropy_from_logits_with_chunking': False,
[36m(TaskRunnerV1 pid=13158)[0m                                'fsdp_config': {'_target_': 'verl.workers.config.FSDPEngineConfig',
[36m(TaskRunnerV1 pid=13158)[0m                                                'dtype': 'bfloat16',
[36m(TaskRunnerV1 pid=13158)[0m                                                'entropy_checkpointing': False,
[36m(TaskRunnerV1 pid=13158)[0m                                                'entropy_from_logits_chunk_size': 2048,
[36m(TaskRunnerV1 pid=13158)[0m                                                'entropy_from_logits_with_chunking': False,
[36m(TaskRunnerV1 pid=13158)[0m                                                'forward_only': True,
[36m(TaskRunnerV1 pid=13158)[0m                                                'forward_prefetch': False,
[36m(TaskRunnerV1 pid=13158)[0m                                                'fsdp_size': -1,
[36m(TaskRunnerV1 pid=13158)[0m                                                'full_determinism': False,
[36m(TaskRunnerV1 pid=13158)[0m                                                'model_dtype': 'fp32',
[36m(TaskRunnerV1 pid=13158)[0m                                                'offload_policy': False,
[36m(TaskRunnerV1 pid=13158)[0m                                                'optimizer_offload': False,
[36m(TaskRunnerV1 pid=13158)[0m                                                'param_offload': False,
[36m(TaskRunnerV1 pid=13158)[0m                                                'qat': {'_target_': 'verl.workers.config.QATEngineConfig',
[36m(TaskRunnerV1 pid=13158)[0m                                                        'activation_observer': 'static_minmax',
[36m(TaskRunnerV1 pid=13158)[0m                                                        'enable': False,
[36m(TaskRunnerV1 pid=13158)[0m                                                        'group_size': 16,
[36m(TaskRunnerV1 pid=13158)[0m                                                        'ignore_patterns': ['lm_head',
[36m(TaskRunnerV1 pid=13158)[0m                                                                            'embed_tokens',
[36m(TaskRunnerV1 pid=13158)[0m                                                                            're:.*mlp.gate$'],
[36m(TaskRunnerV1 pid=13158)[0m                                                        'mode': 'w4a16',
[36m(TaskRunnerV1 pid=13158)[0m                                                        'quantization_config_path': None},
[36m(TaskRunnerV1 pid=13158)[0m                                                'reshard_after_forward': True,
[36m(TaskRunnerV1 pid=13158)[0m                                                'seed': 42,
[36m(TaskRunnerV1 pid=13158)[0m                                                'strategy': 'fsdp',
[36m(TaskRunnerV1 pid=13158)[0m                                                'ulysses_sequence_parallel_size': 1,
[36m(TaskRunnerV1 pid=13158)[0m                                                'use_orig_params': False,
[36m(TaskRunnerV1 pid=13158)[0m                                                'use_torch_compile': True,
[36m(TaskRunnerV1 pid=13158)[0m                                                'wrap_policy': {'min_num_params': 0}},
[36m(TaskRunnerV1 pid=13158)[0m                                'log_prob_max_token_len_per_gpu': 4096,
[36m(TaskRunnerV1 pid=13158)[0m                                'log_prob_micro_batch_size': None,
[36m(TaskRunnerV1 pid=13158)[0m                                'log_prob_micro_batch_size_per_gpu': None,
[36m(TaskRunnerV1 pid=13158)[0m                                'log_prob_use_dynamic_bsz': True,
[36m(TaskRunnerV1 pid=13158)[0m                                'profiler': {'_target_': 'verl.utils.profiler.ProfilerConfig',
[36m(TaskRunnerV1 pid=13158)[0m                                             'all_ranks': False,
[36m(TaskRunnerV1 pid=13158)[0m                                             'enable': False,
[36m(TaskRunnerV1 pid=13158)[0m                                             'ranks': [],
[36m(TaskRunnerV1 pid=13158)[0m                                             'save_path': 'outputs/profile',
[36m(TaskRunnerV1 pid=13158)[0m                                             'tool': None,
[36m(TaskRunnerV1 pid=13158)[0m                                             'tool_config': {'npu': {'_target_': 'verl.utils.profiler.config.NPUToolConfig',
[36m(TaskRunnerV1 pid=13158)[0m                                                                     'analysis': True,
[36m(TaskRunnerV1 pid=13158)[0m                                                                     'contents': [],
[36m(TaskRunnerV1 pid=13158)[0m                                                                     'discrete': False,
[36m(TaskRunnerV1 pid=13158)[0m                                                                     'level': 'level0'},
[36m(TaskRunnerV1 pid=13158)[0m                                                             'nsys': {'_target_': 'verl.utils.profiler.config.NsightToolConfig',
[36m(TaskRunnerV1 pid=13158)[0m                                                                      'discrete': False},
[36m(TaskRunnerV1 pid=13158)[0m                                                             'precision_debugger': {'_target_': 'verl.utils.profiler.config.PrecisionDebuggerToolConfig',
[36m(TaskRunnerV1 pid=13158)[0m                                                                                    'config_path': None,
[36m(TaskRunnerV1 pid=13158)[0m                                                                                    'stages': None,
[36m(TaskRunnerV1 pid=13158)[0m                                                                                    'steps': None,
[36m(TaskRunnerV1 pid=13158)[0m                                                                                    'strict': False},
[36m(TaskRunnerV1 pid=13158)[0m                                                             'torch': {'_target_': 'verl.utils.profiler.config.TorchProfilerToolConfig',
[36m(TaskRunnerV1 pid=13158)[0m                                                                       'contents': [],
[36m(TaskRunnerV1 pid=13158)[0m                                                                       'discrete': False,
[36m(TaskRunnerV1 pid=13158)[0m                                                                       'schedule': {'_target_': 'verl.utils.profiler.config.TorchProfilerScheduleConfig',
[36m(TaskRunnerV1 pid=13158)[0m                                                                                    'active': 0,
[36m(TaskRunnerV1 pid=13158)[0m                                                                                    'repeat': 0,
[36m(TaskRunnerV1 pid=13158)[0m                                                                                    'skip_first': 0,
[36m(TaskRunnerV1 pid=13158)[0m                                                                                    'wait': 0,
[36m(TaskRunnerV1 pid=13158)[0m                                                                                    'warmup': 0}},
[36m(TaskRunnerV1 pid=13158)[0m                                                             'torch_memory': {'_target_': 'verl.utils.profiler.config.TorchMemoryToolConfig',
[36m(TaskRunnerV1 pid=13158)[0m                                                                              'stack_depth': 32,
[36m(TaskRunnerV1 pid=13158)[0m                                                                              'trace_alloc_max_entries': 100000}}},
[36m(TaskRunnerV1 pid=13158)[0m                                'rollout_n': 4,
[36m(TaskRunnerV1 pid=13158)[0m                                'router_replay': {'_target_': 'verl.workers.config.RouterReplayConfig',
[36m(TaskRunnerV1 pid=13158)[0m                                                  'mode': 'disabled',
[36m(TaskRunnerV1 pid=13158)[0m                                                  'record_file': None,
[36m(TaskRunnerV1 pid=13158)[0m                                                  'replay_file': None},
[36m(TaskRunnerV1 pid=13158)[0m                                'strategy': 'fsdp2',
[36m(TaskRunnerV1 pid=13158)[0m                                'ulysses_sequence_parallel_size': 1,
[36m(TaskRunnerV1 pid=13158)[0m                                'use_torch_compile': False},
[36m(TaskRunnerV1 pid=13158)[0m                        'rollout': 
[36m(TaskRunnerV1 pid=13158)[0m {'_target_': 'verl.workers.config.RolloutConfig',
[36m(TaskRunnerV1 pid=13158)[0m                                    'agent': {'_target_': 'verl.workers.config.AgentLoopConfig',
[36m(TaskRunnerV1 pid=13158)[0m                                              'agent_loop_config_path': None,
[36m(TaskRunnerV1 pid=13158)[0m                                              'custom_async_server': {'_target_': 'verl.workers.config.CustomAsyncServerConfig',
[36m(TaskRunnerV1 pid=13158)[0m                                                                      'name': None,
[36m(TaskRunnerV1 pid=13158)[0m                                                                      'path': None},
[36m(TaskRunnerV1 pid=13158)[0m                                              'default_agent_loop': 'single_turn_agent',
[36m(TaskRunnerV1 pid=13158)[0m                                              'num_workers': 8},
[36m(TaskRunnerV1 pid=13158)[0m                                    'calculate_log_probs': True,
[36m(TaskRunnerV1 pid=13158)[0m                                    'checkpoint_engine': {'_target_': 'verl.workers.config.CheckpointEngineConfig',
[36m(TaskRunnerV1 pid=13158)[0m                                                          'backend': 'nccl',
[36m(TaskRunnerV1 pid=13158)[0m                                                          'custom_backend_module': None,
[36m(TaskRunnerV1 pid=13158)[0m                                                          'engine_kwargs': {},
[36m(TaskRunnerV1 pid=13158)[0m                                                          'update_weights_bucket_megabytes': 256},
[36m(TaskRunnerV1 pid=13158)[0m                                    'cudagraph_capture_sizes': None,
[36m(TaskRunnerV1 pid=13158)[0m                                    'data_parallel_size': 1,
[36m(TaskRunnerV1 pid=13158)[0m                                    'disable_log_stats': True,
[36m(TaskRunnerV1 pid=13158)[0m                                    'disaggregation': {'bootstrap_port': None,
[36m(TaskRunnerV1 pid=13158)[0m                                                       'decode_replicas': 1,
[36m(TaskRunnerV1 pid=13158)[0m                                                       'decode_tensor_model_parallel_size': None,
[36m(TaskRunnerV1 pid=13158)[0m                                                       'enabled': False,
[36m(TaskRunnerV1 pid=13158)[0m                                                       'ib_device': None,
[36m(TaskRunnerV1 pid=13158)[0m                                                       'prefill_replicas': 1,
[36m(TaskRunnerV1 pid=13158)[0m                                                       'transfer_backend': 'nixl'},
[36m(TaskRunnerV1 pid=13158)[0m                                    'do_sample': True,
[36m(TaskRunnerV1 pid=13158)[0m                                    'dtype': 'bfloat16',
[36m(TaskRunnerV1 pid=13158)[0m                                    'enable_chunked_prefill': True,
[36m(TaskRunnerV1 pid=13158)[0m                                    'enable_prefix_caching': True,
[36m(TaskRunnerV1 pid=13158)[0m                                    'enable_rollout_routing_replay': False,
[36m(TaskRunnerV1 pid=13158)[0m                                    'enforce_eager': False,
[36m(TaskRunnerV1 pid=13158)[0m                                    'engine_kwargs': {'sglang': {},
[36m(TaskRunnerV1 pid=13158)[0m                                                      'trtllm': {},
[36m(TaskRunnerV1 pid=13158)[0m                                                      'vllm': {}},
[36m(TaskRunnerV1 pid=13158)[0m                                    'expert_parallel_size': 1,
[36m(TaskRunnerV1 pid=13158)[0m                                    'free_cache_engine': True,
[36m(TaskRunnerV1 pid=13158)[0m                                    'full_determinism': False,
[36m(TaskRunnerV1 pid=13158)[0m                                    'gpu_memory_utilization': 0.7,
[36m(TaskRunnerV1 pid=13158)[0m                                    'ignore_eos': False,
[36m(TaskRunnerV1 pid=13158)[0m                                    'layered_summon': False,
[36m(TaskRunnerV1 pid=13158)[0m                                    'load_format': 'dummy',
[36m(TaskRunnerV1 pid=13158)[0m                                    'log_prob_max_token_len_per_gpu': 4096,
[36m(TaskRunnerV1 pid=13158)[0m                                    'log_prob_micro_batch_size': None,
[36m(TaskRunnerV1 pid=13158)[0m                                    'log_prob_micro_batch_size_per_gpu': None,
[36m(TaskRunnerV1 pid=13158)[0m                                    'log_prob_use_dynamic_bsz': True,
[36m(TaskRunnerV1 pid=13158)[0m                                    'logprobs_mode': 'processed_logprobs',
[36m(TaskRunnerV1 pid=13158)[0m                                    'max_model_len': 2048,
[36m(TaskRunnerV1 pid=13158)[0m                                    'max_num_batched_tokens': 4096,
[36m(TaskRunnerV1 pid=13158)[0m                                    'max_num_seqs': 64,
[36m(TaskRunnerV1 pid=13158)[0m                                    'mode': 'async',
[36m(TaskRunnerV1 pid=13158)[0m                                    'moe_load_balance_metrics_interval': 0,
[36m(TaskRunnerV1 pid=13158)[0m                                    'mtp': {'_target_': 'verl.workers.config.MtpConfig',
[36m(TaskRunnerV1 pid=13158)[0m                                            'detach_encoder': False,
[36m(TaskRunnerV1 pid=13158)[0m                                            'enable': False,
[36m(TaskRunnerV1 pid=13158)[0m                                            'enable_rollout': False,
[36m(TaskRunnerV1 pid=13158)[0m                                            'enable_train': False,
[36m(TaskRunnerV1 pid=13158)[0m                                            'method': 'mtp',
[36m(TaskRunnerV1 pid=13158)[0m                                            'mtp_loss_scaling_factor': 0.1,
[36m(TaskRunnerV1 pid=13158)[0m                                            'num_speculative_tokens': 1,
[36m(TaskRunnerV1 pid=13158)[0m                                            'speculative_algorithm': 'EAGLE',
[36m(TaskRunnerV1 pid=13158)[0m                                            'speculative_eagle_topk': 1,
[36m(TaskRunnerV1 pid=13158)[0m                                            'speculative_num_draft_tokens': 4,
[36m(TaskRunnerV1 pid=13158)[0m                                            'speculative_num_steps': 3},
[36m(TaskRunnerV1 pid=13158)[0m                                    'multi_stage_wake_up': False,
[36m(TaskRunnerV1 pid=13158)[0m                                    'multi_turn': {'_target_': 'verl.workers.config.MultiTurnConfig',
[36m(TaskRunnerV1 pid=13158)[0m                                                   'enable': False,
[36m(TaskRunnerV1 pid=13158)[0m                                                   'format': 'hermes',
[36m(TaskRunnerV1 pid=13158)[0m                                                   'function_tool_path': None,
[36m(TaskRunnerV1 pid=13158)[0m                                                   'max_assistant_turns': None,
[36m(TaskRunnerV1 pid=13158)[0m                                                   'max_parallel_calls': 1,
[36m(TaskRunnerV1 pid=13158)[0m                                                   'max_tool_response_length': 256,
[36m(TaskRunnerV1 pid=13158)[0m                                                   'max_user_turns': None,
[36m(TaskRunnerV1 pid=13158)[0m                                                   'num_repeat_rollouts': None,
[36m(TaskRunnerV1 pid=13158)[0m                                                   'tokenization_sanity_check_mode': 'strict',
[36m(TaskRunnerV1 pid=13158)[0m                                                   'tool_config_path': None,
[36m(TaskRunnerV1 pid=13158)[0m                                                   'tool_response_truncate_side': 'middle',
[36m(TaskRunnerV1 pid=13158)[0m                                                   'use_inference_chat_template': False},
[36m(TaskRunnerV1 pid=13158)[0m                                    'n': 4,
[36m(TaskRunnerV1 pid=13158)[0m                                    'n_gpus_per_node': 1,
[36m(TaskRunnerV1 pid=13158)[0m                                    'name': 'vllm',
[36m(TaskRunnerV1 pid=13158)[0m                                    'nnodes': 1,
[36m(TaskRunnerV1 pid=13158)[0m                                    'over_sample_rate': 0,
[36m(TaskRunnerV1 pid=13158)[0m                                    'pipeline_model_parallel_size': 1,
[36m(TaskRunnerV1 pid=13158)[0m                                    'profiler': {'_target_': 'verl.utils.profiler.ProfilerConfig',
[36m(TaskRunnerV1 pid=13158)[0m                                                 'all_ranks': False,
[36m(TaskRunnerV1 pid=13158)[0m                                                 'enable': False,
[36m(TaskRunnerV1 pid=13158)[0m                                                 'ranks': [],
[36m(TaskRunnerV1 pid=13158)[0m                                                 'save_path': 'outputs/profile',
[36m(TaskRunnerV1 pid=13158)[0m                                                 'tool': None,
[36m(TaskRunnerV1 pid=13158)[0m                                                 'tool_config': {'npu': {'_target_': 'verl.utils.profiler.config.NPUToolConfig',
[36m(TaskRunnerV1 pid=13158)[0m                                                                         'analysis': True,
[36m(TaskRunnerV1 pid=13158)[0m                                                                         'contents': [],
[36m(TaskRunnerV1 pid=13158)[0m                                                                         
[36m(TaskRunnerV1 pid=13158)[0m 'discrete': False,
[36m(TaskRunnerV1 pid=13158)[0m                                                                         'level': 'level0',
[36m(TaskRunnerV1 pid=13158)[0m                                                                         'profile_token_end': None,
[36m(TaskRunnerV1 pid=13158)[0m                                                                         'profile_token_start': None},
[36m(TaskRunnerV1 pid=13158)[0m                                                                 'precision_debugger': {'_target_': 'verl.utils.profiler.config.PrecisionDebuggerToolConfig',
[36m(TaskRunnerV1 pid=13158)[0m                                                                                        'config_path': None,
[36m(TaskRunnerV1 pid=13158)[0m                                                                                        'stages': None,
[36m(TaskRunnerV1 pid=13158)[0m                                                                                        'steps': None,
[36m(TaskRunnerV1 pid=13158)[0m                                                                                        'strict': False},
[36m(TaskRunnerV1 pid=13158)[0m                                                                 'torch': {'_target_': 'verl.utils.profiler.config.TorchProfilerToolConfig',
[36m(TaskRunnerV1 pid=13158)[0m                                                                           'contents': [],
[36m(TaskRunnerV1 pid=13158)[0m                                                                           'discrete': False,
[36m(TaskRunnerV1 pid=13158)[0m                                                                           'profile_token_end': None,
[36m(TaskRunnerV1 pid=13158)[0m                                                                           'profile_token_start': None}}},
[36m(TaskRunnerV1 pid=13158)[0m                                    'prometheus': {'_target_': 'verl.workers.config.PrometheusConfig',
[36m(TaskRunnerV1 pid=13158)[0m                                                   'enable': False,
[36m(TaskRunnerV1 pid=13158)[0m                                                   'file': '/tmp/ray/session_latest/metrics/prometheus/prometheus.yml',
[36m(TaskRunnerV1 pid=13158)[0m                                                   'port': 9090,
[36m(TaskRunnerV1 pid=13158)[0m                                                   'served_model_name': '/mnt/lv_model/npu60005420a/models/Qwen3-4B'},
[36m(TaskRunnerV1 pid=13158)[0m                                    'prompt_length': 1024,
[36m(TaskRunnerV1 pid=13158)[0m                                    'qat': {'_target_': 'verl.workers.config.QATEngineConfig',
[36m(TaskRunnerV1 pid=13158)[0m                                            'activation_observer': 'static_minmax',
[36m(TaskRunnerV1 pid=13158)[0m                                            'enable': False,
[36m(TaskRunnerV1 pid=13158)[0m                                            'group_size': 16,
[36m(TaskRunnerV1 pid=13158)[0m                                            'ignore_patterns': ['lm_head',
[36m(TaskRunnerV1 pid=13158)[0m                                                                'embed_tokens',
[36m(TaskRunnerV1 pid=13158)[0m                                                                're:.*mlp.gate$'],
[36m(TaskRunnerV1 pid=13158)[0m                                            'mode': 'w4a16',
[36m(TaskRunnerV1 pid=13158)[0m                                            'quantization_config_path': None},
[36m(TaskRunnerV1 pid=13158)[0m                                    'quantization': None,
[36m(TaskRunnerV1 pid=13158)[0m                                    'quantization_config_file': None,
[36m(TaskRunnerV1 pid=13158)[0m                                    'response_length': 1024,
[36m(TaskRunnerV1 pid=13158)[0m                                    'scheduling_policy': 'fcfs',
[36m(TaskRunnerV1 pid=13158)[0m                                    'seed': 1,
[36m(TaskRunnerV1 pid=13158)[0m                                    'skip_tokenizer_init': True,
[36m(TaskRunnerV1 pid=13158)[0m                                    'temperature': 1.0,
[36m(TaskRunnerV1 pid=13158)[0m                                    'tensor_model_parallel_size': 1,
[36m(TaskRunnerV1 pid=13158)[0m                                    'top_k': -1,
[36m(TaskRunnerV1 pid=13158)[0m                                    'top_p': 1.0,
[36m(TaskRunnerV1 pid=13158)[0m                                    'trace': {'_target_': 'verl.workers.config.TraceConfig',
[36m(TaskRunnerV1 pid=13158)[0m                                              'backend': None,
[36m(TaskRunnerV1 pid=13158)[0m                                              'experiment_name': 'qy_owner_verl_smoke1_v3_npu23',
[36m(TaskRunnerV1 pid=13158)[0m                                              'max_samples_per_step_per_worker': None,
[36m(TaskRunnerV1 pid=13158)[0m                                              'project_name': 'twinkle-aligned-gsm8k-grpo',
[36m(TaskRunnerV1 pid=13158)[0m                                              'token2text': False},
[36m(TaskRunnerV1 pid=13158)[0m                                    'val_kwargs': {'_target_': 'verl.workers.config.SamplingConfig',
[36m(TaskRunnerV1 pid=13158)[0m                                                   'do_sample': True,
[36m(TaskRunnerV1 pid=13158)[0m                                                   'n': 1,
[36m(TaskRunnerV1 pid=13158)[0m                                                   'temperature': 0.6,
[36m(TaskRunnerV1 pid=13158)[0m                                                   'top_k': -1,
[36m(TaskRunnerV1 pid=13158)[0m                                                   'top_p': 1.0}}},
[36m(TaskRunnerV1 pid=13158)[0m  'algorithm': {'_target_': 'verl.trainer.config.AlgoConfig',
[36m(TaskRunnerV1 pid=13158)[0m                'adv_estimator': 'grpo',
[36m(TaskRunnerV1 pid=13158)[0m                'filter_groups': {'_target_': 'verl.trainer.config.FilterGroupsConfig',
[36m(TaskRunnerV1 pid=13158)[0m                                  'enable': False,
[36m(TaskRunnerV1 pid=13158)[0m                                  'max_inflight_gen_batches': 1,
[36m(TaskRunnerV1 pid=13158)[0m                                  'max_num_gen_batches': 0,
[36m(TaskRunnerV1 pid=13158)[0m                                  'metric': None},
[36m(TaskRunnerV1 pid=13158)[0m                'gamma': 1.0,
[36m(TaskRunnerV1 pid=13158)[0m                'kl_ctrl': {'_target_': 'verl.trainer.config.KLControlConfig',
[36m(TaskRunnerV1 pid=13158)[0m                            'horizon': 10000,
[36m(TaskRunnerV1 pid=13158)[0m                            'kl_coef': 0.001,
[36m(TaskRunnerV1 pid=13158)[0m                            'target_kl': 0.1,
[36m(TaskRunnerV1 pid=13158)[0m                            'type': 'fixed'},
[36m(TaskRunnerV1 pid=13158)[0m                'kl_penalty': 'kl',
[36m(TaskRunnerV1 pid=13158)[0m                'lam': 1.0,
[36m(TaskRunnerV1 pid=13158)[0m                'norm_adv_by_std_in_grpo': True,
[36m(TaskRunnerV1 pid=13158)[0m                'pf_ppo': {'reweight_method': 'pow', 'weight_pow': 2.0},
[36m(TaskRunnerV1 pid=13158)[0m                'rollout_correction': {'bypass_mode': False,
[36m(TaskRunnerV1 pid=13158)[0m                                       'loss_type': 'ppo_clip',
[36m(TaskRunnerV1 pid=13158)[0m                                       'rollout_is': None,
[36m(TaskRunnerV1 pid=13158)[0m                                       'rollout_is_batch_normalize': False,
[36m(TaskRunnerV1 pid=13158)[0m                                       'rollout_is_threshold': 2.0,
[36m(TaskRunnerV1 pid=13158)[0m                                       'rollout_rs': None,
[36m(TaskRunnerV1 pid=13158)[0m                                       'rollout_rs_threshold': None},
[36m(TaskRunnerV1 pid=13158)[0m                'use_kl_in_reward': False,
[36m(TaskRunnerV1 pid=13158)[0m                'use_pf_ppo': False},
[36m(TaskRunnerV1 pid=13158)[0m  'critic': {'_target_': 'verl.workers.config.FSDPCriticConfig',
[36m(TaskRunnerV1 pid=13158)[0m             'checkpoint': {'_target_': 'verl.trainer.config.CheckpointConfig',
[36m(TaskRunnerV1 pid=13158)[0m                            'async_save': False,
[36m(TaskRunnerV1 pid=13158)[0m                            'load_contents': 
[36m(TaskRunnerV1 pid=13158)[0m ['model', 'optimizer', 'extra'],
[36m(TaskRunnerV1 pid=13158)[0m                            'save_contents': ['model', 'optimizer', 'extra']},
[36m(TaskRunnerV1 pid=13158)[0m             'cliprange_value': 0.5,
[36m(TaskRunnerV1 pid=13158)[0m             'data_loader_seed': 42,
[36m(TaskRunnerV1 pid=13158)[0m             'enable': None,
[36m(TaskRunnerV1 pid=13158)[0m             'forward_max_token_len_per_gpu': 32768,
[36m(TaskRunnerV1 pid=13158)[0m             'forward_micro_batch_size': None,
[36m(TaskRunnerV1 pid=13158)[0m             'forward_micro_batch_size_per_gpu': None,
[36m(TaskRunnerV1 pid=13158)[0m             'fsdp': {'_target_': 'verl.workers.config.FSDPEngineConfig',
[36m(TaskRunnerV1 pid=13158)[0m                      'dtype': 'bfloat16',
[36m(TaskRunnerV1 pid=13158)[0m                      'entropy_checkpointing': False,
[36m(TaskRunnerV1 pid=13158)[0m                      'entropy_from_logits_chunk_size': 2048,
[36m(TaskRunnerV1 pid=13158)[0m                      'entropy_from_logits_with_chunking': False,
[36m(TaskRunnerV1 pid=13158)[0m                      'forward_only': False,
[36m(TaskRunnerV1 pid=13158)[0m                      'forward_prefetch': False,
[36m(TaskRunnerV1 pid=13158)[0m                      'fsdp_size': -1,
[36m(TaskRunnerV1 pid=13158)[0m                      'full_determinism': False,
[36m(TaskRunnerV1 pid=13158)[0m                      'model_dtype': 'fp32',
[36m(TaskRunnerV1 pid=13158)[0m                      'offload_policy': False,
[36m(TaskRunnerV1 pid=13158)[0m                      'optimizer_offload': False,
[36m(TaskRunnerV1 pid=13158)[0m                      'param_offload': False,
[36m(TaskRunnerV1 pid=13158)[0m                      'qat': {'_target_': 'verl.workers.config.QATEngineConfig',
[36m(TaskRunnerV1 pid=13158)[0m                              'activation_observer': 'static_minmax',
[36m(TaskRunnerV1 pid=13158)[0m                              'enable': False,
[36m(TaskRunnerV1 pid=13158)[0m                              'group_size': 16,
[36m(TaskRunnerV1 pid=13158)[0m                              'ignore_patterns': ['lm_head',
[36m(TaskRunnerV1 pid=13158)[0m                                                  'embed_tokens',
[36m(TaskRunnerV1 pid=13158)[0m                                                  're:.*mlp.gate$'],
[36m(TaskRunnerV1 pid=13158)[0m                              'mode': 'w4a16',
[36m(TaskRunnerV1 pid=13158)[0m                              'quantization_config_path': None},
[36m(TaskRunnerV1 pid=13158)[0m                      'reshard_after_forward': True,
[36m(TaskRunnerV1 pid=13158)[0m                      'seed': 42,
[36m(TaskRunnerV1 pid=13158)[0m                      'strategy': 'fsdp',
[36m(TaskRunnerV1 pid=13158)[0m                      'ulysses_sequence_parallel_size': 1,
[36m(TaskRunnerV1 pid=13158)[0m                      'use_orig_params': False,
[36m(TaskRunnerV1 pid=13158)[0m                      'use_torch_compile': True,
[36m(TaskRunnerV1 pid=13158)[0m                      'wrap_policy': {'min_num_params': 0}},
[36m(TaskRunnerV1 pid=13158)[0m             'grad_clip': 1.0,
[36m(TaskRunnerV1 pid=13158)[0m             'loss_agg_mode': 'token-mean',
[36m(TaskRunnerV1 pid=13158)[0m             'loss_scale_factor': None,
[36m(TaskRunnerV1 pid=13158)[0m             'model': {'_target_': 'verl.workers.config.HFModelConfig',
[36m(TaskRunnerV1 pid=13158)[0m                       'custom_chat_template': None,
[36m(TaskRunnerV1 pid=13158)[0m                       'enable_activation_offload': False,
[36m(TaskRunnerV1 pid=13158)[0m                       'enable_gradient_checkpointing': True,
[36m(TaskRunnerV1 pid=13158)[0m                       'exclude_modules': None,
[36m(TaskRunnerV1 pid=13158)[0m                       'external_lib': None,
[36m(TaskRunnerV1 pid=13158)[0m                       'fused_kernel_options': {'impl_backend': 'torch'},
[36m(TaskRunnerV1 pid=13158)[0m                       'hf_config_path': None,
[36m(TaskRunnerV1 pid=13158)[0m                       'lora': {'a2a_experimental': False,
[36m(TaskRunnerV1 pid=13158)[0m                                'adapter_path': None,
[36m(TaskRunnerV1 pid=13158)[0m                                'alpha': 32,
[36m(TaskRunnerV1 pid=13158)[0m                                'dropout': 0.0,
[36m(TaskRunnerV1 pid=13158)[0m                                'dropout_position': 'pre',
[36m(TaskRunnerV1 pid=13158)[0m                                'dtype': None,
[36m(TaskRunnerV1 pid=13158)[0m                                'exclude_modules': [],
[36m(TaskRunnerV1 pid=13158)[0m                                'freeze_language_model': True,
[36m(TaskRunnerV1 pid=13158)[0m                                'freeze_vision_model': True,
[36m(TaskRunnerV1 pid=13158)[0m                                'freeze_vision_projection': True,
[36m(TaskRunnerV1 pid=13158)[0m                                'lora_A_init_method': 'xavier',
[36m(TaskRunnerV1 pid=13158)[0m                                'lora_B_init_method': 'zero',
[36m(TaskRunnerV1 pid=13158)[0m                                'merge': False,
[36m(TaskRunnerV1 pid=13158)[0m                                'rank': 0,
[36m(TaskRunnerV1 pid=13158)[0m                                'target_modules': ['linear_qkv',
[36m(TaskRunnerV1 pid=13158)[0m                                                   'linear_proj',
[36m(TaskRunnerV1 pid=13158)[0m                                                   'linear_fc1',
[36m(TaskRunnerV1 pid=13158)[0m                                                   'linear_fc2'],
[36m(TaskRunnerV1 pid=13158)[0m                                'type': 'lora'},
[36m(TaskRunnerV1 pid=13158)[0m                       'lora_adapter_path': None,
[36m(TaskRunnerV1 pid=13158)[0m                       'lora_alpha': 16,
[36m(TaskRunnerV1 pid=13158)[0m                       'lora_rank': 0,
[36m(TaskRunnerV1 pid=13158)[0m                       'mtp': {'_target_': 'verl.workers.config.MtpConfig',
[36m(TaskRunnerV1 pid=13158)[0m                               'detach_encoder': False,
[36m(TaskRunnerV1 pid=13158)[0m                               'enable': False,
[36m(TaskRunnerV1 pid=13158)[0m                               'enable_rollout': False,
[36m(TaskRunnerV1 pid=13158)[0m                               'enable_train': False,
[36m(TaskRunnerV1 pid=13158)[0m                               'method': 'mtp',
[36m(TaskRunnerV1 pid=13158)[0m                               'mtp_loss_scaling_factor': 0.1,
[36m(TaskRunnerV1 pid=13158)[0m                               'num_speculative_tokens': 1,
[36m(TaskRunnerV1 pid=13158)[0m                               'speculative_algorithm': 'EAGLE',
[36m(TaskRunnerV1 pid=13158)[0m                               'speculative_eagle_topk': 1,
[36m(TaskRunnerV1 pid=13158)[0m                               'speculative_num_draft_tokens': 4,
[36m(TaskRunnerV1 pid=13158)[0m                               'speculative_num_steps': 3},
[36m(TaskRunnerV1 pid=13158)[0m                       'override_config': {},
[36m(TaskRunnerV1 pid=13158)[0m                       'path': '~/models/deepseek-llm-7b-chat',
[36m(TaskRunnerV1 pid=13158)[0m                       'target_modules': 'all-linear',
[36m(TaskRunnerV1 pid=13158)[0m                       'tiled_mlp': {'enabled': False, 'num_shards': 4},
[36m(TaskRunnerV1 pid=13158)[0m                       'tokenizer_path': None,
[36m(TaskRunnerV1 pid=13158)[0m                       'trust_remote_code': False,
[36m(TaskRunnerV1 pid=13158)[0m                       'use_fused_kernels': False,
[36m(TaskRunnerV1 pid=13158)[0m                       'use_liger': False,
[36m(TaskRunnerV1 pid=13158)[0m                       'use_remove_padding': True,
[36m(TaskRunnerV1 pid=13158)[0m                       'use_shm': False},
[36m(TaskRunnerV1 pid=13158)[0m             'optim': {'_target_': 'verl.workers.config.FSDPOptimizerConfig',
[36m(TaskRunnerV1 pid=13158)[0m                       'betas': [0.9, 0.999],
[36m(TaskRunnerV1 pid=13158)[0m                       'clip_grad': 1.0,
[36m(TaskRunnerV1 pid=13158)[0m                       'lr': 1e-05,
[36m(TaskRunnerV1 pid=13158)[0m                       'lr_scheduler_type': 'constant',
[36m(TaskRunnerV1 pid=13158)[0m                       'lr_warmup_steps': -1,
[36m(TaskRunnerV1 pid=13158)[0m                       'lr_warmup_steps_ratio': 0.0,
[36m(TaskRunnerV1 pid=13158)[0m                       'min_lr_ratio': 0.0,
[36m(TaskRunnerV1 pid=13158)[0m                       'num_cycles': 
[36m(TaskRunnerV1 pid=13158)[0m 0.5,
[36m(TaskRunnerV1 pid=13158)[0m                       'optimizer': 'AdamW',
[36m(TaskRunnerV1 pid=13158)[0m                       'optimizer_impl': 'torch.optim',
[36m(TaskRunnerV1 pid=13158)[0m                       'override_optimizer_config': None,
[36m(TaskRunnerV1 pid=13158)[0m                       'total_training_steps': -1,
[36m(TaskRunnerV1 pid=13158)[0m                       'warmup_style': None,
[36m(TaskRunnerV1 pid=13158)[0m                       'weight_decay': 0.01,
[36m(TaskRunnerV1 pid=13158)[0m                       'zero_indexed_step': True},
[36m(TaskRunnerV1 pid=13158)[0m             'ppo_epochs': 1,
[36m(TaskRunnerV1 pid=13158)[0m             'ppo_max_token_len_per_gpu': 32768,
[36m(TaskRunnerV1 pid=13158)[0m             'ppo_micro_batch_size': None,
[36m(TaskRunnerV1 pid=13158)[0m             'ppo_micro_batch_size_per_gpu': None,
[36m(TaskRunnerV1 pid=13158)[0m             'ppo_mini_batch_size': 16,
[36m(TaskRunnerV1 pid=13158)[0m             'profiler': {'_target_': 'verl.utils.profiler.ProfilerConfig',
[36m(TaskRunnerV1 pid=13158)[0m                          'all_ranks': False,
[36m(TaskRunnerV1 pid=13158)[0m                          'enable': False,
[36m(TaskRunnerV1 pid=13158)[0m                          'ranks': [],
[36m(TaskRunnerV1 pid=13158)[0m                          'save_path': 'outputs/profile',
[36m(TaskRunnerV1 pid=13158)[0m                          'tool': None,
[36m(TaskRunnerV1 pid=13158)[0m                          'tool_config': {'npu': {'_target_': 'verl.utils.profiler.config.NPUToolConfig',
[36m(TaskRunnerV1 pid=13158)[0m                                                  'analysis': True,
[36m(TaskRunnerV1 pid=13158)[0m                                                  'contents': [],
[36m(TaskRunnerV1 pid=13158)[0m                                                  'discrete': False,
[36m(TaskRunnerV1 pid=13158)[0m                                                  'level': 'level0'},
[36m(TaskRunnerV1 pid=13158)[0m                                          'nsys': {'_target_': 'verl.utils.profiler.config.NsightToolConfig',
[36m(TaskRunnerV1 pid=13158)[0m                                                   'discrete': False},
[36m(TaskRunnerV1 pid=13158)[0m                                          'precision_debugger': {'_target_': 'verl.utils.profiler.config.PrecisionDebuggerToolConfig',
[36m(TaskRunnerV1 pid=13158)[0m                                                                 'config_path': None,
[36m(TaskRunnerV1 pid=13158)[0m                                                                 'stages': None,
[36m(TaskRunnerV1 pid=13158)[0m                                                                 'steps': None,
[36m(TaskRunnerV1 pid=13158)[0m                                                                 'strict': False},
[36m(TaskRunnerV1 pid=13158)[0m                                          'torch': {'_target_': 'verl.utils.profiler.config.TorchProfilerToolConfig',
[36m(TaskRunnerV1 pid=13158)[0m                                                    'contents': [],
[36m(TaskRunnerV1 pid=13158)[0m                                                    'discrete': False,
[36m(TaskRunnerV1 pid=13158)[0m                                                    'schedule': {'_target_': 'verl.utils.profiler.config.TorchProfilerScheduleConfig',
[36m(TaskRunnerV1 pid=13158)[0m                                                                 'active': 0,
[36m(TaskRunnerV1 pid=13158)[0m                                                                 'repeat': 0,
[36m(TaskRunnerV1 pid=13158)[0m                                                                 'skip_first': 0,
[36m(TaskRunnerV1 pid=13158)[0m                                                                 'wait': 0,
[36m(TaskRunnerV1 pid=13158)[0m                                                                 'warmup': 0}},
[36m(TaskRunnerV1 pid=13158)[0m                                          'torch_memory': {'_target_': 'verl.utils.profiler.config.TorchMemoryToolConfig',
[36m(TaskRunnerV1 pid=13158)[0m                                                           'stack_depth': 32,
[36m(TaskRunnerV1 pid=13158)[0m                                                           'trace_alloc_max_entries': 100000}}},
[36m(TaskRunnerV1 pid=13158)[0m             'rollout_n': 4,
[36m(TaskRunnerV1 pid=13158)[0m             'shuffle': False,
[36m(TaskRunnerV1 pid=13158)[0m             'strategy': 'fsdp',
[36m(TaskRunnerV1 pid=13158)[0m             'ulysses_sequence_parallel_size': 1,
[36m(TaskRunnerV1 pid=13158)[0m             'use_dynamic_bsz': True},
[36m(TaskRunnerV1 pid=13158)[0m  'custom_reward_function': {'name': None, 'path': None},
[36m(TaskRunnerV1 pid=13158)[0m  'data': {'apply_chat_template_kwargs': {'enable_thinking': True},
[36m(TaskRunnerV1 pid=13158)[0m           'audio_key': 'audios',
[36m(TaskRunnerV1 pid=13158)[0m           'continuous_token': {'enable': False, 'model_family': 'auto'},
[36m(TaskRunnerV1 pid=13158)[0m           'custom_cls': {'name': None, 'path': None},
[36m(TaskRunnerV1 pid=13158)[0m           'dataloader_num_workers': 8,
[36m(TaskRunnerV1 pid=13158)[0m           'filter_overlong_prompts': True,
[36m(TaskRunnerV1 pid=13158)[0m           'filter_overlong_prompts_workers': 4,
[36m(TaskRunnerV1 pid=13158)[0m           'function_tool_path': None,
[36m(TaskRunnerV1 pid=13158)[0m           'gen_batch_size': None,
[36m(TaskRunnerV1 pid=13158)[0m           'image_key': 'images',
[36m(TaskRunnerV1 pid=13158)[0m           'image_patch_size': 14,
[36m(TaskRunnerV1 pid=13158)[0m           'max_prompt_length': 1024,
[36m(TaskRunnerV1 pid=13158)[0m           'max_response_length': 1024,
[36m(TaskRunnerV1 pid=13158)[0m           'mm_processor_kwargs': {},
[36m(TaskRunnerV1 pid=13158)[0m           'prompt_key': 'prompt',
[36m(TaskRunnerV1 pid=13158)[0m           'return_full_prompt': False,
[36m(TaskRunnerV1 pid=13158)[0m           'return_multi_modal_inputs': True,
[36m(TaskRunnerV1 pid=13158)[0m           'return_raw_chat': True,
[36m(TaskRunnerV1 pid=13158)[0m           'return_raw_input_ids': False,
[36m(TaskRunnerV1 pid=13158)[0m           'reward_fn_key': 'data_source',
[36m(TaskRunnerV1 pid=13158)[0m           'seed': 1,
[36m(TaskRunnerV1 pid=13158)[0m           'shuffle': False,
[36m(TaskRunnerV1 pid=13158)[0m           'tokenizer': None,
[36m(TaskRunnerV1 pid=13158)[0m           'tool_config_path': None,
[36m(TaskRunnerV1 pid=13158)[0m           'train_batch_size': 16,
[36m(TaskRunnerV1 pid=13158)[0m           'train_files': '/mnt/lv_model/npu60005420a/data/gsm8k_owner_aligned_20260729/verl_train_twinkle_aligned.parquet',
[36m(TaskRunnerV1 pid=13158)[0m           'train_max_samples': -1,
[36m(TaskRunnerV1 pid=13158)[0m           'truncation': 'error',
[36m(TaskRunnerV1 pid=13158)[0m           'trust_remote_code': False,
[36m(TaskRunnerV1 pid=13158)[0m           'use_shm': False,
[36m(TaskRunnerV1 pid=13158)[0m           'val_batch_size': 16,
[36m(TaskRunnerV1 pid=13158)[0m           'val_files': '/mnt/lv_model/npu60005420a/data/gsm8k_owner_aligned_20260729/verl_test_official_twinkle_aligned.parquet',
[36m(TaskRunnerV1 pid=13158)[0m           'val_max_samples': -1,
[36m(TaskRunnerV1 pid=13158)[0m           'validation_shuffle': False,
[36m(TaskRunnerV1 pid=13158)[0m           'video_key': 'videos'},
[36m(TaskRunnerV1 pid=13158)[0m  'distillation': {'_target_': 'verl.workers.config.DistillationConfig',
[36m(TaskRunnerV1 pid=13158)[0m                   'distillation_loss': {'_target_': 'verl.workers.config.DistillationLossConfig',
[36m(TaskRunnerV1 pid=13158)[0m                                         'clip_ratio': 0.2,
[36m(TaskRunnerV1 pid=13158)[0m                                         'clip_ratio_high': 0.2,
[36m(TaskRunnerV1 pid=13158)[0m                                         'clip_ratio_low': 
[36m(TaskRunnerV1 pid=13158)[0m 0.2
[36m(TaskRunnerV1 pid=13158)[0m ,
[36m(TaskRunnerV1 pid=13158)[0m                                         'distillation_loss_coef': 1.0,
[36m(TaskRunnerV1 pid=13158)[0m                                         'log_prob_min_clamp': None,
[36m(TaskRunnerV1 pid=13158)[0m                                         'loss_max_clamp': None,
[36m(TaskRunnerV1 pid=13158)[0m                                         'loss_mode': 'k3',
[36m(TaskRunnerV1 pid=13158)[0m                                         'policy_loss_mode': 'vanilla',
[36m(TaskRunnerV1 pid=13158)[0m                                         'topk': 32,
[36m(TaskRunnerV1 pid=13158)[0m                                         'use_policy_gradient': False,
[36m(TaskRunnerV1 pid=13158)[0m                                         'use_task_rewards': True},
[36m(TaskRunnerV1 pid=13158)[0m                   'enabled': False,
[36m(TaskRunnerV1 pid=13158)[0m                   'n_gpus_per_node': 8,
[36m(TaskRunnerV1 pid=13158)[0m                   'nnodes': 0,
[36m(TaskRunnerV1 pid=13158)[0m                   'teacher_key': 'data_source',
[36m(TaskRunnerV1 pid=13158)[0m                   'teacher_models': {'teacher_model': {'_target_': 'verl.workers.config.DistillationTeacherModelConfig',
[36m(TaskRunnerV1 pid=13158)[0m                                                        'inference': {'_target_': 'verl.workers.config.RolloutConfig',
[36m(TaskRunnerV1 pid=13158)[0m                                                                      'cudagraph_capture_sizes': None,
[36m(TaskRunnerV1 pid=13158)[0m                                                                      'data_parallel_size': 1,
[36m(TaskRunnerV1 pid=13158)[0m                                                                      'disable_log_stats': True,
[36m(TaskRunnerV1 pid=13158)[0m                                                                      'dtype': 'bfloat16',
[36m(TaskRunnerV1 pid=13158)[0m                                                                      'enable_chunked_prefill': True,
[36m(TaskRunnerV1 pid=13158)[0m                                                                      'enable_prefix_caching': True,
[36m(TaskRunnerV1 pid=13158)[0m                                                                      'enforce_eager': True,
[36m(TaskRunnerV1 pid=13158)[0m                                                                      'engine_kwargs': {},
[36m(TaskRunnerV1 pid=13158)[0m                                                                      'expert_parallel_size': 1,
[36m(TaskRunnerV1 pid=13158)[0m                                                                      'free_cache_engine': True,
[36m(TaskRunnerV1 pid=13158)[0m                                                                      'gpu_memory_utilization': 0.5,
[36m(TaskRunnerV1 pid=13158)[0m                                                                      'limit_images': None,
[36m(TaskRunnerV1 pid=13158)[0m                                                                      'load_format': 'auto',
[36m(TaskRunnerV1 pid=13158)[0m                                                                      'max_model_len': None,
[36m(TaskRunnerV1 pid=13158)[0m                                                                      'max_num_batched_tokens': 8192,
[36m(TaskRunnerV1 pid=13158)[0m                                                                      'max_num_seqs': 1024,
[36m(TaskRunnerV1 pid=13158)[0m                                                                      'name': 'vllm',
[36m(TaskRunnerV1 pid=13158)[0m                                                                      'prompt_length': 1024,
[36m(TaskRunnerV1 pid=13158)[0m                                                                      'response_length': 1024,
[36m(TaskRunnerV1 pid=13158)[0m                                                                      'skip_tokenizer_init': True,
[36m(TaskRunnerV1 pid=13158)[0m                                                                      'temperature': 1.0,
[36m(TaskRunnerV1 pid=13158)[0m                                                                      'tensor_model_parallel_size': 2},
[36m(TaskRunnerV1 pid=13158)[0m                                                        'key': None,
[36m(TaskRunnerV1 pid=13158)[0m                                                        'model_path': None,
[36m(TaskRunnerV1 pid=13158)[0m                                                        'num_replicas': 0}}},
[36m(TaskRunnerV1 pid=13158)[0m  'global_profiler': {'_target_': 'verl.utils.profiler.ProfilerConfig',
[36m(TaskRunnerV1 pid=13158)[0m                      'global_tool_config': {'nsys': {'_target_': 'verl.utils.profiler.config.NsightToolConfig',
[36m(TaskRunnerV1 pid=13158)[0m                                                      'controller_nsight_options': {'cuda-graph-trace': 'graph',
[36m(TaskRunnerV1 pid=13158)[0m                                                                                    'cuda-memory-usage': 'true',
[36m(TaskRunnerV1 pid=13158)[0m                                                                                    'trace': 'cuda,nvtx,cublas,ucx'},
[36m(TaskRunnerV1 pid=13158)[0m                                                      'discrete': False,
[36m(TaskRunnerV1 pid=13158)[0m                                                      'worker_nsight_options': {'capture-range': 'cudaProfilerApi',
[36m(TaskRunnerV1 pid=13158)[0m                                                                                'capture-range-end': None,
[36m(TaskRunnerV1 pid=13158)[0m                                                                                'cuda-graph-trace': 'graph',
[36m(TaskRunnerV1 pid=13158)[0m                                                                                'cuda-memory-usage': 'true',
[36m(TaskRunnerV1 pid=13158)[0m                                                                                'kill': 'none',
[36m(TaskRunnerV1 pid=13158)[0m                                                                                'trace': 'cuda,nvtx,cublas,ucx'}},
[36m(TaskRunnerV1 pid=13158)[0m                                             'precision_debugger': {'_target_': 'verl.utils.profiler.config.PrecisionDebuggerToolConfig',
[36m(TaskRunnerV1 pid=13158)[0m                                                                    'config_path': None,
[36m(TaskRunnerV1 pid=13158)[0m                                                                    'stages': None,
[36m(TaskRunnerV1 pid=13158)[0m                                                                    'steps': None,
[36m(TaskRunnerV1 pid=13158)[0m                                                                    'strict': False},
[36m(TaskRunnerV1 pid=13158)[0m                                             'torch_memory': {'context': 'all',
[36m(TaskRunnerV1 pid=13158)[0m                                                              'kw_args': {},
[36m(TaskRunnerV1 pid=13158)[0m                                                              'stack_depth': 32,
[36m(TaskRunnerV1 pid=13158)[0m                                                              'stacks': 'all',
[36m(TaskRunnerV1 pid=13158)[0m                                                              'trace_alloc_max_entries': 100000}},
[36m(TaskRunnerV1 pid=13158)[0m                      'profile_continuous_steps': False,
[36m(TaskRunnerV1 pid=13158)[0m                      'save_path': 'outputs/profile',
[36m(TaskRunnerV1 pid=13158)[0m                      'steps': None,
[36m(TaskRunnerV1 pid=13158)[0m                      'tool': None},
[36m(TaskRunnerV1 pid=13158)[0m  'model_engine': 'dp',
[36m(TaskRunnerV1 pid=13158)[0m  'ray_kwargs': {'ray_init': {'num_cpus': None}, 'timeline_json_file': None},
[36m(TaskRunnerV1 pid=13158)[0m  'reward': {'_target_': 'verl.workers.config.RewardConfig',
[36m(TaskRunnerV1 pid=13158)[0m             'custom_reward_function': {'name': 'compute_score',
[36m(TaskRunnerV1 pid=13158)[0m                                        'path': '/mnt/lv_model/npu60005420a/packages/twinkle_aligned_verl_grpo_npu_2cards_owner_20260729/gsm8k_accuracy_reward.py'},
[36m(TaskRunnerV1 pid=13158)[0m             'num_workers': 4,
[36m(TaskRunnerV1 pid=13158)[0m             'reward_manager': {'_target_': 'verl.workers.config.reward.RewardManagerConfig',
[36m(TaskRunnerV1 pid=13158)[0m                                'module': {'_target_': 'verl.trainer.config.config.ModuleConfig',
[36m(TaskRunnerV1 pid=13158)[0m                                           'name': 'custom_reward_manager',
[36m(TaskRunnerV1 pid=13158)[0m                                           'path': None},
[36m(TaskRunnerV1 pid=13158)[0m                                'name': 'naive',
[36m(TaskRunnerV1 pid=13158)[0m                                'source': 'register'},
[36m(TaskRunnerV1 pid=13158)[0m             'reward_model': {
[36m(TaskRunnerV1 pid=13158)[0m '_target_': 'verl.workers.config.RewardModelConfig',
[36m(TaskRunnerV1 pid=13158)[0m                              'enable': False,
[36m(TaskRunnerV1 pid=13158)[0m                              'enable_resource_pool': False,
[36m(TaskRunnerV1 pid=13158)[0m                              'model_path': None,
[36m(TaskRunnerV1 pid=13158)[0m                              'n_gpus_per_node': 8,
[36m(TaskRunnerV1 pid=13158)[0m                              'nnodes': 0,
[36m(TaskRunnerV1 pid=13158)[0m                              'rollout': {'_target_': 'verl.workers.config.RolloutConfig',
[36m(TaskRunnerV1 pid=13158)[0m                                          'cudagraph_capture_sizes': None,
[36m(TaskRunnerV1 pid=13158)[0m                                          'data_parallel_size': 1,
[36m(TaskRunnerV1 pid=13158)[0m                                          'disable_log_stats': True,
[36m(TaskRunnerV1 pid=13158)[0m                                          'disaggregation': {'bootstrap_port': None,
[36m(TaskRunnerV1 pid=13158)[0m                                                             'decode_replicas': 1,
[36m(TaskRunnerV1 pid=13158)[0m                                                             'decode_tensor_model_parallel_size': None,
[36m(TaskRunnerV1 pid=13158)[0m                                                             'enabled': False,
[36m(TaskRunnerV1 pid=13158)[0m                                                             'ib_device': None,
[36m(TaskRunnerV1 pid=13158)[0m                                                             'prefill_replicas': 1,
[36m(TaskRunnerV1 pid=13158)[0m                                                             'transfer_backend': 'nixl'},
[36m(TaskRunnerV1 pid=13158)[0m                                          'do_sample': True,
[36m(TaskRunnerV1 pid=13158)[0m                                          'dtype': 'bfloat16',
[36m(TaskRunnerV1 pid=13158)[0m                                          'enable_chunked_prefill': True,
[36m(TaskRunnerV1 pid=13158)[0m                                          'enable_prefix_caching': True,
[36m(TaskRunnerV1 pid=13158)[0m                                          'enforce_eager': True,
[36m(TaskRunnerV1 pid=13158)[0m                                          'engine_kwargs': {},
[36m(TaskRunnerV1 pid=13158)[0m                                          'expert_parallel_size': 1,
[36m(TaskRunnerV1 pid=13158)[0m                                          'free_cache_engine': True,
[36m(TaskRunnerV1 pid=13158)[0m                                          'full_determinism': False,
[36m(TaskRunnerV1 pid=13158)[0m                                          'gpu_memory_utilization': 0.5,
[36m(TaskRunnerV1 pid=13158)[0m                                          'ignore_eos': False,
[36m(TaskRunnerV1 pid=13158)[0m                                          'layered_summon': False,
[36m(TaskRunnerV1 pid=13158)[0m                                          'limit_images': None,
[36m(TaskRunnerV1 pid=13158)[0m                                          'load_format': 'auto',
[36m(TaskRunnerV1 pid=13158)[0m                                          'max_model_len': None,
[36m(TaskRunnerV1 pid=13158)[0m                                          'max_num_batched_tokens': 8192,
[36m(TaskRunnerV1 pid=13158)[0m                                          'max_num_seqs': 1024,
[36m(TaskRunnerV1 pid=13158)[0m                                          'mtp': None,
[36m(TaskRunnerV1 pid=13158)[0m                                          'multi_stage_wake_up': False,
[36m(TaskRunnerV1 pid=13158)[0m                                          'n': 1,
[36m(TaskRunnerV1 pid=13158)[0m                                          'name': '???',
[36m(TaskRunnerV1 pid=13158)[0m                                          'pipeline_model_parallel_size': 1,
[36m(TaskRunnerV1 pid=13158)[0m                                          'prompt_length': 2048,
[36m(TaskRunnerV1 pid=13158)[0m                                          'quantization': None,
[36m(TaskRunnerV1 pid=13158)[0m                                          'quantization_config_file': None,
[36m(TaskRunnerV1 pid=13158)[0m                                          'response_length': 2048,
[36m(TaskRunnerV1 pid=13158)[0m                                          'scheduling_policy': 'fcfs',
[36m(TaskRunnerV1 pid=13158)[0m                                          'seed': 42,
[36m(TaskRunnerV1 pid=13158)[0m                                          'skip_tokenizer_init': False,
[36m(TaskRunnerV1 pid=13158)[0m                                          'temperature': 1.0,
[36m(TaskRunnerV1 pid=13158)[0m                                          'tensor_model_parallel_size': 2,
[36m(TaskRunnerV1 pid=13158)[0m                                          'top_k': -1,
[36m(TaskRunnerV1 pid=13158)[0m                                          'top_p': 1}},
[36m(TaskRunnerV1 pid=13158)[0m             'sandbox_fusion': {'_target_': 'verl.workers.config.SandboxFusionConfig',
[36m(TaskRunnerV1 pid=13158)[0m                                'max_concurrent': 64,
[36m(TaskRunnerV1 pid=13158)[0m                                'memory_limit_mb': 1024,
[36m(TaskRunnerV1 pid=13158)[0m                                'url': None}},
[36m(TaskRunnerV1 pid=13158)[0m  'reward_model': {'enable': None,
[36m(TaskRunnerV1 pid=13158)[0m                   'enable_resource_pool': None,
[36m(TaskRunnerV1 pid=13158)[0m                   'model': {'external_lib': None,
[36m(TaskRunnerV1 pid=13158)[0m                             'path': None,
[36m(TaskRunnerV1 pid=13158)[0m                             'trust_remote_code': None},
[36m(TaskRunnerV1 pid=13158)[0m                   'n_gpus_per_node': None,
[36m(TaskRunnerV1 pid=13158)[0m                   'nnodes': None,
[36m(TaskRunnerV1 pid=13158)[0m                   'num_workers': None,
[36m(TaskRunnerV1 pid=13158)[0m                   'reward_loop_class_name': None,
[36m(TaskRunnerV1 pid=13158)[0m                   'reward_loop_module_path': None,
[36m(TaskRunnerV1 pid=13158)[0m                   'reward_loop_source': None,
[36m(TaskRunnerV1 pid=13158)[0m                   'reward_manager': None,
[36m(TaskRunnerV1 pid=13158)[0m                   'rollout': {'cudagraph_capture_sizes': None,
[36m(TaskRunnerV1 pid=13158)[0m                               'data_parallel_size': None,
[36m(TaskRunnerV1 pid=13158)[0m                               'disable_log_stats': None,
[36m(TaskRunnerV1 pid=13158)[0m                               'dtype': None,
[36m(TaskRunnerV1 pid=13158)[0m                               'enable_chunked_prefill': None,
[36m(TaskRunnerV1 pid=13158)[0m                               'enable_prefix_caching': None,
[36m(TaskRunnerV1 pid=13158)[0m                               'enforce_eager': None,
[36m(TaskRunnerV1 pid=13158)[0m                               'engine_kwargs': None,
[36m(TaskRunnerV1 pid=13158)[0m                               'expert_parallel_size': None,
[36m(TaskRunnerV1 pid=13158)[0m                               'free_cache_engine': None,
[36m(TaskRunnerV1 pid=13158)[0m                               'gpu_memory_utilization': None,
[36m(TaskRunnerV1 pid=13158)[0m                               'limit_images': None,[36m(TaskRunnerV1 pid=13158)[0m /usr/local/python3.11.15/lib/python3.11/site-packages/ray/_private/auto_init_hook.py:22: DeprecationWarning: placement_group parameter is deprecated. Use scheduling_strategy=PlacementGroupSchedulingStrategy(...) instead, see the usage at https://docs.ray.io/en/releases-2.55.1/ray-core/package-ref.html#ray-remote.
[36m(TaskRunnerV1 pid=13158)[0m   return fn(*args, **kwargs)
[36m(TaskRunnerV1 pid=13158)[0m /usr/local/python3.11.15/lib/python3.11/site-packages/ray/_private/auto_init_hook.py:22: DeprecationWarning: placement_group_bundle_index parameter is deprecated. Use scheduling_strategy=PlacementGroupSchedulingStrategy(...) instead, see the usage at https://docs.ray.io/en/releases-2.55.1/ray-core/package-ref.html#ray-remote.
[36m(TaskRunnerV1 pid=13158)[0m   return fn(*args, **kwargs)
[36m(TaskRunnerV1 pid=13158)[0m /workspace/verl_official_main_17ea153d95ee_20260729/verl/trainer/ppo/v1/trainer_base.py:129: UserWarning: Disabled critic as algorithm.adv_estimator != gae. If it is not intended, please set critic.enable=True
[36m(TaskRunnerV1 pid=13158)[0m   self.use_critic = need_critic(self.config)
[36m(TaskRunnerV1 pid=13158)[0m Filtering prompts longer than 1024 tokens (num_proc=4):   0%|          | 0/2000 [00:00<?, ? examples/s]
[36m(TaskRunnerV1 pid=13158)[0m Filtering prompts longer than 1024 tokens (num_proc=4):  25%|██▌       | 500/2000 [00:04<00:14, 102.11 examples/s]
[36m(TaskRunnerV1 pid=13158)[0m Filtering prompts longer than 1024 tokens (num_proc=4):  50%|█████     | 1000/2000 [00:07<00:07, 131.98 examples/s]
[36m(TaskRunnerV1 pid=13158)[0m Filtering prompts longer than 1024 tokens (num_proc=4):  75%|███████▌  | 1500/2000 [00:10<00:03, 146.22 examples/s]
[36m(TaskRunnerV1 pid=13158)[0m Filtering prompts longer than 1024 tokens (num_proc=4): 100%|██████████| 2000/2000 [00:13<00:00, 153.34 examples/s]
[36m(TaskRunnerV1 pid=13158)[0m Filtering prompts longer than 1024 tokens (num_proc=4): 100%|██████████| 2000/2000 [00:14<00:00, 140.80 examples/s]
[36m(TaskRunnerV1 pid=13158)[0m Filtering prompts longer than 1024 tokens (num_proc=4):   0%|          | 0/1319 [00:00<?, ? examples/s]
[36m(TaskRunnerV1 pid=13158)[0m Filtering prompts longer than 1024 tokens (num_proc=4):  25%|██▌       | 330/1319 [00:04<00:14, 67.97 examples/s]
[36m(TaskRunnerV1 pid=13158)[0m Filtering prompts longer than 1024 tokens (num_proc=4):  50%|█████     | 660/1319 [00:07<00:07, 88.72 examples/s]
[36m(TaskRunnerV1 pid=13158)[0m Filtering prompts longer than 1024 tokens (num_proc=4):  75%|███████▌  | 990/1319 [00:10<00:03, 95.81 examples/s]
[36m(TaskRunnerV1 pid=13158)[0m Filtering prompts longer than 1024 tokens (num_proc=4): 100%|██████████| 1319/1319 [00:13<00:00, 100.70 examples/s]
[36m(TaskRunnerV1 pid=13158)[0m Filtering prompts longer than 1024 tokens (num_proc=4): 100%|██████████| 1319/1319 [00:14<00:00, 93.00 examples/s] 
[36m(TaskRunnerV1 pid=13158)[0m INFO:2026-07-29 13:34:30,871:data.gen_batch_size defaulted to 1.
[36m(TaskRunnerV1 pid=13158)[0m INFO:2026-07-29 13:34:30,875:train and validate dataloader initialized, train dataset size: 2000, val dataset size: 1319
[36m(TaskRunnerV1 pid=13158)[0m INFO:2026-07-29 13:34:30,876:Total training steps: 1
[36m(TaskRunnerV1 pid=13158)[0m /workspace/verl_official_main_17ea153d95ee_20260729/verl/trainer/ppo/v1/trainer_base.py:755: UserWarning: Disabled critic as algorithm.adv_estimator != gae. If it is not intended, please set critic.enable=True
[36m(TaskRunnerV1 pid=13158)[0m   if need_critic(config):
[36m(TaskRunnerV1 pid=13158)[0m INFO:2026-07-29 13:34:30,887:worker group kwargs: {'device_name': 'npu'}
[36m(TaskRunnerV1 pid=13158)[0m INFO:2026-07-29 13:34:33,032:create worker group dict_keys(['actor_rollout'])
[36m(WorkerDict pid=15984)[0m /usr/local/python3.11.15/lib/python3.11/site-packages/torch_npu/contrib/transfer_to_npu.py:360: ImportWarning: 
[36m(WorkerDict pid=15984)[0m     *************************************************************************************************************
[36m(WorkerDict pid=15984)[0m     The torch.Tensor.cuda and torch.nn.Module.cuda are replaced with torch.Tensor.npu and torch.nn.Module.npu now..
[36m(WorkerDict pid=15984)[0m     The torch.cuda.DoubleTensor is replaced with torch.npu.FloatTensor cause the double type is not supported now..
[36m(WorkerDict pid=15984)[0m     The backend in torch.distributed.init_process_group set to hccl now..
[36m(WorkerDict pid=15984)[0m     The torch.cuda.* and torch.cuda.amp.* are replaced with torch.npu.* and torch.npu.amp.* now..
[36m(WorkerDict pid=15984)[0m     The device parameters have been replaced with npu in the function below:
[36m(WorkerDict pid=15984)[0m     torch.logspace, torch.randint, torch.hann_window, torch.rand, torch.full_like, torch.ones_like, torch.rand_like, torch.randperm, torch.arange, torch.frombuffer, torch.normal, torch._empty_per_channel_affine_quantized, torch.empty_strided, torch.empty_like, torch.scalar_tensor, torch.tril_indices, torch.bartlett_window, torch.ones, torch.sparse_coo_tensor, torch.randn, torch.kaiser_window, torch.tensor, torch.triu_indices, torch.as_tensor, torch.zeros, torch.randint_like, torch.full, torch.eye, torch._sparse_csr_tensor_unsafe, torch.empty, torch._sparse_coo_tensor_unsafe, torch.blackman_window, torch.zeros_like, torch.range, torch.sparse_csr_tensor, torch.randn_like, torch.from_file, torch._cudnn_init_dropout_state, torch._empty_affine_quantized, torch.linspace, torch.hamming_window, torch.empty_quantized, torch._pin_memory, torch.load, torch.set_default_device, torch.get_device_module, torch.sparse_compressed_tensor, torch.Tensor.new_empty, torch.Tensor.new_empty_strided, torch.Tensor.new_full, torch.Tensor.new_ones, torch.Tensor.new_tensor, torch.Tensor.new_zeros, torch.Tensor.to, torch.Tensor.pin_memory, torch.nn.Module.to, torch.nn.Module.to_empty
[36m(WorkerDict pid=15984)[0m     *************************************************************************************************************
[36m(WorkerDict pid=15984)[0m     
[36m(WorkerDict pid=15984)[0m   warnings.warn(msg, ImportWarning)
[36m(WorkerDict pid=15984)[0m /usr/local/python3.11.15/lib/python3.11/site-packages/torch_npu/contrib/transfer_to_npu.py:291: RuntimeWarning: torch.jit.script and torch.jit.script_method will be disabled by transfer_to_npu, which currently does not support them, if you need to enable them, please do not use transfer_to_npu.
[36m(WorkerDict pid=15984)[0m   warnings.warn(msg, RuntimeWarning)
[36m(WorkerDict pid=15984)[0m /MindSpeed/mindspeed/features_manager/megatron_basic/requirements_basic.py:68: UserWarning: fla_npu is not installed. use chunk_gated_delta_rule instead.
[36m(WorkerDict pid=15984)[0m   warnings.warn("fla_npu is not installed. use chunk_gated_delta_rule instead.")

[36m(TaskRunnerV1 pid=13158)[0m                               'load_format': None,
[36m(TaskRunnerV1 pid=13158)[0m                               'max_model_len': None,
[36m(TaskRunnerV1 pid=13158)[0m                               'max_num_batched_tokens': None,
[36m(TaskRunnerV1 pid=13158)[0m                               'max_num_seqs': None,
[36m(TaskRunnerV1 pid=13158)[0m                               'name': None,
[36m(TaskRunnerV1 pid=13158)[0m                               'prompt_length': None,
[36m(TaskRunnerV1 pid=13158)[0m                               'response_length': None,
[36m(TaskRunnerV1 pid=13158)[0m                               'skip_tokenizer_init': None,
[36m(TaskRunnerV1 pid=13158)[0m                               'tensor_model_parallel_size': None}},
[36m(TaskRunnerV1 pid=13158)[0m  'sandbox_fusion': {'max_concurrent': None,
[36m(TaskRunnerV1 pid=13158)[0m                     'memory_limit_mb': None,
[36m(TaskRunnerV1 pid=13158)[0m                     'url': None},
[36m(TaskRunnerV1 pid=13158)[0m  'skip': {'_target_': 'verl.utils.skip.SkipManagerConfig',
[36m(TaskRunnerV1 pid=13158)[0m           'async_rollout': {'action': 'cache',
[36m(TaskRunnerV1 pid=13158)[0m                             'dump_dir': '~/.verl/rollout_dump',
[36m(TaskRunnerV1 pid=13158)[0m                             'enable': False,
[36m(TaskRunnerV1 pid=13158)[0m                             'steps': []}
[36m(TaskRunnerV1 pid=13158)[0m ,
[36m(TaskRunnerV1 pid=13158)[0m           'rollout': {'action': 'cache',
[36m(TaskRunnerV1 pid=13158)[0m                       'dump_dir': '~/.verl/rollout_dump',
[36m(TaskRunnerV1 pid=13158)[0m                       'enable': False,
[36m(TaskRunnerV1 pid=13158)[0m                       'steps': []},
[36m(TaskRunnerV1 pid=13158)[0m           'rollout_tq': {'action': 'cache',
[36m(TaskRunnerV1 pid=13158)[0m                          'dump_dir': '~/.verl/rollout_dump',
[36m(TaskRunnerV1 pid=13158)[0m                          'enable': False,
[36m(TaskRunnerV1 pid=13158)[0m                          'steps': []}},
[36m(TaskRunnerV1 pid=13158)[0m  'trainer': {'balance_batch': True,
[36m(TaskRunnerV1 pid=13158)[0m              'critic_warmup': 0,
[36m(TaskRunnerV1 pid=13158)[0m              'default_hdfs_dir': None,
[36m(TaskRunnerV1 pid=13158)[0m              'default_local_dir': '/mnt/lv_model/npu60005420a/qy_owner_smoke_20260729/qy_owner_verl_smoke1_v3_npu23/checkpoints',
[36m(TaskRunnerV1 pid=13158)[0m              'del_local_ckpt_after_load': False,
[36m(TaskRunnerV1 pid=13158)[0m              'device': 'npu',
[36m(TaskRunnerV1 pid=13158)[0m              'esi_redundant_time': 0,
[36m(TaskRunnerV1 pid=13158)[0m              'experiment_name': 'qy_owner_verl_smoke1_v3_npu23',
[36m(TaskRunnerV1 pid=13158)[0m              'log_val_generations': 0,
[36m(TaskRunnerV1 pid=13158)[0m              'logger': ['console', 'tensorboard'],
[36m(TaskRunnerV1 pid=13158)[0m              'max_actor_ckpt_to_keep': None,
[36m(TaskRunnerV1 pid=13158)[0m              'max_critic_ckpt_to_keep': None,
[36m(TaskRunnerV1 pid=13158)[0m              'n_gpus_per_node': 1,
[36m(TaskRunnerV1 pid=13158)[0m              'nnodes': 1,
[36m(TaskRunnerV1 pid=13158)[0m              'project_name': 'twinkle-aligned-gsm8k-grpo',
[36m(TaskRunnerV1 pid=13158)[0m              'ray_wait_register_center_timeout': 300,
[36m(TaskRunnerV1 pid=13158)[0m              'resume_from_path': None,
[36m(TaskRunnerV1 pid=13158)[0m              'resume_mode': 'disable',
[36m(TaskRunnerV1 pid=13158)[0m              'rollout_data_dir': '/mnt/lv_model/npu60005420a/qy_owner_smoke_20260729/qy_owner_verl_smoke1_v3_npu23/rollouts',
[36m(TaskRunnerV1 pid=13158)[0m              'save_freq': 1,
[36m(TaskRunnerV1 pid=13158)[0m              'test_freq': -1,
[36m(TaskRunnerV1 pid=13158)[0m              'total_epochs': 1,
[36m(TaskRunnerV1 pid=13158)[0m              'total_training_steps': 1,
[36m(TaskRunnerV1 pid=13158)[0m              'use_v1': True,
[36m(TaskRunnerV1 pid=13158)[0m              'v1': {'colocate_async': {'num_warmup_batches': 1},
[36m(TaskRunnerV1 pid=13158)[0m                     'sampler': {'custom_sampler': {'name': None, 'path': None},
[36m(TaskRunnerV1 pid=13158)[0m                                 'max_off_policy_strategy': 'wait',
[36m(TaskRunnerV1 pid=13158)[0m                                 'max_off_policy_threshold': 1,
[36m(TaskRunnerV1 pid=13158)[0m                                 'sampler_kwargs': {},
[36m(TaskRunnerV1 pid=13158)[0m                                 'sync_refill_failed_groups': False},
[36m(TaskRunnerV1 pid=13158)[0m                     'separate_async': {'num_warmup_batches': 0,
[36m(TaskRunnerV1 pid=13158)[0m                                        'parameter_sync_step': 1},
[36m(TaskRunnerV1 pid=13158)[0m                     'sync': {},
[36m(TaskRunnerV1 pid=13158)[0m                     'trainer_mode': 'separate_async'},
[36m(TaskRunnerV1 pid=13158)[0m              'val_before_train': False,
[36m(TaskRunnerV1 pid=13158)[0m              'val_only': False,
[36m(TaskRunnerV1 pid=13158)[0m              'validation_data_dir': '/mnt/lv_model/npu60005420a/qy_owner_smoke_20260729/qy_owner_verl_smoke1_v3_npu23/validation_data'},
[36m(TaskRunnerV1 pid=13158)[0m  'transfer_queue': {'backend': {'MooncakeStore': {'auto_init': False,
[36m(TaskRunnerV1 pid=13158)[0m                                                   'device_name': '',
[36m(TaskRunnerV1 pid=13158)[0m                                                   'global_segment_size': 4294967296,
[36m(TaskRunnerV1 pid=13158)[0m                                                   'local_buffer_size': 1073741824,
[36m(TaskRunnerV1 pid=13158)[0m                                                   'local_hostname': 'localhost',
[36m(TaskRunnerV1 pid=13158)[0m                                                   'master_server_address': 'localhost:50124',
[36m(TaskRunnerV1 pid=13158)[0m                                                   'metadata_server': 'localhost:50123',
[36m(TaskRunnerV1 pid=13158)[0m                                                   'protocol': 'tcp'},
[36m(TaskRunnerV1 pid=13158)[0m                                 'SimpleStorage': {'num_data_storage_units': 2,
[36m(TaskRunnerV1 pid=13158)[0m                                                   'total_storage_size': 10000},
[36m(TaskRunnerV1 pid=13158)[0m                                 'storage_backend': 'SimpleStorage'},
[36m(TaskRunnerV1 pid=13158)[0m                     'enable': True,
[36m(TaskRunnerV1 pid=13158)[0m                     'metrics': {'enabled': True, 'port': 0}}}
[36m(TaskRunnerV1 pid=13158)[0m Using dataset class: RLHFDataset
[36m(TaskRunnerV1 pid=13158)[0m [Rank 0 | Local Rank 0] 2026-07-29 13:33:54,935 INFO [httpx:1025] => HTTP Request: HEAD https://s3.amazonaws.com/datasets.huggingface.co/datasets/datasets/parquet/parquet.py "HTTP/1.1 404 Not Found"
[36m(TaskRunnerV1 pid=13158)[0m dataset len: 2000
[36m(TaskRunnerV1 pid=13158)[0m [Rank 0 | Local Rank 0] 2026-07-29 13:33:58,151 INFO [torch_npu.env:15] => get env TOKENIZERS_PARALLELISM = false
[36m(TaskRunnerV1 pid=13158)[0m filter dataset len: 2000
[36m(TaskRunnerV1 pid=13158)[0m Using dataset class: RLHFDataset
[36m(TaskRunnerV1 pid=13158)[0m [Rank 0 | Local Rank 0] 2026-07-29 13:34:13,443 INFO [httpx:1025] => HTTP Request: HEAD https://s3.amazonaws.com/datasets.huggingface.co/datasets/datasets/parquet/parquet.py "HTTP/1.1 404 Not Found"
[36m(TaskRunnerV1 pid=13158)[0m dataset len: 1319
[36m(TaskRunnerV1 pid=13158)[0m filter dataset len: 1319
[36m(TaskRunnerV1 pid=13158)[0m colocated worker base class <class 'verl.single_controller.base.worker.Worker'>
[36m(WorkerDict pid=15984)[0m [Rank 0 | Local Rank 0] 2026-07-29 13:34:56,264 INFO [mindspeed.megatron_adaptor:33] => start to patch features in megatron adaptor.
[36m(WorkerDict pid=15984)[0m [Rank 0 | Local Rank 0] 2026-07-29 13:34:58,640 INFO [megatron.core.distributed.fsdp.src.megatron_fsdp.mixed_precision:34] => Using Megatron-FSDP without Transformer Engine.[36m(WorkerDict pid=15984)[0m /Megatron-LM/megatron/core/inference/contexts/__init__.py:9: DeprecationWarning: The following imports from `dynamic_context.py` will be removed in this file in `megatron-core` 0.14. The imports here result in a cyclic import issue that causes rotary embeddings to import from Apex rather than Transformer Engine.
[36m(WorkerDict pid=15984)[0m   warnings.warn(
[36m(WorkerDict pid=15984)[0m /MindSpeed/mindspeed/core/tensor_parallel/tp_2d/layernorm_2d.py:88: FutureWarning: `torch_npu.npu.amp.custom_fwd(args...)` is deprecated. Please use `torch.amp.custom_fwd(args..., device_type='npu')` instead.
[36m(WorkerDict pid=15984)[0m   @custom_fwd
[36m(WorkerDict pid=15984)[0m /MindSpeed/mindspeed/core/tensor_parallel/tp_2d/layernorm_2d.py:147: FutureWarning: `torch_npu.npu.amp.custom_bwd(args...)` is deprecated. Please use `torch.amp.custom_bwd(args..., device_type='npu')` instead.
[36m(WorkerDict pid=15984)[0m   @custom_bwd
[36m(WorkerDict pid=15984)[0m /MindSpeed/mindspeed/core/tensor_parallel/tp_2d/rms_norm_2d.py:66: FutureWarning: `torch_npu.npu.amp.custom_fwd(args...)` is deprecated. Please use `torch.amp.custom_fwd(args..., device_type='npu')` instead.
[36m(WorkerDict pid=15984)[0m   @custom_fwd
[36m(WorkerDict pid=15984)[0m /MindSpeed/mindspeed/core/tensor_parallel/tp_2d/rms_norm_2d.py:87: FutureWarning: `torch_npu.npu.amp.custom_bwd(args...)` is deprecated. Please use `torch.amp.custom_bwd(args..., device_type='npu')` instead.
[36m(WorkerDict pid=15984)[0m   @custom_bwd
[36m(WorkerDict pid=15984)[0m /Megatron-LM/megatron/core/transformer/multi_latent_attention.py:36: DeprecationWarning: The 'megatron.core.transformer.custom_layers.transformer_engine' 
[36m(WorkerDict pid=15984)[0m     module is deprecated and will be removed in 0.10.0. Please use 
[36m(WorkerDict pid=15984)[0m     'megatron.core.extensions.transformer_engine' instead.
[36m(WorkerDict pid=15984)[0m   from megatron.core.transformer.custom_layers.transformer_engine import (
[36m(WorkerDict pid=15984)[0m Loading weights:   0%|          | 0/398 [00:00<?, ?it/s]
[36m(WorkerDict pid=15984)[0m Loading weights:   0%|          | 1/398 [00:01<07:29,  1.13s/it]
[36m(WorkerDict pid=15984)[0m Loading weights:  34%|███▍      | 135/398 [00:01<00:01, 149.18it/s]
[36m(WorkerDict pid=15984)[0m Loading weights:  52%|█████▏    | 207/398 [00:01<00:01, 153.58it/s]
[36m(WorkerDict pid=15984)[0m Loading weights:  64%|██████▎   | 253/398 [00:01<00:00, 154.78it/s]
[36m(WorkerDict pid=15984)[0m Loading weights:  72%|███████▏  | 288/398 [00:02<00:00, 157.57it/s]
[36m(WorkerDict pid=15984)[0m Loading weights:  79%|███████▉  | 316/398 [00:02<00:00, 151.54it/s]
[36m(WorkerDict pid=15984)[0m Loading weights:  85%|████████▌ | 339/398 [00:02<00:00, 152.56it/s]
[36m(WorkerDict pid=15984)[0m Loading weights:  90%|█████████ | 360/398 [00:02<00:00, 154.12it/s]
[36m(WorkerDict pid=15984)[0m Loading weights:  95%|█████████▌| 380/398 [00:02<00:00, 150.84it/s]
[36m(WorkerDict pid=15984)[0m Loading weights: 100%|██████████| 398/398 [00:02<00:00, 136.77it/s]
[36m(WorkerDict pid=15984)[0m /usr/local/python3.11.15/lib/python3.11/site-packages/tvm_ffi/_optional_torch_c_dlpack.py:181: UserWarning: Failed to JIT torch c dlpack extension, EnvTensorAllocator will not be enabled.
[36m(WorkerDict pid=15984)[0m We recommend installing via `pip install torch-c-dlpack-ext`
[36m(WorkerDict pid=15984)[0m   warnings.warn(
[36m(TaskRunnerV1 pid=13158)[0m INFO:2026-07-29 13:35:43,791:actor and ref model engine initialized
[36m(TaskRunnerV1 pid=13158)[0m INFO:2026-07-29 13:35:43,935:reward loop manager initialized

[36m(WorkerDict pid=15984)[0m [Rank 0 | Local Rank 0] 2026-07-29 13:34:58,644 INFO [megatron.core.distributed.fsdp.src.megatron_fsdp.param_and_grad_buffer:69] => Detected Megatron Core, using Megatron-FSDP with Megatron.
[36m(WorkerDict pid=15984)[0m [Rank 0 | Local Rank 0] 2026-07-29 13:34:58,651 INFO [megatron.core.distributed.fsdp.src.megatron_fsdp.megatron_fsdp:47] => Detected Megatron Core, using Megatron-FSDP with Megatron.
[36m(WorkerDict pid=15984)[0m [Rank 0 | Local Rank 0] 2026-07-29 13:35:03,813 INFO [torch_npu.env:15] => get env WORLD_SIZE = 1
[36m(WorkerDict pid=15984)[0m [Rank 0 | Local Rank 0] 2026-07-29 13:35:03,815 INFO [torch_npu.env:15] => get env MASTER_ADDR = 10.17.0.41
[36m(WorkerDict pid=15984)[0m [Rank 0 | Local Rank 0] 2026-07-29 13:35:03,815 INFO [torch_npu.env:15] => get env MASTER_PORT = 45123
[36m(WorkerDict pid=15984)[0m [Gloo] Rank 0 is connected to 0 peer ranks. Expected number of connected peer ranks is : 0
[36m(WorkerDict pid=15984)[0m [Rank 0 | Local Rank 0] 2026-07-29 13:35:03,847 INFO [verl.models.transformers.npu_patch:437] => Applied NPU patches for qwen2
[36m(WorkerDict pid=15984)[0m [Rank 0 | Local Rank 0] 2026-07-29 13:35:03,871 INFO [verl.models.transformers.npu_patch:437] => Applied NPU patches for qwen2_5_vl
[36m(WorkerDict pid=15984)[0m [Rank 0 | Local Rank 0] 2026-07-29 13:35:03,881 INFO [verl.models.transformers.npu_patch:437] => Applied NPU patches for qwen3
[36m(WorkerDict pid=15984)[0m [Rank 0 | Local Rank 0] 2026-07-29 13:35:03,899 INFO [verl.models.transformers.npu_patch:437] => Applied NPU patches for qwen3_moe
[36m(WorkerDict pid=15984)[0m [Rank 0 | Local Rank 0] 2026-07-29 13:35:03,920 INFO [verl.models.transformers.npu_patch:437] => Applied NPU patches for qwen3_vl
[36m(WorkerDict pid=15984)[0m [Rank 0 | Local Rank 0] 2026-07-29 13:35:03,942 INFO [verl.models.transformers.npu_patch:437] => Applied NPU patches for qwen3_vl_moe
[36m(WorkerDict pid=15984)[0m [Rank 0 | Local Rank 0] 2026-07-29 13:35:03,953 INFO [verl.models.transformers.npu_patch:437] => Applied NPU patches for qwen3_next
[36m(WorkerDict pid=15984)[0m [Rank 0 | Local Rank 0] 2026-07-29 13:35:03,975 INFO [verl.models.transformers.npu_patch:437] => Applied NPU patches for qwen3_5
[36m(WorkerDict pid=15984)[0m [Rank 0 | Local Rank 0] 2026-07-29 13:35:03,996 INFO [verl.models.transformers.npu_patch:437] => Applied NPU patches for qwen3_5_moe
[36m(WorkerDict pid=15984)[0m [Rank 0 | Local Rank 0] 2026-07-29 13:35:03,997 INFO [verl.models.transformers.npu_patch:449] => Successfully applied patches for 9 model(s)
[36m(WorkerDict pid=15984)[0m Skipping monkey patch for Qwen3ForCausalLM as use_fused_kernels is False or fused_kernels_backend is torch
[36m(WorkerDict pid=15984)[0m PeftModelForCausalLM contains 4.06B parameters
[36m(WorkerDict pid=15984)[0m Before FSDP, memory allocated (GB): 0.00, memory reserved (GB): 0.00, device memory used/total (GB): 0.34/60.96
[36m(WorkerDict pid=15984)[0m After FSDP, memory allocated (GB): 15.21, memory reserved (GB): 17.34, device memory used/total (GB): 17.70/60.96
[36m(WorkerDict pid=15984)[0m Total steps: 1, num_warmup_steps: 0
[36m(WorkerDict pid=15984)[0m [Gloo] Rank 0 is connected to 0 peer ranks. Expected number of connected peer ranks is : 0
[36m(WorkerDict pid=15984)[0m [Gloo] Rank 0 is connected to 0 peer ranks. Expected number of connected peer ranks is : 0
[36m(WorkerDict pid=15984)[0m [Gloo] Rank 0 is connected to 0 peer ranks. Expected number of connected peer ranks is : 0
[36m(WorkerDict pid=15984)[0m [Rank 0 | Local Rank 0] 2026-07-29 13:35:24,980 INFO [torch_npu.env:15] => get env LD_LIBRARY_PATH = /usr/local/python3.11.15/lib/python3.11/site-packages/cv2/../../lib64:/usr/local/Ascend/nnal/atb/latest/atb/cxx_abi_1/lib:/usr/local/Ascend/nnal/atb/latest/atb/cxx_abi_1/examples:/usr/local/Ascend/nnal/atb/latest/atb/cxx_abi_1/tests/atbopstest:/usr/local/Ascend/cann-9.0.0/lib64:/usr/local/Ascend/cann-9.0.0/lib64/plugin/opskernel:/usr/local/Ascend/cann-9.0.0/lib64/plugin/nnengine:/usr/local/Ascend/cann-9.0.0/opp/built-in/op_impl/ai_core/tbe/op_tiling/lib/linux/aarch64:/usr/local/Ascend/driver/lib64:/usr/local/Ascend/driver/lib64/common:/usr/local/Ascend/driver/lib64/driver:/usr/local/Ascend/nnal/atb/latest/atb/cxx_abi_1/lib:/usr/local/Ascend/nnal/atb/latest/atb/cxx_abi_1/examples:/usr/local/Ascend/nnal/atb/latest/atb/cxx_abi_1/tests/atbopstest:/usr/local/Ascend/driver/lib64:/usr/local/Ascend/driver/lib64/common:/usr/local/Ascend/driver/lib64/driver:/usr/local/Ascend/driver/lib64:/usr/local/Ascend/driver/lib64/common:/usr/local/Ascend/driver/lib64/driver:/usr/local/Ascend/nnal/atb/latest/atb/cxx_abi_1/lib:/usr/local/Ascend/nnal/atb/latest/atb/cxx_abi_1/examples:/usr/local/Ascend/nnal/atb/latest/atb/cxx_abi_1/tests/atbopstest:/usr/local/Ascend/ascend-toolkit/latest/tools/aml/lib64:/usr/local/Ascend/ascend-toolkit/latest/tools/aml/lib64/plugin:/usr/local/Ascend/ascend-toolkit/latest/lib64:/usr/local/Ascend/ascend-toolkit/latest/lib64/plugin/opskernel:/usr/local/Ascend/ascend-toolkit/latest/lib64/plugin/nnengine:/usr/local/Ascend/ascend-toolkit/latest/opp/built-in/op_impl/ai_core/tbe/op_tiling:/usr/local/python3.11.15/lib:
[36m(WorkerDict pid=15984)[0m [Rank 0 | Local Rank 0] 2026-07-29 13:35:25,524 INFO [torch_npu.env:15] => get env VLLM_BATCH_INVARIANT = 0
[36m(WorkerDict pid=15984)[0m [Rank 0 | Local Rank 0] 2026-07-29 13:35:40,556 INFO [torch_npu.env:15] => get env ASCEND_CUSTOM_OPP_PATH = /vllm-ascend/vllm_ascend/_cann_ops_custom/vendors/vllm-ascend
[36m(WorkerDict pid=15984)[0m [Rank 0 | Local Rank 0] 2026-07-29 13:35:42,075 INFO [verl.utils.device:321] => Software version 25.2.3 is below 25.3.rc1
[36m(WorkerDict pid=15984)[0m [Rank 0 | Local Rank 0] 2026-07-29 13:35:42,075 WARNING [/workspace/verl_official_main_17ea153d95ee_20260729/verl/workers/rollout/vllm_rollout/vllm_rollout.py:158] => IPC is not supported on your devices. Falling back to shared memory for weight transfer, which may cause performance degradation. If you are using Ascend NPUs, please ensure that your software and CANN toolkit versions meet the requirements for IPC support. (Ascend HDK version >= 25.3.rc1 and CANN toolkit version >= 8.3.RC1)
[36m(WorkerDict pid=15984)[0m [Rank 0 | Local Rank 0] 2026-07-29 13:35:43,038 INFO [/workspace/verl_official_main_17ea153d95ee_20260729/verl/utils/memory_utils.py:67] => Memory cleanup attempt 1: Freed 1.84 GB reserved, 0.00 GB allocated
[36m(WorkerDict pid=15984)[0m [Rank 0 | Local Rank 0] 2026-07-29 13:35:43,785 INFO [/workspace/verl_official_main_17ea153d95ee_20260729/verl/utils/memory_utils.py:67] => Memory cleanup attempt 2: Freed 0.00 GB reserved, 0.00 GB allocated
[36m(TaskRunnerV1 pid=13158)[0m [Rank 0 | Local Rank 0] 2026-07-29 13:35:43,965 INFO [torch_npu.env:15] => get env LD_LIBRARY_PATH = /usr/local/python3.11.15/lib/python3.11/site-packages/cv2/../../lib64:/usr/local/Ascend/nnal/atb/latest/atb/cxx_abi_1/lib:/usr/local/Ascend/nnal/atb/latest/atb/cxx_abi_1/examples:/usr/local/Ascend/nnal/atb/latest/atb/cxx_abi_1/tests/atbopstest:/usr/local/Ascend/cann-9.0.0/lib64:/usr/local/Ascend/cann-9.0.0/lib64/plugin/opskernel:/usr/local/Ascend/cann-9.0.0/lib64/plugin/nnengine:/usr/local/Ascend/cann-9.0.0/opp/built-in/op_impl/ai_core/tbe/op_tiling/lib/linux/aarch64:/usr/local/Ascend/driver/lib64:/usr/local/Ascend/driver/lib64/common:/usr/local/Ascend/driver/lib64/driver:/usr/local/Ascend/nnal/atb/latest/atb/cxx_abi_1/lib:/usr/local/Ascend/nnal/atb/latest/atb/cxx_abi_1/examples:/usr/local/Ascend/nnal/atb/latest/atb/cxx_abi_1/tests/atbopstest:/usr/local/Ascend/driver/lib64:/usr/local/Ascend/driver/lib64/common:/usr/local/Ascend/driver/lib64/driver:/usr/local/Ascend/driver/lib64:/usr/local/Ascend/driver/lib64/common:/usr/local/Ascend/driver/lib64/driver:/usr/local/Ascend/nnal/atb/latest/atb/cxx_abi_1/lib:/usr/local/Ascend/nnal/atb/latest/atb/cxx_abi_1/examples:/usr/local/Ascend/nnal/atb/latest/atb/cxx_abi_1/tests/atbopstest:/usr/local/Ascend/ascend-toolkit/latest/tools/aml/lib64:/usr/local/Ascend/ascend-toolkit/latest/tools/aml/lib64/plugin:/usr/local/Ascend/ascend-toolkit/latest/lib64:/usr/local/Ascend/ascend-toolkit/latest/lib64/plugin/opskernel:/usr/local/Ascend/ascend-toolkit/latest/lib64/plugin/nnengine:/usr/local/Ascend/ascend-toolkit/latest/opp/built-in/op_impl/ai_core/tbe/op_tiling:/usr/local/python3.11.15/lib:[36m(vLLMHttpServer pid=17947)[0m (Worker pid=19141) /usr/local/python3.11.15/lib/python3.11/site-packages/torch_npu/dynamo/torchair/configs/compiler_config.py:105: UserWarning: The following torchair config or properties may not take effect or report error in reduce-overhead mode: config.experimental_config.enable_view_optimize:True, set_dim_gears, dynamo_export, scope, npu_print
[36m(vLLMHttpServer pid=17947)[0m (Worker pid=19141)   warnings.warn(
[36m(vLLMHttpServer pid=17947)[0m (Worker pid=19141) /usr/local/python3.11.15/lib/python3.11/site-packages/torch_npu/dynamo/torchair/configs/compiler_config.py:112: DeprecationWarning: The "reduce-overhead" mode configuration will be deprecated. Please use the "npugraph_ex" backend.
[36m(vLLMHttpServer pid=17947)[0m (Worker pid=19141)   warnings.warn("The \"reduce-overhead\" mode configuration will be deprecated. "
[36m(vLLMHttpServer pid=17947)[0m (Worker pid=19141) /usr/local/python3.11.15/lib/python3.11/site-packages/torch_npu/dynamo/torchair/configs/compiler_config.py:105: UserWarning: The following torchair config or properties may not take effect or report error in reduce-overhead mode: config.experimental_config.enable_view_optimize:True, set_dim_gears, dynamo_export, scope, npu_print
[36m(vLLMHttpServer pid=17947)[0m (Worker pid=19141)   warnings.warn(
[36m(vLLMHttpServer pid=17947)[0m (Worker pid=19141) /usr/local/python3.11.15/lib/python3.11/site-packages/torch_npu/dynamo/torchair/configs/compiler_config.py:112: DeprecationWarning: The "reduce-overhead" mode configuration will be deprecated. Please use the "npugraph_ex" backend.
[36m(vLLMHttpServer pid=17947)[0m (Worker pid=19141)   warnings.warn("The \"reduce-overhead\" mode configuration will be deprecated. "
[36m(vLLMHttpServer pid=17947)[0m (Worker pid=19141) /usr/local/python3.11.15/lib/python3.11/site-packages/torch_npu/dynamo/torchair/configs/compiler_config.py:105: UserWarning: The following torchair config or properties may not take effect or report error in reduce-overhead mode: config.experimental_config.enable_view_optimize:True, set_dim_gears, dynamo_export, scope, npu_print
[36m(vLLMHttpServer pid=17947)[0m (Worker pid=19141)   warnings.warn(
[36m(vLLMHttpServer pid=17947)[0m (Worker pid=19141) /usr/local/python3.11.15/lib/python3.11/site-packages/torch_npu/dynamo/torchair/configs/compiler_config.py:112: DeprecationWarning: The "reduce-overhead" mode configuration will be deprecated. Please use the "npugraph_ex" backend.
[36m(vLLMHttpServer pid=17947)[0m (Worker pid=19141)   warnings.warn("The \"reduce-overhead\" mode configuration will be deprecated. "
[36m(vLLMHttpServer pid=17947)[0m (Worker pid=19141) /usr/local/python3.11.15/lib/python3.11/site-packages/torch_npu/dynamo/torchair/configs/compiler_config.py:105: UserWarning: The following torchair config or properties may not take effect or report error in reduce-overhead mode: config.experimental_config.enable_view_optimize:True, set_dim_gears, dynamo_export, scope, npu_print
[36m(vLLMHttpServer pid=17947)[0m (Worker pid=19141)   warnings.warn(
[36m(vLLMHttpServer pid=17947)[0m (Worker pid=19141) /usr/local/python3.11.15/lib/python3.11/site-packages/torch_npu/dynamo/torchair/configs/compiler_config.py:112: DeprecationWarning: The "reduce-overhead" mode configuration will be deprecated. Please use the "npugraph_ex" backend.
[36m(vLLMHttpServer pid=17947)[0m (Worker pid=19141)   warnings.warn("The \"reduce-overhead\" mode configuration will be deprecated. "
[36m(vLLMHttpServer pid=17947)[0m (Worker pid=19141) /usr/local/python3.11.15/lib/python3.11/site-packages/torch_npu/dynamo/torchair/configs/compiler_config.py:105: UserWarning: The following torchair config or properties may not take effect or report error in reduce-overhead mode: config.experimental_config.enable_view_optimize:True, set_dim_gears, dynamo_export, scope, npu_print
[36m(vLLMHttpServer pid=17947)[0m (Worker pid=19141)   warnings.warn(
[36m(vLLMHttpServer pid=17947)[0m (Worker pid=19141) /usr/local/python3.11.15/lib/python3.11/site-packages/torch_npu/dynamo/torchair/configs/compiler_config.py:112: DeprecationWarning: The "reduce-overhead" mode configuration will be deprecated. Please use the "npugraph_ex" backend.
[36m(vLLMHttpServer pid=17947)[0m (Worker pid=19141)   warnings.warn("The \"reduce-overhead\" mode configuration will be deprecated. "
[36m(vLLMHttpServer pid=17947)[0m (Worker pid=19141) /usr/local/python3.11.15/lib/python3.11/site-packages/torch_npu/dynamo/torchair/configs/compiler_config.py:105: UserWarning: The following torchair config or properties may not take effect or report error in reduce-overhead mode: config.experimental_config.enable_view_optimize:True, set_dim_gears, dynamo_export, scope, npu_print
[36m(vLLMHttpServer pid=17947)[0m (Worker pid=19141)   warnings.warn(
[36m(vLLMHttpServer pid=17947)[0m (Worker pid=19141) /usr/local/python3.11.15/lib/python3.11/site-packages/torch_npu/dynamo/torchair/configs/compiler_config.py:112: DeprecationWarning: The "reduce-overhead" mode configuration will be deprecated. Please use the "npugraph_ex" backend.
[36m(vLLMHttpServer pid=17947)[0m (Worker pid=19141)   warnings.warn("The \"reduce-overhead\" mode configuration will be deprecated. "
[36m(vLLMHttpServer pid=17947)[0m (Worker pid=19141) /usr/local/python3.11.15/lib/python3.11/site-packages/torch_npu/dynamo/torchair/configs/compiler_config.py:105: UserWarning: The following torchair config or properties may not take effect or report error in reduce-overhead mode: config.experimental_config.enable_view_optimize:True, set_dim_gears, dynamo_export, scope, npu_print
[36m(vLLMHttpServer pid=17947)[0m (Worker pid=19141)   warnings.warn(
[36m(vLLMHttpServer pid=17947)[0m (Worker pid=19141) /usr/local/python3.11.15/lib/python3.11/site-packages/torch_npu/dynamo/torchair/configs/compiler_config.py:112: DeprecationWarning: The "reduce-overhead" mode configuration will be deprecated. Please use the "npugraph_ex" backend.
[36m(vLLMHttpServer pid=17947)[0m (Worker pid=19141)   warnings.warn("The \"reduce-overhead\" mode configuration will be deprecated. "
[36m(vLLMHttpServer pid=17947)[0m (Worker pid=19141) /usr/local/python3.11.15/lib/python3.11/site-packages/torch_npu/dynamo/torchair/configs/compiler_config.py:105: UserWarning: The following torchair config or properties may not take effect or report error in reduce-overhead mode: config.experimental_config.enable_view_optimize:True, set_dim_gears, dynamo_export, scope, npu_print
[36m(vLLMHttpServer pid=17947)[0m (Worker pid=19141)   warnings.warn(
[36m(vLLMHttpServer pid=17947)[0m (Worker pid=19141) /usr/local/python3.11.15/lib/python3.11/site-packages/torch_npu/dynamo/torchair/configs/compiler_config.py:112: DeprecationWarning: The "reduce-overhead" mode configuration will be deprecated. Please use the "npugraph_ex" backend.
[36m(vLLMHttpServer pid=17947)[0m (Worker pid=19141)   warnings.warn("The \"reduce-overhead\" mode configuration will be deprecated. "
[36m(vLLMHttpServer pid=17947)[0m (Worker pid=19141) /usr/local/python3.11.15/lib/python3.11/site-packages/torch_npu/dynamo/torchair/configs/compiler_config.py:105: UserWarning: The following torchair config or properties may not take effect or report error in reduce-overhead mode: config.experimental_config.enable_view_optimize:True, set_dim_gears, dynamo_export, scope, npu_print
[36m(vLLMHttpServer pid=17947)[0m (Worker pid=19141)   warnings.warn(
[36m(vLLMHttpServer pid=17947)[0m (Worker pid=19141) /usr/local/python3.11.15/lib/python3.11/site-packages/torch_npu/dynamo/torchair/configs/compiler_config.py:112: DeprecationWarning: The "reduce-overhead" mode configuration will be deprecated. Please use the "npugraph_ex" backend.
[36m(vLLMHttpServer pid=17947)[0m (Worker pid=19141)   warnings.warn("The \"reduce-overhead\" mode configuration will be deprecated. "
[36m(vLLMHttpServer pid=17947)[0m (Worker pid=19141) /usr/local/python3.11.15/lib/python3.11/site-packages/torch_npu/dynamo/torchair/configs/compiler_config.py:105: UserWarning: The following torchair config or properties may not take effect or report error in reduce-overhead mode: config.experimental_config.enable_view_optimize:True, set_dim_gears, dynamo_export, scope, npu_print
[36m(vLLMHttpServer pid=17947)[0m (Worker pid=19141)   warnings.warn(
[36m(vLLMHttpServer pid=17947)[0m (Worker pid=19141) /usr/local/python3.11.15/lib/python3.11/site-packages/torch_npu/dynamo/torchair/configs/compiler_config.py:112: DeprecationWarning: The "reduce-overhead" mode configuration will be deprecated. Please use the "npugraph_ex" backend.
[36m(vLLMHttpServer pid=17947)[0m (Worker pid=19141)   warnings.warn("The \"reduce-overhead\" mode configuration will be deprecated. "
[36m(vLLMHttpServer pid=17947)[0m (Worker pid=19141) /usr/local/python3.11.15/lib/python3.11/site-packages/torch_npu/dynamo/torchair/configs/compiler_config.py:105: UserWarning: The following torchair config or properties may not take effect or report error in reduce-overhead mode: config.experimental_config.enable_view_optimize:True, set_dim_gears, dynamo_export, scope, npu_print
[36m(vLLMHttpServer pid=17947)[0m (Worker pid=19141)   warnings.warn(
[36m(vLLMHttpServer pid=17947)[0m (Worker pid=19141) /usr/local/python3.11.15/lib/python3.11/site-packages/torch_npu/dynamo/torchair/configs/compiler_config.py:112: DeprecationWarning: The "reduce-overhead" mode configuration will be deprecated. Please use the "npugraph_ex" backend.
[36m(vLLMHttpServer pid=17947)[0m (Worker pid=19141)   warnings.warn("The \"reduce-overhead\" mode configuration will be deprecated. "
[36m(vLLMHttpServer pid=17947)[0m (Worker pid=19141) /usr/local/python3.11.15/lib/python3.11/site-packages/torch_npu/dynamo/torchair/configs/compiler_config.py:105: UserWarning: The following torchair config or properties may not take effect or report error in reduce-overhead mode: config.experimental_config.enable_view_optimize:True, set_dim_gears, dynamo_export, scope, npu_print
[36m(vLLMHttpServer pid=17947)[0m (Worker pid=19141)   warnings.warn(
[36m(vLLMHttpServer pid=17947)[0m (Worker pid=19141) /usr/local/python3.11.15/lib/python3.11/site-packages/torch_npu/dynamo/torchair/configs/compiler_config.py:112: DeprecationWarning: The "reduce-overhead" mode configuration will be deprecated. Please use the "npugraph_ex" backend.
[36m(vLLMHttpServer pid=17947)[0m (Worker pid=19141)   warnings.warn("The \"reduce-overhead\" mode configuration will be deprecated. "
[36m(vLLMHttpServer pid=17947)[0m (Worker pid=19141) /usr/local/python3.11.15/lib/python3.11/site-packages/torch_npu/dynamo/torchair/configs/compiler_config.py:105: UserWarning: The following torchair config or properties may not take effect or report error in reduce-overhead mode: config.experimental_config.enable_view_optimize:True, set_dim_gears, dynamo_export, scope, npu_print
[36m(vLLMHttpServer pid=17947)[0m (Worker pid=19141)   warnings.warn(
[36m(vLLMHttpServer pid=17947)[0m (Worker pid=19141) /usr/local/python3.11.15/lib/python3.11/site-packages/torch_npu/dynamo/torchair/configs/compiler_config.py:112: DeprecationWarning: The "reduce-overhead" mode configuration will be deprecated. Please use the "npugraph_ex" backend.
[36m(vLLMHttpServer pid=17947)[0m (Worker pid=19141)   warnings.warn("The \"reduce-overhead\" mode configuration will be deprecated. "
[36m(vLLMHttpServer pid=17947)[0m (Worker pid=19141) /usr/local/python3.11.15/lib/python3.11/site-packages/torch_npu/dynamo/torchair/configs/compiler_config.py:105: UserWarning: The following torchair config or properties may not take effect or report error in reduce-overhead mode: config.experimental_config.enable_view_optimize:True, set_dim_gears, dynamo_export, scope, npu_print
[36m(vLLMHttpServer pid=17947)[0m (Worker pid=19141)   warnings.warn(
[36m(vLLMHttpServer pid=17947)[0m (Worker pid=19141) /usr/local/python3.11.15/lib/python3.11/site-packages/torch_npu/dynamo/torchair/configs/compiler_config.py:112: DeprecationWarning: The "reduce-overhead" mode configuration will be deprecated. Please use the "npugraph_ex" backend.
[36m(vLLMHttpServer pid=17947)[0m (Worker pid=19141)   warnings.warn("The \"reduce-overhead\" mode configuration will be deprecated. "
[36m(vLLMHttpServer pid=17947)[0m (Worker pid=19141) /usr/local/python3.11.15/lib/python3.11/site-packages/torch_npu/dynamo/torchair/configs/compiler_config.py:105: UserWarning: The following torchair config or properties may not take effect or report error in reduce-overhead mode: config.experimental_config.enable_view_optimize:True, set_dim_gears, dynamo_export, scope, npu_print
[36m(vLLMHttpServer pid=17947)[0m (Worker pid=19141)   warnings.warn(
[36m(vLLMHttpServer pid=17947)[0m (Worker pid=19141) /usr/local/python3.11.15/lib/python3.11/site-packages/torch_npu/dynamo/torchair/configs/compiler_config.py:112: DeprecationWarning: The "reduce-overhead" mode configuration will be deprecated. Please use the "npugraph_ex" backend.
[36m(vLLMHttpServer pid=17947)[0m (Worker pid=19141)   warnings.warn("The \"reduce-overhead\" mode configuration will be deprecated. "
[36m(vLLMHttpServer pid=17947)[0m (Worker pid=19141) /usr/local/python3.11.15/lib/python3.11/site-packages/torch_npu/dynamo/torchair/configs/compiler_config.py:105: UserWarning: The following torchair config or properties may not take effect or report error in reduce-overhead mode: config.experimental_config.enable_view_optimize:True, set_dim_gears, dynamo_export, scope, npu_print
[36m(vLLMHttpServer pid=17947)[0m (Worker pid=19141)   warnings.warn(
[36m(vLLMHttpServer pid=17947)[0m (Worker pid=19141) /usr/local/python3.11.15/lib/python3.11/site-packages/torch_npu/dynamo/torchair/configs/compiler_config.py:112: DeprecationWarning: The "reduce-overhead" mode configuration will be deprecated. Please use the "npugraph_ex" backend.
[36m(vLLMHttpServer pid=17947)[0m (Worker pid=19141)   warnings.warn("The \"reduce-overhead\" mode configuration will be deprecated. "
[36m(vLLMHttpServer pid=17947)[0m (Worker pid=19141) /usr/local/python3.11.15/lib/python3.11/site-packages/torch_npu/dynamo/torchair/configs/compiler_config.py:105: UserWarning: The following torchair config or properties may not take effect or report error in reduce-overhead mode: config.experimental_config.enable_view_optimize:True, set_dim_gears, dynamo_export, scope, npu_print
[36m(vLLMHttpServer pid=17947)[0m (Worker pid=19141)   warnings.warn(
[36m(vLLMHttpServer pid=17947)[0m (Worker pid=19141) /usr/local/python3.11.15/lib/python3.11/site-packages/torch_npu/dynamo/torchair/configs/compiler_config.py:112: DeprecationWarning: The "reduce-overhead" mode configuration will be deprecated. Please use the "npugraph_ex" backend.
[36m(vLLMHttpServer pid=17947)[0m (Worker pid=19141)   warnings.warn("The \"reduce-overhead\" mode configuration will be deprecated. "
[36m(vLLMHttpServer pid=17947)[0m (Worker pid=19141) /usr/local/python3.11.15/lib/python3.11/site-packages/torch_npu/dynamo/torchair/configs/compiler_config.py:105: UserWarning: The following torchair config or properties may not take effect or report error in reduce-overhead mode: config.experimental_config.enable_view_optimize:True, set_dim_gears, dynamo_export, scope, npu_print
[36m(vLLMHttpServer pid=17947)[0m (Worker pid=19141)   warnings.warn(
[36m(vLLMHttpServer pid=17947)[0m (Worker pid=19141) /usr/local/python3.11.15/lib/python3.11/site-packages/torch_npu/dynamo/torchair/configs/compiler_config.py:112: DeprecationWarning: The "reduce-overhead" mode configuration will be deprecated. Please use the "npugraph_ex" backend.
[36m(vLLMHttpServer pid=17947)[0m (Worker pid=19141)   warnings.warn("The \"reduce-overhead\" mode configuration will be deprecated. "
[36m(vLLMHttpServer pid=17947)[0m (Worker pid=19141) /usr/local/python3.11.15/lib/python3.11/site-packages/torch_npu/dynamo/torchair/configs/compiler_config.py:105: UserWarning: The following torchair config or properties may not take effect or report error in reduce-overhead mode: config.experimental_config.enable_view_optimize:True, set_dim_gears, dynamo_export, scope, npu_print
[36m(vLLMHttpServer pid=17947)[0m (Worker pid=19141)   warnings.warn(
[36m(vLLMHttpServer pid=17947)[0m (Worker pid=19141) /usr/local/python3.11.15/lib/python3.11/site-packages/torch_npu/dynamo/torchair/configs/compiler_config.py:112: DeprecationWarning: The "reduce-overhead" mode configuration will be deprecated. Please use the "npugraph_ex" backend.
[36m(vLLMHttpServer pid=17947)[0m (Worker pid=19141)   warnings.warn("The \"reduce-overhead\" mode configuration will be deprecated. "
[36m(vLLMHttpServer pid=17947)[0m (Worker pid=19141) /usr/local/python3.11.15/lib/python3.11/site-packages/torch_npu/dynamo/torchair/configs/compiler_config.py:105: UserWarning: The following torchair config or properties may not take effect or report error in reduce-overhead mode: config.experimental_config.enable_view_optimize:True, set_dim_gears, dynamo_export, scope, npu_print
[36m(vLLMHttpServer pid=17947)[0m (Worker pid=19141)   warnings.warn(
[36m(vLLMHttpServer pid=17947)[0m (Worker pid=19141) /usr/local/python3.11.15/lib/python3.11/site-packages/torch_npu/dynamo/torchair/configs/compiler_config.py:112: DeprecationWarning: The "reduce-overhead" mode configuration will be deprecated. Please use the "npugraph_ex" backend.
[36m(vLLMHttpServer pid=17947)[0m (Worker pid=19141)   warnings.warn("The \"reduce-overhead\" mode configuration will be deprecated. "
[36m(vLLMHttpServer pid=17947)[0m (Worker pid=19141) /usr/local/python3.11.15/lib/python3.11/site-packages/torch_npu/dynamo/torchair/configs/compiler_config.py:105: UserWarning: The following torchair config or properties may not take effect or report error in reduce-overhead mode: config.experimental_config.enable_view_optimize:True, set_dim_gears, dynamo_export, scope, npu_print
[36m(vLLMHttpServer pid=17947)[0m (Worker pid=19141)   warnings.warn(
[36m(vLLMHttpServer pid=17947)[0m (Worker pid=19141) /usr/local/python3.11.15/lib/python3.11/site-packages/torch_npu/dynamo/torchair/configs/compiler_config.py:112: DeprecationWarning: The "reduce-overhead" mode configuration will be deprecated. Please use the "npugraph_ex" backend.
[36m(vLLMHttpServer pid=17947)[0m (Worker pid=19141)   warnings.warn("The \"reduce-overhead\" mode configuration will be deprecated. "
[36m(vLLMHttpServer pid=17947)[0m (Worker pid=19141) /usr/local/python3.11.15/lib/python3.11/site-packages/torch_npu/dynamo/torchair/configs/compiler_config.py:105: UserWarning: The following torchair config or properties may not take effect or report error in reduce-overhead mode: config.experimental_config.enable_view_optimize:True, set_dim_gears, dynamo_export, scope, npu_print
[36m(vLLMHttpServer pid=17947)[0m (Worker pid=19141)   warnings.warn(
[36m(vLLMHttpServer pid=17947)[0m (Worker pid=19141) /usr/local/python3.11.15/lib/python3.11/site-packages/torch_npu/dynamo/torchair/configs/compiler_config.py:112: DeprecationWarning: The "reduce-overhead" mode configuration will be deprecated. Please use the "npugraph_ex" backend.
[36m(vLLMHttpServer pid=17947)[0m (Worker pid=19141)   warnings.warn("The \"reduce-overhead\" mode configuration will be deprecated. "
[36m(vLLMHttpServer pid=17947)[0m (Worker pid=19141) /usr/local/python3.11.15/lib/python3.11/site-packages/torch_npu/dynamo/torchair/configs/compiler_config.py:105: UserWarning: The following torchair config or properties may not take effect or report error in reduce-overhead mode: config.experimental_config.enable_view_optimize:True, set_dim_gears, dynamo_export, scope, npu_print
[36m(vLLMHttpServer pid=17947)[0m (Worker pid=19141)   warnings.warn(
[36m(vLLMHttpServer pid=17947)[0m (Worker pid=19141) /usr/local/python3.11.15/lib/python3.11/site-packages/torch_npu/dynamo/torchair/configs/compiler_config.py:112: DeprecationWarning: The "reduce-overhead" mode configuration will be deprecated. Please use the "npugraph_ex" backend.
[36m(vLLMHttpServer pid=17947)[0m (Worker pid=19141)   warnings.warn("The \"reduce-overhead\" mode configuration will be deprecated. "
[36m(vLLMHttpServer pid=17947)[0m (Worker pid=19141) /usr/local/python3.11.15/lib/python3.11/site-packages/torch_npu/dynamo/torchair/configs/compiler_config.py:105: UserWarning: The following torchair config or properties may not take effect or report error in reduce-overhead mode: config.experimental_config.enable_view_optimize:True, set_dim_gears, dynamo_export, scope, npu_print
[36m(vLLMHttpServer pid=17947)[0m (Worker pid=19141)   warnings.warn(
[36m(vLLMHttpServer pid=17947)[0m (Worker pid=19141) /usr/local/python3.11.15/lib/python3.11/site-packages/torch_npu/dynamo/torchair/configs/compiler_config.py:112: DeprecationWarning: The "reduce-overhead" mode configuration will be deprecated. Please use the "npugraph_ex" backend.
[36m(vLLMHttpServer pid=17947)[0m (Worker pid=19141)   warnings.warn("The \"reduce-overhead\" mode configuration will be deprecated. "
[36m(vLLMHttpServer pid=17947)[0m (Worker pid=19141) /usr/local/python3.11.15/lib/python3.11/site-packages/torch_npu/dynamo/torchair/configs/compiler_config.py:105: UserWarning: The following torchair config or properties may not take effect or report error in reduce-overhead mode: config.experimental_config.enable_view_optimize:True, set_dim_gears, dynamo_export, scope, npu_print
[36m(vLLMHttpServer pid=17947)[0m (Worker pid=19141)   warnings.warn(
[36m(vLLMHttpServer pid=17947)[0m (Worker pid=19141) /usr/local/python3.11.15/lib/python3.11/site-packages/torch_npu/dynamo/torchair/configs/compiler_config.py:112: DeprecationWarning: The "reduce-overhead" mode configuration will be deprecated. Please use the "npugraph_ex" backend.
[36m(vLLMHttpServer pid=17947)[0m (Worker pid=19141)   warnings.warn("The \"reduce-overhead\" mode configuration will be deprecated. "
[36m(vLLMHttpServer pid=17947)[0m (Worker pid=19141) /usr/local/python3.11.15/lib/python3.11/site-packages/torch_npu/dynamo/torchair/configs/compiler_config.py:105: UserWarning: The following torchair config or properties may not take effect or report error in reduce-overhead mode: config.experimental_config.enable_view_optimize:True, set_dim_gears, dynamo_export, scope, npu_print
[36m(vLLMHttpServer pid=17947)[0m (Worker pid=19141)   warnings.warn(
[36m(vLLMHttpServer pid=17947)[0m (Worker pid=19141) /usr/local/python3.11.15/lib/python3.11/site-packages/torch_npu/dynamo/torchair/configs/compiler_config.py:112: DeprecationWarning: The "reduce-overhead" mode configuration will be deprecated. Please use the "npugraph_ex" backend.
[36m(vLLMHttpServer pid=17947)[0m (Worker pid=19141)   warnings.warn("The \"reduce-overhead\" mode configuration will be deprecated. "
[36m(vLLMHttpServer pid=17947)[0m (Worker pid=19141) /usr/local/python3.11.15/lib/python3.11/site-packages/torch_npu/dynamo/torchair/configs/compiler_config.py:105: UserWarning: The following torchair config or properties may not take effect or report error in reduce-overhead mode: config.experimental_config.enable_view_optimize:True, set_dim_gears, dynamo_export, scope, npu_print
[36m(vLLMHttpServer pid=17947)[0m (Worker pid=19141)   warnings.warn(
[36m(vLLMHttpServer pid=17947)[0m (Worker pid=19141) /usr/local/python3.11.15/lib/python3.11/site-packages/torch_npu/dynamo/torchair/configs/compiler_config.py:112: DeprecationWarning: The "reduce-overhead" mode configuration will be deprecated. Please use the "npugraph_ex" backend.
[36m(vLLMHttpServer pid=17947)[0m (Worker pid=19141)   warnings.warn("The \"reduce-overhead\" mode configuration will be deprecated. "
[36m(vLLMHttpServer pid=17947)[0m (Worker pid=19141) /usr/local/python3.11.15/lib/python3.11/site-packages/torch_npu/dynamo/torchair/configs/compiler_config.py:105: UserWarning: The following torchair config or properties may not take effect or report error in reduce-overhead mode: config.experimental_config.enable_view_optimize:True, set_dim_gears, dynamo_export, scope, npu_print
[36m(vLLMHttpServer pid=17947)[0m (Worker pid=19141)   warnings.warn(
[36m(vLLMHttpServer pid=17947)[0m (Worker pid=19141) /usr/local/python3.11.15/lib/python3.11/site-packages/torch_npu/dynamo/torchair/configs/compiler_config.py:112: DeprecationWarning: The "reduce-overhead" mode configuration will be deprecated. Please use the "npugraph_ex" backend.
[36m(vLLMHttpServer pid=17947)[0m (Worker pid=19141)   warnings.warn("The \"reduce-overhead\" mode configuration will be deprecated. "
[36m(vLLMHttpServer pid=17947)[0m (Worker pid=19141) /usr/local/python3.11.15/lib/python3.11/site-packages/torch_npu/dynamo/torchair/configs/compiler_config.py:105: UserWarning: The following torchair config or properties may not take effect or report error in reduce-overhead mode: config.experimental_config.enable_view_optimize:True, set_dim_gears, dynamo_export, scope, npu_print
[36m(vLLMHttpServer pid=17947)[0m (Worker pid=19141)   warnings.warn(
[36m(vLLMHttpServer pid=17947)[0m (Worker pid=19141) /usr/local/python3.11.15/lib/python3.11/site-packages/torch_npu/dynamo/torchair/configs/compiler_config.py:112: DeprecationWarning: The "reduce-overhead" mode configuration will be deprecated. Please use the "npugraph_ex" backend.
[36m(vLLMHttpServer pid=17947)[0m (Worker pid=19141)   warnings.warn("The \"reduce-overhead\" mode configuration will be deprecated. "
[36m(vLLMHttpServer pid=17947)[0m (Worker pid=19141) /usr/local/python3.11.15/lib/python3.11/site-packages/torch_npu/dynamo/torchair/configs/compiler_config.py:105: UserWarning: The following torchair config or properties may not take effect or report error in reduce-overhead mode: config.experimental_config.enable_view_optimize:True, set_dim_gears, dynamo_export, scope, npu_print
[36m(vLLMHttpServer pid=17947)[0m (Worker pid=19141)   warnings.warn(
[36m(vLLMHttpServer pid=17947)[0m (Worker pid=19141) /usr/local/python3.11.15/lib/python3.11/site-packages/torch_npu/dynamo/torchair/configs/compiler_config.py:112: DeprecationWarning: The "reduce-overhead" mode configuration will be deprecated. Please use the "npugraph_ex" backend.
[36m(vLLMHttpServer pid=17947)[0m (Worker pid=19141)   warnings.warn("The \"reduce-overhead\" mode configuration will be deprecated. "
[36m(vLLMHttpServer pid=17947)[0m (Worker pid=19141) /usr/local/python3.11.15/lib/python3.11/site-packages/torch_npu/dynamo/torchair/configs/compiler_config.py:105: UserWarning: The following torchair config or properties may not take effect or report error in reduce-overhead mode: config.experimental_config.enable_view_optimize:True, set_dim_gears, dynamo_export, scope, npu_print
[36m(vLLMHttpServer pid=17947)[0m (Worker pid=19141)   warnings.warn(
[36m(vLLMHttpServer pid=17947)[0m (Worker pid=19141) /usr/local/python3.11.15/lib/python3.11/site-packages/torch_npu/dynamo/torchair/configs/compiler_config.py:112: DeprecationWarning: The "reduce-overhead" mode configuration will be deprecated. Please use the "npugraph_ex" backend.
[36m(vLLMHttpServer pid=17947)[0m (Worker pid=19141)   warnings.warn("The \"reduce-overhead\" mode configuration will be deprecated. "
[36m(vLLMHttpServer pid=17947)[0m (Worker pid=19141) /usr/local/python3.11.15/lib/python3.11/site-packages/torch_npu/dynamo/torchair/configs/compiler_config.py:105: UserWarning: The following torchair config or properties may not take effect or report error in reduce-overhead mode: config.experimental_config.enable_view_optimize:True, set_dim_gears, dynamo_export, scope, npu_print
[36m(vLLMHttpServer pid=17947)[0m (Worker pid=19141)   warnings.warn(
[36m(vLLMHttpServer pid=17947)[0m (Worker pid=19141) /usr/local/python3.11.15/lib/python3.11/site-packages/torch_npu/dynamo/torchair/configs/compiler_config.py:112: DeprecationWarning: The "reduce-overhead" mode configuration will be deprecated. Please use the "npugraph_ex" backend.
[36m(vLLMHttpServer pid=17947)[0m (Worker pid=19141)   warnings.warn("The \"reduce-overhead\" mode configuration will be deprecated. "
[36m(vLLMHttpServer pid=17947)[0m (Worker pid=19141) /usr/local/python3.11.15/lib/python3.11/site-packages/torch_npu/dynamo/torchair/configs/compiler_config.py:105: UserWarning: The following torchair config or properties may not take effect or report error in reduce-overhead mode: config.experimental_config.enable_view_optimize:True, set_dim_gears, dynamo_export, scope, npu_print
[36m(vLLMHttpServer pid=17947)[0m (Worker pid=19141)   warnings.warn(
[36m(vLLMHttpServer pid=17947)[0m (Worker pid=19141) /usr/local/python3.11.15/lib/python3.11/site-packages/torch_npu/dynamo/torchair/configs/compiler_config.py:112: DeprecationWarning: The "reduce-overhead" mode configuration will be deprecated. Please use the "npugraph_ex" backend.
[36m(vLLMHttpServer pid=17947)[0m (Worker pid=19141)   warnings.warn("The \"reduce-overhead\" mode configuration will be deprecated. "
[36m(vLLMHttpServer pid=17947)[0m (Worker pid=19141) /usr/local/python3.11.15/lib/python3.11/site-packages/torch_npu/dynamo/torchair/configs/compiler_config.py:105: UserWarning: The following torchair config or properties may not take effect or report error in reduce-overhead mode: config.experimental_config.enable_view_optimize:True, set_dim_gears, dynamo_export, scope, npu_print
[36m(vLLMHttpServer pid=17947)[0m (Worker pid=19141)   warnings.warn(
[36m(vLLMHttpServer pid=17947)[0m (Worker pid=19141) /usr/local/python3.11.15/lib/python3.11/site-packages/torch_npu/dynamo/torchair/configs/compiler_config.py:112: DeprecationWarning: The "reduce-overhead" mode configuration will be deprecated. Please use the "npugraph_ex" backend.
[36m(vLLMHttpServer pid=17947)[0m (Worker pid=19141)   warnings.warn("The \"reduce-overhead\" mode configuration will be deprecated. "
[36m(vLLMHttpServer pid=17947)[0m (Worker pid=19141) /usr/local/python3.11.15/lib/python3.11/site-packages/torch_npu/dynamo/torchair/configs/compiler_config.py:105: UserWarning: The following torchair config or properties may not take effect or report error in reduce-overhead mode: config.experimental_config.enable_view_optimize:True, set_dim_gears, dynamo_export, scope, npu_print
[36m(vLLMHttpServer pid=17947)[0m (Worker pid=19141)   warnings.warn(
[36m(vLLMHttpServer pid=17947)[0m (Worker pid=19141) /usr/local/python3.11.15/lib/python3.11/site-packages/torch_npu/dynamo/torchair/configs/compiler_config.py:112: DeprecationWarning: The "reduce-overhead" mode configuration will be deprecated. Please use the "npugraph_ex" backend.
[36m(vLLMHttpServer pid=17947)[0m (Worker pid=19141)   warnings.warn("The \"reduce-overhead\" mode configuration will be deprecated. "
[36m(vLLMHttpServer pid=17947)[0m (Worker pid=19141) /usr/local/python3.11.15/lib/python3.11/site-packages/torch_npu/dynamo/torchair/configs/compiler_config.py:105: UserWarning: The following torchair config or properties may not take effect or report error in reduce-overhead mode: config.experimental_config.enable_view_optimize:True, set_dim_gears, dynamo_export, scope, npu_print
[36m(vLLMHttpServer pid=17947)[0m (Worker pid=19141)   warnings.warn(
[36m(vLLMHttpServer pid=17947)[0m (Worker pid=19141) /usr/local/python3.11.15/lib/python3.11/site-packages/torch_npu/dynamo/torchair/configs/compiler_config.py:112: DeprecationWarning: The "reduce-overhead" mode configuration will be deprecated. Please use the "npugraph_ex" backend.
[36m(vLLMHttpServer pid=17947)[0m (Worker pid=19141)   warnings.warn("The \"reduce-overhead\" mode configuration will be deprecated. "
[36m(vLLMHttpServer pid=17947)[0m (Worker pid=19141) /usr/local/python3.11.15/lib/python3.11/site-packages/torch_npu/dynamo/torchair/configs/compiler_config.py:105: UserWarning: The following torchair config or properties may not take effect or report error in reduce-overhead mode: config.experimental_config.enable_view_optimize:True, set_dim_gears, dynamo_export, scope, npu_print
[36m(vLLMHttpServer pid=17947)[0m (Worker pid=19141)   warnings.warn(
[36m(vLLMHttpServer pid=17947)[0m (Worker pid=19141) /usr/local/python3.11.15/lib/python3.11/site-packages/torch_npu/dynamo/torchair/configs/compiler_config.py:112: DeprecationWarning: The "reduce-overhead" mode configuration will be deprecated. Please use the "npugraph_ex" backend.
[36m(vLLMHttpServer pid=17947)[0m (Worker pid=19141)   warnings.warn("The \"reduce-overhead\" mode configuration will be deprecated. "
[36m(vLLMHttpServer pid=17947)[0m (Worker pid=19141) Capturing CUDA graphs (mixed prefill-decode, PIECEWISE):   0%|          | 0/22 [00:00<?, ?it/s]
[36m(vLLMHttpServer pid=17947)[0m Capturing CUDA graphs (mixed prefill-decode, PIECEWISE):   5%|▍         | 1/22 [00:00<00:12,  1.63it/s]
[36m(vLLMHttpServer pid=17947)[0m Capturing CUDA graphs (mixed prefill-decode, PIECEWISE):   9%|▉         | 2/22 [00:01<00:10,  1.97it/s]
[36m(vLLMHttpServer pid=17947)[0m Capturing CUDA graphs (mixed prefill-decode, PIECEWISE):  14%|█▎        | 3/22 [00:01<00:09,  2.04it/s]
[36m(vLLMHttpServer pid=17947)[0m Capturing CUDA graphs (mixed prefill-decode, PIECEWISE):  18%|█▊        | 4/22 [00:01<00:08,  2.13it/s]
[36m(vLLMHttpServer pid=17947)[0m Capturing CUDA graphs (mixed prefill-decode, PIECEWISE):  23%|██▎       | 5/22 [00:02<00:07,  2.17it/s]
[36m(vLLMHttpServer pid=17947)[0m Capturing CUDA graphs (mixed prefill-decode, PIECEWISE):  27%|██▋       | 6/22 [00:02<00:07,  2.21it/s]
[36m(vLLMHttpServer pid=17947)[0m Capturing CUDA graphs (mixed prefill-decode, PIECEWISE):  32%|███▏      | 7/22 [00:03<00:06,  2.21it/s]
[36m(vLLMHttpServer pid=17947)[0m Capturing CUDA graphs (mixed prefill-decode, PIECEWISE):  36%|███▋      | 8/22 [00:03<00:06,  2.21it/s]
[36m(vLLMHttpServer pid=17947)[0m Capturing CUDA graphs (mixed prefill-decode, PIECEWISE):  41%|████      | 9/22 [00:04<00:05,  2.21it/s]
[36m(vLLMHttpServer pid=17947)[0m Capturing CUDA graphs (mixed prefill-decode, PIECEWISE):  45%|████▌     | 10/22 [00:04<00:05,  2.23it/s]
[36m(vLLMHttpServer pid=17947)[0m Capturing CUDA graphs (mixed prefill-decode, PIECEWISE):  50%|█████     | 11/22 [00:05<00:04,  2.24it/s]
[36m(vLLMHttpServer pid=17947)[0m Capturing CUDA graphs (mixed prefill-decode, PIECEWISE):  55%|█████▍    | 12/22 [00:05<00:04,  2.26it/s]
[36m(vLLMHttpServer pid=17947)[0m Capturing CUDA graphs (mixed prefill-decode, PIECEWISE):  59%|█████▉    | 13/22 [00:05<00:04,  2.23it/s]
[36m(vLLMHttpServer pid=17947)[0m Capturing CUDA graphs (mixed prefill-decode, PIECEWISE):  64%|██████▎   | 14/22 [00:06<00:03,  2.23it/s]
[36m(vLLMHttpServer pid=17947)[0m Capturing CUDA graphs (mixed prefill-decode, PIECEWISE):  68%|██████▊   | 15/22 [00:06<00:03,  2.21it/s]
[36m(vLLMHttpServer pid=17947)[0m Capturing CUDA graphs (mixed prefill-decode, PIECEWISE):  73%|███████▎  | 16/22 [00:07<00:02,  2.19it/s]
[36m(vLLMHttpServer pid=17947)[0m Capturing CUDA graphs (mixed prefill-decode, PIECEWISE):  77%|███████▋  | 17/22 [00:07<00:02,  2.16it/s]
[36m(vLLMHttpServer pid=17947)[0m Capturing CUDA graphs (mixed prefill-decode, PIECEWISE):  82%|████████▏ | 18/22 [00:08<00:01,  2.10it/s]
[36m(vLLMHttpServer pid=17947)[0m Capturing CUDA graphs (mixed prefill-decode, PIECEWISE):  86%|████████▋ | 19/22 [00:08<00:01,  2.03it/s]
[36m(vLLMHttpServer pid=17947)[0m Capturing CUDA graphs (mixed prefill-decode, PIECEWISE):  91%|█████████ | 20/22 [00:09<00:01,  1.97it/s]
[36m(vLLMHttpServer pid=17947)[0m Capturing CUDA graphs (mixed prefill-decode, PIECEWISE):  95%|█████████▌| 21/22 [00:09<00:00,  1.89it/s]
[36m(vLLMHttpServer pid=17947)[0m Capturing CUDA graphs (mixed prefill-decode, PIECEWISE): 100%|██████████| 22/22 [00:10<00:00,  1.83it/s]Capturing CUDA graphs (mixed prefill-decode, PIECEWISE): 100%|██████████| 22/22 [00:10<00:00,  2.08it/s]
[36m(TaskRunnerV1 pid=13158)[0m INFO:2026-07-29 13:40:16,052:checkpoint engine manager initialized
[36m(TaskRunnerV1 pid=13158)[0m INFO:2026-07-29 13:40:19,655:all initialize finished, ready to fit
[36m(CheckpointEngineWorker pid=23769)[0m WARNING:2026-07-29 13:40:47,725:IPC is not supported on your devices. Falling back to shared memory for weight transfer, which may cause performance degradation. If you are using Ascend NPUs, please ensure that your software and CANN toolkit versions meet the requirements for IPC support. (Ascend HDK version >= 25.3.rc1 and CANN toolkit version >= 8.3.RC1)

[36m(TaskRunnerV1 pid=13158)[0m [Rank 0 | Local Rank 0] 2026-07-29 13:35:45,101 INFO [torch_npu.env:15] => get env VLLM_BATCH_INVARIANT = 0
[36m(TaskRunnerV1 pid=13158)[0m [Rank 0 | Local Rank 0] 2026-07-29 13:35:47,073 INFO [torch_npu.env:15] => get env ASCEND_CUSTOM_OPP_PATH = /vllm-ascend/vllm_ascend/_cann_ops_custom/vendors/vllm-ascend
[36m(vLLMHttpServer pid=17947)[0m ['serve',
[36m(vLLMHttpServer pid=17947)[0m  '/mnt/lv_model/npu60005420a/models/Qwen3-4B',
[36m(vLLMHttpServer pid=17947)[0m  '--dtype',
[36m(vLLMHttpServer pid=17947)[0m  'bfloat16',
[36m(vLLMHttpServer pid=17947)[0m  '--load_format',
[36m(vLLMHttpServer pid=17947)[0m  'dummy',
[36m(vLLMHttpServer pid=17947)[0m  '--distributed_executor_backend',
[36m(vLLMHttpServer pid=17947)[0m  'mp',
[36m(vLLMHttpServer pid=17947)[0m  '--worker_extension_cls',
[36m(vLLMHttpServer pid=17947)[0m  'verl.workers.rollout.vllm_rollout.utils.vLLMColocateWorkerExtension',
[36m(vLLMHttpServer pid=17947)[0m  '--max_model_len',
[36m(vLLMHttpServer pid=17947)[0m  '2048',
[36m(vLLMHttpServer pid=17947)[0m  '--max_num_seqs',
[36m(vLLMHttpServer pid=17947)[0m  '64',
[36m(vLLMHttpServer pid=17947)[0m  '--enable_chunked_prefill',
[36m(vLLMHttpServer pid=17947)[0m  '--max_num_batched_tokens',
[36m(vLLMHttpServer pid=17947)[0m  '4096',
[36m(vLLMHttpServer pid=17947)[0m  '--enable_prefix_caching',
[36m(vLLMHttpServer pid=17947)[0m  '--enable_sleep_mode',
[36m(vLLMHttpServer pid=17947)[0m  '--logprobs_mode',
[36m(vLLMHttpServer pid=17947)[0m  'processed_logprobs',
[36m(vLLMHttpServer pid=17947)[0m  '--gpu_memory_utilization',
[36m(vLLMHttpServer pid=17947)[0m  '0.7',
[36m(vLLMHttpServer pid=17947)[0m  '--disable_log_stats',
[36m(vLLMHttpServer pid=17947)[0m  '--tensor_parallel_size',
[36m(vLLMHttpServer pid=17947)[0m  '1',
[36m(vLLMHttpServer pid=17947)[0m  '--seed',
[36m(vLLMHttpServer pid=17947)[0m  '1',
[36m(vLLMHttpServer pid=17947)[0m  '--override_generation_config',
[36m(vLLMHttpServer pid=17947)[0m  '{"temperature": 1.0, "top_k": -1, "top_p": 1.0, "repetition_penalty": 1.0, '
[36m(vLLMHttpServer pid=17947)[0m  '"max_new_tokens": 1024}',
[36m(vLLMHttpServer pid=17947)[0m  '--hf_overrides',
[36m(vLLMHttpServer pid=17947)[0m  '{}',
[36m(vLLMHttpServer pid=17947)[0m  '--scheduling_policy',
[36m(vLLMHttpServer pid=17947)[0m  'fcfs',
[36m(vLLMHttpServer pid=17947)[0m  '--compilation_config',
[36m(vLLMHttpServer pid=17947)[0m  '{"cudagraph_mode": "FULL_AND_PIECEWISE"}',
[36m(vLLMHttpServer pid=17947)[0m  '--mm_processor_cache_gb',
[36m(vLLMHttpServer pid=17947)[0m  '0',
[36m(vLLMHttpServer pid=17947)[0m  '--enable_lora',
[36m(vLLMHttpServer pid=17947)[0m  '--max_loras',
[36m(vLLMHttpServer pid=17947)[0m  '1',
[36m(vLLMHttpServer pid=17947)[0m  '--max_lora_rank',
[36m(vLLMHttpServer pid=17947)[0m  '16']
[36m(vLLMHttpServer pid=17947)[0m WARNING 07-29 13:36:14 [envs.py:1717] Unknown vLLM environment variable detected: VLLM_ASCEND_AUTO_DETECT_QUANTIZATION
[36m(vLLMHttpServer pid=17947)[0m WARNING 07-29 13:36:14 [envs.py:1717] Unknown vLLM environment variable detected: VLLM_BATCH_INVARIANT
[36m(vLLMHttpServer pid=17947)[0m WARNING 07-29 13:36:14 [envs.py:1717] Unknown vLLM environment variable detected: VLLM_USE_V1
[36m(vLLMHttpServer pid=17947)[0m WARNING 07-29 13:36:14 [platform.py:783] Parameter '--disable-cascade-attn' is a GPU-specific feature. Resetting to False for Ascend.
[36m(vLLMHttpServer pid=17947)[0m WARNING 07-29 13:36:14 [platform.py:872] Ignored parameter 'disable_flashinfer_prefill'. This is a GPU-specific feature not supported on Ascend. Resetting to False.
[36m(vLLMHttpServer pid=17947)[0m WARNING 07-29 13:36:14 [utils.py:550] Currently, communication is performed using FFTS+ method, which reduces the number of available streams and, as a result, limits the range of runtime shapes that can be handled. To both improve communication performance and increase the number of supported shapes, set HCCL_OP_EXPANSION_MODE=AIV.
[36m(vLLMHttpServer pid=17947)[0m WARNING 07-29 13:36:17 [system_utils.py:152] We must use the `spawn` multiprocessing start method. Overriding VLLM_WORKER_MULTIPROC_METHOD to 'spawn'. See https://docs.vllm.ai/en/latest/usage/troubleshooting.html#python-multiprocessing for more information. Reasons: In a Ray actor and can only be spawned
[36m(vLLMHttpServer pid=17947)[0m [Gloo] Rank 0 is connected to 0 peer ranks. Expected number of connected peer ranks is : 0
[36m(vLLMHttpServer pid=17947)[0m [Gloo] Rank 0 is connected to 0 peer ranks. Expected number of connected peer ranks is : 0
[36m(vLLMHttpServer pid=17947)[0m [Gloo] Rank 0 is connected to 0 peer ranks. Expected number of connected peer ranks is : 0
[36m(vLLMHttpServer pid=17947)[0m [Gloo] Rank 0 is connected to 0 peer ranks. Expected number of connected peer ranks is : 0
[36m(vLLMHttpServer pid=17947)[0m [Gloo] Rank 0 is connected to 0 peer ranks. Expected number of connected peer ranks is : 0
[36m(vLLMHttpServer pid=17947)[0m [Gloo] Rank 0 is connected to 0 peer ranks. Expected number of connected peer ranks is : 0
[36m(vLLMHttpServer pid=17947)[0m [Gloo] Rank 0 is connected to 0 peer ranks. Expected number of connected peer ranks is : 0
[36m(vLLMHttpServer pid=17947)[0m (EngineCore pid=18713) WARNING 07-29 13:40:13 [utils.py:550] Currently, communication is performed using FFTS+ method, which reduces the number of available streams and, as a result, limits the range of runtime shapes that can be handled. To both improve communication performance and increase the number of supported shapes, set HCCL_OP_EXPANSION_MODE=AIV.
[36m(vLLMHttpServer pid=17947)[0m WARNING 07-29 13:40:13 [api_router.py:30] LoRA dynamic loading & unloading is enabled in the API server. This should ONLY be used for local development!
[36m(vLLMHttpServer pid=17947)[0m WARNING 07-29 13:40:14 [model.py:1376] Default vLLM sampling parameters have been overridden by the model's `generation_config.json`: `{'repetition_penalty': 1.0, 'temperature': 1.0, 'top_k': -1, 'top_p': 1.0, 'max_tokens': 1024}`. If this is not intended, please relaunch vLLM instance with `--generation-config vllm`.
[36m(TaskRunnerV1 pid=13158)[0m LLMServerManager: ['10.17.0.41:34923']
[36m(CheckpointEngineWorker pid=23769)[0m [Gloo] Rank 0 is connected to 0 peer ranks. Expected number of connected peer ranks is : 0
[36m(vLLMHttpServer pid=24498)[0m WARNING 07-29 13:41:14 [envs.py:1717] Unknown vLLM environment variable detected: VLLM_ASCEND_AUTO_DETECT_QUANTIZATION
[36m(vLLMHttpServer pid=24498)[0m WARNING 07-29 13:41:14 [envs.py:1717] Unknown vLLM environment variable detected: VLLM_BATCH_INVARIANT
[36m(vLLMHttpServer pid=24498)[0m WARNING 07-29 13:41:14 [envs.py:1717] Unknown vLLM environment variable detected: VLLM_USE_V1
[36m(vLLMHttpServer pid=24498)[0m WARNING 07-29 13:41:14 [platform.py:783] Parameter '--disable-cascade-attn' is a GPU-specific feature. Resetting to False for Ascend.
[36m(vLLMHttpServer pid=24498)[0m WARNING 07-29 13:41:14 [platform.py:872] Ignored parameter 'disable_flashinfer_prefill'. This is a GPU-specific feature not supported on Ascend. Resetting to False.
[36m(vLLMHttpServer pid=24498)[0m WARNING 07-29 13:41:14 [utils.py:550] Currently, communication is performed using FFTS+ method, which reduces the number of available streams and, as a result, limits the range of runtime shapes that can be handled. To both improve communication performance and increase the number of supported shapes, set HCCL_OP_EXPANSION_MODE=AIV.
[36m(vLLMHttpServer pid=24498)[0m WARNING 07-29 13:41:16 [system_utils.py:152] We must use the `spawn` multiprocessing start method. Overriding VLLM_WORKER_MULTIPROC_METHOD to 'spawn'. See https://docs.vllm.ai/en/latest/usage/troubleshooting.html#python-multiprocessing for more information. Reasons: In a Ray actor and can only be spawned
[36m(vLLMHttpServer pid=24498)[0m [Gloo] Rank 0 is connected to 0 peer ranks. Expected number of connected peer ranks is : 0
[36m(vLLMHttpServer pid=24498)[0m [Gloo] Rank 0 is connected to 0 peer ranks. Expected number of connected peer ranks is : 0
[36m(vLLMHttpServer pid=24498)[0m [Gloo] Rank 0 is connected to 0 peer ranks. Expected number of connected peer ranks is : 0[36m(vLLMHttpServer pid=24498)[0m (Worker pid=25623) Loading safetensors checkpoint shards:   0% Completed | 0/3 [00:00<?, ?it/s]
[36m(vLLMHttpServer pid=24498)[0m (Worker pid=25623) Loading safetensors checkpoint shards:  33% Completed | 1/3 [00:01<00:03,  1.80s/it]
[36m(vLLMHttpServer pid=24498)[0m (Worker pid=25623) Loading safetensors checkpoint shards:  67% Completed | 2/3 [00:04<00:02,  2.33s/it]
[36m(vLLMHttpServer pid=24498)[0m (Worker pid=25623) Loading safetensors checkpoint shards: 100% Completed | 3/3 [00:04<00:00,  1.41s/it]
[36m(vLLMHttpServer pid=24498)[0m (Worker pid=25623) Loading safetensors checkpoint shards: 100% Completed | 3/3 [00:04<00:00,  1.60s/it]
[36m(vLLMHttpServer pid=24498)[0m (Worker pid=25623) 
[36m(vLLMHttpServer pid=24498)[0m (Worker pid=25623) /usr/local/python3.11.15/lib/python3.11/site-packages/torch_npu/dynamo/torchair/configs/compiler_config.py:105: UserWarning: The following torchair config or properties may not take effect or report error in reduce-overhead mode: config.experimental_config.enable_view_optimize:True, set_dim_gears, dynamo_export, scope, npu_print
[36m(vLLMHttpServer pid=24498)[0m (Worker pid=25623)   warnings.warn(
[36m(vLLMHttpServer pid=24498)[0m (Worker pid=25623) /usr/local/python3.11.15/lib/python3.11/site-packages/torch_npu/dynamo/torchair/configs/compiler_config.py:112: DeprecationWarning: The "reduce-overhead" mode configuration will be deprecated. Please use the "npugraph_ex" backend.
[36m(vLLMHttpServer pid=24498)[0m (Worker pid=25623)   warnings.warn("The \"reduce-overhead\" mode configuration will be deprecated. "
[36m(vLLMHttpServer pid=24498)[0m (Worker pid=25623) /usr/local/python3.11.15/lib/python3.11/site-packages/torch_npu/dynamo/torchair/configs/compiler_config.py:105: UserWarning: The following torchair config or properties may not take effect or report error in reduce-overhead mode: config.experimental_config.enable_view_optimize:True, set_dim_gears, dynamo_export, scope, npu_print
[36m(vLLMHttpServer pid=24498)[0m (Worker pid=25623)   warnings.warn(
[36m(vLLMHttpServer pid=24498)[0m (Worker pid=25623) /usr/local/python3.11.15/lib/python3.11/site-packages/torch_npu/dynamo/torchair/configs/compiler_config.py:112: DeprecationWarning: The "reduce-overhead" mode configuration will be deprecated. Please use the "npugraph_ex" backend.
[36m(vLLMHttpServer pid=24498)[0m (Worker pid=25623)   warnings.warn("The \"reduce-overhead\" mode configuration will be deprecated. "
[36m(vLLMHttpServer pid=24498)[0m (Worker pid=25623) /usr/local/python3.11.15/lib/python3.11/site-packages/torch_npu/dynamo/torchair/configs/compiler_config.py:105: UserWarning: The following torchair config or properties may not take effect or report error in reduce-overhead mode: config.experimental_config.enable_view_optimize:True, set_dim_gears, dynamo_export, scope, npu_print
[36m(vLLMHttpServer pid=24498)[0m (Worker pid=25623)   warnings.warn(
[36m(vLLMHttpServer pid=24498)[0m (Worker pid=25623) /usr/local/python3.11.15/lib/python3.11/site-packages/torch_npu/dynamo/torchair/configs/compiler_config.py:112: DeprecationWarning: The "reduce-overhead" mode configuration will be deprecated. Please use the "npugraph_ex" backend.
[36m(vLLMHttpServer pid=24498)[0m (Worker pid=25623)   warnings.warn("The \"reduce-overhead\" mode configuration will be deprecated. "
[36m(vLLMHttpServer pid=24498)[0m (Worker pid=25623) /usr/local/python3.11.15/lib/python3.11/site-packages/torch_npu/dynamo/torchair/configs/compiler_config.py:105: UserWarning: The following torchair config or properties may not take effect or report error in reduce-overhead mode: config.experimental_config.enable_view_optimize:True, set_dim_gears, dynamo_export, scope, npu_print
[36m(vLLMHttpServer pid=24498)[0m (Worker pid=25623)   warnings.warn(
[36m(vLLMHttpServer pid=24498)[0m (Worker pid=25623) /usr/local/python3.11.15/lib/python3.11/site-packages/torch_npu/dynamo/torchair/configs/compiler_config.py:112: DeprecationWarning: The "reduce-overhead" mode configuration will be deprecated. Please use the "npugraph_ex" backend.
[36m(vLLMHttpServer pid=24498)[0m (Worker pid=25623)   warnings.warn("The \"reduce-overhead\" mode configuration will be deprecated. "
[36m(vLLMHttpServer pid=24498)[0m (Worker pid=25623) /usr/local/python3.11.15/lib/python3.11/site-packages/torch_npu/dynamo/torchair/configs/compiler_config.py:105: UserWarning: The following torchair config or properties may not take effect or report error in reduce-overhead mode: config.experimental_config.enable_view_optimize:True, set_dim_gears, dynamo_export, scope, npu_print
[36m(vLLMHttpServer pid=24498)[0m (Worker pid=25623)   warnings.warn(
[36m(vLLMHttpServer pid=24498)[0m (Worker pid=25623) /usr/local/python3.11.15/lib/python3.11/site-packages/torch_npu/dynamo/torchair/configs/compiler_config.py:112: DeprecationWarning: The "reduce-overhead" mode configuration will be deprecated. Please use the "npugraph_ex" backend.
[36m(vLLMHttpServer pid=24498)[0m (Worker pid=25623)   warnings.warn("The \"reduce-overhead\" mode configuration will be deprecated. "
[36m(vLLMHttpServer pid=24498)[0m (Worker pid=25623) /usr/local/python3.11.15/lib/python3.11/site-packages/torch_npu/dynamo/torchair/configs/compiler_config.py:105: UserWarning: The following torchair config or properties may not take effect or report error in reduce-overhead mode: config.experimental_config.enable_view_optimize:True, set_dim_gears, dynamo_export, scope, npu_print
[36m(vLLMHttpServer pid=24498)[0m (Worker pid=25623)   warnings.warn(
[36m(vLLMHttpServer pid=24498)[0m (Worker pid=25623) /usr/local/python3.11.15/lib/python3.11/site-packages/torch_npu/dynamo/torchair/configs/compiler_config.py:112: DeprecationWarning: The "reduce-overhead" mode configuration will be deprecated. Please use the "npugraph_ex" backend.
[36m(vLLMHttpServer pid=24498)[0m (Worker pid=25623)   warnings.warn("The \"reduce-overhead\" mode configuration will be deprecated. "
[36m(vLLMHttpServer pid=24498)[0m (Worker pid=25623) /usr/local/python3.11.15/lib/python3.11/site-packages/torch_npu/dynamo/torchair/configs/compiler_config.py:105: UserWarning: The following torchair config or properties may not take effect or report error in reduce-overhead mode: config.experimental_config.enable_view_optimize:True, set_dim_gears, dynamo_export, scope, npu_print
[36m(vLLMHttpServer pid=24498)[0m (Worker pid=25623)   warnings.warn(
[36m(vLLMHttpServer pid=24498)[0m (Worker pid=25623) /usr/local/python3.11.15/lib/python3.11/site-packages/torch_npu/dynamo/torchair/configs/compiler_config.py:112: DeprecationWarning: The "reduce-overhead" mode configuration will be deprecated. Please use the "npugraph_ex" backend.
[36m(vLLMHttpServer pid=24498)[0m (Worker pid=25623)   warnings.warn("The \"reduce-overhead\" mode configuration will be deprecated. "
[36m(vLLMHttpServer pid=24498)[0m (Worker pid=25623) /usr/local/python3.11.15/lib/python3.11/site-packages/torch_npu/dynamo/torchair/configs/compiler_config.py:105: UserWarning: The following torchair config or properties may not take effect or report error in reduce-overhead mode: config.experimental_config.enable_view_optimize:True, set_dim_gears, dynamo_export, scope, npu_print
[36m(vLLMHttpServer pid=24498)[0m (Worker pid=25623)   warnings.warn(
[36m(vLLMHttpServer pid=24498)[0m (Worker pid=25623) /usr/local/python3.11.15/lib/python3.11/site-packages/torch_npu/dynamo/torchair/configs/compiler_config.py:112: DeprecationWarning: The "reduce-overhead" mode configuration will be deprecated. Please use the "npugraph_ex" backend.
[36m(vLLMHttpServer pid=24498)[0m (Worker pid=25623)   warnings.warn("The \"reduce-overhead\" mode configuration will be deprecated. "
[36m(vLLMHttpServer pid=24498)[0m (Worker pid=25623) /usr/local/python3.11.15/lib/python3.11/site-packages/torch_npu/dynamo/torchair/configs/compiler_config.py:105: UserWarning: The following torchair config or properties may not take effect or report error in reduce-overhead mode: config.experimental_config.enable_view_optimize:True, set_dim_gears, dynamo_export, scope, npu_print
[36m(vLLMHttpServer pid=24498)[0m (Worker pid=25623)   warnings.warn(
[36m(vLLMHttpServer pid=24498)[0m (Worker pid=25623) /usr/local/python3.11.15/lib/python3.11/site-packages/torch_npu/dynamo/torchair/configs/compiler_config.py:112: DeprecationWarning: The "reduce-overhead" mode configuration will be deprecated. Please use the "npugraph_ex" backend.
[36m(vLLMHttpServer pid=24498)[0m (Worker pid=25623)   warnings.warn("The \"reduce-overhead\" mode configuration will be deprecated. "
[36m(vLLMHttpServer pid=24498)[0m (Worker pid=25623) /usr/local/python3.11.15/lib/python3.11/site-packages/torch_npu/dynamo/torchair/configs/compiler_config.py:105: UserWarning: The following torchair config or properties may not take effect or report error in reduce-overhead mode: config.experimental_config.enable_view_optimize:True, set_dim_gears, dynamo_export, scope, npu_print
[36m(vLLMHttpServer pid=24498)[0m (Worker pid=25623)   warnings.warn(
[36m(vLLMHttpServer pid=24498)[0m (Worker pid=25623) /usr/local/python3.11.15/lib/python3.11/site-packages/torch_npu/dynamo/torchair/configs/compiler_config.py:112: DeprecationWarning: The "reduce-overhead" mode configuration will be deprecated. Please use the "npugraph_ex" backend.
[36m(vLLMHttpServer pid=24498)[0m (Worker pid=25623)   warnings.warn("The \"reduce-overhead\" mode configuration will be deprecated. "
[36m(vLLMHttpServer pid=24498)[0m (Worker pid=25623) /usr/local/python3.11.15/lib/python3.11/site-packages/torch_npu/dynamo/torchair/configs/compiler_config.py:105: UserWarning: The following torchair config or properties may not take effect or report error in reduce-overhead mode: config.experimental_config.enable_view_optimize:True, set_dim_gears, dynamo_export, scope, npu_print
[36m(vLLMHttpServer pid=24498)[0m (Worker pid=25623)   warnings.warn(
[36m(vLLMHttpServer pid=24498)[0m (Worker pid=25623) /usr/local/python3.11.15/lib/python3.11/site-packages/torch_npu/dynamo/torchair/configs/compiler_config.py:112: DeprecationWarning: The "reduce-overhead" mode configuration will be deprecated. Please use the "npugraph_ex" backend.
[36m(vLLMHttpServer pid=24498)[0m (Worker pid=25623)   warnings.warn("The \"reduce-overhead\" mode configuration will be deprecated. "
[36m(vLLMHttpServer pid=24498)[0m (Worker pid=25623) /usr/local/python3.11.15/lib/python3.11/site-packages/torch_npu/dynamo/torchair/configs/compiler_config.py:105: UserWarning: The following torchair config or properties may not take effect or report error in reduce-overhead mode: config.experimental_config.enable_view_optimize:True, set_dim_gears, dynamo_export, scope, npu_print
[36m(vLLMHttpServer pid=24498)[0m (Worker pid=25623)   warnings.warn(
[36m(vLLMHttpServer pid=24498)[0m (Worker pid=25623) /usr/local/python3.11.15/lib/python3.11/site-packages/torch_npu/dynamo/torchair/configs/compiler_config.py:112: DeprecationWarning: The "reduce-overhead" mode configuration will be deprecated. Please use the "npugraph_ex" backend.
[36m(vLLMHttpServer pid=24498)[0m (Worker pid=25623)   warnings.warn("The \"reduce-overhead\" mode configuration will be deprecated. "
[36m(vLLMHttpServer pid=24498)[0m (Worker pid=25623) /usr/local/python3.11.15/lib/python3.11/site-packages/torch_npu/dynamo/torchair/configs/compiler_config.py:105: UserWarning: The following torchair config or properties may not take effect or report error in reduce-overhead mode: config.experimental_config.enable_view_optimize:True, set_dim_gears, dynamo_export, scope, npu_print
[36m(vLLMHttpServer pid=24498)[0m (Worker pid=25623)   warnings.warn(
[36m(vLLMHttpServer pid=24498)[0m (Worker pid=25623) /usr/local/python3.11.15/lib/python3.11/site-packages/torch_npu/dynamo/torchair/configs/compiler_config.py:112: DeprecationWarning: The "reduce-overhead" mode configuration will be deprecated. Please use the "npugraph_ex" backend.
[36m(vLLMHttpServer pid=24498)[0m (Worker pid=25623)   warnings.warn("The \"reduce-overhead\" mode configuration will be deprecated. "
[36m(vLLMHttpServer pid=24498)[0m (Worker pid=25623) /usr/local/python3.11.15/lib/python3.11/site-packages/torch_npu/dynamo/torchair/configs/compiler_config.py:105: UserWarning: The following torchair config or properties may not take effect or report error in reduce-overhead mode: config.experimental_config.enable_view_optimize:True, set_dim_gears, dynamo_export, scope, npu_print
[36m(vLLMHttpServer pid=24498)[0m (Worker pid=25623)   warnings.warn(
[36m(vLLMHttpServer pid=24498)[0m (Worker pid=25623) /usr/local/python3.11.15/lib/python3.11/site-packages/torch_npu/dynamo/torchair/configs/compiler_config.py:112: DeprecationWarning: The "reduce-overhead" mode configuration will be deprecated. Please use the "npugraph_ex" backend.
[36m(vLLMHttpServer pid=24498)[0m (Worker pid=25623)   warnings.warn("The \"reduce-overhead\" mode configuration will be deprecated. "
[36m(vLLMHttpServer pid=24498)[0m (Worker pid=25623) /usr/local/python3.11.15/lib/python3.11/site-packages/torch_npu/dynamo/torchair/configs/compiler_config.py:105: UserWarning: The following torchair config or properties may not take effect or report error in reduce-overhead mode: config.experimental_config.enable_view_optimize:True, set_dim_gears, dynamo_export, scope, npu_print
[36m(vLLMHttpServer pid=24498)[0m (Worker pid=25623)   warnings.warn(
[36m(vLLMHttpServer pid=24498)[0m (Worker pid=25623) /usr/local/python3.11.15/lib/python3.11/site-packages/torch_npu/dynamo/torchair/configs/compiler_config.py:112: DeprecationWarning: The "reduce-overhead" mode configuration will be deprecated. Please use the "npugraph_ex" backend.
[36m(vLLMHttpServer pid=24498)[0m (Worker pid=25623)   warnings.warn("The \"reduce-overhead\" mode configuration will be deprecated. "
[36m(vLLMHttpServer pid=24498)[0m (Worker pid=25623) /usr/local/python3.11.15/lib/python3.11/site-packages/torch_npu/dynamo/torchair/configs/compiler_config.py:105: UserWarning: The following torchair config or properties may not take effect or report error in reduce-overhead mode: config.experimental_config.enable_view_optimize:True, set_dim_gears, dynamo_export, scope, npu_print
[36m(vLLMHttpServer pid=24498)[0m (Worker pid=25623)   warnings.warn(
[36m(vLLMHttpServer pid=24498)[0m (Worker pid=25623) /usr/local/python3.11.15/lib/python3.11/site-packages/torch_npu/dynamo/torchair/configs/compiler_config.py:112: DeprecationWarning: The "reduce-overhead" mode configuration will be deprecated. Please use the "npugraph_ex" backend.
[36m(vLLMHttpServer pid=24498)[0m (Worker pid=25623)   warnings.warn("The \"reduce-overhead\" mode configuration will be deprecated. "
[36m(vLLMHttpServer pid=24498)[0m (Worker pid=25623) /usr/local/python3.11.15/lib/python3.11/site-packages/torch_npu/dynamo/torchair/configs/compiler_config.py:105: UserWarning: The following torchair config or properties may not take effect or report error in reduce-overhead mode: config.experimental_config.enable_view_optimize:True, set_dim_gears, dynamo_export, scope, npu_print
[36m(vLLMHttpServer pid=24498)[0m (Worker pid=25623)   warnings.warn(
[36m(vLLMHttpServer pid=24498)[0m (Worker pid=25623) /usr/local/python3.11.15/lib/python3.11/site-packages/torch_npu/dynamo/torchair/configs/compiler_config.py:112: DeprecationWarning: The "reduce-overhead" mode configuration will be deprecated. Please use the "npugraph_ex" backend.
[36m(vLLMHttpServer pid=24498)[0m (Worker pid=25623)   warnings.warn("The \"reduce-overhead\" mode configuration will be deprecated. "
[36m(vLLMHttpServer pid=24498)[0m (Worker pid=25623) /usr/local/python3.11.15/lib/python3.11/site-packages/torch_npu/dynamo/torchair/configs/compiler_config.py:105: UserWarning: The following torchair config or properties may not take effect or report error in reduce-overhead mode: config.experimental_config.enable_view_optimize:True, set_dim_gears, dynamo_export, scope, npu_print
[36m(vLLMHttpServer pid=24498)[0m (Worker pid=25623)   warnings.warn(
[36m(vLLMHttpServer pid=24498)[0m (Worker pid=25623) /usr/local/python3.11.15/lib/python3.11/site-packages/torch_npu/dynamo/torchair/configs/compiler_config.py:112: DeprecationWarning: The "reduce-overhead" mode configuration will be deprecated. Please use the "npugraph_ex" backend.
[36m(vLLMHttpServer pid=24498)[0m (Worker pid=25623)   warnings.warn("The \"reduce-overhead\" mode configuration will be deprecated. "
[36m(vLLMHttpServer pid=24498)[0m (Worker pid=25623) /usr/local/python3.11.15/lib/python3.11/site-packages/torch_npu/dynamo/torchair/configs/compiler_config.py:105: UserWarning: The following torchair config or properties may not take effect or report error in reduce-overhead mode: config.experimental_config.enable_view_optimize:True, set_dim_gears, dynamo_export, scope, npu_print
[36m(vLLMHttpServer pid=24498)[0m (Worker pid=25623)   warnings.warn(
[36m(vLLMHttpServer pid=24498)[0m (Worker pid=25623) /usr/local/python3.11.15/lib/python3.11/site-packages/torch_npu/dynamo/torchair/configs/compiler_config.py:112: DeprecationWarning: The "reduce-overhead" mode configuration will be deprecated. Please use the "npugraph_ex" backend.
[36m(vLLMHttpServer pid=24498)[0m (Worker pid=25623)   warnings.warn("The \"reduce-overhead\" mode configuration will be deprecated. "
[36m(vLLMHttpServer pid=24498)[0m (Worker pid=25623) /usr/local/python3.11.15/lib/python3.11/site-packages/torch_npu/dynamo/torchair/configs/compiler_config.py:105: UserWarning: The following torchair config or properties may not take effect or report error in reduce-overhead mode: config.experimental_config.enable_view_optimize:True, set_dim_gears, dynamo_export, scope, npu_print
[36m(vLLMHttpServer pid=24498)[0m (Worker pid=25623)   warnings.warn(
[36m(vLLMHttpServer pid=24498)[0m (Worker pid=25623) /usr/local/python3.11.15/lib/python3.11/site-packages/torch_npu/dynamo/torchair/configs/compiler_config.py:112: DeprecationWarning: The "reduce-overhead" mode configuration will be deprecated. Please use the "npugraph_ex" backend.
[36m(vLLMHttpServer pid=24498)[0m (Worker pid=25623)   warnings.warn("The \"reduce-overhead\" mode configuration will be deprecated. "
[36m(vLLMHttpServer pid=24498)[0m (Worker pid=25623) /usr/local/python3.11.15/lib/python3.11/site-packages/torch_npu/dynamo/torchair/configs/compiler_config.py:105: UserWarning: The following torchair config or properties may not take effect or report error in reduce-overhead mode: config.experimental_config.enable_view_optimize:True, set_dim_gears, dynamo_export, scope, npu_print
[36m(vLLMHttpServer pid=24498)[0m (Worker pid=25623)   warnings.warn(
[36m(vLLMHttpServer pid=24498)[0m (Worker pid=25623) /usr/local/python3.11.15/lib/python3.11/site-packages/torch_npu/dynamo/torchair/configs/compiler_config.py:112: DeprecationWarning: The "reduce-overhead" mode configuration will be deprecated. Please use the "npugraph_ex" backend.
[36m(vLLMHttpServer pid=24498)[0m (Worker pid=25623)   warnings.warn("The \"reduce-overhead\" mode configuration will be deprecated. "
[36m(vLLMHttpServer pid=24498)[0m (Worker pid=25623) /usr/local/python3.11.15/lib/python3.11/site-packages/torch_npu/dynamo/torchair/configs/compiler_config.py:105: UserWarning: The following torchair config or properties may not take effect or report error in reduce-overhead mode: config.experimental_config.enable_view_optimize:True, set_dim_gears, dynamo_export, scope, npu_print
[36m(vLLMHttpServer pid=24498)[0m (Worker pid=25623)   warnings.warn(
[36m(vLLMHttpServer pid=24498)[0m (Worker pid=25623) /usr/local/python3.11.15/lib/python3.11/site-packages/torch_npu/dynamo/torchair/configs/compiler_config.py:112: DeprecationWarning: The "reduce-overhead" mode configuration will be deprecated. Please use the "npugraph_ex" backend.
[36m(vLLMHttpServer pid=24498)[0m (Worker pid=25623)   warnings.warn("The \"reduce-overhead\" mode configuration will be deprecated. "
[36m(vLLMHttpServer pid=24498)[0m (Worker pid=25623) /usr/local/python3.11.15/lib/python3.11/site-packages/torch_npu/dynamo/torchair/configs/compiler_config.py:105: UserWarning: The following torchair config or properties may not take effect or report error in reduce-overhead mode: config.experimental_config.enable_view_optimize:True, set_dim_gears, dynamo_export, scope, npu_print
[36m(vLLMHttpServer pid=24498)[0m (Worker pid=25623)   warnings.warn(
[36m(vLLMHttpServer pid=24498)[0m (Worker pid=25623) /usr/local/python3.11.15/lib/python3.11/site-packages/torch_npu/dynamo/torchair/configs/compiler_config.py:112: DeprecationWarning: The "reduce-overhead" mode configuration will be deprecated. Please use the "npugraph_ex" backend.
[36m(vLLMHttpServer pid=24498)[0m (Worker pid=25623)   warnings.warn("The \"reduce-overhead\" mode configuration will be deprecated. "
[36m(vLLMHttpServer pid=24498)[0m (Worker pid=25623) /usr/local/python3.11.15/lib/python3.11/site-packages/torch_npu/dynamo/torchair/configs/compiler_config.py:105: UserWarning: The following torchair config or properties may not take effect or report error in reduce-overhead mode: config.experimental_config.enable_view_optimize:True, set_dim_gears, dynamo_export, scope, npu_print
[36m(vLLMHttpServer pid=24498)[0m (Worker pid=25623)   warnings.warn(
[36m(vLLMHttpServer pid=24498)[0m (Worker pid=25623) /usr/local/python3.11.15/lib/python3.11/site-packages/torch_npu/dynamo/torchair/configs/compiler_config.py:112: DeprecationWarning: The "reduce-overhead" mode configuration will be deprecated. Please use the "npugraph_ex" backend.
[36m(vLLMHttpServer pid=24498)[0m (Worker pid=25623)   warnings.warn("The \"reduce-overhead\" mode configuration will be deprecated. "
[36m(vLLMHttpServer pid=24498)[0m (Worker pid=25623) /usr/local/python3.11.15/lib/python3.11/site-packages/torch_npu/dynamo/torchair/configs/compiler_config.py:105: UserWarning: The following torchair config or properties may not take effect or report error in reduce-overhead mode: config.experimental_config.enable_view_optimize:True, set_dim_gears, dynamo_export, scope, npu_print
[36m(vLLMHttpServer pid=24498)[0m (Worker pid=25623)   warnings.warn(
[36m(vLLMHttpServer pid=24498)[0m (Worker pid=25623) /usr/local/python3.11.15/lib/python3.11/site-packages/torch_npu/dynamo/torchair/configs/compiler_config.py:112: DeprecationWarning: The "reduce-overhead" mode configuration will be deprecated. Please use the "npugraph_ex" backend.
[36m(vLLMHttpServer pid=24498)[0m (Worker pid=25623)   warnings.warn("The \"reduce-overhead\" mode configuration will be deprecated. "
[36m(vLLMHttpServer pid=24498)[0m (Worker pid=25623) /usr/local/python3.11.15/lib/python3.11/site-packages/torch_npu/dynamo/torchair/configs/compiler_config.py:105: UserWarning: The following torchair config or properties may not take effect or report error in reduce-overhead mode: config.experimental_config.enable_view_optimize:True, set_dim_gears, dynamo_export, scope, npu_print
[36m(vLLMHttpServer pid=24498)[0m (Worker pid=25623)   warnings.warn(
[36m(vLLMHttpServer pid=24498)[0m (Worker pid=25623) /usr/local/python3.11.15/lib/python3.11/site-packages/torch_npu/dynamo/torchair/configs/compiler_config.py:112: DeprecationWarning: The "reduce-overhead" mode configuration will be deprecated. Please use the "npugraph_ex" backend.
[36m(vLLMHttpServer pid=24498)[0m (Worker pid=25623)   warnings.warn("The \"reduce-overhead\" mode configuration will be deprecated. "
[36m(vLLMHttpServer pid=24498)[0m (Worker pid=25623) /usr/local/python3.11.15/lib/python3.11/site-packages/torch_npu/dynamo/torchair/configs/compiler_config.py:105: UserWarning: The following torchair config or properties may not take effect or report error in reduce-overhead mode: config.experimental_config.enable_view_optimize:True, set_dim_gears, dynamo_export, scope, npu_print
[36m(vLLMHttpServer pid=24498)[0m (Worker pid=25623)   warnings.warn(
[36m(vLLMHttpServer pid=24498)[0m (Worker pid=25623) /usr/local/python3.11.15/lib/python3.11/site-packages/torch_npu/dynamo/torchair/configs/compiler_config.py:112: DeprecationWarning: The "reduce-overhead" mode configuration will be deprecated. Please use the "npugraph_ex" backend.
[36m(vLLMHttpServer pid=24498)[0m (Worker pid=25623)   warnings.warn("The \"reduce-overhead\" mode configuration will be deprecated. "
[36m(vLLMHttpServer pid=24498)[0m (Worker pid=25623) /usr/local/python3.11.15/lib/python3.11/site-packages/torch_npu/dynamo/torchair/configs/compiler_config.py:105: UserWarning: The following torchair config or properties may not take effect or report error in reduce-overhead mode: config.experimental_config.enable_view_optimize:True, set_dim_gears, dynamo_export, scope, npu_print
[36m(vLLMHttpServer pid=24498)[0m (Worker pid=25623)   warnings.warn(
[36m(vLLMHttpServer pid=24498)[0m (Worker pid=25623) /usr/local/python3.11.15/lib/python3.11/site-packages/torch_npu/dynamo/torchair/configs/compiler_config.py:112: DeprecationWarning: The "reduce-overhead" mode configuration will be deprecated. Please use the "npugraph_ex" backend.
[36m(vLLMHttpServer pid=24498)[0m (Worker pid=25623)   warnings.warn("The \"reduce-overhead\" mode configuration will be deprecated. "
[36m(vLLMHttpServer pid=24498)[0m (Worker pid=25623) /usr/local/python3.11.15/lib/python3.11/site-packages/torch_npu/dynamo/torchair/configs/compiler_config.py:105: UserWarning: The following torchair config or properties may not take effect or report error in reduce-overhead mode: config.experimental_config.enable_view_optimize:True, set_dim_gears, dynamo_export, scope, npu_print
[36m(vLLMHttpServer pid=24498)[0m (Worker pid=25623)   warnings.warn(
[36m(vLLMHttpServer pid=24498)[0m (Worker pid=25623) /usr/local/python3.11.15/lib/python3.11/site-packages/torch_npu/dynamo/torchair/configs/compiler_config.py:112: DeprecationWarning: The "reduce-overhead" mode configuration will be deprecated. Please use the "npugraph_ex" backend.
[36m(vLLMHttpServer pid=24498)[0m (Worker pid=25623)   warnings.warn("The \"reduce-overhead\" mode configuration will be deprecated. "
[36m(vLLMHttpServer pid=24498)[0m (Worker pid=25623) /usr/local/python3.11.15/lib/python3.11/site-packages/torch_npu/dynamo/torchair/configs/compiler_config.py:105: UserWarning: The following torchair config or properties may not take effect or report error in reduce-overhead mode: config.experimental_config.enable_view_optimize:True, set_dim_gears, dynamo_export, scope, npu_print
[36m(vLLMHttpServer pid=24498)[0m (Worker pid=25623)   warnings.warn(
[36m(vLLMHttpServer pid=24498)[0m (Worker pid=25623) /usr/local/python3.11.15/lib/python3.11/site-packages/torch_npu/dynamo/torchair/configs/compiler_config.py:112: DeprecationWarning: The "reduce-overhead" mode configuration will be deprecated. Please use the "npugraph_ex" backend.
[36m(vLLMHttpServer pid=24498)[0m (Worker pid=25623)   warnings.warn("The \"reduce-overhead\" mode configuration will be deprecated. "
[36m(vLLMHttpServer pid=24498)[0m (Worker pid=25623) /usr/local/python3.11.15/lib/python3.11/site-packages/torch_npu/dynamo/torchair/configs/compiler_config.py:105: UserWarning: The following torchair config or properties may not take effect or report error in reduce-overhead mode: config.experimental_config.enable_view_optimize:True, set_dim_gears, dynamo_export, scope, npu_print
[36m(vLLMHttpServer pid=24498)[0m (Worker pid=25623)   warnings.warn(
[36m(vLLMHttpServer pid=24498)[0m (Worker pid=25623) /usr/local/python3.11.15/lib/python3.11/site-packages/torch_npu/dynamo/torchair/configs/compiler_config.py:112: DeprecationWarning: The "reduce-overhead" mode configuration will be deprecated. Please use the "npugraph_ex" backend.
[36m(vLLMHttpServer pid=24498)[0m (Worker pid=25623)   warnings.warn("The \"reduce-overhead\" mode configuration will be deprecated. "
[36m(vLLMHttpServer pid=24498)[0m (Worker pid=25623) /usr/local/python3.11.15/lib/python3.11/site-packages/torch_npu/dynamo/torchair/configs/compiler_config.py:105: UserWarning: The following torchair config or properties may not take effect or report error in reduce-overhead mode: config.experimental_config.enable_view_optimize:True, set_dim_gears, dynamo_export, scope, npu_print
[36m(vLLMHttpServer pid=24498)[0m (Worker pid=25623)   warnings.warn(
[36m(vLLMHttpServer pid=24498)[0m (Worker pid=25623) /usr/local/python3.11.15/lib/python3.11/site-packages/torch_npu/dynamo/torchair/configs/compiler_config.py:112: DeprecationWarning: The "reduce-overhead" mode configuration will be deprecated. Please use the "npugraph_ex" backend.
[36m(vLLMHttpServer pid=24498)[0m (Worker pid=25623)   warnings.warn("The \"reduce-overhead\" mode configuration will be deprecated. "
[36m(vLLMHttpServer pid=24498)[0m (Worker pid=25623) /usr/local/python3.11.15/lib/python3.11/site-packages/torch_npu/dynamo/torchair/configs/compiler_config.py:105: UserWarning: The following torchair config or properties may not take effect or report error in reduce-overhead mode: config.experimental_config.enable_view_optimize:True, set_dim_gears, dynamo_export, scope, npu_print
[36m(vLLMHttpServer pid=24498)[0m (Worker pid=25623)   warnings.warn(
[36m(vLLMHttpServer pid=24498)[0m (Worker pid=25623) /usr/local/python3.11.15/lib/python3.11/site-packages/torch_npu/dynamo/torchair/configs/compiler_config.py:112: DeprecationWarning: The "reduce-overhead" mode configuration will be deprecated. Please use the "npugraph_ex" backend.
[36m(vLLMHttpServer pid=24498)[0m (Worker pid=25623)   warnings.warn("The \"reduce-overhead\" mode configuration will be deprecated. "
[36m(vLLMHttpServer pid=24498)[0m (Worker pid=25623) /usr/local/python3.11.15/lib/python3.11/site-packages/torch_npu/dynamo/torchair/configs/compiler_config.py:105: UserWarning: The following torchair config or properties may not take effect or report error in reduce-overhead mode: config.experimental_config.enable_view_optimize:True, set_dim_gears, dynamo_export, scope, npu_print
[36m(vLLMHttpServer pid=24498)[0m (Worker pid=25623)   warnings.warn(
[36m(vLLMHttpServer pid=24498)[0m (Worker pid=25623) /usr/local/python3.11.15/lib/python3.11/site-packages/torch_npu/dynamo/torchair/configs/compiler_config.py:112: DeprecationWarning: The "reduce-overhead" mode configuration will be deprecated. Please use the "npugraph_ex" backend.
[36m(vLLMHttpServer pid=24498)[0m (Worker pid=25623)   warnings.warn("The \"reduce-overhead\" mode configuration will be deprecated. "
[36m(vLLMHttpServer pid=24498)[0m (Worker pid=25623) /usr/local/python3.11.15/lib/python3.11/site-packages/torch_npu/dynamo/torchair/configs/compiler_config.py:105: UserWarning: The following torchair config or properties may not take effect or report error in reduce-overhead mode: config.experimental_config.enable_view_optimize:True, set_dim_gears, dynamo_export, scope, npu_print
[36m(vLLMHttpServer pid=24498)[0m (Worker pid=25623)   warnings.warn(
[36m(vLLMHttpServer pid=24498)[0m (Worker pid=25623) /usr/local/python3.11.15/lib/python3.11/site-packages/torch_npu/dynamo/torchair/configs/compiler_config.py:112: DeprecationWarning: The "reduce-overhead" mode configuration will be deprecated. Please use the "npugraph_ex" backend.
[36m(vLLMHttpServer pid=24498)[0m (Worker pid=25623)   warnings.warn("The \"reduce-overhead\" mode configuration will be deprecated. "
[36m(vLLMHttpServer pid=24498)[0m (Worker pid=25623) /usr/local/python3.11.15/lib/python3.11/site-packages/torch_npu/dynamo/torchair/configs/compiler_config.py:105: UserWarning: The following torchair config or properties may not take effect or report error in reduce-overhead mode: config.experimental_config.enable_view_optimize:True, set_dim_gears, dynamo_export, scope, npu_print
[36m(vLLMHttpServer pid=24498)[0m (Worker pid=25623)   warnings.warn(
[36m(vLLMHttpServer pid=24498)[0m (Worker pid=25623) /usr/local/python3.11.15/lib/python3.11/site-packages/torch_npu/dynamo/torchair/configs/compiler_config.py:112: DeprecationWarning: The "reduce-overhead" mode configuration will be deprecated. Please use the "npugraph_ex" backend.
[36m(vLLMHttpServer pid=24498)[0m (Worker pid=25623)   warnings.warn("The \"reduce-overhead\" mode configuration will be deprecated. "
[36m(vLLMHttpServer pid=24498)[0m (Worker pid=25623) /usr/local/python3.11.15/lib/python3.11/site-packages/torch_npu/dynamo/torchair/configs/compiler_config.py:105: UserWarning: The following torchair config or properties may not take effect or report error in reduce-overhead mode: config.experimental_config.enable_view_optimize:True, set_dim_gears, dynamo_export, scope, npu_print
[36m(vLLMHttpServer pid=24498)[0m (Worker pid=25623)   warnings.warn(
[36m(vLLMHttpServer pid=24498)[0m (Worker pid=25623) /usr/local/python3.11.15/lib/python3.11/site-packages/torch_npu/dynamo/torchair/configs/compiler_config.py:112: DeprecationWarning: The "reduce-overhead" mode configuration will be deprecated. Please use the "npugraph_ex" backend.
[36m(vLLMHttpServer pid=24498)[0m (Worker pid=25623)   warnings.warn("The \"reduce-overhead\" mode configuration will be deprecated. "
[36m(vLLMHttpServer pid=24498)[0m (Worker pid=25623) Capturing CUDA graphs (mixed prefill-decode, PIECEWISE):   0%|          | 0/22 [00:00<?, ?it/s]
[36m(vLLMHttpServer pid=24498)[0m Capturing CUDA graphs (mixed prefill-decode, PIECEWISE):   5%|▍         | 1/22 [00:00<00:12,  1.67it/s]
[36m(vLLMHttpServer pid=24498)[0m Capturing CUDA graphs (mixed prefill-decode, PIECEWISE):   9%|▉         | 2/22 [00:01<00:10,  1.95it/s]
[36m(vLLMHttpServer pid=24498)[0m Capturing CUDA graphs (mixed prefill-decode, PIECEWISE):  14%|█▎        | 3/22 [00:01<00:09,  2.05it/s]
[36m(vLLMHttpServer pid=24498)[0m Capturing CUDA graphs (mixed prefill-decode, PIECEWISE):  18%|█▊        | 4/22 [00:01<00:08,  2.11it/s]
[36m(vLLMHttpServer pid=24498)[0m Capturing CUDA graphs (mixed prefill-decode, PIECEWISE):  23%|██▎       | 5/22 [00:02<00:08,  2.08it/s]
[36m(vLLMHttpServer pid=24498)[0m Capturing CUDA graphs (mixed prefill-decode, PIECEWISE):  27%|██▋       | 6/22 [00:02<00:07,  2.08it/s]
[36m(vLLMHttpServer pid=24498)[0m Capturing CUDA graphs (mixed prefill-decode, PIECEWISE):  32%|███▏      | 7/22 [00:03<00:07,  2.06it/s]
[36m(vLLMHttpServer pid=24498)[0m Capturing CUDA graphs (mixed prefill-decode, PIECEWISE):  36%|███▋      | 8/22 [00:03<00:06,  2.07it/s]
[36m(vLLMHttpServer pid=24498)[0m Capturing CUDA graphs (mixed prefill-decode, PIECEWISE):  41%|████      | 9/22 [00:04<00:06,  1.97it/s]
[36m(vLLMHttpServer pid=24498)[0m Capturing CUDA graphs (mixed prefill-decode, PIECEWISE):  45%|████▌     | 10/22 [00:05<00:06,  1.89it/s]
[36m(vLLMHttpServer pid=24498)[0m Capturing CUDA graphs (mixed prefill-decode, PIECEWISE):  50%|█████     | 11/22 [00:05<00:05,  1.93it/s]
[36m(vLLMHttpServer pid=24498)[0m Capturing CUDA graphs (mixed prefill-decode, PIECEWISE):  55%|█████▍    | 12/22 [00:06<00:05,  1.91it/s]
[36m(vLLMHttpServer pid=24498)[0m Capturing CUDA graphs (mixed prefill-decode, PIECEWISE):  59%|█████▉    | 13/22 [00:06<00:04,  1.92it/s]
[36m(vLLMHttpServer pid=24498)[0m Capturing CUDA graphs (mixed prefill-decode, PIECEWISE):  64%|██████▎   | 14/22 [00:07<00:04,  1.94it/s]
[36m(vLLMHttpServer pid=24498)[0m Capturing CUDA graphs (mixed prefill-decode, PIECEWISE):  68%|██████▊   | 15/22 [00:07<00:03,  1.96it/s]
[36m(vLLMHttpServer pid=24498)[0m Capturing CUDA graphs (mixed prefill-decode, PIECEWISE):  73%|███████▎  | 16/22 [00:08<00:03,  1.96it/s]
[36m(vLLMHttpServer pid=24498)[0m Capturing CUDA graphs (mixed prefill-decode, PIECEWISE):  77%|███████▋  | 17/22 [00:08<00:02,  1.96it/s]
[36m(vLLMHttpServer pid=24498)[0m Capturing CUDA graphs (mixed prefill-decode, PIECEWISE):  82%|████████▏ | 18/22 [00:09<00:01,  2.02it/s]
[36m(vLLMHttpServer pid=24498)[0m Capturing CUDA graphs (mixed prefill-decode, PIECEWISE):  86%|████████▋ | 19/22 [00:09<00:01,  1.98it/s]
[36m(vLLMHttpServer pid=24498)[0m Capturing CUDA graphs (mixed prefill-decode, PIECEWISE):  91%|█████████ | 20/22 [00:10<00:01,  1.95it/s]
[36m(vLLMHttpServer pid=24498)[0m Capturing CUDA graphs (mixed prefill-decode, PIECEWISE):  95%|█████████▌| 21/22 [00:10<00:00,  1.97it/s]
[36m(vLLMHttpServer pid=24498)[0m Capturing CUDA graphs (mixed prefill-decode, PIECEWISE): 100%|██████████| 22/22 [00:11<00:00,  1.99it/s]Capturing CUDA graphs (mixed prefill-decode, PIECEWISE): 100%|██████████| 22/22 [00:11<00:00,  1.98it/s]
[36m(WorkerDict pid=15984)[0m /usr/local/python3.11.15/lib/python3.11/site-packages/torch_npu/contrib/transfer_to_npu.py:183: UserWarning: Cannot create tensor with interal format while allow_internel_format=False, tensor will be created with base format. (Triggered internally at ../torch_npu/csrc/aten/common/TensorFactories.cpp:340.)
[36m(WorkerDict pid=15984)[0m   return fn(*args, **kwargs)
[36m(CheckpointEngineWorker pid=23769)[0m /vllm-ascend/vllm_ascend/distributed/device_communicators/pyhccl.py:140: UserWarning: Cannot create tensor with interal format while allow_internel_format=False, tensor will be created with base format. (Triggered internally at ../torch_npu/csrc/aten/common/TensorFactories.cpp:340.)
[36m(CheckpointEngineWorker pid=23769)[0m   out_tensor = torch.empty_like(in_tensor)
[36m(CheckpointEngineWorker pid=23769)[0m INFO:2026-07-29 13:45:40,574:init_process_group rank: 1, world_size: 2

[36m(vLLMHttpServer pid=24498)[0m [Gloo] Rank 0 is connected to 0 peer ranks. Expected number of connected peer ranks is : 0
[36m(vLLMHttpServer pid=24498)[0m [Gloo] Rank 0 is connected to 0 peer ranks. Expected number of connected peer ranks is : 0
[36m(vLLMHttpServer pid=24498)[0m [Gloo] Rank 0 is connected to 0 peer ranks. Expected number of connected peer ranks is : 0
[36m(vLLMHttpServer pid=24498)[0m [Gloo] Rank 0 is connected to 0 peer ranks. Expected number of connected peer ranks is : 0
[36m(vLLMHttpServer pid=24498)[0m (EngineCore pid=25193) WARNING 07-29 13:45:14 [utils.py:550] Currently, communication is performed using FFTS+ method, which reduces the number of available streams and, as a result, limits the range of runtime shapes that can be handled. To both improve communication performance and increase the number of supported shapes, set HCCL_OP_EXPANSION_MODE=AIV.
[36m(vLLMHttpServer pid=24498)[0m WARNING 07-29 13:45:14 [api_router.py:30] LoRA dynamic loading & unloading is enabled in the API server. This should ONLY be used for local development!
[36m(vLLMHttpServer pid=24498)[0m WARNING 07-29 13:45:14 [model.py:1376] Default vLLM sampling parameters have been overridden by the model's `generation_config.json`: `{'repetition_penalty': 1.0, 'temperature': 1.0, 'top_k': -1, 'top_p': 1.0, 'max_tokens': 1024}`. If this is not intended, please relaunch vLLM instance with `--generation-config vllm`.
[36m(TaskRunnerV1 pid=13158)[0m LLMServerManager: ['10.17.0.41:39435']
[36m(WorkerDict pid=15984)[0m [Rank 0 | Local Rank 0] 2026-07-29 13:45:40,573 INFO [verl.checkpoint_engine.hccl_checkpoint_engine:227] => init_process_group rank: 0, world_size: 2
Error executing job with overrides: ['trainer.experiment_name=qy_owner_verl_smoke1_v3_npu23', 'trainer.total_training_steps=1', 'trainer.total_epochs=1', 'trainer.save_freq=1', 'trainer.test_freq=-1']
Traceback (most recent call last):
  File "/workspace/verl_official_main_17ea153d95ee_20260729/verl/trainer/main_ppo.py", line 185, in main
    run_ppo(config, task_runner_class=TaskRunnerV1)
  File "/workspace/verl_official_main_17ea153d95ee_20260729/verl/trainer/main_ppo.py", line 94, in run_ppo
    ray.get(runner.run.remote(config))
  File "/usr/local/python3.11.15/lib/python3.11/site-packages/ray/_private/auto_init_hook.py", line 22, in auto_init_wrapper
    return fn(*args, **kwargs)
           ^^^^^^^^^^^^^^^^^^^
  File "/usr/local/python3.11.15/lib/python3.11/site-packages/ray/_private/client_mode_hook.py", line 107, in wrapper
    return func(*args, **kwargs)
           ^^^^^^^^^^^^^^^^^^^^^
  File "/usr/local/python3.11.15/lib/python3.11/site-packages/ray/_private/worker.py", line 2980, in get
    values, debugger_breakpoint = worker.get_objects(
                                  ^^^^^^^^^^^^^^^^^^^
  File "/usr/local/python3.11.15/lib/python3.11/site-packages/ray/_private/worker.py", line 1023, in get_objects
    raise value.as_instanceof_cause()
ray.exceptions.RayTaskError(AssertionError): [36mray::TaskRunnerV1.run()[39m (pid=13158, ip=10.17.0.41, actor_id=efac3b5d9b6dc117bff4f3da01000000, repr=<main_ppo.TaskRunnerV1 object at 0xf58e265a6c90>)
           ^^^^^^^^^^^^^^^^^^^^^^^^^^^^^^^^^^^^
           ^^^^^^^^^^^^^^^^^^^^^^^^^^^^^^^
  File "/workspace/verl_official_main_17ea153d95ee_20260729/verl/trainer/main_ppo.py", line 154, in run
    self.trainer.init()
  File "/workspace/verl_official_main_17ea153d95ee_20260729/verl/trainer/ppo/v1/trainer_base.py", line 227, in init
    self.on_init_end()
  File "/workspace/verl_official_main_17ea153d95ee_20260729/verl/trainer/ppo/v1/trainer_separate_async.py", line 100, in on_init_end
    self.standalone_checkpoint_manager.update_weights(self.global_steps)
  File "/workspace/verl_official_main_17ea153d95ee_20260729/verl/utils/ray_utils.py", line 123, in wrapper
    return asyncio.run(coro)
           ^^^^^^^^^^^^^^^^^
  File "/usr/local/python3.11.15/lib/python3.11/asyncio/runners.py", line 190, in run
    return runner.run(main)
           ^^^^^^^^^^^^^^^^
  File "/usr/local/python3.11.15/lib/python3.11/asyncio/runners.py", line 118, in run
    return self._loop.run_until_complete(task)
           ^^^^^^^^^^^^^^^^^^^^^^^^^^^^^^^^^^^
  File "uvloop/loop.pyx", line 1518, in uvloop.loop.Loop.run_until_complete
  File "/workspace/verl_official_main_17ea153d95ee_20260729/verl/checkpoint_engine/base.py", line 515, in update_weights
    results = ray.get(
              ^^^^^^^^
           ^^^^^^^^^^^^^^^^^^^
           ^^^^^^^^^^^^^^^^^^^^^
                                  ^^^^^^^^^^^^^^^^^^^
ray.exceptions.RayTaskError(AssertionError): [36mray::WorkerDict.actor_rollout_update_weights()[39m (pid=15984, ip=10.17.0.41, actor_id=0c3aa3f44f0268d9964a594b01000000, repr=<verl.single_controller.ray.base.WorkerDict object at 0xf13726e21dd0>)
  File "/usr/local/python3.11.15/lib/python3.11/concurrent/futures/_base.py", line 449, in result
    return self.__get_result()
           ^^^^^^^^^^^^^^^^^^^
  File "/usr/local/python3.11.15/lib/python3.11/concurrent/futures/_base.py", line 401, in __get_result
    raise self._exception
           ^^^^^^^^^^^^^^^^^^^^^^^^^^^^^^^^^^^^^
  File "/workspace/verl_official_main_17ea153d95ee_20260729/verl/single_controller/ray/base.py", line 943, in async_func
    return await getattr(self.worker_dict[key], name)(*args, **kwargs)
           ^^^^^^^^^^^^^^^^^^^^^^^^^^^^^^^^^^^^^^^^^^^^^^^^^^^^^^^^^^^
  File "/workspace/verl_official_main_17ea153d95ee_20260729/verl/single_controller/base/decorator.py", line 437, in async_inner
    return await func(*args, **kwargs)
           ^^^^^^^^^^^^^^^^^^^^^^^^^^^
  File "/workspace/verl_official_main_17ea153d95ee_20260729/verl/utils/transferqueue_utils.py", line 374, in async_inner
    return await func(*args, **kwargs)
           ^^^^^^^^^^^^^^^^^^^^^^^^^^^
  File "/workspace/verl_official_main_17ea153d95ee_20260729/verl/workers/engine_workers.py", line 757, in update_weights
    metrics = await self.checkpoint_engine.send_weights(per_tensor_param, global_steps=global_steps)
              ^^^^^^^^^^^^^^^^^^^^^^^^^^^^^^^^^^^^^^^^^^^^^^^^^^^^^^^^^^^^^^^^^^^^^^^^^^^^^^^^^^^^^^
  File "/workspace/verl_official_main_17ea153d95ee_20260729/verl/checkpoint_engine/hccl_checkpoint_engine.py", line 277, in send_weights
    assert offset + weight.nbytes <= self.bucket_size, (
           ^^^^^^^^^^^^^^^^^^^^^^^^^^^^^^^^^^^^^^^^^^
AssertionError: Weight model.embed_tokens.weight(torch.Size([151936, 2560]), torch.float32) is too large to fit in the bucket.

Set the environment variable HYDRA_FULL_ERROR=1 for a complete stack trace.
