+++ dirname /mnt/lv_model/npu60005420a/packages/twinkle_aligned_verl_grpo_npu_2cards_owner_20260729/run_qwen3_4b_v1_separate_async_npu_2cards.sh
++ cd /mnt/lv_model/npu60005420a/packages/twinkle_aligned_verl_grpo_npu_2cards_owner_20260729
++ pwd
+ SCRIPT_DIR=/mnt/lv_model/npu60005420a/packages/twinkle_aligned_verl_grpo_npu_2cards_owner_20260729
+ ROOT_DIR=/workspace/verl_official_main_17ea153d95ee_20260729
+ cd /workspace/verl_official_main_17ea153d95ee_20260729
+ export VERL_ROOT=/workspace/verl_official_main_17ea153d95ee_20260729
+ VERL_ROOT=/workspace/verl_official_main_17ea153d95ee_20260729
+ export GSM8K_REWARD_PATH=/mnt/lv_model/npu60005420a/packages/twinkle_aligned_verl_grpo_npu_2cards_owner_20260729/gsm8k_accuracy_reward.py
+ GSM8K_REWARD_PATH=/mnt/lv_model/npu60005420a/packages/twinkle_aligned_verl_grpo_npu_2cards_owner_20260729/gsm8k_accuracy_reward.py
+ export ASCEND_RT_VISIBLE_DEVICES=2,3
+ ASCEND_RT_VISIBLE_DEVICES=2,3
+ export HCCL_CONNECT_TIMEOUT=1500
+ HCCL_CONNECT_TIMEOUT=1500
+ export HCCL_HOST_SOCKET_PORT_RANGE=60000-60050
+ HCCL_HOST_SOCKET_PORT_RANGE=60000-60050
+ export HCCL_NPU_SOCKET_PORT_RANGE=61000-61050
+ HCCL_NPU_SOCKET_PORT_RANGE=61000-61050
+ export VLLM_USE_V1=1
+ VLLM_USE_V1=1
+ export TASK_QUEUE_ENABLE=1
+ TASK_QUEUE_ENABLE=1
+ export CPU_AFFINITY_CONF=1
+ CPU_AFFINITY_CONF=1
+ export TOKENIZERS_PARALLELISM=false
+ TOKENIZERS_PARALLELISM=false
+ export VERL_LOGGING_LEVEL=INFO
+ VERL_LOGGING_LEVEL=INFO
+ export RAY_DATA_HOME=/root/verl
+ RAY_DATA_HOME=/root/verl
+ export MODEL_PATH=/mnt/lv_model/npu60005420a/models/Qwen3-4B
+ MODEL_PATH=/mnt/lv_model/npu60005420a/models/Qwen3-4B
+ export TRAIN_FILE=/mnt/lv_model/npu60005420a/data/gsm8k_owner_aligned_20260729/verl_train_twinkle_aligned.parquet
+ TRAIN_FILE=/mnt/lv_model/npu60005420a/data/gsm8k_owner_aligned_20260729/verl_train_twinkle_aligned.parquet
+ export TEST_FILE=/mnt/lv_model/npu60005420a/data/gsm8k_owner_aligned_20260729/verl_test_official_twinkle_aligned.parquet
+ TEST_FILE=/mnt/lv_model/npu60005420a/data/gsm8k_owner_aligned_20260729/verl_test_official_twinkle_aligned.parquet
+ export OUTPUT_DIR=/mnt/lv_model/npu60005420a/qy_owner_smoke_20260729/qy_owner_verl_smoke1_v4_npu23
+ OUTPUT_DIR=/mnt/lv_model/npu60005420a/qy_owner_smoke_20260729/qy_owner_verl_smoke1_v4_npu23
+ export CKPTS_DIR=/mnt/lv_model/npu60005420a/qy_owner_smoke_20260729/qy_owner_verl_smoke1_v4_npu23/checkpoints
+ CKPTS_DIR=/mnt/lv_model/npu60005420a/qy_owner_smoke_20260729/qy_owner_verl_smoke1_v4_npu23/checkpoints
+ python3 -c 'import torch_npu, transfer_queue, vllm'
+ test -f /mnt/lv_model/npu60005420a/packages/twinkle_aligned_verl_grpo_npu_2cards_owner_20260729/gsm8k_accuracy_reward.py
+ test -f /mnt/lv_model/npu60005420a/data/gsm8k_owner_aligned_20260729/verl_train_twinkle_aligned.parquet
+ test -f /mnt/lv_model/npu60005420a/data/gsm8k_owner_aligned_20260729/verl_test_official_twinkle_aligned.parquet
+ mkdir -p /mnt/lv_model/npu60005420a/qy_owner_smoke_20260729/qy_owner_verl_smoke1_v4_npu23/checkpoints
+ mkdir -p /mnt/lv_model/npu60005420a/qy_owner_smoke_20260729/qy_owner_verl_smoke1_v4_npu23
+ python3 - /mnt/lv_model/npu60005420a/data/gsm8k_owner_aligned_20260729/verl_train_twinkle_aligned.parquet /mnt/lv_model/npu60005420a/data/gsm8k_owner_aligned_20260729/verl_test_official_twinkle_aligned.parquet
Twinkle GSM8KProcessor prompt and ground-truth contract validated
+ python3 -m verl.trainer.main_ppo --config-name=v1_separate_async_grpo_npu_2cards trainer.experiment_name=qy_owner_verl_smoke1_v4_npu23 trainer.total_training_steps=1 trainer.total_epochs=1 trainer.save_freq=1 trainer.test_freq=-1
/usr/local/python3.11.15/lib/python3.11/site-packages/torch_npu/npu/__init__.py:539: UserWarning: You can set the device capability via the environment variable TORCH_NPU_DEVICE_CAPABILITY. The return value of get_device_capability is only for compatibility with PyTorch and does not represent the actual capability of the NPU device.
  warnings.warn(f"You can set the device capability via the environment variable TORCH_NPU_DEVICE_CAPABILITY. {warning_str}")
/workspace/verl_official_main_17ea153d95ee_20260729/verl/trainer/main_ppo.py:181: UserWarning: Disabled critic as algorithm.adv_estimator != gae. If it is not intended, please set critic.enable=True
  use_critic=need_critic(config),
WARNING: val_batch_size is deprecated. Validation datasets are sent to inference engines as a whole batch, which will schedule the memory themselves.
[2026-07-29 17:10:03,131][torch_npu.env][INFO] - get env LD_LIBRARY_PATH = /usr/local/Ascend/nnal/atb/latest/atb/cxx_abi_1/lib:/usr/local/Ascend/nnal/atb/latest/atb/cxx_abi_1/examples:/usr/local/Ascend/nnal/atb/latest/atb/cxx_abi_1/tests/atbopstest:/usr/local/Ascend/cann-9.0.0/lib64:/usr/local/Ascend/cann-9.0.0/lib64/plugin/opskernel:/usr/local/Ascend/cann-9.0.0/lib64/plugin/nnengine:/usr/local/Ascend/cann-9.0.0/opp/built-in/op_impl/ai_core/tbe/op_tiling/lib/linux/aarch64:/usr/local/Ascend/driver/lib64:/usr/local/Ascend/driver/lib64/common:/usr/local/Ascend/driver/lib64/driver:/usr/local/Ascend/nnal/atb/latest/atb/cxx_abi_1/lib:/usr/local/Ascend/nnal/atb/latest/atb/cxx_abi_1/examples:/usr/local/Ascend/nnal/atb/latest/atb/cxx_abi_1/tests/atbopstest:/usr/local/Ascend/driver/lib64:/usr/local/Ascend/driver/lib64/common:/usr/local/Ascend/driver/lib64/driver:/usr/local/Ascend/driver/lib64:/usr/local/Ascend/driver/lib64/common:/usr/local/Ascend/driver/lib64/driver:/usr/local/Ascend/nnal/atb/latest/atb/cxx_abi_1/lib:/usr/local/Ascend/nnal/atb/latest/atb/cxx_abi_1/examples:/usr/local/Ascend/nnal/atb/latest/atb/cxx_abi_1/tests/atbopstest:/usr/local/Ascend/ascend-toolkit/latest/tools/aml/lib64:/usr/local/Ascend/ascend-toolkit/latest/tools/aml/lib64/plugin:/usr/local/Ascend/ascend-toolkit/latest/lib64:/usr/local/Ascend/ascend-toolkit/latest/lib64/plugin/opskernel:/usr/local/Ascend/ascend-toolkit/latest/lib64/plugin/nnengine:/usr/local/Ascend/ascend-toolkit/latest/opp/built-in/op_impl/ai_core/tbe/op_tiling:/usr/local/python3.11.15/lib:
INFO 07-29 17:10:03 [__init__.py:44] Available plugins for group vllm.platform_plugins:
INFO 07-29 17:10:03 [__init__.py:46] - ascend -> vllm_ascend:register
INFO 07-29 17:10:03 [__init__.py:49] All plugins in this group will be loaded. Set `VLLM_PLUGINS` to control which plugins to load.
INFO 07-29 17:10:03 [__init__.py:239] Platform plugin ascend is activated
[2026-07-29 17:10:07,009][torch_npu.env][INFO] - get env TORCHINDUCTOR_CACHE_DIR = /tmp/torchinductor_root
[validate_config] All configuration checks passed successfully!
[2026-07-29 17:10:08,033][torch_npu.env][INFO] - get env TOKENIZERS_PARALLELISM = false
[2026-07-29 17:10:08,034][torch_npu.env][INFO] - get env HCCL_HOST_SOCKET_PORT_RANGE = 60000-60050
[2026-07-29 17:10:08,034][torch_npu.env][INFO] - get env HCCL_NPU_SOCKET_PORT_RANGE = 61000-61050
[2026-07-29 17:10:08,034][torch_npu.env][INFO] - get env PYTHONPATH = /workspace/verl_official_main_17ea153d95ee_20260729:/usr/local/Ascend/cann-9.0.0/python/site-packages:/usr/local/Ascend/cann-9.0.0/opp/built-in/op_impl/ai_core/tbe:/usr/local/Ascend/ascend-toolkit/latest/python/site-packages:/usr/local/Ascend/ascend-toolkit/latest/opp/built-in/op_impl/ai_core/tbe:
ray init kwargs: {'num_cpus': None, 'runtime_env': {'env_vars': {'NCCL_DEBUG': 'WARN', 'VLLM_LOGGING_LEVEL': 'WARN', 'VLLM_ALLOW_RUNTIME_LORA_UPDATING': 'true', 'VLLM_DISABLE_COMPILE_CACHE': '1', 'HSA_NO_SCRATCH_RECLAIM': '1', 'PYTHONHASHSEED': '0', 'VERL_FULL_DETERMINISM': '0', 'VLLM_BATCH_INVARIANT': '0', 'VERL_RL_INSIGHT_ENABLE': '0', 'PYTHONPATH': '/workspace/verl_official_main_17ea153d95ee_20260729:/usr/local/Ascend/cann-9.0.0/python/site-packages:/usr/local/Ascend/cann-9.0.0/opp/built-in/op_impl/ai_core/tbe:/usr/local/Ascend/ascend-toolkit/latest/python/site-packages:/usr/local/Ascend/ascend-toolkit/latest/opp/built-in/op_impl/ai_core/tbe:', 'TRANSFER_QUEUE_ENABLE': '1'}, 'working_dir': None}}
[2026-07-29 17:10:11,449][torch_npu.env][INFO] - get env RAY_USAGE_STATS_ENABLED = 0
2026-07-29 17:10:17,245	INFO worker.py:2003 -- Started a local Ray instance. View the dashboard at [1m[32mhttp://127.0.0.1:8265 [39m[22m
/usr/local/python3.11.15/lib/python3.11/site-packages/ray/_private/worker.py:2051: FutureWarning: Tip: In future versions of Ray, Ray will no longer override accelerator visible devices env var if num_gpus=0 or num_gpus=None (default). To enable this behavior and turn off this error message, set RAY_ACCEL_ENV_VAR_OVERRIDE_ON_ZERO=0
  warnings.warn(
[36m(TaskRunnerV1 pid=13158)[0m WARNING:2026-07-29 17:10:40,360:Platform 'huawei' (PlatformNPU) is registered but not available. This may be due to this ray actor being a CPU-only actor.
[36m(TaskRunnerV1 pid=13158)[0m /usr/local/python3.11.15/lib/python3.11/site-packages/torch_npu/contrib/transfer_to_npu.py:362: ImportWarning: 
[36m(TaskRunnerV1 pid=13158)[0m     *************************************************************************************************************
[36m(TaskRunnerV1 pid=13158)[0m     The torch.Tensor.cuda and torch.nn.Module.cuda are replaced with torch.Tensor.npu and torch.nn.Module.npu now..
[36m(TaskRunnerV1 pid=13158)[0m     The torch.cuda.DoubleTensor is replaced with torch.npu.FloatTensor cause the double type is not supported now..
[36m(TaskRunnerV1 pid=13158)[0m     The backend in torch.distributed.init_process_group set to hccl now..
[36m(TaskRunnerV1 pid=13158)[0m     The torch.cuda.* and torch.cuda.amp.* are replaced with torch.npu.* and torch.npu.amp.* now..
[36m(TaskRunnerV1 pid=13158)[0m     The device parameters have been replaced with npu in the function below:
[36m(TaskRunnerV1 pid=13158)[0m     torch.logspace, torch.randint, torch.hann_window, torch.rand, torch.full_like, torch.ones_like, torch.rand_like, torch.randperm, torch.arange, torch.frombuffer, torch.normal, torch._empty_per_channel_affine_quantized, torch.empty_strided, torch.empty_like, torch.scalar_tensor, torch.tril_indices, torch.bartlett_window, torch.ones, torch.sparse_coo_tensor, torch.randn, torch.kaiser_window, torch.tensor, torch.triu_indices, torch.as_tensor, torch.zeros, torch.randint_like, torch.full, torch.eye, torch._sparse_csr_tensor_unsafe, torch.empty, torch._sparse_coo_tensor_unsafe, torch.blackman_window, torch.zeros_like, torch.range, torch.sparse_csr_tensor, torch.randn_like, torch.from_file, torch._cudnn_init_dropout_state, torch._empty_affine_quantized, torch.linspace, torch.hamming_window, torch.empty_quantized, torch._pin_memory, torch.load, torch.set_default_device, torch.get_device_module, torch.sparse_compressed_tensor, torch.Tensor.new_empty, torch.Tensor.new_empty_strided, torch.Tensor.new_full, torch.Tensor.new_ones, torch.Tensor.new_tensor, torch.Tensor.new_zeros, torch.Tensor.to, torch.Tensor.pin_memory, torch.nn.Module.to, torch.nn.Module.to_empty
[36m(TaskRunnerV1 pid=13158)[0m     *************************************************************************************************************
[36m(TaskRunnerV1 pid=13158)[0m     
[36m(TaskRunnerV1 pid=13158)[0m   warnings.warn(msg, ImportWarning)
[36m(TaskRunnerV1 pid=13158)[0m /usr/local/python3.11.15/lib/python3.11/site-packages/torch_npu/contrib/transfer_to_npu.py:291: RuntimeWarning: torch.jit.script and torch.jit.script_method will be disabled by transfer_to_npu, which currently does not support them, if you need to enable them, please do not use transfer_to_npu.
[36m(TaskRunnerV1 pid=13158)[0m   warnings.warn(msg, RuntimeWarning)
[36m(TaskRunnerV1 pid=13158)[0m /MindSpeed/mindspeed/features_manager/megatron_basic/requirements_basic.py:68: UserWarning: fla_npu is not installed. use chunk_gated_delta_rule instead.
[36m(TaskRunnerV1 pid=13158)[0m   warnings.warn("fla_npu is not installed. use chunk_gated_delta_rule instead.")
[36m(TaskRunnerV1 pid=13158)[0m /Megatron-LM/megatron/core/inference/contexts/__init__.py:9: DeprecationWarning: The following imports from `dynamic_context.py` will be removed in this file in `megatron-core` 0.14. The imports here result in a cyclic import issue that causes rotary embeddings to import from Apex rather than Transformer Engine.
[36m(TaskRunnerV1 pid=13158)[0m   warnings.warn(
[36m(TaskRunnerV1 pid=13158)[0m /MindSpeed/mindspeed/core/tensor_parallel/tp_2d/layernorm_2d.py:88: FutureWarning: `torch_npu.npu.amp.custom_fwd(args...)` is deprecated. Please use `torch.amp.custom_fwd(args..., device_type='npu')` instead.
[36m(TaskRunnerV1 pid=13158)[0m   @custom_fwd
[36m(TaskRunnerV1 pid=13158)[0m /MindSpeed/mindspeed/core/tensor_parallel/tp_2d/layernorm_2d.py:147: FutureWarning: `torch_npu.npu.amp.custom_bwd(args...)` is deprecated. Please use `torch.amp.custom_bwd(args..., device_type='npu')` instead.
[36m(TaskRunnerV1 pid=13158)[0m   @custom_bwd
[36m(TaskRunnerV1 pid=13158)[0m /MindSpeed/mindspeed/core/tensor_parallel/tp_2d/rms_norm_2d.py:66: FutureWarning: `torch_npu.npu.amp.custom_fwd(args...)` is deprecated. Please use `torch.amp.custom_fwd(args..., device_type='npu')` instead.
[36m(TaskRunnerV1 pid=13158)[0m   @custom_fwd
[36m(TaskRunnerV1 pid=13158)[0m /MindSpeed/mindspeed/core/tensor_parallel/tp_2d/rms_norm_2d.py:87: FutureWarning: `torch_npu.npu.amp.custom_bwd(args...)` is deprecated. Please use `torch.amp.custom_bwd(args..., device_type='npu')` instead.
[36m(TaskRunnerV1 pid=13158)[0m   @custom_bwd
[36m(TaskRunnerV1 pid=13158)[0m /Megatron-LM/megatron/core/transformer/multi_latent_attention.py:36: DeprecationWarning: The 'megatron.core.transformer.custom_layers.transformer_engine' 
[36m(TaskRunnerV1 pid=13158)[0m     module is deprecated and will be removed in 0.10.0. Please use 
[36m(TaskRunnerV1 pid=13158)[0m     'megatron.core.extensions.transformer_engine' instead.
[36m(TaskRunnerV1 pid=13158)[0m   from megatron.core.transformer.custom_layers.transformer_engine import (
[36m(TaskRunnerV1 pid=13158)[0m [Rank 0 | Local Rank 0] 2026-07-29 17:10:40,655 INFO [mindspeed.megatron_adaptor:33] => start to patch features in megatron adaptor.
[36m(TaskRunnerV1 pid=13158)[0m [Rank 0 | Local Rank 0] 2026-07-29 17:10:43,562 INFO [megatron.core.distributed.fsdp.src.megatron_fsdp.mixed_precision:34] => Using Megatron-FSDP without Transformer Engine.
[36m(TaskRunnerV1 pid=13158)[0m [Rank 0 | Local Rank 0] 2026-07-29 17:10:43,565 INFO [megatron.core.distributed.fsdp.src.megatron_fsdp.param_and_grad_buffer:69] => Detected Megatron Core, using Megatron-FSDP with Megatron.
[36m(TaskRunnerV1 pid=13158)[0m [Rank 0 | Local Rank 0] 2026-07-29 17:10:43,570 INFO [megatron.core.distributed.fsdp.src.megatron_fsdp.megatron_fsdp:47] => Detected Megatron Core, using Megatron-FSDP with Megatron.
[36m(TaskRunnerV1 pid=13158)[0m {'actor_rollout_ref': {'actor': {'_target_': 'verl.workers.config.FSDPActorConfig',
[36m(TaskRunnerV1 pid=13158)[0m                                  'calculate_entropy': False,
[36m(TaskRunnerV1 pid=13158)[0m                                  'calculate_sum_pi_squared': False,
[36m(TaskRunnerV1 pid=13158)[0m                                  'checkpoint': {'_target_': 'verl.trainer.config.CheckpointConfig',
[36m(TaskRunnerV1 pid=13158)[0m                                                 'async_save': False,
[36m(TaskRunnerV1 pid=13158)[0m                                                 'load_contents': ['model',
[36m(TaskRunnerV1 pid=13158)[0m                                                                   'optimizer',
[36m(TaskRunnerV1 pid=13158)[0m                                                                   'extra'],
[36m(TaskRunnerV1 pid=13158)[0m                                                 'save_contents': ['model',
[36m(TaskRunnerV1 pid=13158)[0m                                                                   'optimizer',
[36m(TaskRunnerV1 pid=13158)[0m                                                                   'extra'],
[36m(TaskRunnerV1 pid=13158)[0m                                                 'strict': True},
[36m(TaskRunnerV1 pid=13158)[0m                                  'clip_ratio': 0.2,
[36m(TaskRunnerV1 pid=13158)[0m                                  'clip_ratio_c': 3.0,
[36m(TaskRunnerV1 pid=13158)[0m                                  'clip_ratio_high': 0.2,
[36m(TaskRunnerV1 pid=13158)[0m                                  'clip_ratio_low': 0.2,
[36m(TaskRunnerV1 pid=13158)[0m                                  'data_loader_seed': 1,
[36m(TaskRunnerV1 pid=13158)[0m                                  'entropy_checkpointing': False,
[36m(TaskRunnerV1 pid=13158)[0m                                  'entropy_coeff': 0,
[36m(TaskRunnerV1 pid=13158)[0m                                  'entropy_from_logits_chunk_size': 2048,
[36m(TaskRunnerV1 pid=13158)[0m                                  'entropy_from_logits_with_chunking': False,
[36m(TaskRunnerV1 pid=13158)[0m                                  'freeze_vision_tower': False,
[36m(TaskRunnerV1 pid=13158)[0m                                  'fsdp_config': {'_target_': 'verl.workers.config.FSDPEngineConfig',
[36m(TaskRunnerV1 pid=13158)[0m                                                  'dtype': 'bfloat16',
[36m(TaskRunnerV1 pid=13158)[0m                                                  'entropy_checkpointing': False,
[36m(TaskRunnerV1 pid=13158)[0m                                                  'entropy_from_logits_chunk_size': 2048,
[36m(TaskRunnerV1 pid=13158)[0m                                                  'entropy_from_logits_with_chunking': False,
[36m(TaskRunnerV1 pid=13158)[0m                                                  'forward_only': False,
[36m(TaskRunnerV1 pid=13158)[0m                                                  'forward_prefetch': False,
[36m(TaskRunnerV1 pid=13158)[0m                                                  'fsdp_size': -1,
[36m(TaskRunnerV1 pid=13158)[0m                                                  'full_determinism': False,
[36m(TaskRunnerV1 pid=13158)[0m                                                  'model_dtype': 'fp32',
[36m(TaskRunnerV1 pid=13158)[0m                                                  'offload_policy': False,
[36m(TaskRunnerV1 pid=13158)[0m                                                  'optimizer_offload': False,
[36m(TaskRunnerV1 pid=13158)[0m                                                  'param_offload': False,
[36m(TaskRunnerV1 pid=13158)[0m                                                  'qat': {'_target_': 'verl.workers.config.QATEngineConfig',
[36m(TaskRunnerV1 pid=13158)[0m                                                          'activation_observer': 'static_minmax',
[36m(TaskRunnerV1 pid=13158)[0m                                                          'enable': False,
[36m(TaskRunnerV1 pid=13158)[0m                                                          'group_size': 16,
[36m(TaskRunnerV1 pid=13158)[0m                                                          'ignore_patterns': ['lm_head',
[36m(TaskRunnerV1 pid=13158)[0m                                                                              'embed_tokens',
[36m(TaskRunnerV1 pid=13158)[0m                                                                              're:.*mlp.gate$'],
[36m(TaskRunnerV1 pid=13158)[0m                                                          'mode': 'w4a16',
[36m(TaskRunnerV1 pid=13158)[0m                                                          'quantization_config_path': None},
[36m(TaskRunnerV1 pid=13158)[0m                                                  'reshard_after_forward': True,
[36m(TaskRunnerV1 pid=13158)[0m                                                  'seed': 1,
[36m(TaskRunnerV1 pid=13158)[0m                                                  'strategy': 'fsdp2',
[36m(TaskRunnerV1 pid=13158)[0m                                                  'ulysses_sequence_parallel_size': 1,
[36m(TaskRunnerV1 pid=13158)[0m                                                  'use_orig_params': False,
[36m(TaskRunnerV1 pid=13158)[0m                                                  'use_torch_compile': False,
[36m(TaskRunnerV1 pid=13158)[0m                                                  'wrap_policy': {'min_num_params': 0}},
[36m(TaskRunnerV1 pid=13158)[0m                                  'grad_clip': 1.0,
[36m(TaskRunnerV1 pid=13158)[0m                                  'kl_loss_coef': 0.001,
[36m(TaskRunnerV1 pid=13158)[0m                                  'kl_loss_type': 'low_var_kl',
[36m(TaskRunnerV1 pid=13158)[0m                                  'loss_agg_mode': 'token-mean',
[36m(TaskRunnerV1 pid=13158)[0m                                  'loss_scale_factor': None,
[36m(TaskRunnerV1 pid=13158)[0m                                  'optim': {'_target_': 'verl.workers.config.FSDPOptimizerConfig',
[36m(TaskRunnerV1 pid=13158)[0m                                            'betas': [0.9, 0.999],
[36m(TaskRunnerV1 pid=13158)[0m                                            'clip_grad': 1.0,
[36m(TaskRunnerV1 pid=13158)[0m                                            'lr': 1.7e-05,
[36m(TaskRunnerV1 pid=13158)[0m                                            'lr_scheduler_type': 'constant',
[36m(TaskRunnerV1 pid=13158)[0m                                            'lr_warmup_steps': -1,
[36m(TaskRunnerV1 pid=13158)[0m                                            'lr_warmup_steps_ratio': 0.0,
[36m(TaskRunnerV1 pid=13158)[0m                                            'min_lr_ratio': 0.0,
[36m(TaskRunnerV1 pid=13158)[0m                                            'num_cycles': 0.5,
[36m(TaskRunnerV1 pid=13158)[0m                                            'optimizer': 'AdamW',
[36m(TaskRunnerV1 pid=13158)[0m                                            'optimizer_impl': 'torch.optim',
[36m(TaskRunnerV1 pid=13158)[0m                                            'override_optimizer_config': None,
[36m(TaskRunnerV1 pid=13158)[0m                                            'total_training_steps': -1,
[36m(TaskRunnerV1 pid=13158)[0m                                            'warmup_style': None,
[36m(TaskRunnerV1 pid=13158)[0m                                            'weight_decay': 0.01,
[36m(TaskRunnerV1 pid=13158)[0m                                            'zero_indexed_step': True},
[36m(TaskRunnerV1 pid=13158)[0m                                  'policy_loss': {'_target_': 'verl.workers.config.PolicyLossConfig',
[36m(TaskRunnerV1 pid=13158)[0m                                                  'clip_cov_lb': 1.0,
[36m(TaskRunnerV1 pid=13158)[0m                                                  'clip_cov_ratio': 0.0002,
[36m(TaskRunnerV1 pid=13158)[0m                                                  'clip_cov_ub': 5.0,
[36m(TaskRunnerV1 pid=13158)[0m                                                  'kl_cov_ratio': 0.0002,
[36m(TaskRunnerV1 pid=13158)[0m                                                  'loss_mode': 'vanilla',
[36m(TaskRunnerV1 pid=13158)[0m                                                  'ppo_kl_coef': 0.1},
[36m(TaskRunnerV1 pid=13158)[0m                                  'ppo_epochs': 1,
[36m(TaskRunnerV1 pid=13158)[0m                                  'ppo_max_token_len_per_gpu': 4096,
[36m(TaskRunnerV1 pid=13158)[0m                                  'ppo_micro_batch_size': None,
[36m(TaskRunnerV1 pid=13158)[0m                                  'ppo_micro_batch_size_per_gpu': None,
[36m(TaskRunnerV1 pid=13158)[0m                                  'ppo_mini_batch_size': 16,
[36m(TaskRunnerV1 pid=13158)[0m                                  'profiler': {'_target_': 'verl.utils.profiler.ProfilerConfig',
[36m(TaskRunnerV1 pid=13158)[0m                                               'all_ranks': False,
[36m(TaskRunnerV1 pid=13158)[0m                                               'enable': False,
[36m(TaskRunnerV1 pid=13158)[0m                                               'ranks': [],
[36m(TaskRunnerV1 pid=13158)[0m                                               'save_path': 'outputs/profile',
[36m(TaskRunnerV1 pid=13158)[0m                                               'tool': None,
[36m(TaskRunnerV1 pid=13158)[0m                                               'tool_config': {'npu': {'_target_': 'verl.utils.profiler.config.NPUToolConfig',
[36m(TaskRunnerV1 pid=13158)[0m                                                                       'analysis': True,
[36m(TaskRunnerV1 pid=13158)[0m                                                                       'contents': [],
[36m(TaskRunnerV1 pid=13158)[0m                                                                       'discrete': False,
[36m(TaskRunnerV1 pid=13158)[0m                                                                       'level': 'level0'},
[36m(TaskRunnerV1 pid=13158)[0m                                                               'nsys': {'_target_': 'verl.utils.profiler.config.NsightToolConfig',
[36m(TaskRunnerV1 pid=13158)[0m                                                                        'discrete': False},
[36m(TaskRunnerV1 pid=13158)[0m                                                               'precision_debugger': {'_target_': 'verl.utils.profiler.config.PrecisionDebuggerToolConfig',
[36m(TaskRunnerV1 pid=13158)[0m                                                                                      'config_path': None,
[36m(TaskRunnerV1 pid=13158)[0m                                                                                      'stages': None,
[36m(TaskRunnerV1 pid=13158)[0m                                                                                      'steps': None,
[36m(TaskRunnerV1 pid=13158)[0m                                                                                      'strict': False},
[36m(TaskRunnerV1 pid=13158)[0m                                                               'torch': {'_target_': 'verl.utils.profiler.config.TorchProfilerToolConfig',
[36m(TaskRunnerV1 pid=13158)[0m                                                                         'contents': [],
[36m(TaskRunnerV1 pid=13158)[0m                                                                         'discrete': False,
[36m(TaskRunnerV1 pid=13158)[0m                                                                         'schedule': {'_target_': 'verl.utils.profiler.config.TorchProfilerScheduleConfig',
[36m(TaskRunnerV1 pid=13158)[0m                                                                                      'active': 0,
[36m(TaskRunnerV1 pid=13158)[0m                                                                                      'repeat': 0,
[36m(TaskRunnerV1 pid=13158)[0m                                                                                      'skip_first': 0,
[36m(TaskRunnerV1 pid=13158)[0m                                                                                      'wait': 0,
[36m(TaskRunnerV1 pid=13158)[0m                                                                                      'warmup': 0}},
[36m(TaskRunnerV1 pid=13158)[0m                                                               'torch_memory': {'_target_': 'verl.utils.profiler.config.TorchMemoryToolConfig',
[36m(TaskRunnerV1 pid=13158)[0m                                                                                'stack_depth': 32,
[36m(TaskRunnerV1 pid=13158)[0m                                                                                'trace_alloc_max_entries': 100000}}},
[36m(TaskRunnerV1 pid=13158)[0m                                  'qat': {'activation_observer': 'static_minmax',
[36m(TaskRunnerV1 pid=13158)[0m                                          'enable': False,
[36m(TaskRunnerV1 pid=13158)[0m                                          'group_size': 16,
[36m(TaskRunnerV1 pid=13158)[0m                                          'ignore_patterns': ['lm_head',
[36m(TaskRunnerV1 pid=13158)[0m                                                              'embed_tokens',
[36m(TaskRunnerV1 pid=13158)[0m                                                              're:.*mlp.gate$'],
[36m(TaskRunnerV1 pid=13158)[0m                                          'mode': 'w4a16',
[36m(TaskRunnerV1 pid=13158)[0m                                          'quantization_config_path': None},
[36m(TaskRunnerV1 pid=13158)[0m                                  'rollout_n': 4,
[36m(TaskRunnerV1 pid=13158)[0m                                  'router_replay': {'_target_': 'verl.workers.config.RouterReplayConfig',
[36m(TaskRunnerV1 pid=13158)[0m                                                    'mode': 'disabled',
[36m(TaskRunnerV1 pid=13158)[0m                                                    'record_file': None,
[36m(TaskRunnerV1 pid=13158)[0m                                                    'replay_file': None},
[36m(TaskRunnerV1 pid=13158)[0m                                  'shuffle': False,
[36m(TaskRunnerV1 pid=13158)[0m                                  'strategy': 'fsdp2',
[36m(TaskRunnerV1 pid=13158)[0m                                  'tau_neg': 1.05,
[36m(TaskRunnerV1 pid=13158)[0m                                  'tau_pos': 1.0,
[36m(TaskRunnerV1 pid=13158)[0m                                  'ulysses_sequence_parallel_size': 1,
[36m(TaskRunnerV1 pid=13158)[0m                                  'use_dynamic_bsz': True,
[36m(TaskRunnerV1 pid=13158)[0m                                  'use_fused_kernels': False,
[36m(TaskRunnerV1 pid=13158)[0m                                  'use_kl_loss': False,
[36m(TaskRunnerV1 pid=13158)[0m                                  'use_prefix_grouper': False,
[36m(TaskRunnerV1 pid=13158)[0m                                  'use_remove_padding': False,
[36m(TaskRunnerV1 pid=13158)[0m                                  'use_torch_compile': False},
[36m(TaskRunnerV1 pid=13158)[0m                        'hybrid_engine': True,
[36m(TaskRunnerV1 pid=13158)[0m                        'model': {'_target_': 'verl.workers.config.HFModelConfig',
[36m(TaskRunnerV1 pid=13158)[0m                                  'custom_chat_template': None,
[36m(TaskRunnerV1 pid=13158)[0m                                  'enable_activation_offload': False,
[36m(TaskRunnerV1 pid=13158)[0m                                  'enable_gradient_checkpointing': True,
[36m(TaskRunnerV1 pid=13158)[0m                                  'exclude_modules': None,
[36m(TaskRunnerV1 pid=13158)[0m                                  'external_lib': None,
[36m(TaskRunnerV1 pid=13158)[0m                                  'fused_kernel_options': {'impl_backend': 'torch'},
[36m(TaskRunnerV1 pid=13158)[0m                                  'hf_config_path': None,
[36m(TaskRunnerV1 pid=13158)[0m                                  'lora': {'a2a_experimental': False,
[36m(TaskRunnerV1 pid=13158)[0m                                           'adapter_path': None,
[36m(TaskRunnerV1 pid=13158)[0m                                           'alpha': 32,
[36m(TaskRunnerV1 pid=13158)[0m                                           'dropout': 0.0,
[36m(TaskRunnerV1 pid=13158)[0m                                           'dropout_position': 'pre',
[36m(TaskRunnerV1 pid=13158)[0m                                           'dtype': None,
[36m(TaskRunnerV1 pid=13158)[0m                                           'exclude_modules': [],
[36m(TaskRunnerV1 pid=13158)[0m                                           'freeze_language_model': True,
[36m(TaskRunnerV1 pid=13158)[0m                                           'freeze_vision_model': True,
[36m(TaskRunnerV1 pid=13158)[0m                                           'freeze_vision_projection': True,
[36m(TaskRunnerV1 pid=13158)[0m                                           'lora_A_init_method': 'xavier',
[36m(TaskRunnerV1 pid=13158)[0m                                           'lora_B_init_method': 'zero',
[36m(TaskRunnerV1 pid=13158)[0m                                           'merge': False,
[36m(TaskRunnerV1 pid=13158)[0m                                           'rank': 0,
[36m(TaskRunnerV1 pid=13158)[0m                                           'target_modules': ['linear_qkv',
[36m(TaskRunnerV1 pid=13158)[0m                                                              'linear_proj',
[36m(TaskRunnerV1 pid=13158)[0m                                                              'linear_fc1',
[36m(TaskRunnerV1 pid=13158)[0m                                                              'linear_fc2'],
[36m(TaskRunnerV1 pid=13158)[0m                                           'type': 'lora'},
[36m(TaskRunnerV1 pid=13158)[0m                                  'lora_adapter_path': None,
[36m(TaskRunnerV1 pid=13158)[0m                                  'lora_alpha': 16,
[36m(TaskRunnerV1 pid=13158)[0m                                  'lora_rank': 16,
[36m(TaskRunnerV1 pid=13158)[0m                                  'mtp': {'_target_': 'verl.workers.config.MtpConfig',
[36m(TaskRunnerV1 pid=13158)[0m                                          'detach_encoder': False,
[36m(TaskRunnerV1 pid=13158)[0m                                          'enable': False,
[36m(TaskRunnerV1 pid=13158)[0m                                          'enable_rollout': False,
[36m(TaskRunnerV1 pid=13158)[0m                                          'enable_train': False,
[36m(TaskRunnerV1 pid=13158)[0m                                          'method': 'mtp',
[36m(TaskRunnerV1 pid=13158)[0m                                          'mtp_loss_scaling_factor': 0.1,
[36m(TaskRunnerV1 pid=13158)[0m                                          'num_speculative_tokens': 1,
[36m(TaskRunnerV1 pid=13158)[0m                                          'speculative_algorithm': 'EAGLE',
[36m(TaskRunnerV1 pid=13158)[0m                                          'speculative_eagle_topk': 1,
[36m(TaskRunnerV1 pid=13158)[0m                                          'speculative_num_draft_tokens': 4,
[36m(TaskRunnerV1 pid=13158)[0m                                          'speculative_num_steps': 3},
[36m(TaskRunnerV1 pid=13158)[0m                                  'override_config': {},
[36m(TaskRunnerV1 pid=13158)[0m                                  'path': '/mnt/lv_model/npu60005420a/models/Qwen3-4B',
[36m(TaskRunnerV1 pid=13158)[0m                                  'target_modules': 'all-linear',
[36m(TaskRunnerV1 pid=13158)[0m                                  'tiled_mlp': {'enabled': False,
[36m(TaskRunnerV1 pid=13158)[0m                                                'num_shards': 4},
[36m(TaskRunnerV1 pid=13158)[0m                                  'tokenizer_path': None,
[36m(TaskRunnerV1 pid=13158)[0m                                  'trust_remote_code': False,
[36m(TaskRunnerV1 pid=13158)[0m                                  'use_fused_kernels': False,
[36m(TaskRunnerV1 pid=13158)[0m                                  'use_liger': False,
[36m(TaskRunnerV1 pid=13158)[0m                                  'use_remove_padding': False,
[36m(TaskRunnerV1 pid=13158)[0m                                  'use_shm': False},
[36m(TaskRunnerV1 pid=13158)[0m                        'nccl_timeout': 600,
[36m(TaskRunnerV1 pid=13158)[0m                        'ref': {'_target_': 'verl.workers.config.FSDPActorConfig',
[36m(TaskRunnerV1 pid=13158)[0m                                'entropy_checkpointing': False,
[36m(TaskRunnerV1 pid=13158)[0m                                'entropy_from_logits_chunk_size': 2048,
[36m(TaskRunnerV1 pid=13158)[0m                                'entropy_from_logits_with_chunking': False,
[36m(TaskRunnerV1 pid=13158)[0m                                'fsdp_config': {'_target_': 'verl.workers.config.FSDPEngineConfig',
[36m(TaskRunnerV1 pid=13158)[0m                                                'dtype': 'bfloat16',
[36m(TaskRunnerV1 pid=13158)[0m                                                'entropy_checkpointing': False,
[36m(TaskRunnerV1 pid=13158)[0m                                                'entropy_from_logits_chunk_size': 2048,
[36m(TaskRunnerV1 pid=13158)[0m                                                'entropy_from_logits_with_chunking': False,
[36m(TaskRunnerV1 pid=13158)[0m                                                'forward_only': True,
[36m(TaskRunnerV1 pid=13158)[0m                                                'forward_prefetch': False,
[36m(TaskRunnerV1 pid=13158)[0m                                                'fsdp_size': -1,
[36m(TaskRunnerV1 pid=13158)[0m                                                'full_determinism': False,
[36m(TaskRunnerV1 pid=13158)[0m                                                'model_dtype': 'fp32',
[36m(TaskRunnerV1 pid=13158)[0m                                                'offload_policy': False,
[36m(TaskRunnerV1 pid=13158)[0m                                                'optimizer_offload': False,
[36m(TaskRunnerV1 pid=13158)[0m                                                'param_offload': False,
[36m(TaskRunnerV1 pid=13158)[0m                                                'qat': {'_target_': 'verl.workers.config.QATEngineConfig',
[36m(TaskRunnerV1 pid=13158)[0m                                                        'activation_observer': 'static_minmax',
[36m(TaskRunnerV1 pid=13158)[0m                                                        'enable': False,
[36m(TaskRunnerV1 pid=13158)[0m                                                        'group_size': 16,
[36m(TaskRunnerV1 pid=13158)[0m                                                        'ignore_patterns': ['lm_head',
[36m(TaskRunnerV1 pid=13158)[0m                                                                            'embed_tokens',
[36m(TaskRunnerV1 pid=13158)[0m                                                                            're:.*mlp.gate$'],
[36m(TaskRunnerV1 pid=13158)[0m                                                        'mode': 'w4a16',
[36m(TaskRunnerV1 pid=13158)[0m                                                        'quantization_config_path': None},
[36m(TaskRunnerV1 pid=13158)[0m                                                'reshard_after_forward': True,
[36m(TaskRunnerV1 pid=13158)[0m                                                'seed': 42,
[36m(TaskRunnerV1 pid=13158)[0m                                                'strategy': 'fsdp',
[36m(TaskRunnerV1 pid=13158)[0m                                                'ulysses_sequence_parallel_size': 1,
[36m(TaskRunnerV1 pid=13158)[0m                                                'use_orig_params': False,
[36m(TaskRunnerV1 pid=13158)[0m                                                'use_torch_compile': True,
[36m(TaskRunnerV1 pid=13158)[0m                                                'wrap_policy': {'min_num_params': 0}},
[36m(TaskRunnerV1 pid=13158)[0m                                'log_prob_max_token_len_per_gpu': 4096,
[36m(TaskRunnerV1 pid=13158)[0m                                'log_prob_micro_batch_size': None,
[36m(TaskRunnerV1 pid=13158)[0m                                'log_prob_micro_batch_size_per_gpu': None,
[36m(TaskRunnerV1 pid=13158)[0m                                'log_prob_use_dynamic_bsz': True,
[36m(TaskRunnerV1 pid=13158)[0m                                'profiler': {'_target_': 'verl.utils.profiler.ProfilerConfig',
[36m(TaskRunnerV1 pid=13158)[0m                                             'all_ranks': False,
[36m(TaskRunnerV1 pid=13158)[0m                                             'enable': False,
[36m(TaskRunnerV1 pid=13158)[0m                                             'ranks': [],
[36m(TaskRunnerV1 pid=13158)[0m                                             'save_path': 'outputs/profile',
[36m(TaskRunnerV1 pid=13158)[0m                                             'tool': None,
[36m(TaskRunnerV1 pid=13158)[0m                                             'tool_config': {'npu': {'_target_': 'verl.utils.profiler.config.NPUToolConfig',
[36m(TaskRunnerV1 pid=13158)[0m                                                                     'analysis': True,
[36m(TaskRunnerV1 pid=13158)[0m                                                                     'contents': [],
[36m(TaskRunnerV1 pid=13158)[0m                                                                     'discrete': False,
[36m(TaskRunnerV1 pid=13158)[0m                                                                     'level': 'level0'},
[36m(TaskRunnerV1 pid=13158)[0m                                                             'nsys': {'_target_': 'verl.utils.profiler.config.NsightToolConfig',
[36m(TaskRunnerV1 pid=13158)[0m                                                                      'discrete': False},
[36m(TaskRunnerV1 pid=13158)[0m                                                             'precision_debugger': {'_target_': 'verl.utils.profiler.config.PrecisionDebuggerToolConfig',
[36m(TaskRunnerV1 pid=13158)[0m                                                                                    'config_path': None,
[36m(TaskRunnerV1 pid=13158)[0m                                                                                    'stages': None,
[36m(TaskRunnerV1 pid=13158)[0m                                                                                    'steps': None,
[36m(TaskRunnerV1 pid=13158)[0m                                                                                    'strict': False},
[36m(TaskRunnerV1 pid=13158)[0m                                                             'torch': {'_target_': 'verl.utils.profiler.config.TorchProfilerToolConfig',
[36m(TaskRunnerV1 pid=13158)[0m                                                                       'contents': [],
[36m(TaskRunnerV1 pid=13158)[0m                                                                       'discrete': False,
[36m(TaskRunnerV1 pid=13158)[0m                                                                       'schedule': {'_target_': 'verl.utils.profiler.config.TorchProfilerScheduleConfig',
[36m(TaskRunnerV1 pid=13158)[0m                                                                                    'active': 0,
[36m(TaskRunnerV1 pid=13158)[0m                                                                                    'repeat': 0,
[36m(TaskRunnerV1 pid=13158)[0m                                                                                    'skip_first': 0,
[36m(TaskRunnerV1 pid=13158)[0m                                                                                    'wait': 0,
[36m(TaskRunnerV1 pid=13158)[0m                                                                                    'warmup': 0}},
[36m(TaskRunnerV1 pid=13158)[0m                                                             'torch_memory': {'_target_': 'verl.utils.profiler.config.TorchMemoryToolConfig',
[36m(TaskRunnerV1 pid=13158)[0m                                                                              'stack_depth': 32,
[36m(TaskRunnerV1 pid=13158)[0m                                                                              'trace_alloc_max_entries': 100000}}},
[36m(TaskRunnerV1 pid=13158)[0m                                'rollout_n': 4,
[36m(TaskRunnerV1 pid=13158)[0m                                'router_replay': {'_target_': 'verl.workers.config.RouterReplayConfig',
[36m(TaskRunnerV1 pid=13158)[0m                                                  'mode': 'disabled',
[36m(TaskRunnerV1 pid=13158)[0m                                                  'record_file': None,
[36m(TaskRunnerV1 pid=13158)[0m                                                  'replay_file': None},
[36m(TaskRunnerV1 pid=13158)[0m                                'strategy': 'fsdp2',
[36m(TaskRunnerV1 pid=13158)[0m                                'ulysses_sequence_parallel_size': 1,
[36m(TaskRunnerV1 pid=13158)[0m                                'use_torch_compile': False},
[36m(TaskRunnerV1 pid=13158)[0m                        'rollout': {'_target_': 'verl.workers.config.RolloutConfig',
[36m(TaskRunnerV1 pid=13158)[0m                                    'agent': {'_target_': 'verl.workers.config.AgentLoopConfig',
[36m(TaskRunnerV1 pid=13158)[0m                                              'agent_loop_config_path': None,
[36m(TaskRunnerV1 pid=13158)[0m                                              'custom_async_server': {'_target_': 'verl.workers.config.CustomAsyncServerConfig',
[36m(TaskRunnerV1 pid=13158)[0m                                                                      'name': None,
[36m(TaskRunnerV1 pid=13158)[0m                                                                      'path': None},
[36m(TaskRunnerV1 pid=13158)[0m                                              'default_agent_loop': 'single_turn_agent',
[36m(TaskRunnerV1 pid=13158)[0m                                              'num_workers': 8},
[36m(TaskRunnerV1 pid=13158)[0m                                    'calculate_log_probs': True,
[36m(TaskRunnerV1 pid=13158)[0m                                    'checkpoint_engine': {'_target_': 'verl.workers.config.CheckpointEngineConfig',
[36m(TaskRunnerV1 pid=13158)[0m                                                          'backend': 'nccl',
[36m(TaskRunnerV1 pid=13158)[0m                                                          'custom_backend_module': None,
[36m(TaskRunnerV1 pid=13158)[0m                                                          'engine_kwargs': {},
[36m(TaskRunnerV1 pid=13158)[0m                                                          'update_weights_bucket_megabytes': 2048},
[36m(TaskRunnerV1 pid=13158)[0m                                    'cudagraph_capture_sizes': None,
[36m(TaskRunnerV1 pid=13158)[0m                                    'data_parallel_size': 1,
[36m(TaskRunnerV1 pid=13158)[0m                                    'disable_log_stats': True,
[36m(TaskRunnerV1 pid=13158)[0m                                    'disaggregation': {'bootstrap_port': None,
[36m(TaskRunnerV1 pid=13158)[0m                                                       'decode_replicas': 1,
[36m(TaskRunnerV1 pid=13158)[0m                                                       'decode_tensor_model_parallel_size': None,
[36m(TaskRunnerV1 pid=13158)[0m                                                       'enabled': False,
[36m(TaskRunnerV1 pid=13158)[0m                                                       'ib_device': None,
[36m(TaskRunnerV1 pid=13158)[0m                                                       'prefill_replicas': 1,
[36m(TaskRunnerV1 pid=13158)[0m                                                       'transfer_backend': 'nixl'},
[36m(TaskRunnerV1 pid=13158)[0m                                    'do_sample': True,
[36m(TaskRunnerV1 pid=13158)[0m                                    'dtype': 'bfloat16',
[36m(TaskRunnerV1 pid=13158)[0m                                    'enable_chunked_prefill': True,
[36m(TaskRunnerV1 pid=13158)[0m                                    'enable_prefix_caching': True,
[36m(TaskRunnerV1 pid=13158)[0m                                    'enable_rollout_routing_replay': False,
[36m(TaskRunnerV1 pid=13158)[0m                                    'enforce_eager': False,
[36m(TaskRunnerV1 pid=13158)[0m                                    'engine_kwargs': {'sglang': {},
[36m(TaskRunnerV1 pid=13158)[0m                                                      'trtllm': {},
[36m(TaskRunnerV1 pid=13158)[0m                                                      'vllm': {}},
[36m(TaskRunnerV1 pid=13158)[0m                                    'expert_parallel_size': 1,
[36m(TaskRunnerV1 pid=13158)[0m                                    'free_cache_engine': True,
[36m(TaskRunnerV1 pid=13158)[0m                                    'full_determinism': False,
[36m(TaskRunnerV1 pid=13158)[0m                                    'gpu_memory_utilization': 0.7,
[36m(TaskRunnerV1 pid=13158)[0m                                    'ignore_eos': False,
[36m(TaskRunnerV1 pid=13158)[0m                                    'layered_summon': False,
[36m(TaskRunnerV1 pid=13158)[0m                                    'load_format': 'dummy',
[36m(TaskRunnerV1 pid=13158)[0m                                    'log_prob_max_token_len_per_gpu': 4096,
[36m(TaskRunnerV1 pid=13158)[0m                                    'log_prob_micro_batch_size': None,
[36m(TaskRunnerV1 pid=13158)[0m                                    'log_prob_micro_batch_size_per_gpu': None,
[36m(TaskRunnerV1 pid=13158)[0m                                    'log_prob_use_dynamic_bsz': True,
[36m(TaskRunnerV1 pid=13158)[0m                                    'logprobs_mode': 'processed_logprobs',
[36m(TaskRunnerV1 pid=13158)[0m                                    'max_model_len': 2048,
[36m(TaskRunnerV1 pid=13158)[0m                                    'max_num_batched_tokens': 4096,
[36m(TaskRunnerV1 pid=13158)[0m                                    'max_num_seqs': 64,
[36m(TaskRunnerV1 pid=13158)[0m                                    'mode': 'async',
[36m(TaskRunnerV1 pid=13158)[0m                                    'moe_load_balance_metrics_interval': 0,
[36m(TaskRunnerV1 pid=13158)[0m                                    'mtp': {'_target_': 'verl.workers.config.MtpConfig',
[36m(TaskRunnerV1 pid=13158)[0m                                            'detach_encoder': False,
[36m(TaskRunnerV1 pid=13158)[0m                                            'enable': False,
[36m(TaskRunnerV1 pid=13158)[0m                                            'enable_rollout': False,
[36m(TaskRunnerV1 pid=13158)[0m                                            'enable_train': False,
[36m(TaskRunnerV1 pid=13158)[0m                                            'method': 'mtp',
[36m(TaskRunnerV1 pid=13158)[0m                                            'mtp_loss_scaling_factor': 0.1,
[36m(TaskRunnerV1 pid=13158)[0m                                            'num_speculative_tokens': 1,
[36m(TaskRunnerV1 pid=13158)[0m                                            'speculative_algorithm': 'EAGLE',
[36m(TaskRunnerV1 pid=13158)[0m                                            'speculative_eagle_topk': 1,
[36m(TaskRunnerV1 pid=13158)[0m                                            'speculative_num_draft_tokens': 4,
[36m(TaskRunnerV1 pid=13158)[0m                                            'speculative_num_steps': 3},
[36m(TaskRunnerV1 pid=13158)[0m                                    'multi_stage_wake_up': False,
[36m(TaskRunnerV1 pid=13158)[0m                                    'multi_turn': {'_target_': 'verl.workers.config.MultiTurnConfig',
[36m(TaskRunnerV1 pid=13158)[0m                                                   'enable': False,
[36m(TaskRunnerV1 pid=13158)[0m                                                   'format': 'hermes',
[36m(TaskRunnerV1 pid=13158)[0m                                                   'function_tool_path': None,
[36m(TaskRunnerV1 pid=13158)[0m                                                   'max_assistant_turns': None,
[36m(TaskRunnerV1 pid=13158)[0m                                                   'max_parallel_calls': 1,
[36m(TaskRunnerV1 pid=13158)[0m                                                   'max_tool_response_length': 256,
[36m(TaskRunnerV1 pid=13158)[0m                                                   'max_user_turns': None,
[36m(TaskRunnerV1 pid=13158)[0m                                                   'num_repeat_rollouts': None,
[36m(TaskRunnerV1 pid=13158)[0m                                                   'tokenization_sanity_check_mode': 'strict',
[36m(TaskRunnerV1 pid=13158)[0m                                                   'tool_config_path': None,
[36m(TaskRunnerV1 pid=13158)[0m                                                   'tool_response_truncate_side': 'middle',
[36m(TaskRunnerV1 pid=13158)[0m                                                   'use_inference_chat_template': False},
[36m(TaskRunnerV1 pid=13158)[0m                                    'n': 4,
[36m(TaskRunnerV1 pid=13158)[0m                                    'n_gpus_per_node': 1,
[36m(TaskRunnerV1 pid=13158)[0m                                    'name': 'vllm',
[36m(TaskRunnerV1 pid=13158)[0m                                    'nnodes': 1,
[36m(TaskRunnerV1 pid=13158)[0m                                    'over_sample_rate': 0,
[36m(TaskRunnerV1 pid=13158)[0m                                    'pipeline_model_parallel_size': 1,
[36m(TaskRunnerV1 pid=13158)[0m                                    'profiler': {'_target_': 'verl.utils.profiler.ProfilerConfig',
[36m(TaskRunnerV1 pid=13158)[0m                                                 'all_ranks': False,
[36m(TaskRunnerV1 pid=13158)[0m                                                 'enable': False,
[36m(TaskRunnerV1 pid=13158)[0m                                                 'ranks': [],
[36m(TaskRunnerV1 pid=13158)[0m                                                 'save_path': 'outputs/profile',
[36m(TaskRunnerV1 pid=13158)[0m                                                 'tool': None,
[36m(TaskRunnerV1 pid=13158)[0m                                                 'tool_config': {'npu': {'_target_': 'verl.utils.profiler.config.NPUToolConfig',
[36m(TaskRunnerV1 pid=13158)[0m                                                                         'analysis': True,
[36m(TaskRunnerV1 pid=13158)[0m                                                                         'contents': [],
[36m(TaskRunnerV1 pid=13158)[0m                                                                         'discrete': False,
[36m(TaskRunnerV1 pid=13158)[0m                                                                         'level': 'level0',
[36m(TaskRunnerV1 pid=13158)[0m                                                                         'profile_token_end': None,
[36m(TaskRunnerV1 pid=13158)[0m                                                                         'profile_token_start': None},
[36m(TaskRunnerV1 pid=13158)[0m                                                                 'precision_debugger': {'_target_': 'verl.utils.profiler.config.PrecisionDebuggerToolConfig',
[36m(TaskRunnerV1 pid=13158)[0m                                                                                        'config_path': None,
[36m(TaskRunnerV1 pid=13158)[0m                                                                                        'stages': None,
[36m(TaskRunnerV1 pid=13158)[0m                                                                                        'steps': None,
[36m(TaskRunnerV1 pid=13158)[0m                                                                                        'strict': False},
[36m(TaskRunnerV1 pid=13158)[0m                                                                 'torch': {'_target_': 'verl.utils.profiler.config.TorchProfilerToolConfig',
[36m(TaskRunnerV1 pid=13158)[0m                                                                           'contents': [],
[36m(TaskRunnerV1 pid=13158)[0m                                                                           'discrete': False,
[36m(TaskRunnerV1 pid=13158)[0m                                                                           'profile_token_end': None,
[36m(TaskRunnerV1 pid=13158)[0m                                                                           'profile_token_start': None}}},
[36m(TaskRunnerV1 pid=13158)[0m                                    'prometheus': {'_target_': 'verl.workers.config.PrometheusConfig',
[36m(TaskRunnerV1 pid=13158)[0m                                                   'enable': False,
[36m(TaskRunnerV1 pid=13158)[0m                                                   'file': '/tmp/ray/session_latest/metrics/prometheus/prometheus.yml',
[36m(TaskRunnerV1 pid=13158)[0m                                                   'port': 9090,
[36m(TaskRunnerV1 pid=13158)[0m                                                   'served_model_name': '/mnt/lv_model/npu60005420a/models/Qwen3-4B'},
[36m(TaskRunnerV1 pid=13158)[0m                                    'prompt_length': 1024,
[36m(TaskRunnerV1 pid=13158)[0m                                    'qat': {'_target_': 'verl.workers.config.QATEngineConfig',
[36m(TaskRunnerV1 pid=13158)[0m                                            'activation_observer': 'static_minmax',
[36m(TaskRunnerV1 pid=13158)[0m                                            'enable': False,
[36m(TaskRunnerV1 pid=13158)[0m                                            'group_size': 16,
[36m(TaskRunnerV1 pid=13158)[0m                                            'ignore_patterns': ['lm_head',
[36m(TaskRunnerV1 pid=13158)[0m                                                                'embed_tokens',
[36m(TaskRunnerV1 pid=13158)[0m                                                                're:.*mlp.gate$'],
[36m(TaskRunnerV1 pid=13158)[0m                                            'mode': 'w4a16',
[36m(TaskRunnerV1 pid=13158)[0m                                            'quantization_config_path': None},
[36m(TaskRunnerV1 pid=13158)[0m                                    'quantization': None,
[36m(TaskRunnerV1 pid=13158)[0m                                    'quantization_config_file': None,
[36m(TaskRunnerV1 pid=13158)[0m                                    'response_length': 1024,
[36m(TaskRunnerV1 pid=13158)[0m                                    'scheduling_policy': 'fcfs',
[36m(TaskRunnerV1 pid=13158)[0m                                    'seed': 1,
[36m(TaskRunnerV1 pid=13158)[0m                                    'skip_tokenizer_init': True,
[36m(TaskRunnerV1 pid=13158)[0m                                    'temperature': 1.0,
[36m(TaskRunnerV1 pid=13158)[0m                                    'tensor_model_parallel_size': 1,
[36m(TaskRunnerV1 pid=13158)[0m                                    'top_k': -1,
[36m(TaskRunnerV1 pid=13158)[0m                                    'top_p': 1.0,
[36m(TaskRunnerV1 pid=13158)[0m                                    'trace': {'_target_': 'verl.workers.config.TraceConfig',
[36m(TaskRunnerV1 pid=13158)[0m                                              'backend': None,
[36m(TaskRunnerV1 pid=13158)[0m                                              'experiment_name': 'qy_owner_verl_smoke1_v4_npu23',
[36m(TaskRunnerV1 pid=13158)[0m                                              'max_samples_per_step_per_worker': None,
[36m(TaskRunnerV1 pid=13158)[0m                                              'project_name': 'twinkle-aligned-gsm8k-grpo',
[36m(TaskRunnerV1 pid=13158)[0m                                              'token2text': False},
[36m(TaskRunnerV1 pid=13158)[0m                                    'val_kwargs': {'_target_': 'verl.workers.config.SamplingConfig',
[36m(TaskRunnerV1 pid=13158)[0m                                                   'do_sample': True,
[36m(TaskRunnerV1 pid=13158)[0m                                                   'n': 1,
[36m(TaskRunnerV1 pid=13158)[0m                                                   'temperature': 0.6,
[36m(TaskRunnerV1 pid=13158)[0m                                                   'top_k': -1,
[36m(TaskRunnerV1 pid=13158)[0m                                                   'top_p': 1.0}}},
[36m(TaskRunnerV1 pid=13158)[0m  'algorithm': {'_target_': 'verl.trainer.config.AlgoConfig',
[36m(TaskRunnerV1 pid=13158)[0m                'adv_estimator': 'grpo',
[36m(TaskRunnerV1 pid=13158)[0m                'filter_groups': {'_target_': 'verl.trainer.config.FilterGroupsConfig',
[36m(TaskRunnerV1 pid=13158)[0m                                  'enable': False,
[36m(TaskRunnerV1 pid=13158)[0m                                  'max_inflight_gen_batches': 1,
[36m(TaskRunnerV1 pid=13158)[0m                                  'max_num_gen_batches': 0,
[36m(TaskRunnerV1 pid=13158)[0m                                  'metric': None},
[36m(TaskRunnerV1 pid=13158)[0m                'gamma': 1.0,
[36m(TaskRunnerV1 pid=13158)[0m                'kl_ctrl': {'_target_': 'verl.trainer.config.KLControlConfig',
[36m(TaskRunnerV1 pid=13158)[0m                            'horizon': 10000,
[36m(TaskRunnerV1 pid=13158)[0m                            'kl_coef': 0.001,
[36m(TaskRunnerV1 pid=13158)[0m                            'target_kl': 0.1,
[36m(TaskRunnerV1 pid=13158)[0m                            'type': 'fixed'},
[36m(TaskRunnerV1 pid=13158)[0m                'kl_penalty': 'kl',
[36m(TaskRunnerV1 pid=13158)[0m                'lam': 1.0,
[36m(TaskRunnerV1 pid=13158)[0m                'norm_adv_by_std_in_grpo': True,
[36m(TaskRunnerV1 pid=13158)[0m                'pf_ppo': {'reweight_method': 'pow', 'weight_pow': 2.0},
[36m(TaskRunnerV1 pid=13158)[0m                'rollout_correction': {'bypass_mode': False,
[36m(TaskRunnerV1 pid=13158)[0m                                       'loss_type': 'ppo_clip',
[36m(TaskRunnerV1 pid=13158)[0m                                       'rollout_is': None,
[36m(TaskRunnerV1 pid=13158)[0m                                       'rollout_is_batch_normalize': False,
[36m(TaskRunnerV1 pid=13158)[0m                                       'rollout_is_threshold': 2.0,
[36m(TaskRunnerV1 pid=13158)[0m                                       'rollout_rs': None,
[36m(TaskRunnerV1 pid=13158)[0m                                       'rollout_rs_threshold': None},
[36m(TaskRunnerV1 pid=13158)[0m                'use_kl_in_reward': False,
[36m(TaskRunnerV1 pid=13158)[0m                'use_pf_ppo': False},
[36m(TaskRunnerV1 pid=13158)[0m  'critic': {'_target_': 'verl.workers.config.FSDPCriticConfig',
[36m(TaskRunnerV1 pid=13158)[0m             'checkpoint': {'_target_': 'verl.trainer.config.CheckpointConfig',
[36m(TaskRunnerV1 pid=13158)[0m                            'async_save': False,
[36m(TaskRunnerV1 pid=13158)[0m                            'load_contents': ['model', 'optimizer', 'extra'],
[36m(TaskRunnerV1 pid=13158)[0m                            'save_contents': ['model', 'optimizer', 'extra']},
[36m(TaskRunnerV1 pid=13158)[0m             'cliprange_value': 0.5,
[36m(TaskRunnerV1 pid=13158)[0m             'data_loader_seed': 42,
[36m(TaskRunnerV1 pid=13158)[0m             'enable': None,
[36m(TaskRunnerV1 pid=13158)[0m             'forward_max_token_len_per_gpu': 32768,
[36m(TaskRunnerV1 pid=13158)[0m             'forward_micro_batch_size': None,
[36m(TaskRunnerV1 pid=13158)[0m             'forward_micro_batch_size_per_gpu': None,
[36m(TaskRunnerV1 pid=13158)[0m             'fsdp': {'_target_': 'verl.workers.config.FSDPEngineConfig',
[36m(TaskRunnerV1 pid=13158)[0m                      'dtype': 'bfloat16',
[36m(TaskRunnerV1 pid=13158)[0m                      'entropy_checkpointing': False,
[36m(TaskRunnerV1 pid=13158)[0m                      'entropy_from_logits_chunk_size': 2048,
[36m(TaskRunnerV1 pid=13158)[0m                      'entropy_from_logits_with_chunking': False,
[36m(TaskRunnerV1 pid=13158)[0m                      'forward_only': False,
[36m(TaskRunnerV1 pid=13158)[0m                      'forward_prefetch': False,
[36m(TaskRunnerV1 pid=13158)[0m                      'fsdp_size': -1,
[36m(TaskRunnerV1 pid=13158)[0m                      'full_determinism': False,
[36m(TaskRunnerV1 pid=13158)[0m                      'model_dtype': 'fp32',
[36m(TaskRunnerV1 pid=13158)[0m                      'offload_policy': False,
[36m(TaskRunnerV1 pid=13158)[0m                      'optimizer_offload': False,
[36m(TaskRunnerV1 pid=13158)[0m                      'param_offload': False,
[36m(TaskRunnerV1 pid=13158)[0m                      'qat': {'_target_': 'verl.workers.config.QATEngineConfig',
[36m(TaskRunnerV1 pid=13158)[0m                              'activation_observer': 'static_minmax',
[36m(TaskRunnerV1 pid=13158)[0m                              'enable': False,
[36m(TaskRunnerV1 pid=13158)[0m                              'group_size': 16,
[36m(TaskRunnerV1 pid=13158)[0m                              'ignore_patterns': ['lm_head',
[36m(TaskRunnerV1 pid=13158)[0m                                                  'embed_tokens',
[36m(TaskRunnerV1 pid=13158)[0m                                                  're:.*mlp.gate$'],
[36m(TaskRunnerV1 pid=13158)[0m                              'mode': 'w4a16',
[36m(TaskRunnerV1 pid=13158)[0m                              'quantization_config_path': None},
[36m(TaskRunnerV1 pid=13158)[0m                      'reshard_after_forward': True,
[36m(TaskRunnerV1 pid=13158)[0m                      'seed': 42,
[36m(TaskRunnerV1 pid=13158)[0m                      'strategy': 'fsdp',
[36m(TaskRunnerV1 pid=13158)[0m                      'ulysses_sequence_parallel_size': 1,
[36m(TaskRunnerV1 pid=13158)[0m                      'use_orig_params': False,
[36m(TaskRunnerV1 pid=13158)[0m                      'use_torch_compile': True,
[36m(TaskRunnerV1 pid=13158)[0m                      'wrap_policy': {'min_num_params': 0}},
[36m(TaskRunnerV1 pid=13158)[0m             'grad_clip': 1.0,
[36m(TaskRunnerV1 pid=13158)[0m             'loss_agg_mode': 'token-mean',
[36m(TaskRunnerV1 pid=13158)[0m             'loss_scale_factor': None,
[36m(TaskRunnerV1 pid=13158)[0m             'model': {'_target_': 'verl.workers.config.HFModelConfig',
[36m(TaskRunnerV1 pid=13158)[0m                       'custom_chat_template': None,
[36m(TaskRunnerV1 pid=13158)[0m                       'enable_activation_offload': False,
[36m(TaskRunnerV1 pid=13158)[0m                       'enable_gradient_checkpointing': True,
[36m(TaskRunnerV1 pid=13158)[0m                       'exclude_modules': None,
[36m(TaskRunnerV1 pid=13158)[0m                       'external_lib': None,
[36m(TaskRunnerV1 pid=13158)[0m                       'fused_kernel_options': {'impl_backend': 'torch'},
[36m(TaskRunnerV1 pid=13158)[0m                       'hf_config_path': None,
[36m(TaskRunnerV1 pid=13158)[0m                       'lora': {'a2a_experimental': False,
[36m(TaskRunnerV1 pid=13158)[0m                                'adapter_path': None,
[36m(TaskRunnerV1 pid=13158)[0m                                'alpha': 32,
[36m(TaskRunnerV1 pid=13158)[0m                                'dropout': 0.0,
[36m(TaskRunnerV1 pid=13158)[0m                                'dropout_position': 'pre',
[36m(TaskRunnerV1 pid=13158)[0m                                'dtype': None,
[36m(TaskRunnerV1 pid=13158)[0m                                'exclude_modules': [],
[36m(TaskRunnerV1 pid=13158)[0m                                'freeze_language_model': True,
[36m(TaskRunnerV1 pid=13158)[0m                                'freeze_vision_model': True,
[36m(TaskRunnerV1 pid=13158)[0m                                'freeze_vision_projection': True,
[36m(TaskRunnerV1 pid=13158)[0m                                'lora_A_init_method': 'xavier',
[36m(TaskRunnerV1 pid=13158)[0m                                'lora_B_init_method': 'zero',
[36m(TaskRunnerV1 pid=13158)[0m                                'merge': False,
[36m(TaskRunnerV1 pid=13158)[0m                                'rank': 0,
[36m(TaskRunnerV1 pid=13158)[0m                                'target_modules': ['linear_qkv',
[36m(TaskRunnerV1 pid=13158)[0m                                                   'linear_proj',
[36m(TaskRunnerV1 pid=13158)[0m                                                   'linear_fc1',
[36m(TaskRunnerV1 pid=13158)[0m                                                   'linear_fc2'],
[36m(TaskRunnerV1 pid=13158)[0m                                'type': 'lora'},
[36m(TaskRunnerV1 pid=13158)[0m                       'lora_adapter_path': None,
[36m(TaskRunnerV1 pid=13158)[0m                       'lora_alpha': 16,
[36m(TaskRunnerV1 pid=13158)[0m                       'lora_rank': 0,
[36m(TaskRunnerV1 pid=13158)[0m                       'mtp': {'_target_': 'verl.workers.config.MtpConfig',
[36m(TaskRunnerV1 pid=13158)[0m                               'detach_encoder': False,
[36m(TaskRunnerV1 pid=13158)[0m                               'enable': False,
[36m(TaskRunnerV1 pid=13158)[0m                               'enable_rollout': False,
[36m(TaskRunnerV1 pid=13158)[0m                               'enable_train': False,
[36m(TaskRunnerV1 pid=13158)[0m                               'method': 'mtp',
[36m(TaskRunnerV1 pid=13158)[0m                               'mtp_loss_scaling_factor': 0.1,
[36m(TaskRunnerV1 pid=13158)[0m                               'num_speculative_tokens': 1,
[36m(TaskRunnerV1 pid=13158)[0m                               'speculative_algorithm': 'EAGLE',
[36m(TaskRunnerV1 pid=13158)[0m                               'speculative_eagle_topk': 1,
[36m(TaskRunnerV1 pid=13158)[0m                               'speculative_num_draft_tokens': 4,
[36m(TaskRunnerV1 pid=13158)[0m                               'speculative_num_steps': 3},
[36m(TaskRunnerV1 pid=13158)[0m                       'override_config': {},
[36m(TaskRunnerV1 pid=13158)[0m                       'path': '~/models/deepseek-llm-7b-chat',
[36m(TaskRunnerV1 pid=13158)[0m                       'target_modules': 'all-linear',
[36m(TaskRunnerV1 pid=13158)[0m                       'tiled_mlp': {'enabled': False, 'num_shards': 4},
[36m(TaskRunnerV1 pid=13158)[0m                       'tokenizer_path': None,
[36m(TaskRunnerV1 pid=13158)[0m                       'trust_remote_code': False,
[36m(TaskRunnerV1 pid=13158)[0m                       'use_fused_kernels': False,
[36m(TaskRunnerV1 pid=13158)[0m                       'use_liger': False,
[36m(TaskRunnerV1 pid=13158)[0m                       'use_remove_padding': True,
[36m(TaskRunnerV1 pid=13158)[0m                       'use_shm': False},
[36m(TaskRunnerV1 pid=13158)[0m             'optim': {'_target_': 'verl.workers.config.FSDPOptimizerConfig',
[36m(TaskRunnerV1 pid=13158)[0m                       'betas': [0.9, 0.999],
[36m(TaskRunnerV1 pid=13158)[0m                       'clip_grad': 1.0,
[36m(TaskRunnerV1 pid=13158)[0m                       'lr': 1e-05,
[36m(TaskRunnerV1 pid=13158)[0m                       'lr_scheduler_type': 'constant',
[36m(TaskRunnerV1 pid=13158)[0m                       'lr_warmup_steps': -1,
[36m(TaskRunnerV1 pid=13158)[0m                       'lr_warmup_steps_ratio': 0.0,
[36m(TaskRunnerV1 pid=13158)[0m                       'min_lr_ratio': 0.0,
[36m(TaskRunnerV1 pid=13158)[0m                       'num_cycles': 0.5,
[36m(TaskRunnerV1 pid=13158)[0m                       'optimizer': 'AdamW',
[36m(TaskRunnerV1 pid=13158)[0m                       'optimizer_impl': 'torch.optim',
[36m(TaskRunnerV1 pid=13158)[0m                       'override_optimizer_config': None,
[36m(TaskRunnerV1 pid=13158)[0m                       'total_training_steps': -1,
[36m(TaskRunnerV1 pid=13158)[0m                       'warmup_style': None,
[36m(TaskRunnerV1 pid=13158)[0m                       'weight_decay': 0.01,
[36m(TaskRunnerV1 pid=13158)[0m                       'zero_indexed_step': True},
[36m(TaskRunnerV1 pid=13158)[0m             'ppo_epochs': 1,
[36m(TaskRunnerV1 pid=13158)[0m             'ppo_max_token_len_per_gpu': 32768,
[36m(TaskRunnerV1 pid=13158)[0m             'ppo_micro_batch_size': None,
[36m(TaskRunnerV1 pid=13158)[0m             'ppo_micro_batch_size_per_gpu': None,
[36m(TaskRunnerV1 pid=13158)[0m             'ppo_mini_batch_size': 16,
[36m(TaskRunnerV1 pid=13158)[0m             'profiler': {'_target_': 'verl.utils.profiler.ProfilerConfig',
[36m(TaskRunnerV1 pid=13158)[0m                          'all_ranks': False,
[36m(TaskRunnerV1 pid=13158)[0m                          'enable': False,
[36m(TaskRunnerV1 pid=13158)[0m                          'ranks': [],
[36m(TaskRunnerV1 pid=13158)[0m                          'save_path': 'outputs/profile',
[36m(TaskRunnerV1 pid=13158)[0m                          'tool': None,
[36m(TaskRunnerV1 pid=13158)[0m                          'tool_config': {'npu': {'_target_': 'verl.utils.profiler.config.NPUToolConfig',
[36m(TaskRunnerV1 pid=13158)[0m                                                  'analysis': True,
[36m(TaskRunnerV1 pid=13158)[0m                                                  'contents': [],
[36m(TaskRunnerV1 pid=13158)[0m                                                  'discrete': False,
[36m(TaskRunnerV1 pid=13158)[0m                                                  'level': 'level0'},
[36m(TaskRunnerV1 pid=13158)[0m                                          'nsys': {'_target_': 'verl.utils.profiler.config.NsightToolConfig',
[36m(TaskRunnerV1 pid=13158)[0m                                                   'discrete': False},
[36m(TaskRunnerV1 pid=13158)[0m                                          'precision_debugger': {'_target_': 'verl.utils.profiler.config.PrecisionDebuggerToolConfig',
[36m(TaskRunnerV1 pid=13158)[0m                                                                 'config_path': None,
[36m(TaskRunnerV1 pid=13158)[0m                                                                 'stages': None,
[36m(TaskRunnerV1 pid=13158)[0m                                                                 'steps': None,
[36m(TaskRunnerV1 pid=13158)[0m                                                                 'strict': False},
[36m(TaskRunnerV1 pid=13158)[0m                                          'torch': {'_target_': 'verl.utils.profiler.config.TorchProfilerToolConfig',
[36m(TaskRunnerV1 pid=13158)[0m                                                    'contents': [],
[36m(TaskRunnerV1 pid=13158)[0m                                                    'discrete': False,
[36m(TaskRunnerV1 pid=13158)[0m                                                    'schedule': {'_target_': 'verl.utils.profiler.config.TorchProfilerScheduleConfig',
[36m(TaskRunnerV1 pid=13158)[0m                                                                 'active': 0,
[36m(TaskRunnerV1 pid=13158)[0m                                                                 'repeat': 0,
[36m(TaskRunnerV1 pid=13158)[0m                                                                 'skip_first': 0,
[36m(TaskRunnerV1 pid=13158)[0m                                                                 'wait': 0,
[36m(TaskRunnerV1 pid=13158)[0m                                                                 'warmup': 0}},
[36m(TaskRunnerV1 pid=13158)[0m                                          'torch_memory': {'_target_': 'verl.utils.profiler.config.TorchMemoryToolConfig',
[36m(TaskRunnerV1 pid=13158)[0m                                                           'stack_depth': 32,
[36m(TaskRunnerV1 pid=13158)[0m                                                           'trace_alloc_max_entries': 100000}}},
[36m(TaskRunnerV1 pid=13158)[0m             'rollout_n': 4,
[36m(TaskRunnerV1 pid=13158)[0m             'shuffle': False,
[36m(TaskRunnerV1 pid=13158)[0m             'strategy': 'fsdp',
[36m(TaskRunnerV1 pid=13158)[0m             'ulysses_sequence_parallel_size': 1,
[36m(TaskRunnerV1 pid=13158)[0m             'use_dynamic_bsz': True},
[36m(TaskRunnerV1 pid=13158)[0m  'custom_reward_function': {'name': None, 'path': None},
[36m(TaskRunnerV1 pid=13158)[0m  'data': {'apply_chat_template_kwargs': {'enable_thinking': True},
[36m(TaskRunnerV1 pid=13158)[0m           'audio_key': 'audios',
[36m(TaskRunnerV1 pid=13158)[0m           'continuous_token': {'enable': False, 'model_family': 'auto'},
[36m(TaskRunnerV1 pid=13158)[0m           'custom_cls': {'name': None, 'path': None},
[36m(TaskRunnerV1 pid=13158)[0m           'dataloader_num_workers': 8,
[36m(TaskRunnerV1 pid=13158)[0m           'filter_overlong_prompts': True,
[36m(TaskRunnerV1 pid=13158)[0m           'filter_overlong_prompts_workers': 4,
[36m(TaskRunnerV1 pid=13158)[0m           'function_tool_path': None,
[36m(TaskRunnerV1 pid=13158)[0m           'gen_batch_size': None,
[36m(TaskRunnerV1 pid=13158)[0m           'image_key': 'images',
[36m(TaskRunnerV1 pid=13158)[0m           'image_patch_size': 14,
[36m(TaskRunnerV1 pid=13158)[0m           'max_prompt_length': 1024,
[36m(TaskRunnerV1 pid=13158)[0m           'max_response_length': 1024,
[36m(TaskRunnerV1 pid=13158)[0m           'mm_processor_kwargs': {},
[36m(TaskRunnerV1 pid=13158)[0m           'prompt_key': 'prompt',
[36m(TaskRunnerV1 pid=13158)[0m           'return_full_prompt': False,
[36m(TaskRunnerV1 pid=13158)[0m           'return_multi_modal_inputs': True,
[36m(TaskRunnerV1 pid=13158)[0m           'return_raw_chat': True,
[36m(TaskRunnerV1 pid=13158)[0m           'return_raw_input_ids': False,
[36m(TaskRunnerV1 pid=13158)[0m           'reward_fn_key': 'data_source',
[36m(TaskRunnerV1 pid=13158)[0m           'seed': 1,
[36m(TaskRunnerV1 pid=13158)[0m           'shuffle': False,
[36m(TaskRunnerV1 pid=13158)[0m           'tokenizer': None,
[36m(TaskRunnerV1 pid=13158)[0m           'tool_config_path': None,
[36m(TaskRunnerV1 pid=13158)[0m           'train_batch_size': 16,
[36m(TaskRunnerV1 pid=13158)[0m           'train_files': '/mnt/lv_model/npu60005420a/data/gsm8k_owner_aligned_20260729/verl_train_twinkle_aligned.parquet',
[36m(TaskRunnerV1 pid=13158)[0m           'train_max_samples': -1,
[36m(TaskRunnerV1 pid=13158)[0m           'truncation': 'error',
[36m(TaskRunnerV1 pid=13158)[0m           'trust_remote_code': False,
[36m(TaskRunnerV1 pid=13158)[0m           'use_shm': False,
[36m(TaskRunnerV1 pid=13158)[0m           'val_batch_size': 16,
[36m(TaskRunnerV1 pid=13158)[0m           'val_files': '/mnt/lv_model/npu60005420a/data/gsm8k_owner_aligned_20260729/verl_test_official_twinkle_aligned.parquet',
[36m(TaskRunnerV1 pid=13158)[0m           'val_max_samples': -1,
[36m(TaskRunnerV1 pid=13158)[0m           'validation_shuffle': False,
[36m(TaskRunnerV1 pid=13158)[0m           'video_key': 'videos'},
[36m(TaskRunnerV1 pid=13158)[0m  'distillation': {'_target_': 'verl.workers.config.DistillationConfig',
[36m(TaskRunnerV1 pid=13158)[0m                   'distillation_loss': {'_target_': 'verl.workers.config.DistillationLossConfig',
[36m(TaskRunnerV1 pid=13158)[0m                                         'clip_ratio': 0.2,
[36m(TaskRunnerV1 pid=13158)[0m                                         'clip_ratio_high': 0.2,
[36m(TaskRunnerV1 pid=13158)[0m                                         'clip_ratio_low': 0.2,
[36m(TaskRunnerV1 pid=13158)[0m                                         'distillation_loss_coef': 1.0,
[36m(TaskRunnerV1 pid=13158)[0m                                         'log_prob_min_clamp': None,
[36m(TaskRunnerV1 pid=13158)[0m                                         'loss_max_clamp': None,
[36m(TaskRunnerV1 pid=13158)[0m                                         'loss_mode': 'k3',
[36m(TaskRunnerV1 pid=13158)[0m                                         'policy_loss_mode': 'vanilla',
[36m(TaskRunnerV1 pid=13158)[0m                                         'topk': 32,
[36m(TaskRunnerV1 pid=13158)[0m                                         'use_policy_gradient': False,
[36m(TaskRunnerV1 pid=13158)[0m                                         'use_task_rewards': True},
[36m(TaskRunnerV1 pid=13158)[0m                   'enabled': False,
[36m(TaskRunnerV1 pid=13158)[0m                   'n_gpus_per_node': 8,
[36m(TaskRunnerV1 pid=13158)[0m                   'nnodes': 0,
[36m(TaskRunnerV1 pid=13158)[0m                   'teacher_key': 'data_source',
[36m(TaskRunnerV1 pid=13158)[0m                   'teacher_models': {'teacher_model': {'_target_': 'verl.workers.config.DistillationTeacherModelConfig',
[36m(TaskRunnerV1 pid=13158)[0m                                                        'inference': {'_target_': 'verl.workers.config.RolloutConfig',
[36m(TaskRunnerV1 pid=13158)[0m                                                                      'cudagraph_capture_sizes': None,
[36m(TaskRunnerV1 pid=13158)[0m                                                                      'data_parallel_size': 1,
[36m(TaskRunnerV1 pid=13158)[0m                                                                      'disable_log_stats': True,
[36m(TaskRunnerV1 pid=13158)[0m                                                                      'dtype': 'bfloat16',
[36m(TaskRunnerV1 pid=13158)[0m                                                                      'enable_chunked_prefill': True,
[36m(TaskRunnerV1 pid=13158)[0m                                                                      'enable_prefix_caching': True,
[36m(TaskRunnerV1 pid=13158)[0m                                                                      'enforce_eager': True,
[36m(TaskRunnerV1 pid=13158)[0m                                                                      'engine_kwargs': {},
[36m(TaskRunnerV1 pid=13158)[0m                                                                      'expert_parallel_size': 1,
[36m(TaskRunnerV1 pid=13158)[0m                                                                      'free_cache_engine': True,
[36m(TaskRunnerV1 pid=13158)[0m                                                                      'gpu_memory_utilization': 0.5,
[36m(TaskRunnerV1 pid=13158)[0m                                                                      'limit_images': None,
[36m(TaskRunnerV1 pid=13158)[0m                                                                      'load_format': 'auto',
[36m(TaskRunnerV1 pid=13158)[0m                                                                      'max_model_len': None,
[36m(TaskRunnerV1 pid=13158)[0m                                                                      'max_num_batched_tokens': 8192,
[36m(TaskRunnerV1 pid=13158)[0m                                                                      'max_num_seqs': 1024,
[36m(TaskRunnerV1 pid=13158)[0m                                                                      'name': 'vllm',
[36m(TaskRunnerV1 pid=13158)[0m                                                                      'prompt_length': 1024,
[36m(TaskRunnerV1 pid=13158)[0m                                                                      'response_length': 1024,
[36m(TaskRunnerV1 pid=13158)[0m                                                                      'skip_tokenizer_init': True,
[36m(TaskRunnerV1 pid=13158)[0m                                                                      'temperature': 1.0,
[36m(TaskRunnerV1 pid=13158)[0m                                                                      'tensor_model_parallel_size': 2},
[36m(TaskRunnerV1 pid=13158)[0m                                                        'key': None,
[36m(TaskRunnerV1 pid=13158)[0m                                                        'model_path': None,
[36m(TaskRunnerV1 pid=13158)[0m                                                        'num_replicas': 0}}},
[36m(TaskRunnerV1 pid=13158)[0m  'global_profiler': {'_target_': 'verl.utils.profiler.ProfilerConfig',
[36m(TaskRunnerV1 pid=13158)[0m                      'global_tool_config': {'nsys': {'_target_': 'verl.utils.profiler.config.NsightToolConfig',
[36m(TaskRunnerV1 pid=13158)[0m                                                      'controller_nsight_options': {'cuda-graph-trace': 'graph',
[36m(TaskRunnerV1 pid=13158)[0m                                                                                    'cuda-memory-usage': 'true',
[36m(TaskRunnerV1 pid=13158)[0m                                                                                    'trace': 'cuda,nvtx,cublas,ucx'},
[36m(TaskRunnerV1 pid=13158)[0m                                                      'discrete': False,
[36m(TaskRunnerV1 pid=13158)[0m                                                      'worker_nsight_options': {'capture-range': 'cudaProfilerApi',
[36m(TaskRunnerV1 pid=13158)[0m                                                                                'capture-range-end': None,
[36m(TaskRunnerV1 pid=13158)[0m                                                                                'cuda-graph-trace': 'graph',
[36m(TaskRunnerV1 pid=13158)[0m                                                                                'cuda-memory-usage': 'true',
[36m(TaskRunnerV1 pid=13158)[0m                                                                                'kill': 'none',
[36m(TaskRunnerV1 pid=13158)[0m                                                                                'trace': 'cuda,nvtx,cublas,ucx'}},
[36m(TaskRunnerV1 pid=13158)[0m                                             'precision_debugger': {'_target_': 'verl.utils.profiler.config.PrecisionDebuggerToolConfig',
[36m(TaskRunnerV1 pid=13158)[0m                                                                    'config_path': None,
[36m(TaskRunnerV1 pid=13158)[0m                                                                    'stages': None,
[36m(TaskRunnerV1 pid=13158)[0m                                                                    'steps': None,
[36m(TaskRunnerV1 pid=13158)[0m                                                                    'strict': False},
[36m(TaskRunnerV1 pid=13158)[0m                                             'torch_memory': {'context': 'all',
[36m(TaskRunnerV1 pid=13158)[0m                                                              'kw_args': {},
[36m(TaskRunnerV1 pid=13158)[0m                                                              'stack_depth': 32,
[36m(TaskRunnerV1 pid=13158)[0m                                                              'stacks': 'all',
[36m(TaskRunnerV1 pid=13158)[0m                                                              'trace_alloc_max_entries': 100000}},
[36m(TaskRunnerV1 pid=13158)[0m                      'profile_continuous_steps': False,
[36m(TaskRunnerV1 pid=13158)[0m                      'save_path': 'outputs/profile',
[36m(TaskRunnerV1 pid=13158)[0m                      'steps': None,
[36m(TaskRunnerV1 pid=13158)[0m                      'tool': None},
[36m(TaskRunnerV1 pid=13158)[0m  'model_engine': 'dp',
[36m(TaskRunnerV1 pid=13158)[0m  'ray_kwargs': {'ray_init': {'num_cpus': None}, 'timeline_json_file': None},
[36m(TaskRunnerV1 pid=13158)[0m  'reward': {'_target_': 'verl.workers.config.RewardConfig',
[36m(TaskRunnerV1 pid=13158)[0m             'custom_reward_function': {'name': 'compute_score',
[36m(TaskRunnerV1 pid=13158)[0m                                        'path': '/mnt/lv_model/npu60005420a/packages/twinkle_aligned_verl_grpo_npu_2cards_owner_20260729/gsm8k_accuracy_reward.py'},
[36m(TaskRunnerV1 pid=13158)[0m             'num_workers': 4,
[36m(TaskRunnerV1 pid=13158)[0m             'reward_manager': {'_target_': 'verl.workers.config.reward.RewardManagerConfig',
[36m(TaskRunnerV1 pid=13158)[0m                                'module': {'_target_': 'verl.trainer.config.config.ModuleConfig',
[36m(TaskRunnerV1 pid=13158)[0m                                           'name': 'custom_reward_manager',
[36m(TaskRunnerV1 pid=13158)[0m                                           'path': None},
[36m(TaskRunnerV1 pid=13158)[0m                                'name': 'naive',
[36m(TaskRunnerV1 pid=13158)[0m                                'source': 'register'},
[36m(TaskRunnerV1 pid=13158)[0m             'reward_model': {'_target_': 'verl.workers.config.RewardModelConfig',
[36m(TaskRunnerV1 pid=13158)[0m                              'enable': False,
[36m(TaskRunnerV1 pid=13158)[0m                              'enable_resource_pool': False,
[36m(TaskRunnerV1 pid=13158)[0m                              'model_path': None,
[36m(TaskRunnerV1 pid=13158)[0m                              'n_gpus_per_node': 8,
[36m(TaskRunnerV1 pid=13158)[0m                              'nnodes': 0,
[36m(TaskRunnerV1 pid=13158)[0m                              'rollout': {'_target_': 'verl.workers.config.RolloutConfig',
[36m(TaskRunnerV1 pid=13158)[0m                                          'cudagraph_capture_sizes': None,
[36m(TaskRunnerV1 pid=13158)[0m                                          'data_parallel_size': 1,
[36m(TaskRunnerV1 pid=13158)[0m                                          'disable_log_stats': True,
[36m(TaskRunnerV1 pid=13158)[0m                                          'disaggregation': {'bootstrap_port': None,
[36m(TaskRunnerV1 pid=13158)[0m                                                             'decode_replicas': 1,
[36m(TaskRunnerV1 pid=13158)[0m                                                             'decode_tensor_model_parallel_size': None,
[36m(TaskRunnerV1 pid=13158)[0m                                                             'enabled': False,
[36m(TaskRunnerV1 pid=13158)[0m                                                             'ib_device': None,
[36m(TaskRunnerV1 pid=13158)[0m                                                             'prefill_replicas': 1,
[36m(TaskRunnerV1 pid=13158)[0m                                                             'transfer_backend': 'nixl'},
[36m(TaskRunnerV1 pid=13158)[0m                                          'do_sample': True,
[36m(TaskRunnerV1 pid=13158)[0m                                          'dtype': 'bfloat16',
[36m(TaskRunnerV1 pid=13158)[0m                                          'enable_chunked_prefill': True,
[36m(TaskRunnerV1 pid=13158)[0m                                          'enable_prefix_caching': True,
[36m(TaskRunnerV1 pid=13158)[0m                                          'enforce_eager': True,
[36m(TaskRunnerV1 pid=13158)[0m                                          'engine_kwargs': {},
[36m(TaskRunnerV1 pid=13158)[0m                                          'expert_parallel_size': 1,
[36m(TaskRunnerV1 pid=13158)[0m                                          'free_cache_engine': True,
[36m(TaskRunnerV1 pid=13158)[0m                                          'full_determinism': False,
[36m(TaskRunnerV1 pid=13158)[0m                                          'gpu_memory_utilization': 0.5,
[36m(TaskRunnerV1 pid=13158)[0m                                          'ignore_eos': False,
[36m(TaskRunnerV1 pid=13158)[0m                                          'layered_summon': False,
[36m(TaskRunnerV1 pid=13158)[0m                                          'limit_images': None,
[36m(TaskRunnerV1 pid=13158)[0m                                          'load_format': 'auto',
[36m(TaskRunnerV1 pid=13158)[0m                                          'max_model_len': None,
[36m(TaskRunnerV1 pid=13158)[0m                                          'max_num_batched_tokens': 8192,
[36m(TaskRunnerV1 pid=13158)[0m                                          'max_num_seqs': 1024,
[36m(TaskRunnerV1 pid=13158)[0m                                          'mtp': None,
[36m(TaskRunnerV1 pid=13158)[0m                                          'multi_stage_wake_up': False,
[36m(TaskRunnerV1 pid=13158)[0m                                          'n': 1,
[36m(TaskRunnerV1 pid=13158)[0m                                          'name': '???',
[36m(TaskRunnerV1 pid=13158)[0m                                          'pipeline_model_parallel_size': 1,
[36m(TaskRunnerV1 pid=13158)[0m                                          'prompt_length': 2048,
[36m(TaskRunnerV1 pid=13158)[0m                                          'quantization': None,
[36m(TaskRunnerV1 pid=13158)[0m                                          'quantization_config_file': None,
[36m(TaskRunnerV1 pid=13158)[0m                                          'response_length': 2048,
[36m(TaskRunnerV1 pid=13158)[0m                                          'scheduling_policy': 'fcfs',
[36m(TaskRunnerV1 pid=13158)[0m                                          'seed': 42,
[36m(TaskRunnerV1 pid=13158)[0m                                          'skip_tokenizer_init': False,
[36m(TaskRunnerV1 pid=13158)[0m                                          'temperature': 1.0,
[36m(TaskRunnerV1 pid=13158)[0m                                          'tensor_model_parallel_size': 2,
[36m(TaskRunnerV1 pid=13158)[0m                                          'top_k': -1,
[36m(TaskRunnerV1 pid=13158)[0m                                          'top_p': 1}},
[36m(TaskRunnerV1 pid=13158)[0m             'sandbox_fusion': {'_target_': 'verl.workers.config.SandboxFusionConfig',
[36m(TaskRunnerV1 pid=13158)[0m                                'max_concurrent': 64,
[36m(TaskRunnerV1 pid=13158)[0m                                'memory_limit_mb': 1024,
[36m(TaskRunnerV1 pid=13158)[0m                                'url': None}},
[36m(TaskRunnerV1 pid=13158)[0m  'reward_model': {'enable': None,
[36m(TaskRunnerV1 pid=13158)[0m                   'enable_resource_pool': None,
[36m(TaskRunnerV1 pid=13158)[0m                   'model': {'external_lib': None,
[36m(TaskRunnerV1 pid=13158)[0m                             'path': None,
[36m(TaskRunnerV1 pid=13158)[0m                             'trust_remote_code': None},
[36m(TaskRunnerV1 pid=13158)[0m                   'n_gpus_per_node': None,
[36m(TaskRunnerV1 pid=13158)[0m                   'nnodes': None,
[36m(TaskRunnerV1 pid=13158)[0m                   'num_workers': None,
[36m(TaskRunnerV1 pid=13158)[0m                   'reward_loop_class_name': None,
[36m(TaskRunnerV1 pid=13158)[0m                   'reward_loop_module_path': None,
[36m(TaskRunnerV1 pid=13158)[0m                   'reward_loop_source': None,
[36m(TaskRunnerV1 pid=13158)[0m                   'reward_manager': None,
[36m(TaskRunnerV1 pid=13158)[0m                   
[36m(TaskRunnerV1 pid=13158)[0m 'rollout': {'cudagraph_capture_sizes': None,
[36m(TaskRunnerV1 pid=13158)[0m                               'data_parallel_size': None,
[36m(TaskRunnerV1 pid=13158)[0m                               'disable_log_stats': None,
[36m(TaskRunnerV1 pid=13158)[0m                               'dtype': None,
[36m(TaskRunnerV1 pid=13158)[0m                               'enable_chunked_prefill': None,
[36m(TaskRunnerV1 pid=13158)[0m                               'enable_prefix_caching': None,
[36m(TaskRunnerV1 pid=13158)[0m                               'enforce_eager': None,
[36m(TaskRunnerV1 pid=13158)[0m                               'engine_kwargs': None,
[36m(TaskRunnerV1 pid=13158)[0m                               'expert_parallel_size': None,
[36m(TaskRunnerV1 pid=13158)[0m                               'free_cache_engine': None,
[36m(TaskRunnerV1 pid=13158)[0m                               'gpu_memory_utilization': None,
[36m(TaskRunnerV1 pid=13158)[0m                               'limit_images': None,
[36m(TaskRunnerV1 pid=13158)[0m                               'load_format': None,
[36m(TaskRunnerV1 pid=13158)[0m                               'max_model_len': None,
[36m(TaskRunnerV1 pid=13158)[0m                               'max_num_batched_tokens': None,
[36m(TaskRunnerV1 pid=13158)[0m                               'max_num_seqs': None,[36m(TaskRunnerV1 pid=13158)[0m /usr/local/python3.11.15/lib/python3.11/site-packages/ray/_private/auto_init_hook.py:22: DeprecationWarning: placement_group parameter is deprecated. Use scheduling_strategy=PlacementGroupSchedulingStrategy(...) instead, see the usage at https://docs.ray.io/en/releases-2.55.1/ray-core/package-ref.html#ray-remote.
[36m(TaskRunnerV1 pid=13158)[0m   return fn(*args, **kwargs)
[36m(TaskRunnerV1 pid=13158)[0m /usr/local/python3.11.15/lib/python3.11/site-packages/ray/_private/auto_init_hook.py:22: DeprecationWarning: placement_group_bundle_index parameter is deprecated. Use scheduling_strategy=PlacementGroupSchedulingStrategy(...) instead, see the usage at https://docs.ray.io/en/releases-2.55.1/ray-core/package-ref.html#ray-remote.
[36m(TaskRunnerV1 pid=13158)[0m   return fn(*args, **kwargs)
[36m(TaskRunnerV1 pid=13158)[0m /workspace/verl_official_main_17ea153d95ee_20260729/verl/trainer/ppo/v1/trainer_base.py:129: UserWarning: Disabled critic as algorithm.adv_estimator != gae. If it is not intended, please set critic.enable=True
[36m(TaskRunnerV1 pid=13158)[0m   self.use_critic = need_critic(self.config)
[36m(TaskRunnerV1 pid=13158)[0m Filtering prompts longer than 1024 tokens (num_proc=4):   0%|          | 0/2000 [00:00<?, ? examples/s]
[36m(TaskRunnerV1 pid=13158)[0m Filtering prompts longer than 1024 tokens (num_proc=4):  25%|██▌       | 500/2000 [00:04<00:14, 102.36 examples/s]
[36m(TaskRunnerV1 pid=13158)[0m Filtering prompts longer than 1024 tokens (num_proc=4):  50%|█████     | 1000/2000 [00:08<00:07, 125.43 examples/s]
[36m(TaskRunnerV1 pid=13158)[0m Filtering prompts longer than 1024 tokens (num_proc=4):  75%|███████▌  | 1500/2000 [00:11<00:03, 141.64 examples/s]
[36m(TaskRunnerV1 pid=13158)[0m Filtering prompts longer than 1024 tokens (num_proc=4): 100%|██████████| 2000/2000 [00:14<00:00, 152.33 examples/s]
[36m(TaskRunnerV1 pid=13158)[0m Filtering prompts longer than 1024 tokens (num_proc=4): 100%|██████████| 2000/2000 [00:14<00:00, 138.71 examples/s]
[36m(TaskRunnerV1 pid=13158)[0m Filtering prompts longer than 1024 tokens (num_proc=4):   0%|          | 0/1319 [00:00<?, ? examples/s]
[36m(TaskRunnerV1 pid=13158)[0m Filtering prompts longer than 1024 tokens (num_proc=4):  25%|██▌       | 330/1319 [00:04<00:14, 70.22 examples/s]
[36m(TaskRunnerV1 pid=13158)[0m Filtering prompts longer than 1024 tokens (num_proc=4):  50%|█████     | 660/1319 [00:07<00:07, 88.94 examples/s]
[36m(TaskRunnerV1 pid=13158)[0m Filtering prompts longer than 1024 tokens (num_proc=4):  75%|███████▌  | 990/1319 [00:10<00:03, 97.30 examples/s]
[36m(TaskRunnerV1 pid=13158)[0m Filtering prompts longer than 1024 tokens (num_proc=4): 100%|██████████| 1319/1319 [00:13<00:00, 100.81 examples/s]
[36m(TaskRunnerV1 pid=13158)[0m Filtering prompts longer than 1024 tokens (num_proc=4): 100%|██████████| 1319/1319 [00:14<00:00, 93.99 examples/s] 
[36m(TaskRunnerV1 pid=13158)[0m INFO:2026-07-29 17:11:56,476:data.gen_batch_size defaulted to 1.
[36m(TaskRunnerV1 pid=13158)[0m INFO:2026-07-29 17:11:56,480:train and validate dataloader initialized, train dataset size: 2000, val dataset size: 1319
[36m(TaskRunnerV1 pid=13158)[0m INFO:2026-07-29 17:11:56,481:Total training steps: 1
[36m(TaskRunnerV1 pid=13158)[0m /workspace/verl_official_main_17ea153d95ee_20260729/verl/trainer/ppo/v1/trainer_base.py:755: UserWarning: Disabled critic as algorithm.adv_estimator != gae. If it is not intended, please set critic.enable=True
[36m(TaskRunnerV1 pid=13158)[0m   if need_critic(config):
[36m(TaskRunnerV1 pid=13158)[0m INFO:2026-07-29 17:11:56,491:worker group kwargs: {'device_name': 'npu'}
[36m(TaskRunnerV1 pid=13158)[0m INFO:2026-07-29 17:11:58,616:create worker group dict_keys(['actor_rollout'])
[36m(WorkerDict pid=15986)[0m /usr/local/python3.11.15/lib/python3.11/site-packages/torch_npu/contrib/transfer_to_npu.py:360: ImportWarning: 
[36m(WorkerDict pid=15986)[0m     *************************************************************************************************************
[36m(WorkerDict pid=15986)[0m     The torch.Tensor.cuda and torch.nn.Module.cuda are replaced with torch.Tensor.npu and torch.nn.Module.npu now..
[36m(WorkerDict pid=15986)[0m     The torch.cuda.DoubleTensor is replaced with torch.npu.FloatTensor cause the double type is not supported now..
[36m(WorkerDict pid=15986)[0m     The backend in torch.distributed.init_process_group set to hccl now..
[36m(WorkerDict pid=15986)[0m     The torch.cuda.* and torch.cuda.amp.* are replaced with torch.npu.* and torch.npu.amp.* now..
[36m(WorkerDict pid=15986)[0m     The device parameters have been replaced with npu in the function below:
[36m(WorkerDict pid=15986)[0m     torch.logspace, torch.randint, torch.hann_window, torch.rand, torch.full_like, torch.ones_like, torch.rand_like, torch.randperm, torch.arange, torch.frombuffer, torch.normal, torch._empty_per_channel_affine_quantized, torch.empty_strided, torch.empty_like, torch.scalar_tensor, torch.tril_indices, torch.bartlett_window, torch.ones, torch.sparse_coo_tensor, torch.randn, torch.kaiser_window, torch.tensor, torch.triu_indices, torch.as_tensor, torch.zeros, torch.randint_like, torch.full, torch.eye, torch._sparse_csr_tensor_unsafe, torch.empty, torch._sparse_coo_tensor_unsafe, torch.blackman_window, torch.zeros_like, torch.range, torch.sparse_csr_tensor, torch.randn_like, torch.from_file, torch._cudnn_init_dropout_state, torch._empty_affine_quantized, torch.linspace, torch.hamming_window, torch.empty_quantized, torch._pin_memory, torch.load, torch.set_default_device, torch.get_device_module, torch.sparse_compressed_tensor, torch.Tensor.new_empty, torch.Tensor.new_empty_strided, torch.Tensor.new_full, torch.Tensor.new_ones, torch.Tensor.new_tensor, torch.Tensor.new_zeros, torch.Tensor.to, torch.Tensor.pin_memory, torch.nn.Module.to, torch.nn.Module.to_empty
[36m(WorkerDict pid=15986)[0m     *************************************************************************************************************
[36m(WorkerDict pid=15986)[0m     
[36m(WorkerDict pid=15986)[0m   warnings.warn(msg, ImportWarning)
[36m(WorkerDict pid=15986)[0m /usr/local/python3.11.15/lib/python3.11/site-packages/torch_npu/contrib/transfer_to_npu.py:291: RuntimeWarning: torch.jit.script and torch.jit.script_method will be disabled by transfer_to_npu, which currently does not support them, if you need to enable them, please do not use transfer_to_npu.
[36m(WorkerDict pid=15986)[0m   warnings.warn(msg, RuntimeWarning)
[36m(WorkerDict pid=15986)[0m /MindSpeed/mindspeed/features_manager/megatron_basic/requirements_basic.py:68: UserWarning: fla_npu is not installed. use chunk_gated_delta_rule instead.
[36m(WorkerDict pid=15986)[0m   warnings.warn("fla_npu is not installed. use chunk_gated_delta_rule instead.")

[36m(TaskRunnerV1 pid=13158)[0m                               'name': None,
[36m(TaskRunnerV1 pid=13158)[0m                               'prompt_length': None,
[36m(TaskRunnerV1 pid=13158)[0m                               'response_length': None,
[36m(TaskRunnerV1 pid=13158)[0m                               'skip_tokenizer_init': None,
[36m(TaskRunnerV1 pid=13158)[0m                               'tensor_model_parallel_size': None}},
[36m(TaskRunnerV1 pid=13158)[0m  'sandbox_fusion': {'max_concurrent': None,
[36m(TaskRunnerV1 pid=13158)[0m                     'memory_limit_mb': None,
[36m(TaskRunnerV1 pid=13158)[0m                     'url': None},
[36m(TaskRunnerV1 pid=13158)[0m  'skip': {'_target_': 'verl.utils.skip.SkipManagerConfig',
[36m(TaskRunnerV1 pid=13158)[0m           'async_rollout': {'action': 'cache',
[36m(TaskRunnerV1 pid=13158)[0m                             'dump_dir': '~/.verl/rollout_dump',
[36m(TaskRunnerV1 pid=13158)[0m                             'enable': False,
[36m(TaskRunnerV1 pid=13158)[0m                             'steps': []},
[36m(TaskRunnerV1 pid=13158)[0m           'rollout': {'action': 'cache',
[36m(TaskRunnerV1 pid=13158)[0m                       'dump_dir': '~/.verl/rollout_dump',
[36m(TaskRunnerV1 pid=13158)[0m                       'enable': False,
[36m(TaskRunnerV1 pid=13158)[0m                       'steps': []},
[36m(TaskRunnerV1 pid=13158)[0m           'rollout_tq': {'action': 'cache',
[36m(TaskRunnerV1 pid=13158)[0m                          'dump_dir': '~/.verl/rollout_dump',
[36m(TaskRunnerV1 pid=13158)[0m                          'enable': False,
[36m(TaskRunnerV1 pid=13158)[0m                          'steps': []}},
[36m(TaskRunnerV1 pid=13158)[0m  'trainer': {'balance_batch': True,
[36m(TaskRunnerV1 pid=13158)[0m              'critic_warmup': 0,
[36m(TaskRunnerV1 pid=13158)[0m              'default_hdfs_dir': None,
[36m(TaskRunnerV1 pid=13158)[0m              'default_local_dir': '/mnt/lv_model/npu60005420a/qy_owner_smoke_20260729/qy_owner_verl_smoke1_v4_npu23/checkpoints',
[36m(TaskRunnerV1 pid=13158)[0m              'del_local_ckpt_after_load': False,
[36m(TaskRunnerV1 pid=13158)[0m              'device': 'npu',
[36m(TaskRunnerV1 pid=13158)[0m              'esi_redundant_time': 0,
[36m(TaskRunnerV1 pid=13158)[0m              'experiment_name': 'qy_owner_verl_smoke1_v4_npu23',
[36m(TaskRunnerV1 pid=13158)[0m              'log_val_generations': 0,
[36m(TaskRunnerV1 pid=13158)[0m              'logger': ['console', 'tensorboard'],
[36m(TaskRunnerV1 pid=13158)[0m              'max_actor_ckpt_to_keep': None,
[36m(TaskRunnerV1 pid=13158)[0m              'max_critic_ckpt_to_keep': None,
[36m(TaskRunnerV1 pid=13158)[0m              'n_gpus_per_node': 1,
[36m(TaskRunnerV1 pid=13158)[0m              'nnodes': 1,
[36m(TaskRunnerV1 pid=13158)[0m              'project_name': 'twinkle-aligned-gsm8k-grpo',
[36m(TaskRunnerV1 pid=13158)[0m              'ray_wait_register_center_timeout': 300,
[36m(TaskRunnerV1 pid=13158)[0m              'resume_from_path': None,
[36m(TaskRunnerV1 pid=13158)[0m              'resume_mode': 'disable',
[36m(TaskRunnerV1 pid=13158)[0m              'rollout_data_dir': '/mnt/lv_model/npu60005420a/qy_owner_smoke_20260729/qy_owner_verl_smoke1_v4_npu23/rollouts',
[36m(TaskRunnerV1 pid=13158)[0m              'save_freq': 1,
[36m(TaskRunnerV1 pid=13158)[0m              'test_freq': -1,
[36m(TaskRunnerV1 pid=13158)[0m              'total_epochs': 1,
[36m(TaskRunnerV1 pid=13158)[0m              'total_training_steps': 1,
[36m(TaskRunnerV1 pid=13158)[0m              'use_v1': True,
[36m(TaskRunnerV1 pid=13158)[0m              'v1': {'colocate_async': {'num_warmup_batches': 1},
[36m(TaskRunnerV1 pid=13158)[0m                     'sampler': {'custom_sampler': {'name': None, 'path': None},
[36m(TaskRunnerV1 pid=13158)[0m                                 'max_off_policy_strategy': 'wait',
[36m(TaskRunnerV1 pid=13158)[0m                                 'max_off_policy_threshold': 1,
[36m(TaskRunnerV1 pid=13158)[0m                                 'sampler_kwargs': {},
[36m(TaskRunnerV1 pid=13158)[0m                                 'sync_refill_failed_groups': False},
[36m(TaskRunnerV1 pid=13158)[0m                     'separate_async': {'num_warmup_batches': 0,
[36m(TaskRunnerV1 pid=13158)[0m                                        'parameter_sync_step': 1},
[36m(TaskRunnerV1 pid=13158)[0m                     'sync': {},
[36m(TaskRunnerV1 pid=13158)[0m                     'trainer_mode': 'separate_async'},
[36m(TaskRunnerV1 pid=13158)[0m              'val_before_train': False,
[36m(TaskRunnerV1 pid=13158)[0m              'val_only': False,
[36m(TaskRunnerV1 pid=13158)[0m              'validation_data_dir': '/mnt/lv_model/npu60005420a/qy_owner_smoke_20260729/qy_owner_verl_smoke1_v4_npu23/validation_data'},
[36m(TaskRunnerV1 pid=13158)[0m  'transfer_queue': {'backend': {'MooncakeStore': {'auto_init': False,
[36m(TaskRunnerV1 pid=13158)[0m                                                   'device_name': '',
[36m(TaskRunnerV1 pid=13158)[0m                                                   'global_segment_size': 4294967296,
[36m(TaskRunnerV1 pid=13158)[0m                                                   'local_buffer_size': 1073741824,
[36m(TaskRunnerV1 pid=13158)[0m                                                   'local_hostname': 'localhost',
[36m(TaskRunnerV1 pid=13158)[0m                                                   'master_server_address': 'localhost:50124',
[36m(TaskRunnerV1 pid=13158)[0m                                                   'metadata_server': 'localhost:50123',
[36m(TaskRunnerV1 pid=13158)[0m                                                   'protocol': 'tcp'},
[36m(TaskRunnerV1 pid=13158)[0m                                 'SimpleStorage': {'num_data_storage_units': 2,
[36m(TaskRunnerV1 pid=13158)[0m                                                   'total_storage_size': 10000},
[36m(TaskRunnerV1 pid=13158)[0m                                 'storage_backend': 'SimpleStorage'},
[36m(TaskRunnerV1 pid=13158)[0m                     'enable': True,
[36m(TaskRunnerV1 pid=13158)[0m                     'metrics': {'enabled': True, 'port': 0}}}
[36m(TaskRunnerV1 pid=13158)[0m Using dataset class: RLHFDataset
[36m(TaskRunnerV1 pid=13158)[0m [Rank 0 | Local Rank 0] 2026-07-29 17:11:20,476 INFO [httpx:1025] => HTTP Request: HEAD https://s3.amazonaws.com/datasets.huggingface.co/datasets/datasets/parquet/parquet.py "HTTP/1.1 404 Not Found"
[36m(TaskRunnerV1 pid=13158)[0m dataset len: 2000
[36m(TaskRunnerV1 pid=13158)[0m [Rank 0 | Local Rank 0] 2026-07-29 17:11:23,838 INFO [torch_npu.env:15] => get env TOKENIZERS_PARALLELISM = false
[36m(TaskRunnerV1 pid=13158)[0m filter dataset len: 2000
[36m(TaskRunnerV1 pid=13158)[0m Using dataset class: RLHFDataset
[36m(TaskRunnerV1 pid=13158)[0m [Rank 0 | Local Rank 0] 2026-07-29 17:11:39,084 INFO [httpx:1025] => HTTP Request: HEAD https://s3.amazonaws.com/datasets.huggingface.co/datasets/datasets/parquet/parquet.py "HTTP/1.1 404 Not Found"
[36m(TaskRunnerV1 pid=13158)[0m dataset len: 1319
[36m(TaskRunnerV1 pid=13158)[0m filter dataset len: 1319
[36m(TaskRunnerV1 pid=13158)[0m colocated worker base class <class 'verl.single_controller.base.worker.Worker'>
[36m(WorkerDict pid=15986)[0m [Rank 0 | Local Rank 0] 2026-07-29 17:12:21,419 INFO [mindspeed.megatron_adaptor:33] => start to patch features in megatron adaptor.
[36m(WorkerDict pid=15986)[0m [Rank 0 | Local Rank 0] 2026-07-29 17:12:23,567 INFO [megatron.core.distributed.fsdp.src.megatron_fsdp.mixed_precision:34] => Using Megatron-FSDP without Transformer Engine.
[36m(WorkerDict pid=15986)[0m [Rank 0 | Local Rank 0] 2026-07-29 17:12:23,571 INFO [megatron.core.distributed.fsdp.src.megatron_fsdp.param_and_grad_buffer:69] => Detected Megatron Core, using Megatron-FSDP with Megatron.
[36m(WorkerDict pid=15986)[0m [Rank 0 | Local Rank 0] 2026-07-29 17:12:23,578 INFO [megatron.core.distributed.fsdp.src.megatron_fsdp.megatron_fsdp:47] => Detected Megatron Core, using Megatron-FSDP with Megatron.[36m(WorkerDict pid=15986)[0m /Megatron-LM/megatron/core/inference/contexts/__init__.py:9: DeprecationWarning: The following imports from `dynamic_context.py` will be removed in this file in `megatron-core` 0.14. The imports here result in a cyclic import issue that causes rotary embeddings to import from Apex rather than Transformer Engine.
[36m(WorkerDict pid=15986)[0m   warnings.warn(
[36m(WorkerDict pid=15986)[0m /MindSpeed/mindspeed/core/tensor_parallel/tp_2d/layernorm_2d.py:88: FutureWarning: `torch_npu.npu.amp.custom_fwd(args...)` is deprecated. Please use `torch.amp.custom_fwd(args..., device_type='npu')` instead.
[36m(WorkerDict pid=15986)[0m   @custom_fwd
[36m(WorkerDict pid=15986)[0m /MindSpeed/mindspeed/core/tensor_parallel/tp_2d/layernorm_2d.py:147: FutureWarning: `torch_npu.npu.amp.custom_bwd(args...)` is deprecated. Please use `torch.amp.custom_bwd(args..., device_type='npu')` instead.
[36m(WorkerDict pid=15986)[0m   @custom_bwd
[36m(WorkerDict pid=15986)[0m /MindSpeed/mindspeed/core/tensor_parallel/tp_2d/rms_norm_2d.py:66: FutureWarning: `torch_npu.npu.amp.custom_fwd(args...)` is deprecated. Please use `torch.amp.custom_fwd(args..., device_type='npu')` instead.
[36m(WorkerDict pid=15986)[0m   @custom_fwd
[36m(WorkerDict pid=15986)[0m /MindSpeed/mindspeed/core/tensor_parallel/tp_2d/rms_norm_2d.py:87: FutureWarning: `torch_npu.npu.amp.custom_bwd(args...)` is deprecated. Please use `torch.amp.custom_bwd(args..., device_type='npu')` instead.
[36m(WorkerDict pid=15986)[0m   @custom_bwd
[36m(WorkerDict pid=15986)[0m /Megatron-LM/megatron/core/transformer/multi_latent_attention.py:36: DeprecationWarning: The 'megatron.core.transformer.custom_layers.transformer_engine' 
[36m(WorkerDict pid=15986)[0m     module is deprecated and will be removed in 0.10.0. Please use 
[36m(WorkerDict pid=15986)[0m     'megatron.core.extensions.transformer_engine' instead.
[36m(WorkerDict pid=15986)[0m   from megatron.core.transformer.custom_layers.transformer_engine import (
[36m(WorkerDict pid=15986)[0m Loading weights:   0%|          | 0/398 [00:00<?, ?it/s]
[36m(WorkerDict pid=15986)[0m Loading weights:   0%|          | 1/398 [00:01<07:37,  1.15s/it]
[36m(WorkerDict pid=15986)[0m Loading weights:  31%|███       | 124/398 [00:01<00:02, 132.91it/s]
[36m(WorkerDict pid=15986)[0m Loading weights:  46%|████▌     | 183/398 [00:01<00:01, 135.00it/s]
[36m(WorkerDict pid=15986)[0m Loading weights:  56%|█████▌    | 221/398 [00:01<00:01, 136.80it/s]
[36m(WorkerDict pid=15986)[0m Loading weights:  63%|██████▎   | 250/398 [00:02<00:01, 133.78it/s]
[36m(WorkerDict pid=15986)[0m Loading weights:  69%|██████▊   | 273/398 [00:02<00:00, 135.78it/s]
[36m(WorkerDict pid=15986)[0m Loading weights:  74%|███████▎  | 293/398 [00:02<00:00, 133.36it/s]
[36m(WorkerDict pid=15986)[0m Loading weights:  78%|███████▊  | 311/398 [00:02<00:00, 128.27it/s]
[36m(WorkerDict pid=15986)[0m Loading weights:  84%|████████▎ | 333/398 [00:02<00:00, 129.62it/s]
[36m(WorkerDict pid=15986)[0m Loading weights:  88%|████████▊ | 352/398 [00:02<00:00, 140.29it/s]
[36m(WorkerDict pid=15986)[0m Loading weights:  93%|█████████▎| 369/398 [00:03<00:00, 131.17it/s]
[36m(WorkerDict pid=15986)[0m Loading weights:  97%|█████████▋| 388/398 [00:03<00:00, 131.43it/s]Loading weights: 100%|██████████| 398/398 [00:03<00:00, 121.17it/s]
[36m(WorkerDict pid=15986)[0m /usr/local/python3.11.15/lib/python3.11/site-packages/tvm_ffi/_optional_torch_c_dlpack.py:181: UserWarning: Failed to JIT torch c dlpack extension, EnvTensorAllocator will not be enabled.
[36m(WorkerDict pid=15986)[0m We recommend installing via `pip install torch-c-dlpack-ext`
[36m(WorkerDict pid=15986)[0m   warnings.warn(
[36m(TaskRunnerV1 pid=13158)[0m INFO:2026-07-29 17:13:20,018:actor and ref model engine initialized
[36m(TaskRunnerV1 pid=13158)[0m INFO:2026-07-29 17:13:20,174:reward loop manager initialized

[36m(WorkerDict pid=15986)[0m [Rank 0 | Local Rank 0] 2026-07-29 17:12:28,273 INFO [torch_npu.env:15] => get env WORLD_SIZE = 1
[36m(WorkerDict pid=15986)[0m [Rank 0 | Local Rank 0] 2026-07-29 17:12:28,274 INFO [torch_npu.env:15] => get env MASTER_ADDR = 10.17.0.41
[36m(WorkerDict pid=15986)[0m [Rank 0 | Local Rank 0] 2026-07-29 17:12:28,274 INFO [torch_npu.env:15] => get env MASTER_PORT = 47221
[36m(WorkerDict pid=15986)[0m [Gloo] Rank 0 is connected to 0 peer ranks. Expected number of connected peer ranks is : 0
[36m(WorkerDict pid=15986)[0m [Rank 0 | Local Rank 0] 2026-07-29 17:12:28,300 INFO [verl.models.transformers.npu_patch:437] => Applied NPU patches for qwen2
[36m(WorkerDict pid=15986)[0m [Rank 0 | Local Rank 0] 2026-07-29 17:12:28,321 INFO [verl.models.transformers.npu_patch:437] => Applied NPU patches for qwen2_5_vl
[36m(WorkerDict pid=15986)[0m [Rank 0 | Local Rank 0] 2026-07-29 17:12:28,331 INFO [verl.models.transformers.npu_patch:437] => Applied NPU patches for qwen3
[36m(WorkerDict pid=15986)[0m [Rank 0 | Local Rank 0] 2026-07-29 17:12:28,346 INFO [verl.models.transformers.npu_patch:437] => Applied NPU patches for qwen3_moe
[36m(WorkerDict pid=15986)[0m [Rank 0 | Local Rank 0] 2026-07-29 17:12:28,367 INFO [verl.models.transformers.npu_patch:437] => Applied NPU patches for qwen3_vl
[36m(WorkerDict pid=15986)[0m [Rank 0 | Local Rank 0] 2026-07-29 17:12:28,388 INFO [verl.models.transformers.npu_patch:437] => Applied NPU patches for qwen3_vl_moe
[36m(WorkerDict pid=15986)[0m [Rank 0 | Local Rank 0] 2026-07-29 17:12:28,399 INFO [verl.models.transformers.npu_patch:437] => Applied NPU patches for qwen3_next
[36m(WorkerDict pid=15986)[0m [Rank 0 | Local Rank 0] 2026-07-29 17:12:28,421 INFO [verl.models.transformers.npu_patch:437] => Applied NPU patches for qwen3_5
[36m(WorkerDict pid=15986)[0m [Rank 0 | Local Rank 0] 2026-07-29 17:12:28,442 INFO [verl.models.transformers.npu_patch:437] => Applied NPU patches for qwen3_5_moe
[36m(WorkerDict pid=15986)[0m [Rank 0 | Local Rank 0] 2026-07-29 17:12:28,442 INFO [verl.models.transformers.npu_patch:449] => Successfully applied patches for 9 model(s)
[36m(WorkerDict pid=15986)[0m Skipping monkey patch for Qwen3ForCausalLM as use_fused_kernels is False or fused_kernels_backend is torch
[36m(WorkerDict pid=15986)[0m PeftModelForCausalLM contains 4.06B parameters
[36m(WorkerDict pid=15986)[0m Before FSDP, memory allocated (GB): 0.00, memory reserved (GB): 0.00, device memory used/total (GB): 0.34/60.96
[36m(WorkerDict pid=15986)[0m After FSDP, memory allocated (GB): 15.21, memory reserved (GB): 17.34, device memory used/total (GB): 17.70/60.96
[36m(WorkerDict pid=15986)[0m Total steps: 1, num_warmup_steps: 0
[36m(WorkerDict pid=15986)[0m [Gloo] Rank 0 is connected to 0 peer ranks. Expected number of connected peer ranks is : 0
[36m(WorkerDict pid=15986)[0m [Gloo] Rank 0 is connected to 0 peer ranks. Expected number of connected peer ranks is : 0
[36m(WorkerDict pid=15986)[0m [Gloo] Rank 0 is connected to 0 peer ranks. Expected number of connected peer ranks is : 0
[36m(WorkerDict pid=15986)[0m [Rank 0 | Local Rank 0] 2026-07-29 17:13:01,317 INFO [torch_npu.env:15] => get env LD_LIBRARY_PATH = /usr/local/python3.11.15/lib/python3.11/site-packages/cv2/../../lib64:/usr/local/Ascend/nnal/atb/latest/atb/cxx_abi_1/lib:/usr/local/Ascend/nnal/atb/latest/atb/cxx_abi_1/examples:/usr/local/Ascend/nnal/atb/latest/atb/cxx_abi_1/tests/atbopstest:/usr/local/Ascend/cann-9.0.0/lib64:/usr/local/Ascend/cann-9.0.0/lib64/plugin/opskernel:/usr/local/Ascend/cann-9.0.0/lib64/plugin/nnengine:/usr/local/Ascend/cann-9.0.0/opp/built-in/op_impl/ai_core/tbe/op_tiling/lib/linux/aarch64:/usr/local/Ascend/driver/lib64:/usr/local/Ascend/driver/lib64/common:/usr/local/Ascend/driver/lib64/driver:/usr/local/Ascend/nnal/atb/latest/atb/cxx_abi_1/lib:/usr/local/Ascend/nnal/atb/latest/atb/cxx_abi_1/examples:/usr/local/Ascend/nnal/atb/latest/atb/cxx_abi_1/tests/atbopstest:/usr/local/Ascend/driver/lib64:/usr/local/Ascend/driver/lib64/common:/usr/local/Ascend/driver/lib64/driver:/usr/local/Ascend/driver/lib64:/usr/local/Ascend/driver/lib64/common:/usr/local/Ascend/driver/lib64/driver:/usr/local/Ascend/nnal/atb/latest/atb/cxx_abi_1/lib:/usr/local/Ascend/nnal/atb/latest/atb/cxx_abi_1/examples:/usr/local/Ascend/nnal/atb/latest/atb/cxx_abi_1/tests/atbopstest:/usr/local/Ascend/ascend-toolkit/latest/tools/aml/lib64:/usr/local/Ascend/ascend-toolkit/latest/tools/aml/lib64/plugin:/usr/local/Ascend/ascend-toolkit/latest/lib64:/usr/local/Ascend/ascend-toolkit/latest/lib64/plugin/opskernel:/usr/local/Ascend/ascend-toolkit/latest/lib64/plugin/nnengine:/usr/local/Ascend/ascend-toolkit/latest/opp/built-in/op_impl/ai_core/tbe/op_tiling:/usr/local/python3.11.15/lib:
[36m(WorkerDict pid=15986)[0m [Rank 0 | Local Rank 0] 2026-07-29 17:13:01,899 INFO [torch_npu.env:15] => get env VLLM_BATCH_INVARIANT = 0
[36m(WorkerDict pid=15986)[0m [Rank 0 | Local Rank 0] 2026-07-29 17:13:17,234 INFO [torch_npu.env:15] => get env ASCEND_CUSTOM_OPP_PATH = /vllm-ascend/vllm_ascend/_cann_ops_custom/vendors/vllm-ascend
[36m(WorkerDict pid=15986)[0m [Rank 0 | Local Rank 0] 2026-07-29 17:13:18,783 INFO [verl.utils.device:321] => Software version 25.2.3 is below 25.3.rc1
[36m(WorkerDict pid=15986)[0m [Rank 0 | Local Rank 0] 2026-07-29 17:13:18,783 WARNING [/workspace/verl_official_main_17ea153d95ee_20260729/verl/workers/rollout/vllm_rollout/vllm_rollout.py:158] => IPC is not supported on your devices. Falling back to shared memory for weight transfer, which may cause performance degradation. If you are using Ascend NPUs, please ensure that your software and CANN toolkit versions meet the requirements for IPC support. (Ascend HDK version >= 25.3.rc1 and CANN toolkit version >= 8.3.RC1)
[36m(WorkerDict pid=15986)[0m [Rank 0 | Local Rank 0] 2026-07-29 17:13:19,467 INFO [/workspace/verl_official_main_17ea153d95ee_20260729/verl/utils/memory_utils.py:67] => Memory cleanup attempt 1: Freed 1.84 GB reserved, 0.00 GB allocated
[36m(WorkerDict pid=15986)[0m [Rank 0 | Local Rank 0] 2026-07-29 17:13:20,012 INFO [/workspace/verl_official_main_17ea153d95ee_20260729/verl/utils/memory_utils.py:67] => Memory cleanup attempt 2: Freed 0.00 GB reserved, 0.00 GB allocated
[36m(TaskRunnerV1 pid=13158)[0m [Rank 0 | Local Rank 0] 2026-07-29 17:13:20,207 INFO [torch_npu.env:15] => get env LD_LIBRARY_PATH = /usr/local/python3.11.15/lib/python3.11/site-packages/cv2/../../lib64:/usr/local/Ascend/nnal/atb/latest/atb/cxx_abi_1/lib:/usr/local/Ascend/nnal/atb/latest/atb/cxx_abi_1/examples:/usr/local/Ascend/nnal/atb/latest/atb/cxx_abi_1/tests/atbopstest:/usr/local/Ascend/cann-9.0.0/lib64:/usr/local/Ascend/cann-9.0.0/lib64/plugin/opskernel:/usr/local/Ascend/cann-9.0.0/lib64/plugin/nnengine:/usr/local/Ascend/cann-9.0.0/opp/built-in/op_impl/ai_core/tbe/op_tiling/lib/linux/aarch64:/usr/local/Ascend/driver/lib64:/usr/local/Ascend/driver/lib64/common:/usr/local/Ascend/driver/lib64/driver:/usr/local/Ascend/nnal/atb/latest/atb/cxx_abi_1/lib:/usr/local/Ascend/nnal/atb/latest/atb/cxx_abi_1/examples:/usr/local/Ascend/nnal/atb/latest/atb/cxx_abi_1/tests/atbopstest:/usr/local/Ascend/driver/lib64:/usr/local/Ascend/driver/lib64/common:/usr/local/Ascend/driver/lib64/driver:/usr/local/Ascend/driver/lib64:/usr/local/Ascend/driver/lib64/common:/usr/local/Ascend/driver/lib64/driver:/usr/local/Ascend/nnal/atb/latest/atb/cxx_abi_1/lib:/usr/local/Ascend/nnal/atb/latest/atb/cxx_abi_1/examples:/usr/local/Ascend/nnal/atb/latest/atb/cxx_abi_1/tests/atbopstest:/usr/local/Ascend/ascend-toolkit/latest/tools/aml/lib64:/usr/local/Ascend/ascend-toolkit/latest/tools/aml/lib64/plugin:/usr/local/Ascend/ascend-toolkit/latest/lib64:/usr/local/Ascend/ascend-toolkit/latest/lib64/plugin/opskernel:/usr/local/Ascend/ascend-toolkit/latest/lib64/plugin/nnengine:/usr/local/Ascend/ascend-toolkit/latest/opp/built-in/op_impl/ai_core/tbe/op_tiling:/usr/local/python3.11.15/lib:
[36m(TaskRunnerV1 pid=13158)[0m [Rank 0 | Local Rank 0] 2026-07-29 17:13:21,364 INFO [torch_npu.env:15] => get env VLLM_BATCH_INVARIANT = 0
[36m(TaskRunnerV1 pid=13158)[0m [Rank 0 | Local Rank 0] 2026-07-29 17:13:23,328 INFO [torch_npu.env:15] => get env ASCEND_CUSTOM_OPP_PATH = /vllm-ascend/vllm_ascend/_cann_ops_custom/vendors/vllm-ascend[36m(vLLMHttpServer pid=18143)[0m (Worker pid=19343) /usr/local/python3.11.15/lib/python3.11/site-packages/torch_npu/dynamo/torchair/configs/compiler_config.py:105: UserWarning: The following torchair config or properties may not take effect or report error in reduce-overhead mode: config.experimental_config.enable_view_optimize:True, set_dim_gears, dynamo_export, scope, npu_print
[36m(vLLMHttpServer pid=18143)[0m (Worker pid=19343)   warnings.warn(
[36m(vLLMHttpServer pid=18143)[0m (Worker pid=19343) /usr/local/python3.11.15/lib/python3.11/site-packages/torch_npu/dynamo/torchair/configs/compiler_config.py:112: DeprecationWarning: The "reduce-overhead" mode configuration will be deprecated. Please use the "npugraph_ex" backend.
[36m(vLLMHttpServer pid=18143)[0m (Worker pid=19343)   warnings.warn("The \"reduce-overhead\" mode configuration will be deprecated. "
[36m(vLLMHttpServer pid=18143)[0m (Worker pid=19343) /usr/local/python3.11.15/lib/python3.11/site-packages/torch_npu/dynamo/torchair/configs/compiler_config.py:105: UserWarning: The following torchair config or properties may not take effect or report error in reduce-overhead mode: config.experimental_config.enable_view_optimize:True, set_dim_gears, dynamo_export, scope, npu_print
[36m(vLLMHttpServer pid=18143)[0m (Worker pid=19343)   warnings.warn(
[36m(vLLMHttpServer pid=18143)[0m (Worker pid=19343) /usr/local/python3.11.15/lib/python3.11/site-packages/torch_npu/dynamo/torchair/configs/compiler_config.py:112: DeprecationWarning: The "reduce-overhead" mode configuration will be deprecated. Please use the "npugraph_ex" backend.
[36m(vLLMHttpServer pid=18143)[0m (Worker pid=19343)   warnings.warn("The \"reduce-overhead\" mode configuration will be deprecated. "
[36m(vLLMHttpServer pid=18143)[0m (Worker pid=19343) /usr/local/python3.11.15/lib/python3.11/site-packages/torch_npu/dynamo/torchair/configs/compiler_config.py:105: UserWarning: The following torchair config or properties may not take effect or report error in reduce-overhead mode: config.experimental_config.enable_view_optimize:True, set_dim_gears, dynamo_export, scope, npu_print
[36m(vLLMHttpServer pid=18143)[0m (Worker pid=19343)   warnings.warn(
[36m(vLLMHttpServer pid=18143)[0m (Worker pid=19343) /usr/local/python3.11.15/lib/python3.11/site-packages/torch_npu/dynamo/torchair/configs/compiler_config.py:112: DeprecationWarning: The "reduce-overhead" mode configuration will be deprecated. Please use the "npugraph_ex" backend.
[36m(vLLMHttpServer pid=18143)[0m (Worker pid=19343)   warnings.warn("The \"reduce-overhead\" mode configuration will be deprecated. "
[36m(vLLMHttpServer pid=18143)[0m (Worker pid=19343) /usr/local/python3.11.15/lib/python3.11/site-packages/torch_npu/dynamo/torchair/configs/compiler_config.py:105: UserWarning: The following torchair config or properties may not take effect or report error in reduce-overhead mode: config.experimental_config.enable_view_optimize:True, set_dim_gears, dynamo_export, scope, npu_print
[36m(vLLMHttpServer pid=18143)[0m (Worker pid=19343)   warnings.warn(
[36m(vLLMHttpServer pid=18143)[0m (Worker pid=19343) /usr/local/python3.11.15/lib/python3.11/site-packages/torch_npu/dynamo/torchair/configs/compiler_config.py:112: DeprecationWarning: The "reduce-overhead" mode configuration will be deprecated. Please use the "npugraph_ex" backend.
[36m(vLLMHttpServer pid=18143)[0m (Worker pid=19343)   warnings.warn("The \"reduce-overhead\" mode configuration will be deprecated. "
[36m(vLLMHttpServer pid=18143)[0m (Worker pid=19343) /usr/local/python3.11.15/lib/python3.11/site-packages/torch_npu/dynamo/torchair/configs/compiler_config.py:105: UserWarning: The following torchair config or properties may not take effect or report error in reduce-overhead mode: config.experimental_config.enable_view_optimize:True, set_dim_gears, dynamo_export, scope, npu_print
[36m(vLLMHttpServer pid=18143)[0m (Worker pid=19343)   warnings.warn(
[36m(vLLMHttpServer pid=18143)[0m (Worker pid=19343) /usr/local/python3.11.15/lib/python3.11/site-packages/torch_npu/dynamo/torchair/configs/compiler_config.py:112: DeprecationWarning: The "reduce-overhead" mode configuration will be deprecated. Please use the "npugraph_ex" backend.
[36m(vLLMHttpServer pid=18143)[0m (Worker pid=19343)   warnings.warn("The \"reduce-overhead\" mode configuration will be deprecated. "
[36m(vLLMHttpServer pid=18143)[0m (Worker pid=19343) /usr/local/python3.11.15/lib/python3.11/site-packages/torch_npu/dynamo/torchair/configs/compiler_config.py:105: UserWarning: The following torchair config or properties may not take effect or report error in reduce-overhead mode: config.experimental_config.enable_view_optimize:True, set_dim_gears, dynamo_export, scope, npu_print
[36m(vLLMHttpServer pid=18143)[0m (Worker pid=19343)   warnings.warn(
[36m(vLLMHttpServer pid=18143)[0m (Worker pid=19343) /usr/local/python3.11.15/lib/python3.11/site-packages/torch_npu/dynamo/torchair/configs/compiler_config.py:112: DeprecationWarning: The "reduce-overhead" mode configuration will be deprecated. Please use the "npugraph_ex" backend.
[36m(vLLMHttpServer pid=18143)[0m (Worker pid=19343)   warnings.warn("The \"reduce-overhead\" mode configuration will be deprecated. "
[36m(vLLMHttpServer pid=18143)[0m (Worker pid=19343) /usr/local/python3.11.15/lib/python3.11/site-packages/torch_npu/dynamo/torchair/configs/compiler_config.py:105: UserWarning: The following torchair config or properties may not take effect or report error in reduce-overhead mode: config.experimental_config.enable_view_optimize:True, set_dim_gears, dynamo_export, scope, npu_print
[36m(vLLMHttpServer pid=18143)[0m (Worker pid=19343)   warnings.warn(
[36m(vLLMHttpServer pid=18143)[0m (Worker pid=19343) /usr/local/python3.11.15/lib/python3.11/site-packages/torch_npu/dynamo/torchair/configs/compiler_config.py:112: DeprecationWarning: The "reduce-overhead" mode configuration will be deprecated. Please use the "npugraph_ex" backend.
[36m(vLLMHttpServer pid=18143)[0m (Worker pid=19343)   warnings.warn("The \"reduce-overhead\" mode configuration will be deprecated. "
[36m(vLLMHttpServer pid=18143)[0m (Worker pid=19343) /usr/local/python3.11.15/lib/python3.11/site-packages/torch_npu/dynamo/torchair/configs/compiler_config.py:105: UserWarning: The following torchair config or properties may not take effect or report error in reduce-overhead mode: config.experimental_config.enable_view_optimize:True, set_dim_gears, dynamo_export, scope, npu_print
[36m(vLLMHttpServer pid=18143)[0m (Worker pid=19343)   warnings.warn(
[36m(vLLMHttpServer pid=18143)[0m (Worker pid=19343) /usr/local/python3.11.15/lib/python3.11/site-packages/torch_npu/dynamo/torchair/configs/compiler_config.py:112: DeprecationWarning: The "reduce-overhead" mode configuration will be deprecated. Please use the "npugraph_ex" backend.
[36m(vLLMHttpServer pid=18143)[0m (Worker pid=19343)   warnings.warn("The \"reduce-overhead\" mode configuration will be deprecated. "
[36m(vLLMHttpServer pid=18143)[0m (Worker pid=19343) /usr/local/python3.11.15/lib/python3.11/site-packages/torch_npu/dynamo/torchair/configs/compiler_config.py:105: UserWarning: The following torchair config or properties may not take effect or report error in reduce-overhead mode: config.experimental_config.enable_view_optimize:True, set_dim_gears, dynamo_export, scope, npu_print
[36m(vLLMHttpServer pid=18143)[0m (Worker pid=19343)   warnings.warn(
[36m(vLLMHttpServer pid=18143)[0m (Worker pid=19343) /usr/local/python3.11.15/lib/python3.11/site-packages/torch_npu/dynamo/torchair/configs/compiler_config.py:112: DeprecationWarning: The "reduce-overhead" mode configuration will be deprecated. Please use the "npugraph_ex" backend.
[36m(vLLMHttpServer pid=18143)[0m (Worker pid=19343)   warnings.warn("The \"reduce-overhead\" mode configuration will be deprecated. "
[36m(vLLMHttpServer pid=18143)[0m (Worker pid=19343) /usr/local/python3.11.15/lib/python3.11/site-packages/torch_npu/dynamo/torchair/configs/compiler_config.py:105: UserWarning: The following torchair config or properties may not take effect or report error in reduce-overhead mode: config.experimental_config.enable_view_optimize:True, set_dim_gears, dynamo_export, scope, npu_print
[36m(vLLMHttpServer pid=18143)[0m (Worker pid=19343)   warnings.warn(
[36m(vLLMHttpServer pid=18143)[0m (Worker pid=19343) /usr/local/python3.11.15/lib/python3.11/site-packages/torch_npu/dynamo/torchair/configs/compiler_config.py:112: DeprecationWarning: The "reduce-overhead" mode configuration will be deprecated. Please use the "npugraph_ex" backend.
[36m(vLLMHttpServer pid=18143)[0m (Worker pid=19343)   warnings.warn("The \"reduce-overhead\" mode configuration will be deprecated. "
[36m(vLLMHttpServer pid=18143)[0m (Worker pid=19343) /usr/local/python3.11.15/lib/python3.11/site-packages/torch_npu/dynamo/torchair/configs/compiler_config.py:105: UserWarning: The following torchair config or properties may not take effect or report error in reduce-overhead mode: config.experimental_config.enable_view_optimize:True, set_dim_gears, dynamo_export, scope, npu_print
[36m(vLLMHttpServer pid=18143)[0m (Worker pid=19343)   warnings.warn(
[36m(vLLMHttpServer pid=18143)[0m (Worker pid=19343) /usr/local/python3.11.15/lib/python3.11/site-packages/torch_npu/dynamo/torchair/configs/compiler_config.py:112: DeprecationWarning: The "reduce-overhead" mode configuration will be deprecated. Please use the "npugraph_ex" backend.
[36m(vLLMHttpServer pid=18143)[0m (Worker pid=19343)   warnings.warn("The \"reduce-overhead\" mode configuration will be deprecated. "
[36m(vLLMHttpServer pid=18143)[0m (Worker pid=19343) /usr/local/python3.11.15/lib/python3.11/site-packages/torch_npu/dynamo/torchair/configs/compiler_config.py:105: UserWarning: The following torchair config or properties may not take effect or report error in reduce-overhead mode: config.experimental_config.enable_view_optimize:True, set_dim_gears, dynamo_export, scope, npu_print
[36m(vLLMHttpServer pid=18143)[0m (Worker pid=19343)   warnings.warn(
[36m(vLLMHttpServer pid=18143)[0m (Worker pid=19343) /usr/local/python3.11.15/lib/python3.11/site-packages/torch_npu/dynamo/torchair/configs/compiler_config.py:112: DeprecationWarning: The "reduce-overhead" mode configuration will be deprecated. Please use the "npugraph_ex" backend.
[36m(vLLMHttpServer pid=18143)[0m (Worker pid=19343)   warnings.warn("The \"reduce-overhead\" mode configuration will be deprecated. "
[36m(vLLMHttpServer pid=18143)[0m (Worker pid=19343) /usr/local/python3.11.15/lib/python3.11/site-packages/torch_npu/dynamo/torchair/configs/compiler_config.py:105: UserWarning: The following torchair config or properties may not take effect or report error in reduce-overhead mode: config.experimental_config.enable_view_optimize:True, set_dim_gears, dynamo_export, scope, npu_print
[36m(vLLMHttpServer pid=18143)[0m (Worker pid=19343)   warnings.warn(
[36m(vLLMHttpServer pid=18143)[0m (Worker pid=19343) /usr/local/python3.11.15/lib/python3.11/site-packages/torch_npu/dynamo/torchair/configs/compiler_config.py:112: DeprecationWarning: The "reduce-overhead" mode configuration will be deprecated. Please use the "npugraph_ex" backend.
[36m(vLLMHttpServer pid=18143)[0m (Worker pid=19343)   warnings.warn("The \"reduce-overhead\" mode configuration will be deprecated. "
[36m(vLLMHttpServer pid=18143)[0m (Worker pid=19343) /usr/local/python3.11.15/lib/python3.11/site-packages/torch_npu/dynamo/torchair/configs/compiler_config.py:105: UserWarning: The following torchair config or properties may not take effect or report error in reduce-overhead mode: config.experimental_config.enable_view_optimize:True, set_dim_gears, dynamo_export, scope, npu_print
[36m(vLLMHttpServer pid=18143)[0m (Worker pid=19343)   warnings.warn(
[36m(vLLMHttpServer pid=18143)[0m (Worker pid=19343) /usr/local/python3.11.15/lib/python3.11/site-packages/torch_npu/dynamo/torchair/configs/compiler_config.py:112: DeprecationWarning: The "reduce-overhead" mode configuration will be deprecated. Please use the "npugraph_ex" backend.
[36m(vLLMHttpServer pid=18143)[0m (Worker pid=19343)   warnings.warn("The \"reduce-overhead\" mode configuration will be deprecated. "
[36m(vLLMHttpServer pid=18143)[0m (Worker pid=19343) /usr/local/python3.11.15/lib/python3.11/site-packages/torch_npu/dynamo/torchair/configs/compiler_config.py:105: UserWarning: The following torchair config or properties may not take effect or report error in reduce-overhead mode: config.experimental_config.enable_view_optimize:True, set_dim_gears, dynamo_export, scope, npu_print
[36m(vLLMHttpServer pid=18143)[0m (Worker pid=19343)   warnings.warn(
[36m(vLLMHttpServer pid=18143)[0m (Worker pid=19343) /usr/local/python3.11.15/lib/python3.11/site-packages/torch_npu/dynamo/torchair/configs/compiler_config.py:112: DeprecationWarning: The "reduce-overhead" mode configuration will be deprecated. Please use the "npugraph_ex" backend.
[36m(vLLMHttpServer pid=18143)[0m (Worker pid=19343)   warnings.warn("The \"reduce-overhead\" mode configuration will be deprecated. "
[36m(vLLMHttpServer pid=18143)[0m (Worker pid=19343) /usr/local/python3.11.15/lib/python3.11/site-packages/torch_npu/dynamo/torchair/configs/compiler_config.py:105: UserWarning: The following torchair config or properties may not take effect or report error in reduce-overhead mode: config.experimental_config.enable_view_optimize:True, set_dim_gears, dynamo_export, scope, npu_print
[36m(vLLMHttpServer pid=18143)[0m (Worker pid=19343)   warnings.warn(
[36m(vLLMHttpServer pid=18143)[0m (Worker pid=19343) /usr/local/python3.11.15/lib/python3.11/site-packages/torch_npu/dynamo/torchair/configs/compiler_config.py:112: DeprecationWarning: The "reduce-overhead" mode configuration will be deprecated. Please use the "npugraph_ex" backend.
[36m(vLLMHttpServer pid=18143)[0m (Worker pid=19343)   warnings.warn("The \"reduce-overhead\" mode configuration will be deprecated. "
[36m(vLLMHttpServer pid=18143)[0m (Worker pid=19343) /usr/local/python3.11.15/lib/python3.11/site-packages/torch_npu/dynamo/torchair/configs/compiler_config.py:105: UserWarning: The following torchair config or properties may not take effect or report error in reduce-overhead mode: config.experimental_config.enable_view_optimize:True, set_dim_gears, dynamo_export, scope, npu_print
[36m(vLLMHttpServer pid=18143)[0m (Worker pid=19343)   warnings.warn(
[36m(vLLMHttpServer pid=18143)[0m (Worker pid=19343) /usr/local/python3.11.15/lib/python3.11/site-packages/torch_npu/dynamo/torchair/configs/compiler_config.py:112: DeprecationWarning: The "reduce-overhead" mode configuration will be deprecated. Please use the "npugraph_ex" backend.
[36m(vLLMHttpServer pid=18143)[0m (Worker pid=19343)   warnings.warn("The \"reduce-overhead\" mode configuration will be deprecated. "
[36m(vLLMHttpServer pid=18143)[0m (Worker pid=19343) /usr/local/python3.11.15/lib/python3.11/site-packages/torch_npu/dynamo/torchair/configs/compiler_config.py:105: UserWarning: The following torchair config or properties may not take effect or report error in reduce-overhead mode: config.experimental_config.enable_view_optimize:True, set_dim_gears, dynamo_export, scope, npu_print
[36m(vLLMHttpServer pid=18143)[0m (Worker pid=19343)   warnings.warn(
[36m(vLLMHttpServer pid=18143)[0m (Worker pid=19343) /usr/local/python3.11.15/lib/python3.11/site-packages/torch_npu/dynamo/torchair/configs/compiler_config.py:112: DeprecationWarning: The "reduce-overhead" mode configuration will be deprecated. Please use the "npugraph_ex" backend.
[36m(vLLMHttpServer pid=18143)[0m (Worker pid=19343)   warnings.warn("The \"reduce-overhead\" mode configuration will be deprecated. "
[36m(vLLMHttpServer pid=18143)[0m (Worker pid=19343) /usr/local/python3.11.15/lib/python3.11/site-packages/torch_npu/dynamo/torchair/configs/compiler_config.py:105: UserWarning: The following torchair config or properties may not take effect or report error in reduce-overhead mode: config.experimental_config.enable_view_optimize:True, set_dim_gears, dynamo_export, scope, npu_print
[36m(vLLMHttpServer pid=18143)[0m (Worker pid=19343)   warnings.warn(
[36m(vLLMHttpServer pid=18143)[0m (Worker pid=19343) /usr/local/python3.11.15/lib/python3.11/site-packages/torch_npu/dynamo/torchair/configs/compiler_config.py:112: DeprecationWarning: The "reduce-overhead" mode configuration will be deprecated. Please use the "npugraph_ex" backend.
[36m(vLLMHttpServer pid=18143)[0m (Worker pid=19343)   warnings.warn("The \"reduce-overhead\" mode configuration will be deprecated. "
[36m(vLLMHttpServer pid=18143)[0m (Worker pid=19343) /usr/local/python3.11.15/lib/python3.11/site-packages/torch_npu/dynamo/torchair/configs/compiler_config.py:105: UserWarning: The following torchair config or properties may not take effect or report error in reduce-overhead mode: config.experimental_config.enable_view_optimize:True, set_dim_gears, dynamo_export, scope, npu_print
[36m(vLLMHttpServer pid=18143)[0m (Worker pid=19343)   warnings.warn(
[36m(vLLMHttpServer pid=18143)[0m (Worker pid=19343) /usr/local/python3.11.15/lib/python3.11/site-packages/torch_npu/dynamo/torchair/configs/compiler_config.py:112: DeprecationWarning: The "reduce-overhead" mode configuration will be deprecated. Please use the "npugraph_ex" backend.
[36m(vLLMHttpServer pid=18143)[0m (Worker pid=19343)   warnings.warn("The \"reduce-overhead\" mode configuration will be deprecated. "
[36m(vLLMHttpServer pid=18143)[0m (Worker pid=19343) /usr/local/python3.11.15/lib/python3.11/site-packages/torch_npu/dynamo/torchair/configs/compiler_config.py:105: UserWarning: The following torchair config or properties may not take effect or report error in reduce-overhead mode: config.experimental_config.enable_view_optimize:True, set_dim_gears, dynamo_export, scope, npu_print
[36m(vLLMHttpServer pid=18143)[0m (Worker pid=19343)   warnings.warn(
[36m(vLLMHttpServer pid=18143)[0m (Worker pid=19343) /usr/local/python3.11.15/lib/python3.11/site-packages/torch_npu/dynamo/torchair/configs/compiler_config.py:112: DeprecationWarning: The "reduce-overhead" mode configuration will be deprecated. Please use the "npugraph_ex" backend.
[36m(vLLMHttpServer pid=18143)[0m (Worker pid=19343)   warnings.warn("The \"reduce-overhead\" mode configuration will be deprecated. "
[36m(vLLMHttpServer pid=18143)[0m (Worker pid=19343) /usr/local/python3.11.15/lib/python3.11/site-packages/torch_npu/dynamo/torchair/configs/compiler_config.py:105: UserWarning: The following torchair config or properties may not take effect or report error in reduce-overhead mode: config.experimental_config.enable_view_optimize:True, set_dim_gears, dynamo_export, scope, npu_print
[36m(vLLMHttpServer pid=18143)[0m (Worker pid=19343)   warnings.warn(
[36m(vLLMHttpServer pid=18143)[0m (Worker pid=19343) /usr/local/python3.11.15/lib/python3.11/site-packages/torch_npu/dynamo/torchair/configs/compiler_config.py:112: DeprecationWarning: The "reduce-overhead" mode configuration will be deprecated. Please use the "npugraph_ex" backend.
[36m(vLLMHttpServer pid=18143)[0m (Worker pid=19343)   warnings.warn("The \"reduce-overhead\" mode configuration will be deprecated. "
[36m(vLLMHttpServer pid=18143)[0m (Worker pid=19343) /usr/local/python3.11.15/lib/python3.11/site-packages/torch_npu/dynamo/torchair/configs/compiler_config.py:105: UserWarning: The following torchair config or properties may not take effect or report error in reduce-overhead mode: config.experimental_config.enable_view_optimize:True, set_dim_gears, dynamo_export, scope, npu_print
[36m(vLLMHttpServer pid=18143)[0m (Worker pid=19343)   warnings.warn(
[36m(vLLMHttpServer pid=18143)[0m (Worker pid=19343) /usr/local/python3.11.15/lib/python3.11/site-packages/torch_npu/dynamo/torchair/configs/compiler_config.py:112: DeprecationWarning: The "reduce-overhead" mode configuration will be deprecated. Please use the "npugraph_ex" backend.
[36m(vLLMHttpServer pid=18143)[0m (Worker pid=19343)   warnings.warn("The \"reduce-overhead\" mode configuration will be deprecated. "
[36m(vLLMHttpServer pid=18143)[0m (Worker pid=19343) /usr/local/python3.11.15/lib/python3.11/site-packages/torch_npu/dynamo/torchair/configs/compiler_config.py:105: UserWarning: The following torchair config or properties may not take effect or report error in reduce-overhead mode: config.experimental_config.enable_view_optimize:True, set_dim_gears, dynamo_export, scope, npu_print
[36m(vLLMHttpServer pid=18143)[0m (Worker pid=19343)   warnings.warn(
[36m(vLLMHttpServer pid=18143)[0m (Worker pid=19343) /usr/local/python3.11.15/lib/python3.11/site-packages/torch_npu/dynamo/torchair/configs/compiler_config.py:112: DeprecationWarning: The "reduce-overhead" mode configuration will be deprecated. Please use the "npugraph_ex" backend.
[36m(vLLMHttpServer pid=18143)[0m (Worker pid=19343)   warnings.warn("The \"reduce-overhead\" mode configuration will be deprecated. "
[36m(vLLMHttpServer pid=18143)[0m (Worker pid=19343) /usr/local/python3.11.15/lib/python3.11/site-packages/torch_npu/dynamo/torchair/configs/compiler_config.py:105: UserWarning: The following torchair config or properties may not take effect or report error in reduce-overhead mode: config.experimental_config.enable_view_optimize:True, set_dim_gears, dynamo_export, scope, npu_print
[36m(vLLMHttpServer pid=18143)[0m (Worker pid=19343)   warnings.warn(
[36m(vLLMHttpServer pid=18143)[0m (Worker pid=19343) /usr/local/python3.11.15/lib/python3.11/site-packages/torch_npu/dynamo/torchair/configs/compiler_config.py:112: DeprecationWarning: The "reduce-overhead" mode configuration will be deprecated. Please use the "npugraph_ex" backend.
[36m(vLLMHttpServer pid=18143)[0m (Worker pid=19343)   warnings.warn("The \"reduce-overhead\" mode configuration will be deprecated. "
[36m(vLLMHttpServer pid=18143)[0m (Worker pid=19343) /usr/local/python3.11.15/lib/python3.11/site-packages/torch_npu/dynamo/torchair/configs/compiler_config.py:105: UserWarning: The following torchair config or properties may not take effect or report error in reduce-overhead mode: config.experimental_config.enable_view_optimize:True, set_dim_gears, dynamo_export, scope, npu_print
[36m(vLLMHttpServer pid=18143)[0m (Worker pid=19343)   warnings.warn(
[36m(vLLMHttpServer pid=18143)[0m (Worker pid=19343) /usr/local/python3.11.15/lib/python3.11/site-packages/torch_npu/dynamo/torchair/configs/compiler_config.py:112: DeprecationWarning: The "reduce-overhead" mode configuration will be deprecated. Please use the "npugraph_ex" backend.
[36m(vLLMHttpServer pid=18143)[0m (Worker pid=19343)   warnings.warn("The \"reduce-overhead\" mode configuration will be deprecated. "
[36m(vLLMHttpServer pid=18143)[0m (Worker pid=19343) /usr/local/python3.11.15/lib/python3.11/site-packages/torch_npu/dynamo/torchair/configs/compiler_config.py:105: UserWarning: The following torchair config or properties may not take effect or report error in reduce-overhead mode: config.experimental_config.enable_view_optimize:True, set_dim_gears, dynamo_export, scope, npu_print
[36m(vLLMHttpServer pid=18143)[0m (Worker pid=19343)   warnings.warn(
[36m(vLLMHttpServer pid=18143)[0m (Worker pid=19343) /usr/local/python3.11.15/lib/python3.11/site-packages/torch_npu/dynamo/torchair/configs/compiler_config.py:112: DeprecationWarning: The "reduce-overhead" mode configuration will be deprecated. Please use the "npugraph_ex" backend.
[36m(vLLMHttpServer pid=18143)[0m (Worker pid=19343)   warnings.warn("The \"reduce-overhead\" mode configuration will be deprecated. "
[36m(vLLMHttpServer pid=18143)[0m (Worker pid=19343) /usr/local/python3.11.15/lib/python3.11/site-packages/torch_npu/dynamo/torchair/configs/compiler_config.py:105: UserWarning: The following torchair config or properties may not take effect or report error in reduce-overhead mode: config.experimental_config.enable_view_optimize:True, set_dim_gears, dynamo_export, scope, npu_print
[36m(vLLMHttpServer pid=18143)[0m (Worker pid=19343)   warnings.warn(
[36m(vLLMHttpServer pid=18143)[0m (Worker pid=19343) /usr/local/python3.11.15/lib/python3.11/site-packages/torch_npu/dynamo/torchair/configs/compiler_config.py:112: DeprecationWarning: The "reduce-overhead" mode configuration will be deprecated. Please use the "npugraph_ex" backend.
[36m(vLLMHttpServer pid=18143)[0m (Worker pid=19343)   warnings.warn("The \"reduce-overhead\" mode configuration will be deprecated. "
[36m(vLLMHttpServer pid=18143)[0m (Worker pid=19343) /usr/local/python3.11.15/lib/python3.11/site-packages/torch_npu/dynamo/torchair/configs/compiler_config.py:105: UserWarning: The following torchair config or properties may not take effect or report error in reduce-overhead mode: config.experimental_config.enable_view_optimize:True, set_dim_gears, dynamo_export, scope, npu_print
[36m(vLLMHttpServer pid=18143)[0m (Worker pid=19343)   warnings.warn(
[36m(vLLMHttpServer pid=18143)[0m (Worker pid=19343) /usr/local/python3.11.15/lib/python3.11/site-packages/torch_npu/dynamo/torchair/configs/compiler_config.py:112: DeprecationWarning: The "reduce-overhead" mode configuration will be deprecated. Please use the "npugraph_ex" backend.
[36m(vLLMHttpServer pid=18143)[0m (Worker pid=19343)   warnings.warn("The \"reduce-overhead\" mode configuration will be deprecated. "
[36m(vLLMHttpServer pid=18143)[0m (Worker pid=19343) /usr/local/python3.11.15/lib/python3.11/site-packages/torch_npu/dynamo/torchair/configs/compiler_config.py:105: UserWarning: The following torchair config or properties may not take effect or report error in reduce-overhead mode: config.experimental_config.enable_view_optimize:True, set_dim_gears, dynamo_export, scope, npu_print
[36m(vLLMHttpServer pid=18143)[0m (Worker pid=19343)   warnings.warn(
[36m(vLLMHttpServer pid=18143)[0m (Worker pid=19343) /usr/local/python3.11.15/lib/python3.11/site-packages/torch_npu/dynamo/torchair/configs/compiler_config.py:112: DeprecationWarning: The "reduce-overhead" mode configuration will be deprecated. Please use the "npugraph_ex" backend.
[36m(vLLMHttpServer pid=18143)[0m (Worker pid=19343)   warnings.warn("The \"reduce-overhead\" mode configuration will be deprecated. "
[36m(vLLMHttpServer pid=18143)[0m (Worker pid=19343) /usr/local/python3.11.15/lib/python3.11/site-packages/torch_npu/dynamo/torchair/configs/compiler_config.py:105: UserWarning: The following torchair config or properties may not take effect or report error in reduce-overhead mode: config.experimental_config.enable_view_optimize:True, set_dim_gears, dynamo_export, scope, npu_print
[36m(vLLMHttpServer pid=18143)[0m (Worker pid=19343)   warnings.warn(
[36m(vLLMHttpServer pid=18143)[0m (Worker pid=19343) /usr/local/python3.11.15/lib/python3.11/site-packages/torch_npu/dynamo/torchair/configs/compiler_config.py:112: DeprecationWarning: The "reduce-overhead" mode configuration will be deprecated. Please use the "npugraph_ex" backend.
[36m(vLLMHttpServer pid=18143)[0m (Worker pid=19343)   warnings.warn("The \"reduce-overhead\" mode configuration will be deprecated. "
[36m(vLLMHttpServer pid=18143)[0m (Worker pid=19343) /usr/local/python3.11.15/lib/python3.11/site-packages/torch_npu/dynamo/torchair/configs/compiler_config.py:105: UserWarning: The following torchair config or properties may not take effect or report error in reduce-overhead mode: config.experimental_config.enable_view_optimize:True, set_dim_gears, dynamo_export, scope, npu_print
[36m(vLLMHttpServer pid=18143)[0m (Worker pid=19343)   warnings.warn(
[36m(vLLMHttpServer pid=18143)[0m (Worker pid=19343) /usr/local/python3.11.15/lib/python3.11/site-packages/torch_npu/dynamo/torchair/configs/compiler_config.py:112: DeprecationWarning: The "reduce-overhead" mode configuration will be deprecated. Please use the "npugraph_ex" backend.
[36m(vLLMHttpServer pid=18143)[0m (Worker pid=19343)   warnings.warn("The \"reduce-overhead\" mode configuration will be deprecated. "
[36m(vLLMHttpServer pid=18143)[0m (Worker pid=19343) /usr/local/python3.11.15/lib/python3.11/site-packages/torch_npu/dynamo/torchair/configs/compiler_config.py:105: UserWarning: The following torchair config or properties may not take effect or report error in reduce-overhead mode: config.experimental_config.enable_view_optimize:True, set_dim_gears, dynamo_export, scope, npu_print
[36m(vLLMHttpServer pid=18143)[0m (Worker pid=19343)   warnings.warn(
[36m(vLLMHttpServer pid=18143)[0m (Worker pid=19343) /usr/local/python3.11.15/lib/python3.11/site-packages/torch_npu/dynamo/torchair/configs/compiler_config.py:112: DeprecationWarning: The "reduce-overhead" mode configuration will be deprecated. Please use the "npugraph_ex" backend.
[36m(vLLMHttpServer pid=18143)[0m (Worker pid=19343)   warnings.warn("The \"reduce-overhead\" mode configuration will be deprecated. "
[36m(vLLMHttpServer pid=18143)[0m (Worker pid=19343) /usr/local/python3.11.15/lib/python3.11/site-packages/torch_npu/dynamo/torchair/configs/compiler_config.py:105: UserWarning: The following torchair config or properties may not take effect or report error in reduce-overhead mode: config.experimental_config.enable_view_optimize:True, set_dim_gears, dynamo_export, scope, npu_print
[36m(vLLMHttpServer pid=18143)[0m (Worker pid=19343)   warnings.warn(
[36m(vLLMHttpServer pid=18143)[0m (Worker pid=19343) /usr/local/python3.11.15/lib/python3.11/site-packages/torch_npu/dynamo/torchair/configs/compiler_config.py:112: DeprecationWarning: The "reduce-overhead" mode configuration will be deprecated. Please use the "npugraph_ex" backend.
[36m(vLLMHttpServer pid=18143)[0m (Worker pid=19343)   warnings.warn("The \"reduce-overhead\" mode configuration will be deprecated. "
[36m(vLLMHttpServer pid=18143)[0m (Worker pid=19343) /usr/local/python3.11.15/lib/python3.11/site-packages/torch_npu/dynamo/torchair/configs/compiler_config.py:105: UserWarning: The following torchair config or properties may not take effect or report error in reduce-overhead mode: config.experimental_config.enable_view_optimize:True, set_dim_gears, dynamo_export, scope, npu_print
[36m(vLLMHttpServer pid=18143)[0m (Worker pid=19343)   warnings.warn(
[36m(vLLMHttpServer pid=18143)[0m (Worker pid=19343) /usr/local/python3.11.15/lib/python3.11/site-packages/torch_npu/dynamo/torchair/configs/compiler_config.py:112: DeprecationWarning: The "reduce-overhead" mode configuration will be deprecated. Please use the "npugraph_ex" backend.
[36m(vLLMHttpServer pid=18143)[0m (Worker pid=19343)   warnings.warn("The \"reduce-overhead\" mode configuration will be deprecated. "
[36m(vLLMHttpServer pid=18143)[0m (Worker pid=19343) /usr/local/python3.11.15/lib/python3.11/site-packages/torch_npu/dynamo/torchair/configs/compiler_config.py:105: UserWarning: The following torchair config or properties may not take effect or report error in reduce-overhead mode: config.experimental_config.enable_view_optimize:True, set_dim_gears, dynamo_export, scope, npu_print
[36m(vLLMHttpServer pid=18143)[0m (Worker pid=19343)   warnings.warn(
[36m(vLLMHttpServer pid=18143)[0m (Worker pid=19343) /usr/local/python3.11.15/lib/python3.11/site-packages/torch_npu/dynamo/torchair/configs/compiler_config.py:112: DeprecationWarning: The "reduce-overhead" mode configuration will be deprecated. Please use the "npugraph_ex" backend.
[36m(vLLMHttpServer pid=18143)[0m (Worker pid=19343)   warnings.warn("The \"reduce-overhead\" mode configuration will be deprecated. "
[36m(vLLMHttpServer pid=18143)[0m (Worker pid=19343) /usr/local/python3.11.15/lib/python3.11/site-packages/torch_npu/dynamo/torchair/configs/compiler_config.py:105: UserWarning: The following torchair config or properties may not take effect or report error in reduce-overhead mode: config.experimental_config.enable_view_optimize:True, set_dim_gears, dynamo_export, scope, npu_print
[36m(vLLMHttpServer pid=18143)[0m (Worker pid=19343)   warnings.warn(
[36m(vLLMHttpServer pid=18143)[0m (Worker pid=19343) /usr/local/python3.11.15/lib/python3.11/site-packages/torch_npu/dynamo/torchair/configs/compiler_config.py:112: DeprecationWarning: The "reduce-overhead" mode configuration will be deprecated. Please use the "npugraph_ex" backend.
[36m(vLLMHttpServer pid=18143)[0m (Worker pid=19343)   warnings.warn("The \"reduce-overhead\" mode configuration will be deprecated. "
[36m(vLLMHttpServer pid=18143)[0m (Worker pid=19343) Capturing CUDA graphs (mixed prefill-decode, PIECEWISE):   0%|          | 0/22 [00:00<?, ?it/s]
[36m(vLLMHttpServer pid=18143)[0m Capturing CUDA graphs (mixed prefill-decode, PIECEWISE):   5%|▍         | 1/22 [00:00<00:13,  1.54it/s]
[36m(vLLMHttpServer pid=18143)[0m Capturing CUDA graphs (mixed prefill-decode, PIECEWISE):   9%|▉         | 2/22 [00:01<00:11,  1.76it/s]
[36m(vLLMHttpServer pid=18143)[0m Capturing CUDA graphs (mixed prefill-decode, PIECEWISE):  14%|█▎        | 3/22 [00:01<00:10,  1.85it/s]
[36m(vLLMHttpServer pid=18143)[0m Capturing CUDA graphs (mixed prefill-decode, PIECEWISE):  18%|█▊        | 4/22 [00:02<00:09,  1.89it/s]
[36m(vLLMHttpServer pid=18143)[0m Capturing CUDA graphs (mixed prefill-decode, PIECEWISE):  23%|██▎       | 5/22 [00:02<00:08,  1.91it/s]
[36m(vLLMHttpServer pid=18143)[0m Capturing CUDA graphs (mixed prefill-decode, PIECEWISE):  27%|██▋       | 6/22 [00:03<00:08,  1.90it/s]
[36m(vLLMHttpServer pid=18143)[0m Capturing CUDA graphs (mixed prefill-decode, PIECEWISE):  32%|███▏      | 7/22 [00:03<00:07,  1.91it/s]
[36m(vLLMHttpServer pid=18143)[0m Capturing CUDA graphs (mixed prefill-decode, PIECEWISE):  36%|███▋      | 8/22 [00:04<00:07,  1.91it/s]
[36m(vLLMHttpServer pid=18143)[0m Capturing CUDA graphs (mixed prefill-decode, PIECEWISE):  41%|████      | 9/22 [00:04<00:06,  1.91it/s]
[36m(vLLMHttpServer pid=18143)[0m Capturing CUDA graphs (mixed prefill-decode, PIECEWISE):  45%|████▌     | 10/22 [00:05<00:06,  1.90it/s]
[36m(vLLMHttpServer pid=18143)[0m Capturing CUDA graphs (mixed prefill-decode, PIECEWISE):  50%|█████     | 11/22 [00:05<00:05,  1.90it/s]
[36m(vLLMHttpServer pid=18143)[0m Capturing CUDA graphs (mixed prefill-decode, PIECEWISE):  55%|█████▍    | 12/22 [00:06<00:05,  1.90it/s]
[36m(vLLMHttpServer pid=18143)[0m Capturing CUDA graphs (mixed prefill-decode, PIECEWISE):  59%|█████▉    | 13/22 [00:06<00:04,  1.90it/s]
[36m(vLLMHttpServer pid=18143)[0m Capturing CUDA graphs (mixed prefill-decode, PIECEWISE):  64%|██████▎   | 14/22 [00:07<00:04,  1.91it/s]
[36m(vLLMHttpServer pid=18143)[0m Capturing CUDA graphs (mixed prefill-decode, PIECEWISE):  68%|██████▊   | 15/22 [00:07<00:03,  1.91it/s]
[36m(vLLMHttpServer pid=18143)[0m Capturing CUDA graphs (mixed prefill-decode, PIECEWISE):  73%|███████▎  | 16/22 [00:08<00:03,  1.90it/s]
[36m(vLLMHttpServer pid=18143)[0m Capturing CUDA graphs (mixed prefill-decode, PIECEWISE):  77%|███████▋  | 17/22 [00:09<00:02,  1.89it/s]
[36m(vLLMHttpServer pid=18143)[0m Capturing CUDA graphs (mixed prefill-decode, PIECEWISE):  82%|████████▏ | 18/22 [00:09<00:02,  1.89it/s]
[36m(vLLMHttpServer pid=18143)[0m Capturing CUDA graphs (mixed prefill-decode, PIECEWISE):  86%|████████▋ | 19/22 [00:10<00:01,  1.86it/s]
[36m(vLLMHttpServer pid=18143)[0m Capturing CUDA graphs (mixed prefill-decode, PIECEWISE):  91%|█████████ | 20/22 [00:10<00:01,  1.83it/s]
[36m(vLLMHttpServer pid=18143)[0m Capturing CUDA graphs (mixed prefill-decode, PIECEWISE):  95%|█████████▌| 21/22 [00:11<00:00,  1.82it/s]
[36m(vLLMHttpServer pid=18143)[0m Capturing CUDA graphs (mixed prefill-decode, PIECEWISE): 100%|██████████| 22/22 [00:11<00:00,  1.85it/s]Capturing CUDA graphs (mixed prefill-decode, PIECEWISE): 100%|██████████| 22/22 [00:11<00:00,  1.87it/s]
[36m(TaskRunnerV1 pid=13158)[0m INFO:2026-07-29 17:17:55,159:checkpoint engine manager initialized
[36m(TaskRunnerV1 pid=13158)[0m INFO:2026-07-29 17:17:59,266:all initialize finished, ready to fit
[36m(CheckpointEngineWorker pid=23973)[0m WARNING:2026-07-29 17:18:26,771:IPC is not supported on your devices. Falling back to shared memory for weight transfer, which may cause performance degradation. If you are using Ascend NPUs, please ensure that your software and CANN toolkit versions meet the requirements for IPC support. (Ascend HDK version >= 25.3.rc1 and CANN toolkit version >= 8.3.RC1)

[36m(vLLMHttpServer pid=18143)[0m ['serve',
[36m(vLLMHttpServer pid=18143)[0m  '/mnt/lv_model/npu60005420a/models/Qwen3-4B',
[36m(vLLMHttpServer pid=18143)[0m  '--dtype',
[36m(vLLMHttpServer pid=18143)[0m  'bfloat16',
[36m(vLLMHttpServer pid=18143)[0m  '--load_format',
[36m(vLLMHttpServer pid=18143)[0m  'dummy',
[36m(vLLMHttpServer pid=18143)[0m  '--distributed_executor_backend',
[36m(vLLMHttpServer pid=18143)[0m  'mp',
[36m(vLLMHttpServer pid=18143)[0m  '--worker_extension_cls',
[36m(vLLMHttpServer pid=18143)[0m  'verl.workers.rollout.vllm_rollout.utils.vLLMColocateWorkerExtension',
[36m(vLLMHttpServer pid=18143)[0m  '--max_model_len',
[36m(vLLMHttpServer pid=18143)[0m  '2048',
[36m(vLLMHttpServer pid=18143)[0m  '--max_num_seqs',
[36m(vLLMHttpServer pid=18143)[0m  '64',
[36m(vLLMHttpServer pid=18143)[0m  '--enable_chunked_prefill',
[36m(vLLMHttpServer pid=18143)[0m  '--max_num_batched_tokens',
[36m(vLLMHttpServer pid=18143)[0m  '4096',
[36m(vLLMHttpServer pid=18143)[0m  '--enable_prefix_caching',
[36m(vLLMHttpServer pid=18143)[0m  '--enable_sleep_mode',
[36m(vLLMHttpServer pid=18143)[0m  '--logprobs_mode',
[36m(vLLMHttpServer pid=18143)[0m  'processed_logprobs',
[36m(vLLMHttpServer pid=18143)[0m  '--gpu_memory_utilization',
[36m(vLLMHttpServer pid=18143)[0m  '0.7',
[36m(vLLMHttpServer pid=18143)[0m  '--disable_log_stats',
[36m(vLLMHttpServer pid=18143)[0m  '--tensor_parallel_size',
[36m(vLLMHttpServer pid=18143)[0m  '1',
[36m(vLLMHttpServer pid=18143)[0m  '--seed',
[36m(vLLMHttpServer pid=18143)[0m  '1',
[36m(vLLMHttpServer pid=18143)[0m  '--override_generation_config',
[36m(vLLMHttpServer pid=18143)[0m  '{"temperature": 1.0, "top_k": -1, "top_p": 1.0, "repetition_penalty": 1.0, '
[36m(vLLMHttpServer pid=18143)[0m  '"max_new_tokens": 1024}',
[36m(vLLMHttpServer pid=18143)[0m  '--hf_overrides',
[36m(vLLMHttpServer pid=18143)[0m  '{}',
[36m(vLLMHttpServer pid=18143)[0m  '--scheduling_policy',
[36m(vLLMHttpServer pid=18143)[0m  'fcfs',
[36m(vLLMHttpServer pid=18143)[0m  '--compilation_config',
[36m(vLLMHttpServer pid=18143)[0m  '{"cudagraph_mode": "FULL_AND_PIECEWISE"}',
[36m(vLLMHttpServer pid=18143)[0m  '--mm_processor_cache_gb',
[36m(vLLMHttpServer pid=18143)[0m  '0',
[36m(vLLMHttpServer pid=18143)[0m  '--enable_lora',
[36m(vLLMHttpServer pid=18143)[0m  '--max_loras',
[36m(vLLMHttpServer pid=18143)[0m  '1',
[36m(vLLMHttpServer pid=18143)[0m  '--max_lora_rank',
[36m(vLLMHttpServer pid=18143)[0m  '16']
[36m(vLLMHttpServer pid=18143)[0m WARNING 07-29 17:13:52 [envs.py:1717] Unknown vLLM environment variable detected: VLLM_ASCEND_AUTO_DETECT_QUANTIZATION
[36m(vLLMHttpServer pid=18143)[0m WARNING 07-29 17:13:52 [envs.py:1717] Unknown vLLM environment variable detected: VLLM_BATCH_INVARIANT
[36m(vLLMHttpServer pid=18143)[0m WARNING 07-29 17:13:52 [envs.py:1717] Unknown vLLM environment variable detected: VLLM_USE_V1
[36m(vLLMHttpServer pid=18143)[0m WARNING 07-29 17:13:52 [platform.py:783] Parameter '--disable-cascade-attn' is a GPU-specific feature. Resetting to False for Ascend.
[36m(vLLMHttpServer pid=18143)[0m WARNING 07-29 17:13:52 [platform.py:872] Ignored parameter 'disable_flashinfer_prefill'. This is a GPU-specific feature not supported on Ascend. Resetting to False.
[36m(vLLMHttpServer pid=18143)[0m WARNING 07-29 17:13:52 [utils.py:550] Currently, communication is performed using FFTS+ method, which reduces the number of available streams and, as a result, limits the range of runtime shapes that can be handled. To both improve communication performance and increase the number of supported shapes, set HCCL_OP_EXPANSION_MODE=AIV.
[36m(vLLMHttpServer pid=18143)[0m WARNING 07-29 17:13:56 [system_utils.py:152] We must use the `spawn` multiprocessing start method. Overriding VLLM_WORKER_MULTIPROC_METHOD to 'spawn'. See https://docs.vllm.ai/en/latest/usage/troubleshooting.html#python-multiprocessing for more information. Reasons: In a Ray actor and can only be spawned
[36m(vLLMHttpServer pid=18143)[0m [Gloo] Rank 0 is connected to 0 peer ranks. Expected number of connected peer ranks is : 0
[36m(vLLMHttpServer pid=18143)[0m [Gloo] Rank 0 is connected to 0 peer ranks. Expected number of connected peer ranks is : 0
[36m(vLLMHttpServer pid=18143)[0m [Gloo] Rank 0 is connected to 0 peer ranks. Expected number of connected peer ranks is : 0
[36m(vLLMHttpServer pid=18143)[0m [Gloo] Rank 0 is connected to 0 peer ranks. Expected number of connected peer ranks is : 0
[36m(vLLMHttpServer pid=18143)[0m [Gloo] Rank 0 is connected to 0 peer ranks. Expected number of connected peer ranks is : 0
[36m(vLLMHttpServer pid=18143)[0m [Gloo] Rank 0 is connected to 0 peer ranks. Expected number of connected peer ranks is : 0
[36m(vLLMHttpServer pid=18143)[0m [Gloo] Rank 0 is connected to 0 peer ranks. Expected number of connected peer ranks is : 0
[36m(vLLMHttpServer pid=18143)[0m (EngineCore pid=18914) WARNING 07-29 17:17:51 [utils.py:550] Currently, communication is performed using FFTS+ method, which reduces the number of available streams and, as a result, limits the range of runtime shapes that can be handled. To both improve communication performance and increase the number of supported shapes, set HCCL_OP_EXPANSION_MODE=AIV.
[36m(vLLMHttpServer pid=18143)[0m WARNING 07-29 17:17:51 [api_router.py:30] LoRA dynamic loading & unloading is enabled in the API server. This should ONLY be used for local development!
[36m(vLLMHttpServer pid=18143)[0m WARNING 07-29 17:17:51 [model.py:1376] Default vLLM sampling parameters have been overridden by the model's `generation_config.json`: `{'repetition_penalty': 1.0, 'temperature': 1.0, 'top_k': -1, 'top_p': 1.0, 'max_tokens': 1024}`. If this is not intended, please relaunch vLLM instance with `--generation-config vllm`.
[36m(TaskRunnerV1 pid=13158)[0m LLMServerManager: ['10.17.0.41:35219']
[36m(CheckpointEngineWorker pid=23973)[0m [Gloo] Rank 0 is connected to 0 peer ranks. Expected number of connected peer ranks is : 0
[36m(vLLMHttpServer pid=24704)[0m WARNING 07-29 17:18:53 [envs.py:1717] Unknown vLLM environment variable detected: VLLM_ASCEND_AUTO_DETECT_QUANTIZATION
[36m(vLLMHttpServer pid=24704)[0m WARNING 07-29 17:18:53 [envs.py:1717] Unknown vLLM environment variable detected: VLLM_BATCH_INVARIANT
[36m(vLLMHttpServer pid=24704)[0m WARNING 07-29 17:18:53 [envs.py:1717] Unknown vLLM environment variable detected: VLLM_USE_V1
[36m(vLLMHttpServer pid=24704)[0m WARNING 07-29 17:18:53 [platform.py:783] Parameter '--disable-cascade-attn' is a GPU-specific feature. Resetting to False for Ascend.
[36m(vLLMHttpServer pid=24704)[0m WARNING 07-29 17:18:53 [platform.py:872] Ignored parameter 'disable_flashinfer_prefill'. This is a GPU-specific feature not supported on Ascend. Resetting to False.
[36m(vLLMHttpServer pid=24704)[0m WARNING 07-29 17:18:53 [utils.py:550] Currently, communication is performed using FFTS+ method, which reduces the number of available streams and, as a result, limits the range of runtime shapes that can be handled. To both improve communication performance and increase the number of supported shapes, set HCCL_OP_EXPANSION_MODE=AIV.
[36m(vLLMHttpServer pid=24704)[0m WARNING 07-29 17:18:55 [system_utils.py:152] We must use the `spawn` multiprocessing start method. Overriding VLLM_WORKER_MULTIPROC_METHOD to 'spawn'. See https://docs.vllm.ai/en/latest/usage/troubleshooting.html#python-multiprocessing for more information. Reasons: In a Ray actor and can only be spawned
[36m(vLLMHttpServer pid=24704)[0m [Gloo] Rank 0 is connected to 0 peer ranks. Expected number of connected peer ranks is : 0
[36m(vLLMHttpServer pid=24704)[0m [Gloo] Rank 0 is connected to 0 peer ranks. Expected number of connected peer ranks is : 0
[36m(vLLMHttpServer pid=24704)[0m [Gloo] Rank 0 is connected to 0 peer ranks. Expected number of connected peer ranks is : 0
[36m(vLLMHttpServer pid=24704)[0m [Gloo] Rank 0 is connected to 0 peer ranks. Expected number of connected peer ranks is : 0
[36m(vLLMHttpServer pid=24704)[0m [Gloo] Rank 0 is connected to 0 peer ranks. Expected number of connected peer ranks is : 0[36m(vLLMHttpServer pid=24704)[0m (Worker pid=25825) Loading safetensors checkpoint shards:   0% Completed | 0/3 [00:00<?, ?it/s]
[36m(vLLMHttpServer pid=24704)[0m (Worker pid=25825) Loading safetensors checkpoint shards:  33% Completed | 1/3 [00:01<00:03,  1.69s/it]
[36m(vLLMHttpServer pid=24704)[0m (Worker pid=25825) Loading safetensors checkpoint shards:  67% Completed | 2/3 [00:04<00:02,  2.15s/it]
[36m(vLLMHttpServer pid=24704)[0m (Worker pid=25825) Loading safetensors checkpoint shards: 100% Completed | 3/3 [00:04<00:00,  1.31s/it]
[36m(vLLMHttpServer pid=24704)[0m (Worker pid=25825) Loading safetensors checkpoint shards: 100% Completed | 3/3 [00:04<00:00,  1.49s/it]
[36m(vLLMHttpServer pid=24704)[0m (Worker pid=25825) 
[36m(vLLMHttpServer pid=24704)[0m (Worker pid=25825) /usr/local/python3.11.15/lib/python3.11/site-packages/torch_npu/dynamo/torchair/configs/compiler_config.py:105: UserWarning: The following torchair config or properties may not take effect or report error in reduce-overhead mode: config.experimental_config.enable_view_optimize:True, set_dim_gears, dynamo_export, scope, npu_print
[36m(vLLMHttpServer pid=24704)[0m (Worker pid=25825)   warnings.warn(
[36m(vLLMHttpServer pid=24704)[0m (Worker pid=25825) /usr/local/python3.11.15/lib/python3.11/site-packages/torch_npu/dynamo/torchair/configs/compiler_config.py:112: DeprecationWarning: The "reduce-overhead" mode configuration will be deprecated. Please use the "npugraph_ex" backend.
[36m(vLLMHttpServer pid=24704)[0m (Worker pid=25825)   warnings.warn("The \"reduce-overhead\" mode configuration will be deprecated. "
[36m(vLLMHttpServer pid=24704)[0m (Worker pid=25825) /usr/local/python3.11.15/lib/python3.11/site-packages/torch_npu/dynamo/torchair/configs/compiler_config.py:105: UserWarning: The following torchair config or properties may not take effect or report error in reduce-overhead mode: config.experimental_config.enable_view_optimize:True, set_dim_gears, dynamo_export, scope, npu_print
[36m(vLLMHttpServer pid=24704)[0m (Worker pid=25825)   warnings.warn(
[36m(vLLMHttpServer pid=24704)[0m (Worker pid=25825) /usr/local/python3.11.15/lib/python3.11/site-packages/torch_npu/dynamo/torchair/configs/compiler_config.py:112: DeprecationWarning: The "reduce-overhead" mode configuration will be deprecated. Please use the "npugraph_ex" backend.
[36m(vLLMHttpServer pid=24704)[0m (Worker pid=25825)   warnings.warn("The \"reduce-overhead\" mode configuration will be deprecated. "
[36m(vLLMHttpServer pid=24704)[0m (Worker pid=25825) /usr/local/python3.11.15/lib/python3.11/site-packages/torch_npu/dynamo/torchair/configs/compiler_config.py:105: UserWarning: The following torchair config or properties may not take effect or report error in reduce-overhead mode: config.experimental_config.enable_view_optimize:True, set_dim_gears, dynamo_export, scope, npu_print
[36m(vLLMHttpServer pid=24704)[0m (Worker pid=25825)   warnings.warn(
[36m(vLLMHttpServer pid=24704)[0m (Worker pid=25825) /usr/local/python3.11.15/lib/python3.11/site-packages/torch_npu/dynamo/torchair/configs/compiler_config.py:112: DeprecationWarning: The "reduce-overhead" mode configuration will be deprecated. Please use the "npugraph_ex" backend.
[36m(vLLMHttpServer pid=24704)[0m (Worker pid=25825)   warnings.warn("The \"reduce-overhead\" mode configuration will be deprecated. "
[36m(vLLMHttpServer pid=24704)[0m (Worker pid=25825) /usr/local/python3.11.15/lib/python3.11/site-packages/torch_npu/dynamo/torchair/configs/compiler_config.py:105: UserWarning: The following torchair config or properties may not take effect or report error in reduce-overhead mode: config.experimental_config.enable_view_optimize:True, set_dim_gears, dynamo_export, scope, npu_print
[36m(vLLMHttpServer pid=24704)[0m (Worker pid=25825)   warnings.warn(
[36m(vLLMHttpServer pid=24704)[0m (Worker pid=25825) /usr/local/python3.11.15/lib/python3.11/site-packages/torch_npu/dynamo/torchair/configs/compiler_config.py:112: DeprecationWarning: The "reduce-overhead" mode configuration will be deprecated. Please use the "npugraph_ex" backend.
[36m(vLLMHttpServer pid=24704)[0m (Worker pid=25825)   warnings.warn("The \"reduce-overhead\" mode configuration will be deprecated. "
[36m(vLLMHttpServer pid=24704)[0m (Worker pid=25825) /usr/local/python3.11.15/lib/python3.11/site-packages/torch_npu/dynamo/torchair/configs/compiler_config.py:105: UserWarning: The following torchair config or properties may not take effect or report error in reduce-overhead mode: config.experimental_config.enable_view_optimize:True, set_dim_gears, dynamo_export, scope, npu_print
[36m(vLLMHttpServer pid=24704)[0m (Worker pid=25825)   warnings.warn(
[36m(vLLMHttpServer pid=24704)[0m (Worker pid=25825) /usr/local/python3.11.15/lib/python3.11/site-packages/torch_npu/dynamo/torchair/configs/compiler_config.py:112: DeprecationWarning: The "reduce-overhead" mode configuration will be deprecated. Please use the "npugraph_ex" backend.
[36m(vLLMHttpServer pid=24704)[0m (Worker pid=25825)   warnings.warn("The \"reduce-overhead\" mode configuration will be deprecated. "
[36m(vLLMHttpServer pid=24704)[0m (Worker pid=25825) /usr/local/python3.11.15/lib/python3.11/site-packages/torch_npu/dynamo/torchair/configs/compiler_config.py:105: UserWarning: The following torchair config or properties may not take effect or report error in reduce-overhead mode: config.experimental_config.enable_view_optimize:True, set_dim_gears, dynamo_export, scope, npu_print
[36m(vLLMHttpServer pid=24704)[0m (Worker pid=25825)   warnings.warn(
[36m(vLLMHttpServer pid=24704)[0m (Worker pid=25825) /usr/local/python3.11.15/lib/python3.11/site-packages/torch_npu/dynamo/torchair/configs/compiler_config.py:112: DeprecationWarning: The "reduce-overhead" mode configuration will be deprecated. Please use the "npugraph_ex" backend.
[36m(vLLMHttpServer pid=24704)[0m (Worker pid=25825)   warnings.warn("The \"reduce-overhead\" mode configuration will be deprecated. "
[36m(vLLMHttpServer pid=24704)[0m (Worker pid=25825) /usr/local/python3.11.15/lib/python3.11/site-packages/torch_npu/dynamo/torchair/configs/compiler_config.py:105: UserWarning: The following torchair config or properties may not take effect or report error in reduce-overhead mode: config.experimental_config.enable_view_optimize:True, set_dim_gears, dynamo_export, scope, npu_print
[36m(vLLMHttpServer pid=24704)[0m (Worker pid=25825)   warnings.warn(
[36m(vLLMHttpServer pid=24704)[0m (Worker pid=25825) /usr/local/python3.11.15/lib/python3.11/site-packages/torch_npu/dynamo/torchair/configs/compiler_config.py:112: DeprecationWarning: The "reduce-overhead" mode configuration will be deprecated. Please use the "npugraph_ex" backend.
[36m(vLLMHttpServer pid=24704)[0m (Worker pid=25825)   warnings.warn("The \"reduce-overhead\" mode configuration will be deprecated. "
[36m(vLLMHttpServer pid=24704)[0m (Worker pid=25825) /usr/local/python3.11.15/lib/python3.11/site-packages/torch_npu/dynamo/torchair/configs/compiler_config.py:105: UserWarning: The following torchair config or properties may not take effect or report error in reduce-overhead mode: config.experimental_config.enable_view_optimize:True, set_dim_gears, dynamo_export, scope, npu_print
[36m(vLLMHttpServer pid=24704)[0m (Worker pid=25825)   warnings.warn(
[36m(vLLMHttpServer pid=24704)[0m (Worker pid=25825) /usr/local/python3.11.15/lib/python3.11/site-packages/torch_npu/dynamo/torchair/configs/compiler_config.py:112: DeprecationWarning: The "reduce-overhead" mode configuration will be deprecated. Please use the "npugraph_ex" backend.
[36m(vLLMHttpServer pid=24704)[0m (Worker pid=25825)   warnings.warn("The \"reduce-overhead\" mode configuration will be deprecated. "
[36m(vLLMHttpServer pid=24704)[0m (Worker pid=25825) /usr/local/python3.11.15/lib/python3.11/site-packages/torch_npu/dynamo/torchair/configs/compiler_config.py:105: UserWarning: The following torchair config or properties may not take effect or report error in reduce-overhead mode: config.experimental_config.enable_view_optimize:True, set_dim_gears, dynamo_export, scope, npu_print
[36m(vLLMHttpServer pid=24704)[0m (Worker pid=25825)   warnings.warn(
[36m(vLLMHttpServer pid=24704)[0m (Worker pid=25825) /usr/local/python3.11.15/lib/python3.11/site-packages/torch_npu/dynamo/torchair/configs/compiler_config.py:112: DeprecationWarning: The "reduce-overhead" mode configuration will be deprecated. Please use the "npugraph_ex" backend.
[36m(vLLMHttpServer pid=24704)[0m (Worker pid=25825)   warnings.warn("The \"reduce-overhead\" mode configuration will be deprecated. "
[36m(vLLMHttpServer pid=24704)[0m (Worker pid=25825) /usr/local/python3.11.15/lib/python3.11/site-packages/torch_npu/dynamo/torchair/configs/compiler_config.py:105: UserWarning: The following torchair config or properties may not take effect or report error in reduce-overhead mode: config.experimental_config.enable_view_optimize:True, set_dim_gears, dynamo_export, scope, npu_print
[36m(vLLMHttpServer pid=24704)[0m (Worker pid=25825)   warnings.warn(
[36m(vLLMHttpServer pid=24704)[0m (Worker pid=25825) /usr/local/python3.11.15/lib/python3.11/site-packages/torch_npu/dynamo/torchair/configs/compiler_config.py:112: DeprecationWarning: The "reduce-overhead" mode configuration will be deprecated. Please use the "npugraph_ex" backend.
[36m(vLLMHttpServer pid=24704)[0m (Worker pid=25825)   warnings.warn("The \"reduce-overhead\" mode configuration will be deprecated. "
[36m(vLLMHttpServer pid=24704)[0m (Worker pid=25825) /usr/local/python3.11.15/lib/python3.11/site-packages/torch_npu/dynamo/torchair/configs/compiler_config.py:105: UserWarning: The following torchair config or properties may not take effect or report error in reduce-overhead mode: config.experimental_config.enable_view_optimize:True, set_dim_gears, dynamo_export, scope, npu_print
[36m(vLLMHttpServer pid=24704)[0m (Worker pid=25825)   warnings.warn(
[36m(vLLMHttpServer pid=24704)[0m (Worker pid=25825) /usr/local/python3.11.15/lib/python3.11/site-packages/torch_npu/dynamo/torchair/configs/compiler_config.py:112: DeprecationWarning: The "reduce-overhead" mode configuration will be deprecated. Please use the "npugraph_ex" backend.
[36m(vLLMHttpServer pid=24704)[0m (Worker pid=25825)   warnings.warn("The \"reduce-overhead\" mode configuration will be deprecated. "
[36m(vLLMHttpServer pid=24704)[0m (Worker pid=25825) /usr/local/python3.11.15/lib/python3.11/site-packages/torch_npu/dynamo/torchair/configs/compiler_config.py:105: UserWarning: The following torchair config or properties may not take effect or report error in reduce-overhead mode: config.experimental_config.enable_view_optimize:True, set_dim_gears, dynamo_export, scope, npu_print
[36m(vLLMHttpServer pid=24704)[0m (Worker pid=25825)   warnings.warn(
[36m(vLLMHttpServer pid=24704)[0m (Worker pid=25825) /usr/local/python3.11.15/lib/python3.11/site-packages/torch_npu/dynamo/torchair/configs/compiler_config.py:112: DeprecationWarning: The "reduce-overhead" mode configuration will be deprecated. Please use the "npugraph_ex" backend.
[36m(vLLMHttpServer pid=24704)[0m (Worker pid=25825)   warnings.warn("The \"reduce-overhead\" mode configuration will be deprecated. "
[36m(vLLMHttpServer pid=24704)[0m (Worker pid=25825) /usr/local/python3.11.15/lib/python3.11/site-packages/torch_npu/dynamo/torchair/configs/compiler_config.py:105: UserWarning: The following torchair config or properties may not take effect or report error in reduce-overhead mode: config.experimental_config.enable_view_optimize:True, set_dim_gears, dynamo_export, scope, npu_print
[36m(vLLMHttpServer pid=24704)[0m (Worker pid=25825)   warnings.warn(
[36m(vLLMHttpServer pid=24704)[0m (Worker pid=25825) /usr/local/python3.11.15/lib/python3.11/site-packages/torch_npu/dynamo/torchair/configs/compiler_config.py:112: DeprecationWarning: The "reduce-overhead" mode configuration will be deprecated. Please use the "npugraph_ex" backend.
[36m(vLLMHttpServer pid=24704)[0m (Worker pid=25825)   warnings.warn("The \"reduce-overhead\" mode configuration will be deprecated. "
[36m(vLLMHttpServer pid=24704)[0m (Worker pid=25825) /usr/local/python3.11.15/lib/python3.11/site-packages/torch_npu/dynamo/torchair/configs/compiler_config.py:105: UserWarning: The following torchair config or properties may not take effect or report error in reduce-overhead mode: config.experimental_config.enable_view_optimize:True, set_dim_gears, dynamo_export, scope, npu_print
[36m(vLLMHttpServer pid=24704)[0m (Worker pid=25825)   warnings.warn(
[36m(vLLMHttpServer pid=24704)[0m (Worker pid=25825) /usr/local/python3.11.15/lib/python3.11/site-packages/torch_npu/dynamo/torchair/configs/compiler_config.py:112: DeprecationWarning: The "reduce-overhead" mode configuration will be deprecated. Please use the "npugraph_ex" backend.
[36m(vLLMHttpServer pid=24704)[0m (Worker pid=25825)   warnings.warn("The \"reduce-overhead\" mode configuration will be deprecated. "
[36m(vLLMHttpServer pid=24704)[0m (Worker pid=25825) /usr/local/python3.11.15/lib/python3.11/site-packages/torch_npu/dynamo/torchair/configs/compiler_config.py:105: UserWarning: The following torchair config or properties may not take effect or report error in reduce-overhead mode: config.experimental_config.enable_view_optimize:True, set_dim_gears, dynamo_export, scope, npu_print
[36m(vLLMHttpServer pid=24704)[0m (Worker pid=25825)   warnings.warn(
[36m(vLLMHttpServer pid=24704)[0m (Worker pid=25825) /usr/local/python3.11.15/lib/python3.11/site-packages/torch_npu/dynamo/torchair/configs/compiler_config.py:112: DeprecationWarning: The "reduce-overhead" mode configuration will be deprecated. Please use the "npugraph_ex" backend.
[36m(vLLMHttpServer pid=24704)[0m (Worker pid=25825)   warnings.warn("The \"reduce-overhead\" mode configuration will be deprecated. "
[36m(vLLMHttpServer pid=24704)[0m (Worker pid=25825) /usr/local/python3.11.15/lib/python3.11/site-packages/torch_npu/dynamo/torchair/configs/compiler_config.py:105: UserWarning: The following torchair config or properties may not take effect or report error in reduce-overhead mode: config.experimental_config.enable_view_optimize:True, set_dim_gears, dynamo_export, scope, npu_print
[36m(vLLMHttpServer pid=24704)[0m (Worker pid=25825)   warnings.warn(
[36m(vLLMHttpServer pid=24704)[0m (Worker pid=25825) /usr/local/python3.11.15/lib/python3.11/site-packages/torch_npu/dynamo/torchair/configs/compiler_config.py:112: DeprecationWarning: The "reduce-overhead" mode configuration will be deprecated. Please use the "npugraph_ex" backend.
[36m(vLLMHttpServer pid=24704)[0m (Worker pid=25825)   warnings.warn("The \"reduce-overhead\" mode configuration will be deprecated. "
[36m(vLLMHttpServer pid=24704)[0m (Worker pid=25825) /usr/local/python3.11.15/lib/python3.11/site-packages/torch_npu/dynamo/torchair/configs/compiler_config.py:105: UserWarning: The following torchair config or properties may not take effect or report error in reduce-overhead mode: config.experimental_config.enable_view_optimize:True, set_dim_gears, dynamo_export, scope, npu_print
[36m(vLLMHttpServer pid=24704)[0m (Worker pid=25825)   warnings.warn(
[36m(vLLMHttpServer pid=24704)[0m (Worker pid=25825) /usr/local/python3.11.15/lib/python3.11/site-packages/torch_npu/dynamo/torchair/configs/compiler_config.py:112: DeprecationWarning: The "reduce-overhead" mode configuration will be deprecated. Please use the "npugraph_ex" backend.
[36m(vLLMHttpServer pid=24704)[0m (Worker pid=25825)   warnings.warn("The \"reduce-overhead\" mode configuration will be deprecated. "
[36m(vLLMHttpServer pid=24704)[0m (Worker pid=25825) /usr/local/python3.11.15/lib/python3.11/site-packages/torch_npu/dynamo/torchair/configs/compiler_config.py:105: UserWarning: The following torchair config or properties may not take effect or report error in reduce-overhead mode: config.experimental_config.enable_view_optimize:True, set_dim_gears, dynamo_export, scope, npu_print
[36m(vLLMHttpServer pid=24704)[0m (Worker pid=25825)   warnings.warn(
[36m(vLLMHttpServer pid=24704)[0m (Worker pid=25825) /usr/local/python3.11.15/lib/python3.11/site-packages/torch_npu/dynamo/torchair/configs/compiler_config.py:112: DeprecationWarning: The "reduce-overhead" mode configuration will be deprecated. Please use the "npugraph_ex" backend.
[36m(vLLMHttpServer pid=24704)[0m (Worker pid=25825)   warnings.warn("The \"reduce-overhead\" mode configuration will be deprecated. "
[36m(vLLMHttpServer pid=24704)[0m (Worker pid=25825) /usr/local/python3.11.15/lib/python3.11/site-packages/torch_npu/dynamo/torchair/configs/compiler_config.py:105: UserWarning: The following torchair config or properties may not take effect or report error in reduce-overhead mode: config.experimental_config.enable_view_optimize:True, set_dim_gears, dynamo_export, scope, npu_print
[36m(vLLMHttpServer pid=24704)[0m (Worker pid=25825)   warnings.warn(
[36m(vLLMHttpServer pid=24704)[0m (Worker pid=25825) /usr/local/python3.11.15/lib/python3.11/site-packages/torch_npu/dynamo/torchair/configs/compiler_config.py:112: DeprecationWarning: The "reduce-overhead" mode configuration will be deprecated. Please use the "npugraph_ex" backend.
[36m(vLLMHttpServer pid=24704)[0m (Worker pid=25825)   warnings.warn("The \"reduce-overhead\" mode configuration will be deprecated. "
[36m(vLLMHttpServer pid=24704)[0m (Worker pid=25825) /usr/local/python3.11.15/lib/python3.11/site-packages/torch_npu/dynamo/torchair/configs/compiler_config.py:105: UserWarning: The following torchair config or properties may not take effect or report error in reduce-overhead mode: config.experimental_config.enable_view_optimize:True, set_dim_gears, dynamo_export, scope, npu_print
[36m(vLLMHttpServer pid=24704)[0m (Worker pid=25825)   warnings.warn(
[36m(vLLMHttpServer pid=24704)[0m (Worker pid=25825) /usr/local/python3.11.15/lib/python3.11/site-packages/torch_npu/dynamo/torchair/configs/compiler_config.py:112: DeprecationWarning: The "reduce-overhead" mode configuration will be deprecated. Please use the "npugraph_ex" backend.
[36m(vLLMHttpServer pid=24704)[0m (Worker pid=25825)   warnings.warn("The \"reduce-overhead\" mode configuration will be deprecated. "
[36m(vLLMHttpServer pid=24704)[0m (Worker pid=25825) /usr/local/python3.11.15/lib/python3.11/site-packages/torch_npu/dynamo/torchair/configs/compiler_config.py:105: UserWarning: The following torchair config or properties may not take effect or report error in reduce-overhead mode: config.experimental_config.enable_view_optimize:True, set_dim_gears, dynamo_export, scope, npu_print
[36m(vLLMHttpServer pid=24704)[0m (Worker pid=25825)   warnings.warn(
[36m(vLLMHttpServer pid=24704)[0m (Worker pid=25825) /usr/local/python3.11.15/lib/python3.11/site-packages/torch_npu/dynamo/torchair/configs/compiler_config.py:112: DeprecationWarning: The "reduce-overhead" mode configuration will be deprecated. Please use the "npugraph_ex" backend.
[36m(vLLMHttpServer pid=24704)[0m (Worker pid=25825)   warnings.warn("The \"reduce-overhead\" mode configuration will be deprecated. "
[36m(vLLMHttpServer pid=24704)[0m (Worker pid=25825) /usr/local/python3.11.15/lib/python3.11/site-packages/torch_npu/dynamo/torchair/configs/compiler_config.py:105: UserWarning: The following torchair config or properties may not take effect or report error in reduce-overhead mode: config.experimental_config.enable_view_optimize:True, set_dim_gears, dynamo_export, scope, npu_print
[36m(vLLMHttpServer pid=24704)[0m (Worker pid=25825)   warnings.warn(
[36m(vLLMHttpServer pid=24704)[0m (Worker pid=25825) /usr/local/python3.11.15/lib/python3.11/site-packages/torch_npu/dynamo/torchair/configs/compiler_config.py:112: DeprecationWarning: The "reduce-overhead" mode configuration will be deprecated. Please use the "npugraph_ex" backend.
[36m(vLLMHttpServer pid=24704)[0m (Worker pid=25825)   warnings.warn("The \"reduce-overhead\" mode configuration will be deprecated. "
[36m(vLLMHttpServer pid=24704)[0m (Worker pid=25825) /usr/local/python3.11.15/lib/python3.11/site-packages/torch_npu/dynamo/torchair/configs/compiler_config.py:105: UserWarning: The following torchair config or properties may not take effect or report error in reduce-overhead mode: config.experimental_config.enable_view_optimize:True, set_dim_gears, dynamo_export, scope, npu_print
[36m(vLLMHttpServer pid=24704)[0m (Worker pid=25825)   warnings.warn(
[36m(vLLMHttpServer pid=24704)[0m (Worker pid=25825) /usr/local/python3.11.15/lib/python3.11/site-packages/torch_npu/dynamo/torchair/configs/compiler_config.py:112: DeprecationWarning: The "reduce-overhead" mode configuration will be deprecated. Please use the "npugraph_ex" backend.
[36m(vLLMHttpServer pid=24704)[0m (Worker pid=25825)   warnings.warn("The \"reduce-overhead\" mode configuration will be deprecated. "
[36m(vLLMHttpServer pid=24704)[0m (Worker pid=25825) /usr/local/python3.11.15/lib/python3.11/site-packages/torch_npu/dynamo/torchair/configs/compiler_config.py:105: UserWarning: The following torchair config or properties may not take effect or report error in reduce-overhead mode: config.experimental_config.enable_view_optimize:True, set_dim_gears, dynamo_export, scope, npu_print
[36m(vLLMHttpServer pid=24704)[0m (Worker pid=25825)   warnings.warn(
[36m(vLLMHttpServer pid=24704)[0m (Worker pid=25825) /usr/local/python3.11.15/lib/python3.11/site-packages/torch_npu/dynamo/torchair/configs/compiler_config.py:112: DeprecationWarning: The "reduce-overhead" mode configuration will be deprecated. Please use the "npugraph_ex" backend.
[36m(vLLMHttpServer pid=24704)[0m (Worker pid=25825)   warnings.warn("The \"reduce-overhead\" mode configuration will be deprecated. "
[36m(vLLMHttpServer pid=24704)[0m (Worker pid=25825) /usr/local/python3.11.15/lib/python3.11/site-packages/torch_npu/dynamo/torchair/configs/compiler_config.py:105: UserWarning: The following torchair config or properties may not take effect or report error in reduce-overhead mode: config.experimental_config.enable_view_optimize:True, set_dim_gears, dynamo_export, scope, npu_print
[36m(vLLMHttpServer pid=24704)[0m (Worker pid=25825)   warnings.warn(
[36m(vLLMHttpServer pid=24704)[0m (Worker pid=25825) /usr/local/python3.11.15/lib/python3.11/site-packages/torch_npu/dynamo/torchair/configs/compiler_config.py:112: DeprecationWarning: The "reduce-overhead" mode configuration will be deprecated. Please use the "npugraph_ex" backend.
[36m(vLLMHttpServer pid=24704)[0m (Worker pid=25825)   warnings.warn("The \"reduce-overhead\" mode configuration will be deprecated. "
[36m(vLLMHttpServer pid=24704)[0m (Worker pid=25825) /usr/local/python3.11.15/lib/python3.11/site-packages/torch_npu/dynamo/torchair/configs/compiler_config.py:105: UserWarning: The following torchair config or properties may not take effect or report error in reduce-overhead mode: config.experimental_config.enable_view_optimize:True, set_dim_gears, dynamo_export, scope, npu_print
[36m(vLLMHttpServer pid=24704)[0m (Worker pid=25825)   warnings.warn(
[36m(vLLMHttpServer pid=24704)[0m (Worker pid=25825) /usr/local/python3.11.15/lib/python3.11/site-packages/torch_npu/dynamo/torchair/configs/compiler_config.py:112: DeprecationWarning: The "reduce-overhead" mode configuration will be deprecated. Please use the "npugraph_ex" backend.
[36m(vLLMHttpServer pid=24704)[0m (Worker pid=25825)   warnings.warn("The \"reduce-overhead\" mode configuration will be deprecated. "
[36m(vLLMHttpServer pid=24704)[0m (Worker pid=25825) /usr/local/python3.11.15/lib/python3.11/site-packages/torch_npu/dynamo/torchair/configs/compiler_config.py:105: UserWarning: The following torchair config or properties may not take effect or report error in reduce-overhead mode: config.experimental_config.enable_view_optimize:True, set_dim_gears, dynamo_export, scope, npu_print
[36m(vLLMHttpServer pid=24704)[0m (Worker pid=25825)   warnings.warn(
[36m(vLLMHttpServer pid=24704)[0m (Worker pid=25825) /usr/local/python3.11.15/lib/python3.11/site-packages/torch_npu/dynamo/torchair/configs/compiler_config.py:112: DeprecationWarning: The "reduce-overhead" mode configuration will be deprecated. Please use the "npugraph_ex" backend.
[36m(vLLMHttpServer pid=24704)[0m (Worker pid=25825)   warnings.warn("The \"reduce-overhead\" mode configuration will be deprecated. "
[36m(vLLMHttpServer pid=24704)[0m (Worker pid=25825) /usr/local/python3.11.15/lib/python3.11/site-packages/torch_npu/dynamo/torchair/configs/compiler_config.py:105: UserWarning: The following torchair config or properties may not take effect or report error in reduce-overhead mode: config.experimental_config.enable_view_optimize:True, set_dim_gears, dynamo_export, scope, npu_print
[36m(vLLMHttpServer pid=24704)[0m (Worker pid=25825)   warnings.warn(
[36m(vLLMHttpServer pid=24704)[0m (Worker pid=25825) /usr/local/python3.11.15/lib/python3.11/site-packages/torch_npu/dynamo/torchair/configs/compiler_config.py:112: DeprecationWarning: The "reduce-overhead" mode configuration will be deprecated. Please use the "npugraph_ex" backend.
[36m(vLLMHttpServer pid=24704)[0m (Worker pid=25825)   warnings.warn("The \"reduce-overhead\" mode configuration will be deprecated. "
[36m(vLLMHttpServer pid=24704)[0m (Worker pid=25825) /usr/local/python3.11.15/lib/python3.11/site-packages/torch_npu/dynamo/torchair/configs/compiler_config.py:105: UserWarning: The following torchair config or properties may not take effect or report error in reduce-overhead mode: config.experimental_config.enable_view_optimize:True, set_dim_gears, dynamo_export, scope, npu_print
[36m(vLLMHttpServer pid=24704)[0m (Worker pid=25825)   warnings.warn(
[36m(vLLMHttpServer pid=24704)[0m (Worker pid=25825) /usr/local/python3.11.15/lib/python3.11/site-packages/torch_npu/dynamo/torchair/configs/compiler_config.py:112: DeprecationWarning: The "reduce-overhead" mode configuration will be deprecated. Please use the "npugraph_ex" backend.
[36m(vLLMHttpServer pid=24704)[0m (Worker pid=25825)   warnings.warn("The \"reduce-overhead\" mode configuration will be deprecated. "
[36m(vLLMHttpServer pid=24704)[0m (Worker pid=25825) /usr/local/python3.11.15/lib/python3.11/site-packages/torch_npu/dynamo/torchair/configs/compiler_config.py:105: UserWarning: The following torchair config or properties may not take effect or report error in reduce-overhead mode: config.experimental_config.enable_view_optimize:True, set_dim_gears, dynamo_export, scope, npu_print
[36m(vLLMHttpServer pid=24704)[0m (Worker pid=25825)   warnings.warn(
[36m(vLLMHttpServer pid=24704)[0m (Worker pid=25825) /usr/local/python3.11.15/lib/python3.11/site-packages/torch_npu/dynamo/torchair/configs/compiler_config.py:112: DeprecationWarning: The "reduce-overhead" mode configuration will be deprecated. Please use the "npugraph_ex" backend.
[36m(vLLMHttpServer pid=24704)[0m (Worker pid=25825)   warnings.warn("The \"reduce-overhead\" mode configuration will be deprecated. "
[36m(vLLMHttpServer pid=24704)[0m (Worker pid=25825) /usr/local/python3.11.15/lib/python3.11/site-packages/torch_npu/dynamo/torchair/configs/compiler_config.py:105: UserWarning: The following torchair config or properties may not take effect or report error in reduce-overhead mode: config.experimental_config.enable_view_optimize:True, set_dim_gears, dynamo_export, scope, npu_print
[36m(vLLMHttpServer pid=24704)[0m (Worker pid=25825)   warnings.warn(
[36m(vLLMHttpServer pid=24704)[0m (Worker pid=25825) /usr/local/python3.11.15/lib/python3.11/site-packages/torch_npu/dynamo/torchair/configs/compiler_config.py:112: DeprecationWarning: The "reduce-overhead" mode configuration will be deprecated. Please use the "npugraph_ex" backend.
[36m(vLLMHttpServer pid=24704)[0m (Worker pid=25825)   warnings.warn("The \"reduce-overhead\" mode configuration will be deprecated. "
[36m(vLLMHttpServer pid=24704)[0m (Worker pid=25825) /usr/local/python3.11.15/lib/python3.11/site-packages/torch_npu/dynamo/torchair/configs/compiler_config.py:105: UserWarning: The following torchair config or properties may not take effect or report error in reduce-overhead mode: config.experimental_config.enable_view_optimize:True, set_dim_gears, dynamo_export, scope, npu_print
[36m(vLLMHttpServer pid=24704)[0m (Worker pid=25825)   warnings.warn(
[36m(vLLMHttpServer pid=24704)[0m (Worker pid=25825) /usr/local/python3.11.15/lib/python3.11/site-packages/torch_npu/dynamo/torchair/configs/compiler_config.py:112: DeprecationWarning: The "reduce-overhead" mode configuration will be deprecated. Please use the "npugraph_ex" backend.
[36m(vLLMHttpServer pid=24704)[0m (Worker pid=25825)   warnings.warn("The \"reduce-overhead\" mode configuration will be deprecated. "
[36m(vLLMHttpServer pid=24704)[0m (Worker pid=25825) /usr/local/python3.11.15/lib/python3.11/site-packages/torch_npu/dynamo/torchair/configs/compiler_config.py:105: UserWarning: The following torchair config or properties may not take effect or report error in reduce-overhead mode: config.experimental_config.enable_view_optimize:True, set_dim_gears, dynamo_export, scope, npu_print
[36m(vLLMHttpServer pid=24704)[0m (Worker pid=25825)   warnings.warn(
[36m(vLLMHttpServer pid=24704)[0m (Worker pid=25825) /usr/local/python3.11.15/lib/python3.11/site-packages/torch_npu/dynamo/torchair/configs/compiler_config.py:112: DeprecationWarning: The "reduce-overhead" mode configuration will be deprecated. Please use the "npugraph_ex" backend.
[36m(vLLMHttpServer pid=24704)[0m (Worker pid=25825)   warnings.warn("The \"reduce-overhead\" mode configuration will be deprecated. "
[36m(vLLMHttpServer pid=24704)[0m (Worker pid=25825) /usr/local/python3.11.15/lib/python3.11/site-packages/torch_npu/dynamo/torchair/configs/compiler_config.py:105: UserWarning: The following torchair config or properties may not take effect or report error in reduce-overhead mode: config.experimental_config.enable_view_optimize:True, set_dim_gears, dynamo_export, scope, npu_print
[36m(vLLMHttpServer pid=24704)[0m (Worker pid=25825)   warnings.warn(
[36m(vLLMHttpServer pid=24704)[0m (Worker pid=25825) /usr/local/python3.11.15/lib/python3.11/site-packages/torch_npu/dynamo/torchair/configs/compiler_config.py:112: DeprecationWarning: The "reduce-overhead" mode configuration will be deprecated. Please use the "npugraph_ex" backend.
[36m(vLLMHttpServer pid=24704)[0m (Worker pid=25825)   warnings.warn("The \"reduce-overhead\" mode configuration will be deprecated. "
[36m(vLLMHttpServer pid=24704)[0m (Worker pid=25825) /usr/local/python3.11.15/lib/python3.11/site-packages/torch_npu/dynamo/torchair/configs/compiler_config.py:105: UserWarning: The following torchair config or properties may not take effect or report error in reduce-overhead mode: config.experimental_config.enable_view_optimize:True, set_dim_gears, dynamo_export, scope, npu_print
[36m(vLLMHttpServer pid=24704)[0m (Worker pid=25825)   warnings.warn(
[36m(vLLMHttpServer pid=24704)[0m (Worker pid=25825) /usr/local/python3.11.15/lib/python3.11/site-packages/torch_npu/dynamo/torchair/configs/compiler_config.py:112: DeprecationWarning: The "reduce-overhead" mode configuration will be deprecated. Please use the "npugraph_ex" backend.
[36m(vLLMHttpServer pid=24704)[0m (Worker pid=25825)   warnings.warn("The \"reduce-overhead\" mode configuration will be deprecated. "
[36m(vLLMHttpServer pid=24704)[0m (Worker pid=25825) /usr/local/python3.11.15/lib/python3.11/site-packages/torch_npu/dynamo/torchair/configs/compiler_config.py:105: UserWarning: The following torchair config or properties may not take effect or report error in reduce-overhead mode: config.experimental_config.enable_view_optimize:True, set_dim_gears, dynamo_export, scope, npu_print
[36m(vLLMHttpServer pid=24704)[0m (Worker pid=25825)   warnings.warn(
[36m(vLLMHttpServer pid=24704)[0m (Worker pid=25825) /usr/local/python3.11.15/lib/python3.11/site-packages/torch_npu/dynamo/torchair/configs/compiler_config.py:112: DeprecationWarning: The "reduce-overhead" mode configuration will be deprecated. Please use the "npugraph_ex" backend.
[36m(vLLMHttpServer pid=24704)[0m (Worker pid=25825)   warnings.warn("The \"reduce-overhead\" mode configuration will be deprecated. "
[36m(vLLMHttpServer pid=24704)[0m (Worker pid=25825) /usr/local/python3.11.15/lib/python3.11/site-packages/torch_npu/dynamo/torchair/configs/compiler_config.py:105: UserWarning: The following torchair config or properties may not take effect or report error in reduce-overhead mode: config.experimental_config.enable_view_optimize:True, set_dim_gears, dynamo_export, scope, npu_print
[36m(vLLMHttpServer pid=24704)[0m (Worker pid=25825)   warnings.warn(
[36m(vLLMHttpServer pid=24704)[0m (Worker pid=25825) /usr/local/python3.11.15/lib/python3.11/site-packages/torch_npu/dynamo/torchair/configs/compiler_config.py:112: DeprecationWarning: The "reduce-overhead" mode configuration will be deprecated. Please use the "npugraph_ex" backend.
[36m(vLLMHttpServer pid=24704)[0m (Worker pid=25825)   warnings.warn("The \"reduce-overhead\" mode configuration will be deprecated. "
[36m(vLLMHttpServer pid=24704)[0m (Worker pid=25825) Capturing CUDA graphs (mixed prefill-decode, PIECEWISE):   0%|          | 0/22 [00:00<?, ?it/s]
[36m(vLLMHttpServer pid=24704)[0m Capturing CUDA graphs (mixed prefill-decode, PIECEWISE):   5%|▍         | 1/22 [00:00<00:14,  1.42it/s]
[36m(vLLMHttpServer pid=24704)[0m Capturing CUDA graphs (mixed prefill-decode, PIECEWISE):   9%|▉         | 2/22 [00:01<00:12,  1.65it/s]
[36m(vLLMHttpServer pid=24704)[0m Capturing CUDA graphs (mixed prefill-decode, PIECEWISE):  14%|█▎        | 3/22 [00:01<00:10,  1.73it/s]
[36m(vLLMHttpServer pid=24704)[0m Capturing CUDA graphs (mixed prefill-decode, PIECEWISE):  18%|█▊        | 4/22 [00:02<00:10,  1.77it/s]
[36m(vLLMHttpServer pid=24704)[0m Capturing CUDA graphs (mixed prefill-decode, PIECEWISE):  23%|██▎       | 5/22 [00:02<00:09,  1.80it/s]
[36m(vLLMHttpServer pid=24704)[0m Capturing CUDA graphs (mixed prefill-decode, PIECEWISE):  27%|██▋       | 6/22 [00:03<00:08,  1.83it/s]
[36m(vLLMHttpServer pid=24704)[0m Capturing CUDA graphs (mixed prefill-decode, PIECEWISE):  32%|███▏      | 7/22 [00:03<00:08,  1.81it/s]
[36m(vLLMHttpServer pid=24704)[0m Capturing CUDA graphs (mixed prefill-decode, PIECEWISE):  36%|███▋      | 8/22 [00:04<00:07,  1.80it/s]
[36m(vLLMHttpServer pid=24704)[0m Capturing CUDA graphs (mixed prefill-decode, PIECEWISE):  41%|████      | 9/22 [00:05<00:07,  1.79it/s]
[36m(vLLMHttpServer pid=24704)[0m Capturing CUDA graphs (mixed prefill-decode, PIECEWISE):  45%|████▌     | 10/22 [00:05<00:06,  1.79it/s]
[36m(vLLMHttpServer pid=24704)[0m Capturing CUDA graphs (mixed prefill-decode, PIECEWISE):  50%|█████     | 11/22 [00:06<00:06,  1.79it/s]
[36m(vLLMHttpServer pid=24704)[0m Capturing CUDA graphs (mixed prefill-decode, PIECEWISE):  55%|█████▍    | 12/22 [00:06<00:05,  1.78it/s]
[36m(vLLMHttpServer pid=24704)[0m Capturing CUDA graphs (mixed prefill-decode, PIECEWISE):  59%|█████▉    | 13/22 [00:07<00:05,  1.76it/s]
[36m(vLLMHttpServer pid=24704)[0m Capturing CUDA graphs (mixed prefill-decode, PIECEWISE):  64%|██████▎   | 14/22 [00:07<00:04,  1.78it/s]
[36m(vLLMHttpServer pid=24704)[0m Capturing CUDA graphs (mixed prefill-decode, PIECEWISE):  68%|██████▊   | 15/22 [00:08<00:03,  1.77it/s]
[36m(vLLMHttpServer pid=24704)[0m Capturing CUDA graphs (mixed prefill-decode, PIECEWISE):  73%|███████▎  | 16/22 [00:09<00:03,  1.77it/s]
[36m(vLLMHttpServer pid=24704)[0m Capturing CUDA graphs (mixed prefill-decode, PIECEWISE):  77%|███████▋  | 17/22 [00:09<00:02,  1.75it/s]
[36m(vLLMHttpServer pid=24704)[0m Capturing CUDA graphs (mixed prefill-decode, PIECEWISE):  82%|████████▏ | 18/22 [00:10<00:02,  1.74it/s]
[36m(vLLMHttpServer pid=24704)[0m Capturing CUDA graphs (mixed prefill-decode, PIECEWISE):  86%|████████▋ | 19/22 [00:10<00:01,  1.72it/s]
[36m(vLLMHttpServer pid=24704)[0m Capturing CUDA graphs (mixed prefill-decode, PIECEWISE):  91%|█████████ | 20/22 [00:11<00:01,  1.73it/s]
[36m(vLLMHttpServer pid=24704)[0m Capturing CUDA graphs (mixed prefill-decode, PIECEWISE):  95%|█████████▌| 21/22 [00:11<00:00,  1.73it/s]
[36m(vLLMHttpServer pid=24704)[0m Capturing CUDA graphs (mixed prefill-decode, PIECEWISE): 100%|██████████| 22/22 [00:12<00:00,  1.75it/s]Capturing CUDA graphs (mixed prefill-decode, PIECEWISE): 100%|██████████| 22/22 [00:12<00:00,  1.76it/s]
[36m(WorkerDict pid=15986)[0m /usr/local/python3.11.15/lib/python3.11/site-packages/torch_npu/contrib/transfer_to_npu.py:183: UserWarning: Cannot create tensor with interal format while allow_internel_format=False, tensor will be created with base format. (Triggered internally at ../torch_npu/csrc/aten/common/TensorFactories.cpp:340.)
[36m(WorkerDict pid=15986)[0m   return fn(*args, **kwargs)
[36m(CheckpointEngineWorker pid=23973)[0m /vllm-ascend/vllm_ascend/distributed/device_communicators/pyhccl.py:140: UserWarning: Cannot create tensor with interal format while allow_internel_format=False, tensor will be created with base format. (Triggered internally at ../torch_npu/csrc/aten/common/TensorFactories.cpp:340.)
[36m(CheckpointEngineWorker pid=23973)[0m   out_tensor = torch.empty_like(in_tensor)
[36m(CheckpointEngineWorker pid=23973)[0m INFO:2026-07-29 17:23:25,371:init_process_group rank: 1, world_size: 2
[36m(vLLMHttpServer pid=24704)[0m (Worker pid=25825) INFO:2026-07-29 17:24:12,624:Loading standard weights (non-FP8, async), loaded_params: 18, loaded_buffers: 0
[36m(vLLMHttpServer pid=24704)[0m (Worker pid=25825) INFO:2026-07-29 17:24:15,423:Loading standard weights (non-FP8, async), loaded_params: 56, loaded_buffers: 0
[36m(vLLMHttpServer pid=24704)[0m (Worker pid=25825) INFO:2026-07-29 17:24:18,046:Loading standard weights (non-FP8, async), loaded_params: 56, loaded_buffers: 0
[36m(vLLMHttpServer pid=24704)[0m (Worker pid=25825) INFO:2026-07-29 17:24:20,313:Loading standard weights (non-FP8, async), loaded_params: 58, loaded_buffers: 0
[36m(vLLMHttpServer pid=24704)[0m (Worker pid=25825) INFO:2026-07-29 17:24:23,051:Loading standard weights (non-FP8, async), loaded_params: 61, loaded_buffers: 0
[36m(vLLMHttpServer pid=24704)[0m (Worker pid=25825) INFO:2026-07-29 17:24:25,872:Loading standard weights (non-FP8, async), loaded_params: 56, loaded_buffers: 0
[36m(vLLMHttpServer pid=24704)[0m (Worker pid=25825) INFO:2026-07-29 17:24:27,973:Loading standard weights (non-FP8, async), loaded_params: 56, loaded_buffers: 0
[36m(vLLMHttpServer pid=24704)[0m (Worker pid=25825) INFO:2026-07-29 17:24:28,972:Loading standard weights (non-FP8, async), loaded_params: 37, loaded_buffers: 0
[36m(vLLMHttpServer pid=24704)[0m (Worker pid=25825) INFO:2026-07-29 17:24:29,714:Loading standard weights (non-FP8, async), loaded_params: 1, loaded_buffers: 0
[36m(vLLMHttpServer pid=18143)[0m (Worker pid=19343) INFO:2026-07-29 17:25:41,363:Loading standard weights (non-FP8, async), loaded_params: 18, loaded_buffers: 0
[36m(vLLMHttpServer pid=18143)[0m (Worker pid=19343) INFO:2026-07-29 17:25:44,848:Loading standard weights (non-FP8, async), loaded_params: 56, loaded_buffers: 0
[36m(vLLMHttpServer pid=18143)[0m (Worker pid=19343) INFO:2026-07-29 17:25:48,094:Loading standard weights (non-FP8, async), loaded_params: 56, loaded_buffers: 0
[36m(vLLMHttpServer pid=18143)[0m (Worker pid=19343) INFO:2026-07-29 17:25:50,506:Loading standard weights (non-FP8, async), loaded_params: 58, loaded_buffers: 0
[36m(vLLMHttpServer pid=18143)[0m (Worker pid=19343) INFO:2026-07-29 17:25:53,724:Loading standard weights (non-FP8, async), loaded_params: 61, loaded_buffers: 0
[36m(vLLMHttpServer pid=18143)[0m (Worker pid=19343) INFO:2026-07-29 17:25:57,768:Loading standard weights (non-FP8, async), loaded_params: 56, loaded_buffers: 0
[36m(vLLMHttpServer pid=18143)[0m (Worker pid=19343) INFO:2026-07-29 17:26:03,391:Loading standard weights (non-FP8, async), loaded_params: 56, loaded_buffers: 0
[36m(vLLMHttpServer pid=18143)[0m (Worker pid=19343) INFO:2026-07-29 17:26:06,802:Loading standard weights (non-FP8, async), loaded_params: 37, loaded_buffers: 0
[36m(vLLMHttpServer pid=18143)[0m (Worker pid=19343) INFO:2026-07-29 17:26:11,616:Loading standard weights (non-FP8, async), loaded_params: 1, loaded_buffers: 0
[36m(vLLMHttpServer pid=18143)[0m (Worker pid=19343) INFO:2026-07-29 17:26:13,083:LoRA adapter sync: remove old lora and prepare new lora
[36m(vLLMHttpServer pid=18143)[0m (Worker pid=19343) INFO:2026-07-29 17:26:13,934:vLLM load weights, loaded_params: 504
[36m(vLLMHttpServer pid=18143)[0m (Worker pid=19343) INFO:2026-07-29 17:26:15,007:LoRA adapter sync, no post-process needed
[36m(TaskRunnerV1 pid=13158)[0m Training Progress:   0%|          | 0/1 [00:00<?, ?it/s]INFO:2026-07-29 17:26:16,347:Added 0 warmup batches to the agent loop manager
[36m(TransferQueueController pid=14217)[0m 2026-07-29 17:26:16,854 - INFO - transfer_queue.utils.perf_utils - TQ_CONTROLLER_a3bc4124: [Performance] Total success requests: 1, Total req/min: 0.07, Total avg process time: 0.0027s; 
[36m(TransferQueueController pid=14217)[0m Time range: last 15.24 minutes; 
[36m(TransferQueueController pid=14217)[0m Per-operation statistics: KV_RETRIEVE_META: req_count=1, req/min=0.07, avg_time=0.002704s, max_time=0.002704s, min_time=0.002704s
[36m(pid=34592)[0m WARNING:2026-07-29 17:26:35,883:Platform 'huawei' (PlatformNPU) is registered but not available. This may be due to this ray actor being a CPU-only actor.
[36m(pid=34592)[0m /usr/local/python3.11.15/lib/python3.11/site-packages/torch_npu/contrib/transfer_to_npu.py:362: ImportWarning: 
[36m(pid=34592)[0m     *************************************************************************************************************
[36m(pid=34592)[0m     The torch.Tensor.cuda and torch.nn.Module.cuda are replaced with torch.Tensor.npu and torch.nn.Module.npu now..
[36m(pid=34592)[0m     The torch.cuda.DoubleTensor is replaced with torch.npu.FloatTensor cause the double type is not supported now..
[36m(pid=34592)[0m     The backend in torch.distributed.init_process_group set to hccl now..
[36m(pid=34592)[0m     The torch.cuda.* and torch.cuda.amp.* are replaced with torch.npu.* and torch.npu.amp.* now..
[36m(pid=34592)[0m     The device parameters have been replaced with npu in the function below:
[36m(pid=34592)[0m     torch.logspace, torch.randint, torch.hann_window, torch.rand, torch.full_like, torch.ones_like, torch.rand_like, torch.randperm, torch.arange, torch.frombuffer, torch.normal, torch._empty_per_channel_affine_quantized, torch.empty_strided, torch.empty_like, torch.scalar_tensor, torch.tril_indices, torch.bartlett_window, torch.ones, torch.sparse_coo_tensor, torch.randn, torch.kaiser_window, torch.tensor, torch.triu_indices, torch.as_tensor, torch.zeros, torch.randint_like, torch.full, torch.eye, torch._sparse_csr_tensor_unsafe, torch.empty, torch._sparse_coo_tensor_unsafe, torch.blackman_window, torch.zeros_like, torch.range, torch.sparse_csr_tensor, torch.randn_like, torch.from_file, torch._cudnn_init_dropout_state, torch._empty_affine_quantized, torch.linspace, torch.hamming_window, torch.empty_quantized, torch._pin_memory, torch.load, torch.set_default_device, torch.get_device_module, torch.sparse_compressed_tensor, torch.Tensor.new_empty, torch.Tensor.new_empty_strided, torch.Tensor.new_full, torch.Tensor.new_ones, torch.Tensor.new_tensor, torch.Tensor.new_zeros, torch.Tensor.to, torch.Tensor.pin_memory, torch.nn.Module.to, torch.nn.Module.to_empty
[36m(pid=34592)[0m     *************************************************************************************************************
[36m(pid=34592)[0m     
[36m(pid=34592)[0m   warnings.warn(msg, ImportWarning)
[36m(pid=34592)[0m /usr/local/python3.11.15/lib/python3.11/site-packages/torch_npu/contrib/transfer_to_npu.py:291: RuntimeWarning: torch.jit.script and torch.jit.script_method will be disabled by transfer_to_npu, which currently does not support them, if you need to enable them, please do not use transfer_to_npu.
[36m(pid=34592)[0m   warnings.warn(msg, RuntimeWarning)
[36m(pid=34592)[0m /MindSpeed/mindspeed/features_manager/megatron_basic/requirements_basic.py:68: UserWarning: fla_npu is not installed. use chunk_gated_delta_rule instead.
[36m(pid=34592)[0m   warnings.warn("fla_npu is not installed. use chunk_gated_delta_rule instead.")
[36m(pid=34601)[0m WARNING:2026-07-29 17:26:36,547:Platform 'huawei' (PlatformNPU) is registered but not available. This may be due to this ray actor being a CPU-only actor.
[36m(pid=34601)[0m /usr/local/python3.11.15/lib/python3.11/site-packages/torch_npu/contrib/transfer_to_npu.py:362: ImportWarning: 
[36m(pid=34601)[0m     *************************************************************************************************************
[36m(pid=34601)[0m     The torch.Tensor.cuda and torch.nn.Module.cuda are replaced with torch.Tensor.npu and torch.nn.Module.npu now..
[36m(pid=34601)[0m     The torch.cuda.DoubleTensor is replaced with torch.npu.FloatTensor cause the double type is not supported now..
[36m(pid=34601)[0m     The backend in torch.distributed.init_process_group set to hccl now..
[36m(pid=34601)[0m     The torch.cuda.* and torch.cuda.amp.* are replaced with torch.npu.* and torch.npu.amp.* now..
[36m(pid=34601)[0m     The device parameters have been replaced with npu in the function below:
[36m(pid=34601)[0m     torch.logspace, torch.randint, torch.hann_window, torch.rand, torch.full_like, torch.ones_like, torch.rand_like, torch.randperm, torch.arange, torch.frombuffer, torch.normal, torch._empty_per_channel_affine_quantized, torch.empty_strided, torch.empty_like, torch.scalar_tensor, torch.tril_indices, torch.bartlett_window, torch.ones, torch.sparse_coo_tensor, torch.randn, torch.kaiser_window, torch.tensor, torch.triu_indices, torch.as_tensor, torch.zeros, torch.randint_like, torch.full, torch.eye, torch._sparse_csr_tensor_unsafe, torch.empty, torch._sparse_coo_tensor_unsafe, torch.blackman_window, torch.zeros_like, torch.range, torch.sparse_csr_tensor, torch.randn_like, torch.from_file, torch._cudnn_init_dropout_state, torch._empty_affine_quantized, torch.linspace, torch.hamming_window, torch.empty_quantized, torch._pin_memory, torch.load, torch.set_default_device, torch.get_device_module, torch.sparse_compressed_tensor, torch.Tensor.new_empty, torch.Tensor.new_empty_strided, torch.Tensor.new_full, torch.Tensor.new_ones, torch.Tensor.new_tensor, torch.Tensor.new_zeros, torch.Tensor.to, torch.Tensor.pin_memory, torch.nn.Module.to, torch.nn.Module.to_empty
[36m(pid=34601)[0m     *************************************************************************************************************
[36m(pid=34601)[0m     
[36m(pid=34601)[0m   warnings.warn(msg, ImportWarning)
[36m(pid=34601)[0m /usr/local/python3.11.15/lib/python3.11/site-packages/torch_npu/contrib/transfer_to_npu.py:291: RuntimeWarning: torch.jit.script and torch.jit.script_method will be disabled by transfer_to_npu, which currently does not support them, if you need to enable them, please do not use transfer_to_npu.
[36m(pid=34601)[0m   warnings.warn(msg, RuntimeWarning)
[36m(pid=34601)[0m /MindSpeed/mindspeed/features_manager/megatron_basic/requirements_basic.py:68: UserWarning: fla_npu is not installed. use chunk_gated_delta_rule instead.
[36m(pid=34601)[0m   warnings.warn("fla_npu is not installed. use chunk_gated_delta_rule instead.")
[36m(pid=34598)[0m WARNING:2026-07-29 17:26:36,955:Platform 'huawei' (PlatformNPU) is registered but not available. This may be due to this ray actor being a CPU-only actor.
[36m(pid=34598)[0m /usr/local/python3.11.15/lib/python3.11/site-packages/torch_npu/contrib/transfer_to_npu.py:362: ImportWarning: 
[36m(pid=34598)[0m     *************************************************************************************************************
[36m(pid=34598)[0m     The torch.Tensor.cuda and torch.nn.Module.cuda are replaced with torch.Tensor.npu and torch.nn.Module.npu now..
[36m(pid=34598)[0m     The torch.cuda.DoubleTensor is replaced with torch.npu.FloatTensor cause the double type is not supported now..
[36m(pid=34598)[0m     The backend in torch.distributed.init_process_group set to hccl now..
[36m(pid=34598)[0m     The torch.cuda.* and torch.cuda.amp.* are replaced with torch.npu.* and torch.npu.amp.* now..
[36m(pid=34598)[0m     The device parameters have been replaced with npu in the function below:
[36m(pid=34598)[0m     torch.logspace, torch.randint, torch.hann_window, torch.rand, torch.full_like, torch.ones_like, torch.rand_like, torch.randperm, torch.arange, torch.frombuffer, torch.normal, torch._empty_per_channel_affine_quantized, torch.empty_strided, torch.empty_like, torch.scalar_tensor, torch.tril_indices, torch.bartlett_window, torch.ones, torch.sparse_coo_tensor, torch.randn, torch.kaiser_window, torch.tensor, torch.triu_indices, torch.as_tensor, torch.zeros, torch.randint_like, torch.full, torch.eye, torch._sparse_csr_tensor_unsafe, torch.empty, torch._sparse_coo_tensor_unsafe, torch.blackman_window, torch.zeros_like, torch.range, torch.sparse_csr_tensor, torch.randn_like, torch.from_file, torch._cudnn_init_dropout_state, torch._empty_affine_quantized, torch.linspace, torch.hamming_window, torch.empty_quantized, torch._pin_memory, torch.load, torch.set_default_device, torch.get_device_module, torch.sparse_compressed_tensor, torch.Tensor.new_empty, torch.Tensor.new_empty_strided, torch.Tensor.new_full, torch.Tensor.new_ones, torch.Tensor.new_tensor, torch.Tensor.new_zeros, torch.Tensor.to, torch.Tensor.pin_memory, torch.nn.Module.to, torch.nn.Module.to_empty
[36m(pid=34598)[0m     *************************************************************************************************************
[36m(pid=34598)[0m     
[36m(pid=34598)[0m   warnings.warn(msg, ImportWarning)
[36m(pid=34598)[0m /usr/local/python3.11.15/lib/python3.11/site-packages/torch_npu/contrib/transfer_to_npu.py:291: RuntimeWarning: torch.jit.script and torch.jit.script_method will be disabled by transfer_to_npu, which currently does not support them, if you need to enable them, please do not use transfer_to_npu.
[36m(pid=34598)[0m   warnings.warn(msg, RuntimeWarning)
[36m(pid=34594)[0m WARNING:2026-07-29 17:26:37,188:Platform 'huawei' (PlatformNPU) is registered but not available. This may be due to this ray actor being a CPU-only actor.
[36m(pid=34595)[0m WARNING:2026-07-29 17:26:37,179:Platform 'huawei' (PlatformNPU) is registered but not available. This may be due to this ray actor being a CPU-only actor.
[36m(pid=34593)[0m WARNING:2026-07-29 17:26:37,317:Platform 'huawei' (PlatformNPU) is registered but not available. This may be due to this ray actor being a CPU-only actor.
[36m(pid=34598)[0m /MindSpeed/mindspeed/features_manager/megatron_basic/requirements_basic.py:68: UserWarning: fla_npu is not installed. use chunk_gated_delta_rule instead.
[36m(pid=34598)[0m   warnings.warn("fla_npu is not installed. use chunk_gated_delta_rule instead.")
[36m(pid=34594)[0m /usr/local/python3.11.15/lib/python3.11/site-packages/torch_npu/contrib/transfer_to_npu.py:362: ImportWarning: 
[36m(pid=34594)[0m     *************************************************************************************************************
[36m(pid=34594)[0m     The torch.Tensor.cuda and torch.nn.Module.cuda are replaced with torch.Tensor.npu and torch.nn.Module.npu now..
[36m(pid=34594)[0m     The torch.cuda.DoubleTensor is replaced with torch.npu.FloatTensor cause the double type is not supported now..
[36m(pid=34594)[0m     The backend in torch.distributed.init_process_group set to hccl now..
[36m(pid=34594)[0m     The torch.cuda.* and torch.cuda.amp.* are replaced with torch.npu.* and torch.npu.amp.* now..
[36m(pid=34594)[0m     The device parameters have been replaced with npu in the function below:
[36m(pid=34594)[0m     torch.logspace, torch.randint, torch.hann_window, torch.rand, torch.full_like, torch.ones_like, torch.rand_like, torch.randperm, torch.arange, torch.frombuffer, torch.normal, torch._empty_per_channel_affine_quantized, torch.empty_strided, torch.empty_like, torch.scalar_tensor, torch.tril_indices, torch.bartlett_window, torch.ones, torch.sparse_coo_tensor, torch.randn, torch.kaiser_window, torch.tensor, torch.triu_indices, torch.as_tensor, torch.zeros, torch.randint_like, torch.full, torch.eye, torch._sparse_csr_tensor_unsafe, torch.empty, torch._sparse_coo_tensor_unsafe, torch.blackman_window, torch.zeros_like, torch.range, torch.sparse_csr_tensor, torch.randn_like, torch.from_file, torch._cudnn_init_dropout_state, torch._empty_affine_quantized, torch.linspace, torch.hamming_window, torch.empty_quantized, torch._pin_memory, torch.load, torch.set_default_device, torch.get_device_module, torch.sparse_compressed_tensor, torch.Tensor.new_empty, torch.Tensor.new_empty_strided, torch.Tensor.new_full, torch.Tensor.new_ones, torch.Tensor.new_tensor, torch.Tensor.new_zeros, torch.Tensor.to, torch.Tensor.pin_memory, torch.nn.Module.to, torch.nn.Module.to_empty
[36m(pid=34594)[0m     *************************************************************************************************************
[36m(pid=34594)[0m     
[36m(pid=34594)[0m   warnings.warn(msg, ImportWarning)
[36m(pid=34594)[0m /usr/local/python3.11.15/lib/python3.11/site-packages/torch_npu/contrib/transfer_to_npu.py:291: RuntimeWarning: torch.jit.script and torch.jit.script_method will be disabled by transfer_to_npu, which currently does not support them, if you need to enable them, please do not use transfer_to_npu.
[36m(pid=34594)[0m   warnings.warn(msg, RuntimeWarning)
[36m(pid=34595)[0m /usr/local/python3.11.15/lib/python3.11/site-packages/torch_npu/contrib/transfer_to_npu.py:362: ImportWarning: 
[36m(pid=34595)[0m     *************************************************************************************************************
[36m(pid=34595)[0m     The torch.Tensor.cuda and torch.nn.Module.cuda are replaced with torch.Tensor.npu and torch.nn.Module.npu now..
[36m(pid=34595)[0m     The torch.cuda.DoubleTensor is replaced with torch.npu.FloatTensor cause the double type is not supported now..
[36m(pid=34595)[0m     The backend in torch.distributed.init_process_group set to hccl now..
[36m(pid=34595)[0m     The torch.cuda.* and torch.cuda.amp.* are replaced with torch.npu.* and torch.npu.amp.* now..
[36m(pid=34595)[0m     The device parameters have been replaced with npu in the function below:
[36m(pid=34595)[0m     torch.logspace, torch.randint, torch.hann_window, torch.rand, torch.full_like, torch.ones_like, torch.rand_like, torch.randperm, torch.arange, torch.frombuffer, torch.normal, torch._empty_per_channel_affine_quantized, torch.empty_strided, torch.empty_like, torch.scalar_tensor, torch.tril_indices, torch.bartlett_window, torch.ones, torch.sparse_coo_tensor, torch.randn, torch.kaiser_window, torch.tensor, torch.triu_indices, torch.as_tensor, torch.zeros, torch.randint_like, torch.full, torch.eye, torch._sparse_csr_tensor_unsafe, torch.empty, torch._sparse_coo_tensor_unsafe, torch.blackman_window, torch.zeros_like, torch.range, torch.sparse_csr_tensor, torch.randn_like, torch.from_file, torch._cudnn_init_dropout_state, torch._empty_affine_quantized, torch.linspace, torch.hamming_window, torch.empty_quantized, torch._pin_memory, torch.load, torch.set_default_device, torch.get_device_module, torch.sparse_compressed_tensor, torch.Tensor.new_empty, torch.Tensor.new_empty_strided, torch.Tensor.new_full, torch.Tensor.new_ones, torch.Tensor.new_tensor, torch.Tensor.new_zeros, torch.Tensor.to, torch.Tensor.pin_memory, torch.nn.Module.to, torch.nn.Module.to_empty
[36m(pid=34595)[0m     *************************************************************************************************************
[36m(pid=34595)[0m     
[36m(pid=34595)[0m   warnings.warn(msg, ImportWarning)
[36m(pid=34595)[0m /usr/local/python3.11.15/lib/python3.11/site-packages/torch_npu/contrib/transfer_to_npu.py:291: RuntimeWarning: torch.jit.script and torch.jit.script_method will be disabled by transfer_to_npu, which currently does not support them, if you need to enable them, please do not use transfer_to_npu.
[36m(pid=34595)[0m   warnings.warn(msg, RuntimeWarning)
[36m(pid=34593)[0m /usr/local/python3.11.15/lib/python3.11/site-packages/torch_npu/contrib/transfer_to_npu.py:362: ImportWarning: 
[36m(pid=34593)[0m     *************************************************************************************************************
[36m(pid=34593)[0m     The torch.Tensor.cuda and torch.nn.Module.cuda are replaced with torch.Tensor.npu and torch.nn.Module.npu now..
[36m(pid=34593)[0m     The torch.cuda.DoubleTensor is replaced with torch.npu.FloatTensor cause the double type is not supported now..
[36m(pid=34593)[0m     The backend in torch.distributed.init_process_group set to hccl now..
[36m(pid=34593)[0m     The torch.cuda.* and torch.cuda.amp.* are replaced with torch.npu.* and torch.npu.amp.* now..
[36m(pid=34593)[0m     The device parameters have been replaced with npu in the function below:
[36m(pid=34593)[0m     torch.logspace, torch.randint, torch.hann_window, torch.rand, torch.full_like, torch.ones_like, torch.rand_like, torch.randperm, torch.arange, torch.frombuffer, torch.normal, torch._empty_per_channel_affine_quantized, torch.empty_strided, torch.empty_like, torch.scalar_tensor, torch.tril_indices, torch.bartlett_window, torch.ones, torch.sparse_coo_tensor, torch.randn, torch.kaiser_window, torch.tensor, torch.triu_indices, torch.as_tensor, torch.zeros, torch.randint_like, torch.full, torch.eye, torch._sparse_csr_tensor_unsafe, torch.empty, torch._sparse_coo_tensor_unsafe, torch.blackman_window, torch.zeros_like, torch.range, torch.sparse_csr_tensor, torch.randn_like, torch.from_file, torch._cudnn_init_dropout_state, torch._empty_affine_quantized, torch.linspace, torch.hamming_window, torch.empty_quantized, torch._pin_memory, torch.load, torch.set_default_device, torch.get_device_module, torch.sparse_compressed_tensor, torch.Tensor.new_empty, torch.Tensor.new_empty_strided, torch.Tensor.new_full, torch.Tensor.new_ones, torch.Tensor.new_tensor, torch.Tensor.new_zeros, torch.Tensor.to, torch.Tensor.pin_memory, torch.nn.Module.to, torch.nn.Module.to_empty
[36m(pid=34593)[0m     *************************************************************************************************************
[36m(pid=34593)[0m     
[36m(pid=34593)[0m   warnings.warn(msg, ImportWarning)
[36m(pid=34593)[0m /usr/local/python3.11.15/lib/python3.11/site-packages/torch_npu/contrib/transfer_to_npu.py:291: RuntimeWarning: torch.jit.script and torch.jit.script_method will be disabled by transfer_to_npu, which currently does not support them, if you need to enable them, please do not use transfer_to_npu.
[36m(pid=34593)[0m   warnings.warn(msg, RuntimeWarning)
[36m(pid=34594)[0m /MindSpeed/mindspeed/features_manager/megatron_basic/requirements_basic.py:68: UserWarning: fla_npu is not installed. use chunk_gated_delta_rule instead.
[36m(pid=34594)[0m   warnings.warn("fla_npu is not installed. use chunk_gated_delta_rule instead.")
[36m(pid=34595)[0m /MindSpeed/mindspeed/features_manager/megatron_basic/requirements_basic.py:68: UserWarning: fla_npu is not installed. use chunk_gated_delta_rule instead.
[36m(pid=34595)[0m   warnings.warn("fla_npu is not installed. use chunk_gated_delta_rule instead.")
[36m(pid=34599)[0m WARNING:2026-07-29 17:26:37,534:Platform 'huawei' (PlatformNPU) is registered but not available. This may be due to this ray actor being a CPU-only actor.
[36m(pid=34593)[0m /MindSpeed/mindspeed/features_manager/megatron_basic/requirements_basic.py:68: UserWarning: fla_npu is not installed. use chunk_gated_delta_rule instead.
[36m(pid=34593)[0m   warnings.warn("fla_npu is not installed. use chunk_gated_delta_rule instead.")
[36m(pid=34599)[0m /usr/local/python3.11.15/lib/python3.11/site-packages/torch_npu/contrib/transfer_to_npu.py:362: ImportWarning: 
[36m(pid=34599)[0m     *************************************************************************************************************
[36m(pid=34599)[0m     The torch.Tensor.cuda and torch.nn.Module.cuda are replaced with torch.Tensor.npu and torch.nn.Module.npu now..
[36m(pid=34599)[0m     The torch.cuda.DoubleTensor is replaced with torch.npu.FloatTensor cause the double type is not supported now..
[36m(pid=34599)[0m     The backend in torch.distributed.init_process_group set to hccl now..
[36m(pid=34599)[0m     The torch.cuda.* and torch.cuda.amp.* are replaced with torch.npu.* and torch.npu.amp.* now..
[36m(pid=34599)[0m     The device parameters have been replaced with npu in the function below:
[36m(pid=34599)[0m     torch.logspace, torch.randint, torch.hann_window, torch.rand, torch.full_like, torch.ones_like, torch.rand_like, torch.randperm, torch.arange, torch.frombuffer, torch.normal, torch._empty_per_channel_affine_quantized, torch.empty_strided, torch.empty_like, torch.scalar_tensor, torch.tril_indices, torch.bartlett_window, torch.ones, torch.sparse_coo_tensor, torch.randn, torch.kaiser_window, torch.tensor, torch.triu_indices, torch.as_tensor, torch.zeros, torch.randint_like, torch.full, torch.eye, torch._sparse_csr_tensor_unsafe, torch.empty, torch._sparse_coo_tensor_unsafe, torch.blackman_window, torch.zeros_like, torch.range, torch.sparse_csr_tensor, torch.randn_like, torch.from_file, torch._cudnn_init_dropout_state, torch._empty_affine_quantized, torch.linspace, torch.hamming_window, torch.empty_quantized, torch._pin_memory, torch.load, torch.set_default_device, torch.get_device_module, torch.sparse_compressed_tensor, torch.Tensor.new_empty, torch.Tensor.new_empty_strided, torch.Tensor.new_full, torch.Tensor.new_ones, torch.Tensor.new_tensor, torch.Tensor.new_zeros, torch.Tensor.to, torch.Tensor.pin_memory, torch.nn.Module.to, torch.nn.Module.to_empty
[36m(pid=34599)[0m     *************************************************************************************************************
[36m(pid=34599)[0m     
[36m(pid=34599)[0m   warnings.warn(msg, ImportWarning)
[36m(pid=34599)[0m /usr/local/python3.11.15/lib/python3.11/site-packages/torch_npu/contrib/transfer_to_npu.py:291: RuntimeWarning: torch.jit.script and torch.jit.script_method will be disabled by transfer_to_npu, which currently does not support them, if you need to enable them, please do not use transfer_to_npu.
[36m(pid=34599)[0m   warnings.warn(msg, RuntimeWarning)
[36m(pid=34596)[0m WARNING:2026-07-29 17:26:37,978:Platform 'huawei' (PlatformNPU) is registered but not available. This may be due to this ray actor being a CPU-only actor.
[36m(pid=34599)[0m /MindSpeed/mindspeed/features_manager/megatron_basic/requirements_basic.py:68: UserWarning: fla_npu is not installed. use chunk_gated_delta_rule instead.
[36m(pid=34599)[0m   warnings.warn("fla_npu is not installed. use chunk_gated_delta_rule instead.")
[36m(pid=34596)[0m /usr/local/python3.11.15/lib/python3.11/site-packages/torch_npu/contrib/transfer_to_npu.py:362: ImportWarning: 
[36m(pid=34596)[0m     *************************************************************************************************************
[36m(pid=34596)[0m     The torch.Tensor.cuda and torch.nn.Module.cuda are replaced with torch.Tensor.npu and torch.nn.Module.npu now..
[36m(pid=34596)[0m     The torch.cuda.DoubleTensor is replaced with torch.npu.FloatTensor cause the double type is not supported now..
[36m(pid=34596)[0m     The backend in torch.distributed.init_process_group set to hccl now..
[36m(pid=34596)[0m     The torch.cuda.* and torch.cuda.amp.* are replaced with torch.npu.* and torch.npu.amp.* now..
[36m(pid=34596)[0m     The device parameters have been replaced with npu in the function below:
[36m(pid=34596)[0m     torch.logspace, torch.randint, torch.hann_window, torch.rand, torch.full_like, torch.ones_like, torch.rand_like, torch.randperm, torch.arange, torch.frombuffer, torch.normal, torch._empty_per_channel_affine_quantized, torch.empty_strided, torch.empty_like, torch.scalar_tensor, torch.tril_indices, torch.bartlett_window, torch.ones, torch.sparse_coo_tensor, torch.randn, torch.kaiser_window, torch.tensor, torch.triu_indices, torch.as_tensor, torch.zeros, torch.randint_like, torch.full, torch.eye, torch._sparse_csr_tensor_unsafe, torch.empty, torch._sparse_coo_tensor_unsafe, torch.blackman_window, torch.zeros_like, torch.range, torch.sparse_csr_tensor, torch.randn_like, torch.from_file, torch._cudnn_init_dropout_state, torch._empty_affine_quantized, torch.linspace, torch.hamming_window, torch.empty_quantized, torch._pin_memory, torch.load, torch.set_default_device, torch.get_device_module, torch.sparse_compressed_tensor, torch.Tensor.new_empty, torch.Tensor.new_empty_strided, torch.Tensor.new_full, torch.Tensor.new_ones, torch.Tensor.new_tensor, torch.Tensor.new_zeros, torch.Tensor.to, torch.Tensor.pin_memory, torch.nn.Module.to, torch.nn.Module.to_empty
[36m(pid=34596)[0m     *************************************************************************************************************
[36m(pid=34596)[0m     
[36m(pid=34596)[0m   warnings.warn(msg, ImportWarning)
[36m(pid=34596)[0m /usr/local/python3.11.15/lib/python3.11/site-packages/torch_npu/contrib/transfer_to_npu.py:291: RuntimeWarning: torch.jit.script and torch.jit.script_method will be disabled by transfer_to_npu, which currently does not support them, if you need to enable them, please do not use transfer_to_npu.
[36m(pid=34596)[0m   warnings.warn(msg, RuntimeWarning)
[36m(pid=34596)[0m /MindSpeed/mindspeed/features_manager/megatron_basic/requirements_basic.py:68: UserWarning: fla_npu is not installed. use chunk_gated_delta_rule instead.
[36m(pid=34596)[0m   warnings.warn("fla_npu is not installed. use chunk_gated_delta_rule instead.")
[36m(pid=34592)[0m /Megatron-LM/megatron/core/inference/contexts/__init__.py:9: DeprecationWarning: The following imports from `dynamic_context.py` will be removed in this file in `megatron-core` 0.14. The imports here result in a cyclic import issue that causes rotary embeddings to import from Apex rather than Transformer Engine.
[36m(pid=34592)[0m   warnings.warn(
[36m(pid=34601)[0m /Megatron-LM/megatron/core/inference/contexts/__init__.py:9: DeprecationWarning: The following imports from `dynamic_context.py` will be removed in this file in `megatron-core` 0.14. The imports here result in a cyclic import issue that causes rotary embeddings to import from Apex rather than Transformer Engine.
[36m(pid=34601)[0m   warnings.warn(
[36m(pid=34598)[0m /Megatron-LM/megatron/core/inference/contexts/__init__.py:9: DeprecationWarning: The following imports from `dynamic_context.py` will be removed in this file in `megatron-core` 0.14. The imports here result in a cyclic import issue that causes rotary embeddings to import from Apex rather than Transformer Engine.
[36m(pid=34598)[0m   warnings.warn(
[36m(pid=34594)[0m /Megatron-LM/megatron/core/inference/contexts/__init__.py:9: DeprecationWarning: The following imports from `dynamic_context.py` will be removed in this file in `megatron-core` 0.14. The imports here result in a cyclic import issue that causes rotary embeddings to import from Apex rather than Transformer Engine.
[36m(pid=34594)[0m   warnings.warn(
[36m(pid=34595)[0m /Megatron-LM/megatron/core/inference/contexts/__init__.py:9: DeprecationWarning: The following imports from `dynamic_context.py` will be removed in this file in `megatron-core` 0.14. The imports here result in a cyclic import issue that causes rotary embeddings to import from Apex rather than Transformer Engine.
[36m(pid=34595)[0m   warnings.warn(
[36m(pid=34593)[0m /Megatron-LM/megatron/core/inference/contexts/__init__.py:9: DeprecationWarning: The following imports from `dynamic_context.py` will be removed in this file in `megatron-core` 0.14. The imports here result in a cyclic import issue that causes rotary embeddings to import from Apex rather than Transformer Engine.
[36m(pid=34593)[0m   warnings.warn(

[36m(vLLMHttpServer pid=24704)[0m [Gloo] Rank 0 is connected to 0 peer ranks. Expected number of connected peer ranks is : 0
[36m(vLLMHttpServer pid=24704)[0m [Gloo] Rank 0 is connected to 0 peer ranks. Expected number of connected peer ranks is : 0
[36m(vLLMHttpServer pid=24704)[0m (EngineCore pid=25395) WARNING 07-29 17:22:59 [utils.py:550] Currently, communication is performed using FFTS+ method, which reduces the number of available streams and, as a result, limits the range of runtime shapes that can be handled. To both improve communication performance and increase the number of supported shapes, set HCCL_OP_EXPANSION_MODE=AIV.
[36m(vLLMHttpServer pid=24704)[0m WARNING 07-29 17:22:59 [api_router.py:30] LoRA dynamic loading & unloading is enabled in the API server. This should ONLY be used for local development!
[36m(vLLMHttpServer pid=24704)[0m WARNING 07-29 17:22:59 [model.py:1376] Default vLLM sampling parameters have been overridden by the model's `generation_config.json`: `{'repetition_penalty': 1.0, 'temperature': 1.0, 'top_k': -1, 'top_p': 1.0, 'max_tokens': 1024}`. If this is not intended, please relaunch vLLM instance with `--generation-config vllm`.
[36m(TaskRunnerV1 pid=13158)[0m LLMServerManager: ['10.17.0.41:42313']
[36m(WorkerDict pid=15986)[0m [Rank 0 | Local Rank 0] 2026-07-29 17:23:25,369 INFO [verl.checkpoint_engine.hccl_checkpoint_engine:227] => init_process_group rank: 0, world_size: 2
[36m(WorkerDict pid=15986)[0m [Rank 0 | Local Rank 0] 2026-07-29 17:24:27,063 INFO [verl.checkpoint_engine.hccl_checkpoint_engine:304] => Rank 0 send weights done, time cost: 19.36s
[36m(vLLMHttpServer pid=24704)[0m (EngineCore pid=25395) WARNING 07-29 17:24:30 [scheduler.py:1883] reset_connector called but no KV connector is configured.
[36m(vLLMHttpServer pid=18143)[0m (EngineCore pid=18914) WARNING 07-29 17:24:31 [scheduler.py:1883] reset_connector called but no KV connector is configured.
[36m(vLLMHttpServer pid=18143)[0m (EngineCore pid=18914) WARNING 07-29 17:26:12 [scheduler.py:1883] reset_connector called but no KV connector is configured.
[36m(vLLMHttpServer pid=18143)[0m (EngineCore pid=18914) WARNING 07-29 17:26:15 [scheduler.py:1883] reset_connector called but no KV connector is configured.
[36m(vLLMHttpServer pid=18143)[0m (EngineCore pid=18914) WARNING 07-29 17:26:15 [scheduler.py:1883] reset_connector called but no KV connector is configured.
[36m(TaskRunnerV1 pid=13158)[0m Saving tensorboard log to tensorboard_log/twinkle-aligned-gsm8k-grpo/qy_owner_verl_smoke1_v4_npu23.
[36m(TaskRunnerV1 pid=13158)[0m ('Warning: torch.save with "_use_new_zipfile_serialization = False" is not recommended for npu tensor, which may bring unexpected errors and hopefully set "_use_new_zipfile_serialization = True"', 'if it is necessary to use this, please convert the npu tensor to cpu tensor for saving')
[36m(pid=34592)[0m [Rank 0 | Local Rank 0] 2026-07-29 17:26:36,172 INFO [mindspeed.megatron_adaptor:33] => start to patch features in megatron adaptor.
[36m(pid=34601)[0m [Rank 0 | Local Rank 0] 2026-07-29 17:26:36,846 INFO [mindspeed.megatron_adaptor:33] => start to patch features in megatron adaptor.
[36m(pid=34598)[0m [Rank 0 | Local Rank 0] 2026-07-29 17:26:37,250 INFO [mindspeed.megatron_adaptor:33] => start to patch features in megatron adaptor.
[36m(pid=34594)[0m [Rank 0 | Local Rank 0] 2026-07-29 17:26:37,488 INFO [mindspeed.megatron_adaptor:33] => start to patch features in megatron adaptor.
[36m(pid=34595)[0m [Rank 0 | Local Rank 0] 2026-07-29 17:26:37,473 INFO [mindspeed.megatron_adaptor:33] => start to patch features in megatron adaptor.
[36m(pid=34593)[0m [Rank 0 | Local Rank 0] 2026-07-29 17:26:37,632 INFO [mindspeed.megatron_adaptor:33] => start to patch features in megatron adaptor.
[36m(pid=34599)[0m [Rank 0 | Local Rank 0] 2026-07-29 17:26:37,835 INFO [mindspeed.megatron_adaptor:33] => start to patch features in megatron adaptor.
[36m(pid=34596)[0m [Rank 0 | Local Rank 0] 2026-07-29 17:26:38,292 INFO [mindspeed.megatron_adaptor:33] => start to patch features in megatron adaptor.
[36m(pid=34592)[0m [Rank 0 | Local Rank 0] 2026-07-29 17:26:38,596 INFO [megatron.core.distributed.fsdp.src.megatron_fsdp.mixed_precision:34] => Using Megatron-FSDP without Transformer Engine.
[36m(pid=34592)[0m [Rank 0 | Local Rank 0] 2026-07-29 17:26:38,600 INFO [megatron.core.distributed.fsdp.src.megatron_fsdp.param_and_grad_buffer:69] => Detected Megatron Core, using Megatron-FSDP with Megatron.
[36m(pid=34592)[0m [Rank 0 | Local Rank 0] 2026-07-29 17:26:38,604 INFO [megatron.core.distributed.fsdp.src.megatron_fsdp.megatron_fsdp:47] => Detected Megatron Core, using Megatron-FSDP with Megatron.
[36m(pid=34601)[0m [Rank 0 | Local Rank 0] 2026-07-29 17:26:39,329 INFO [megatron.core.distributed.fsdp.src.megatron_fsdp.mixed_precision:34] => Using Megatron-FSDP without Transformer Engine.
[36m(pid=34601)[0m [Rank 0 | Local Rank 0] 2026-07-29 17:26:39,333 INFO [megatron.core.distributed.fsdp.src.megatron_fsdp.param_and_grad_buffer:69] => Detected Megatron Core, using Megatron-FSDP with Megatron.
[36m(pid=34601)[0m [Rank 0 | Local Rank 0] 2026-07-29 17:26:39,338 INFO [megatron.core.distributed.fsdp.src.megatron_fsdp.megatron_fsdp:47] => Detected Megatron Core, using Megatron-FSDP with Megatron.
[36m(pid=34598)[0m [Rank 0 | Local Rank 0] 2026-07-29 17:26:39,666 INFO [megatron.core.distributed.fsdp.src.megatron_fsdp.mixed_precision:34] => Using Megatron-FSDP without Transformer Engine.
[36m(pid=34598)[0m [Rank 0 | Local Rank 0] 2026-07-29 17:26:39,670 INFO [megatron.core.distributed.fsdp.src.megatron_fsdp.param_and_grad_buffer:69] => Detected Megatron Core, using Megatron-FSDP with Megatron.
[36m(pid=34598)[0m [Rank 0 | Local Rank 0] 2026-07-29 17:26:39,675 INFO [megatron.core.distributed.fsdp.src.megatron_fsdp.megatron_fsdp:47] => Detected Megatron Core, using Megatron-FSDP with Megatron.
[36m(pid=34594)[0m [Rank 0 | Local Rank 0] 2026-07-29 17:26:39,925 INFO [megatron.core.distributed.fsdp.src.megatron_fsdp.mixed_precision:34] => Using Megatron-FSDP without Transformer Engine.
[36m(pid=34594)[0m [Rank 0 | Local Rank 0] 2026-07-29 17:26:39,928 INFO [megatron.core.distributed.fsdp.src.megatron_fsdp.param_and_grad_buffer:69] => Detected Megatron Core, using Megatron-FSDP with Megatron.
[36m(pid=34594)[0m [Rank 0 | Local Rank 0] 2026-07-29 17:26:39,933 INFO [megatron.core.distributed.fsdp.src.megatron_fsdp.megatron_fsdp:47] => Detected Megatron Core, using Megatron-FSDP with Megatron.
[36m(pid=34595)[0m [Rank 0 | Local Rank 0] 2026-07-29 17:26:39,929 INFO [megatron.core.distributed.fsdp.src.megatron_fsdp.mixed_precision:34] => Using Megatron-FSDP without Transformer Engine.
[36m(pid=34595)[0m [Rank 0 | Local Rank 0] 2026-07-29 17:26:39,933 INFO [megatron.core.distributed.fsdp.src.megatron_fsdp.param_and_grad_buffer:69] => Detected Megatron Core, using Megatron-FSDP with Megatron.
[36m(pid=34595)[0m [Rank 0 | Local Rank 0] 2026-07-29 17:26:39,938 INFO [megatron.core.distributed.fsdp.src.megatron_fsdp.megatron_fsdp:47] => Detected Megatron Core, using Megatron-FSDP with Megatron.
[36m(pid=34593)[0m [Rank 0 | Local Rank 0] 2026-07-29 17:26:40,206 INFO [megatron.core.distributed.fsdp.src.megatron_fsdp.mixed_precision:34] => Using Megatron-FSDP without Transformer Engine.
[36m(pid=34593)[0m [Rank 0 | Local Rank 0] 2026-07-29 17:26:40,210 INFO [megatron.core.distributed.fsdp.src.megatron_fsdp.param_and_grad_buffer:69] => Detected Megatron Core, using Megatron-FSDP with Megatron.
[36m(pid=34593)[0m [Rank 0 | Local Rank 0] 2026-07-29 17:26:40,215 INFO [megatron.core.distributed.fsdp.src.megatron_fsdp.megatron_fsdp:47] => Detected Megatron Core, using Megatron-FSDP with Megatron.
[36m(pid=34599)[0m [Rank 0 | Local Rank 0] 2026-07-29 17:26:40,314 INFO [megatron.core.distributed.fsdp.src.megatron_fsdp.mixed_precision:34] => Using Megatron-FSDP without Transformer Engine.
[36m(pid=34599)[0m [Rank 0 | Local Rank 0] 2026-07-29 17:26:40,317 INFO [megatron.core.distributed.fsdp.src.megatron_fsdp.param_and_grad_buffer:69] => Detected Megatron Core, using Megatron-FSDP with Megatron.[36m(pid=34599)[0m /Megatron-LM/megatron/core/inference/contexts/__init__.py:9: DeprecationWarning: The following imports from `dynamic_context.py` will be removed in this file in `megatron-core` 0.14. The imports here result in a cyclic import issue that causes rotary embeddings to import from Apex rather than Transformer Engine.
[36m(pid=34599)[0m   warnings.warn(
[36m(pid=34596)[0m /Megatron-LM/megatron/core/inference/contexts/__init__.py:9: DeprecationWarning: The following imports from `dynamic_context.py` will be removed in this file in `megatron-core` 0.14. The imports here result in a cyclic import issue that causes rotary embeddings to import from Apex rather than Transformer Engine.
[36m(pid=34596)[0m   warnings.warn(
[36m(pid=34592)[0m /MindSpeed/mindspeed/core/tensor_parallel/tp_2d/layernorm_2d.py:88: FutureWarning: `torch_npu.npu.amp.custom_fwd(args...)` is deprecated. Please use `torch.amp.custom_fwd(args..., device_type='npu')` instead.
[36m(pid=34592)[0m   @custom_fwd
[36m(pid=34592)[0m /MindSpeed/mindspeed/core/tensor_parallel/tp_2d/layernorm_2d.py:147: FutureWarning: `torch_npu.npu.amp.custom_bwd(args...)` is deprecated. Please use `torch.amp.custom_bwd(args..., device_type='npu')` instead.
[36m(pid=34592)[0m   @custom_bwd
[36m(pid=34592)[0m /MindSpeed/mindspeed/core/tensor_parallel/tp_2d/rms_norm_2d.py:66: FutureWarning: `torch_npu.npu.amp.custom_fwd(args...)` is deprecated. Please use `torch.amp.custom_fwd(args..., device_type='npu')` instead.
[36m(pid=34592)[0m   @custom_fwd
[36m(pid=34592)[0m /MindSpeed/mindspeed/core/tensor_parallel/tp_2d/rms_norm_2d.py:87: FutureWarning: `torch_npu.npu.amp.custom_bwd(args...)` is deprecated. Please use `torch.amp.custom_bwd(args..., device_type='npu')` instead.
[36m(pid=34592)[0m   @custom_bwd
[36m(pid=34592)[0m /Megatron-LM/megatron/core/transformer/multi_latent_attention.py:36: DeprecationWarning: The 'megatron.core.transformer.custom_layers.transformer_engine' 
[36m(pid=34592)[0m     module is deprecated and will be removed in 0.10.0. Please use 
[36m(pid=34592)[0m     'megatron.core.extensions.transformer_engine' instead.
[36m(pid=34592)[0m   from megatron.core.transformer.custom_layers.transformer_engine import (
[36m(pid=34598)[0m /MindSpeed/mindspeed/core/tensor_parallel/tp_2d/layernorm_2d.py:88: FutureWarning: `torch_npu.npu.amp.custom_fwd(args...)` is deprecated. Please use `torch.amp.custom_fwd(args..., device_type='npu')` instead.
[36m(pid=34598)[0m   @custom_fwd
[36m(pid=34598)[0m /MindSpeed/mindspeed/core/tensor_parallel/tp_2d/layernorm_2d.py:147: FutureWarning: `torch_npu.npu.amp.custom_bwd(args...)` is deprecated. Please use `torch.amp.custom_bwd(args..., device_type='npu')` instead.
[36m(pid=34598)[0m   @custom_bwd
[36m(pid=34598)[0m /MindSpeed/mindspeed/core/tensor_parallel/tp_2d/rms_norm_2d.py:66: FutureWarning: `torch_npu.npu.amp.custom_fwd(args...)` is deprecated. Please use `torch.amp.custom_fwd(args..., device_type='npu')` instead.
[36m(pid=34598)[0m   @custom_fwd
[36m(pid=34598)[0m /MindSpeed/mindspeed/core/tensor_parallel/tp_2d/rms_norm_2d.py:87: FutureWarning: `torch_npu.npu.amp.custom_bwd(args...)` is deprecated. Please use `torch.amp.custom_bwd(args..., device_type='npu')` instead.
[36m(pid=34598)[0m   @custom_bwd
[36m(pid=34598)[0m /Megatron-LM/megatron/core/transformer/multi_latent_attention.py:36: DeprecationWarning: The 'megatron.core.transformer.custom_layers.transformer_engine' 
[36m(pid=34598)[0m     module is deprecated and will be removed in 0.10.0. Please use 
[36m(pid=34598)[0m     'megatron.core.extensions.transformer_engine' instead.
[36m(pid=34598)[0m   from megatron.core.transformer.custom_layers.transformer_engine import (
[36m(pid=34601)[0m /MindSpeed/mindspeed/core/tensor_parallel/tp_2d/layernorm_2d.py:88: FutureWarning: `torch_npu.npu.amp.custom_fwd(args...)` is deprecated. Please use `torch.amp.custom_fwd(args..., device_type='npu')` instead.
[36m(pid=34601)[0m   @custom_fwd
[36m(pid=34601)[0m /MindSpeed/mindspeed/core/tensor_parallel/tp_2d/layernorm_2d.py:147: FutureWarning: `torch_npu.npu.amp.custom_bwd(args...)` is deprecated. Please use `torch.amp.custom_bwd(args..., device_type='npu')` instead.
[36m(pid=34601)[0m   @custom_bwd
[36m(pid=34601)[0m /MindSpeed/mindspeed/core/tensor_parallel/tp_2d/rms_norm_2d.py:66: FutureWarning: `torch_npu.npu.amp.custom_fwd(args...)` is deprecated. Please use `torch.amp.custom_fwd(args..., device_type='npu')` instead.
[36m(pid=34601)[0m   @custom_fwd
[36m(pid=34601)[0m /MindSpeed/mindspeed/core/tensor_parallel/tp_2d/rms_norm_2d.py:87: FutureWarning: `torch_npu.npu.amp.custom_bwd(args...)` is deprecated. Please use `torch.amp.custom_bwd(args..., device_type='npu')` instead.
[36m(pid=34601)[0m   @custom_bwd
[36m(pid=34601)[0m /Megatron-LM/megatron/core/transformer/multi_latent_attention.py:36: DeprecationWarning: The 'megatron.core.transformer.custom_layers.transformer_engine' 
[36m(pid=34601)[0m     module is deprecated and will be removed in 0.10.0. Please use 
[36m(pid=34601)[0m     'megatron.core.extensions.transformer_engine' instead.
[36m(pid=34601)[0m   from megatron.core.transformer.custom_layers.transformer_engine import (
[36m(pid=34594)[0m /MindSpeed/mindspeed/core/tensor_parallel/tp_2d/layernorm_2d.py:88: FutureWarning: `torch_npu.npu.amp.custom_fwd(args...)` is deprecated. Please use `torch.amp.custom_fwd(args..., device_type='npu')` instead.
[36m(pid=34594)[0m   @custom_fwd
[36m(pid=34594)[0m /MindSpeed/mindspeed/core/tensor_parallel/tp_2d/layernorm_2d.py:147: FutureWarning: `torch_npu.npu.amp.custom_bwd(args...)` is deprecated. Please use `torch.amp.custom_bwd(args..., device_type='npu')` instead.
[36m(pid=34594)[0m   @custom_bwd
[36m(pid=34594)[0m /MindSpeed/mindspeed/core/tensor_parallel/tp_2d/rms_norm_2d.py:66: FutureWarning: `torch_npu.npu.amp.custom_fwd(args...)` is deprecated. Please use `torch.amp.custom_fwd(args..., device_type='npu')` instead.
[36m(pid=34594)[0m   @custom_fwd
[36m(pid=34594)[0m /MindSpeed/mindspeed/core/tensor_parallel/tp_2d/rms_norm_2d.py:87: FutureWarning: `torch_npu.npu.amp.custom_bwd(args...)` is deprecated. Please use `torch.amp.custom_bwd(args..., device_type='npu')` instead.
[36m(pid=34594)[0m   @custom_bwd
[36m(pid=34594)[0m /Megatron-LM/megatron/core/transformer/multi_latent_attention.py:36: DeprecationWarning: The 'megatron.core.transformer.custom_layers.transformer_engine' 
[36m(pid=34594)[0m     module is deprecated and will be removed in 0.10.0. Please use 
[36m(pid=34594)[0m     'megatron.core.extensions.transformer_engine' instead.
[36m(pid=34594)[0m   from megatron.core.transformer.custom_layers.transformer_engine import (
[36m(pid=34595)[0m /MindSpeed/mindspeed/core/tensor_parallel/tp_2d/layernorm_2d.py:88: FutureWarning: `torch_npu.npu.amp.custom_fwd(args...)` is deprecated. Please use `torch.amp.custom_fwd(args..., device_type='npu')` instead.
[36m(pid=34595)[0m   @custom_fwd
[36m(pid=34595)[0m /MindSpeed/mindspeed/core/tensor_parallel/tp_2d/layernorm_2d.py:147: FutureWarning: `torch_npu.npu.amp.custom_bwd(args...)` is deprecated. Please use `torch.amp.custom_bwd(args..., device_type='npu')` instead.
[36m(pid=34595)[0m   @custom_bwd
[36m(pid=34595)[0m /MindSpeed/mindspeed/core/tensor_parallel/tp_2d/rms_norm_2d.py:66: FutureWarning: `torch_npu.npu.amp.custom_fwd(args...)` is deprecated. Please use `torch.amp.custom_fwd(args..., device_type='npu')` instead.
[36m(pid=34595)[0m   @custom_fwd
[36m(pid=34595)[0m /MindSpeed/mindspeed/core/tensor_parallel/tp_2d/rms_norm_2d.py:87: FutureWarning: `torch_npu.npu.amp.custom_bwd(args...)` is deprecated. Please use `torch.amp.custom_bwd(args..., device_type='npu')` instead.
[36m(pid=34595)[0m   @custom_bwd
[36m(pid=34595)[0m /Megatron-LM/megatron/core/transformer/multi_latent_attention.py:36: DeprecationWarning: The 'megatron.core.transformer.custom_layers.transformer_engine' 
[36m(pid=34595)[0m     module is deprecated and will be removed in 0.10.0. Please use 
[36m(pid=34595)[0m     'megatron.core.extensions.transformer_engine' instead.
[36m(pid=34595)[0m   from megatron.core.transformer.custom_layers.transformer_engine import (
[36m(pid=34599)[0m /MindSpeed/mindspeed/core/tensor_parallel/tp_2d/layernorm_2d.py:88: FutureWarning: `torch_npu.npu.amp.custom_fwd(args...)` is deprecated. Please use `torch.amp.custom_fwd(args..., device_type='npu')` instead.
[36m(pid=34599)[0m   @custom_fwd
[36m(pid=34599)[0m /MindSpeed/mindspeed/core/tensor_parallel/tp_2d/layernorm_2d.py:147: FutureWarning: `torch_npu.npu.amp.custom_bwd(args...)` is deprecated. Please use `torch.amp.custom_bwd(args..., device_type='npu')` instead.
[36m(pid=34599)[0m   @custom_bwd
[36m(pid=34599)[0m /MindSpeed/mindspeed/core/tensor_parallel/tp_2d/rms_norm_2d.py:66: FutureWarning: `torch_npu.npu.amp.custom_fwd(args...)` is deprecated. Please use `torch.amp.custom_fwd(args..., device_type='npu')` instead.
[36m(pid=34599)[0m   @custom_fwd
[36m(pid=34599)[0m /MindSpeed/mindspeed/core/tensor_parallel/tp_2d/rms_norm_2d.py:87: FutureWarning: `torch_npu.npu.amp.custom_bwd(args...)` is deprecated. Please use `torch.amp.custom_bwd(args..., device_type='npu')` instead.
[36m(pid=34599)[0m   @custom_bwd
[36m(pid=34599)[0m /Megatron-LM/megatron/core/transformer/multi_latent_attention.py:36: DeprecationWarning: The 'megatron.core.transformer.custom_layers.transformer_engine' 
[36m(pid=34599)[0m     module is deprecated and will be removed in 0.10.0. Please use 
[36m(pid=34599)[0m     'megatron.core.extensions.transformer_engine' instead.
[36m(pid=34599)[0m   from megatron.core.transformer.custom_layers.transformer_engine import (
[36m(pid=34593)[0m /MindSpeed/mindspeed/core/tensor_parallel/tp_2d/layernorm_2d.py:88: FutureWarning: `torch_npu.npu.amp.custom_fwd(args...)` is deprecated. Please use `torch.amp.custom_fwd(args..., device_type='npu')` instead.
[36m(pid=34593)[0m   @custom_fwd
[36m(pid=34593)[0m /MindSpeed/mindspeed/core/tensor_parallel/tp_2d/layernorm_2d.py:147: FutureWarning: `torch_npu.npu.amp.custom_bwd(args...)` is deprecated. Please use `torch.amp.custom_bwd(args..., device_type='npu')` instead.
[36m(pid=34593)[0m   @custom_bwd
[36m(pid=34593)[0m /MindSpeed/mindspeed/core/tensor_parallel/tp_2d/rms_norm_2d.py:66: FutureWarning: `torch_npu.npu.amp.custom_fwd(args...)` is deprecated. Please use `torch.amp.custom_fwd(args..., device_type='npu')` instead.
[36m(pid=34593)[0m   @custom_fwd
[36m(pid=34593)[0m /MindSpeed/mindspeed/core/tensor_parallel/tp_2d/rms_norm_2d.py:87: FutureWarning: `torch_npu.npu.amp.custom_bwd(args...)` is deprecated. Please use `torch.amp.custom_bwd(args..., device_type='npu')` instead.
[36m(pid=34593)[0m   @custom_bwd
[36m(pid=34593)[0m /Megatron-LM/megatron/core/transformer/multi_latent_attention.py:36: DeprecationWarning: The 'megatron.core.transformer.custom_layers.transformer_engine' 
[36m(pid=34593)[0m     module is deprecated and will be removed in 0.10.0. Please use 
[36m(pid=34593)[0m     'megatron.core.extensions.transformer_engine' instead.
[36m(pid=34593)[0m   from megatron.core.transformer.custom_layers.transformer_engine import (
[36m(pid=34596)[0m /MindSpeed/mindspeed/core/tensor_parallel/tp_2d/layernorm_2d.py:88: FutureWarning: `torch_npu.npu.amp.custom_fwd(args...)` is deprecated. Please use `torch.amp.custom_fwd(args..., device_type='npu')` instead.
[36m(pid=34596)[0m   @custom_fwd
[36m(pid=34596)[0m /MindSpeed/mindspeed/core/tensor_parallel/tp_2d/layernorm_2d.py:147: FutureWarning: `torch_npu.npu.amp.custom_bwd(args...)` is deprecated. Please use `torch.amp.custom_bwd(args..., device_type='npu')` instead.
[36m(pid=34596)[0m   @custom_bwd
[36m(pid=34596)[0m /MindSpeed/mindspeed/core/tensor_parallel/tp_2d/rms_norm_2d.py:66: FutureWarning: `torch_npu.npu.amp.custom_fwd(args...)` is deprecated. Please use `torch.amp.custom_fwd(args..., device_type='npu')` instead.
[36m(pid=34596)[0m   @custom_fwd
[36m(pid=34596)[0m /MindSpeed/mindspeed/core/tensor_parallel/tp_2d/rms_norm_2d.py:87: FutureWarning: `torch_npu.npu.amp.custom_bwd(args...)` is deprecated. Please use `torch.amp.custom_bwd(args..., device_type='npu')` instead.
[36m(pid=34596)[0m   @custom_bwd
[36m(pid=34596)[0m /Megatron-LM/megatron/core/transformer/multi_latent_attention.py:36: DeprecationWarning: The 'megatron.core.transformer.custom_layers.transformer_engine' 
[36m(pid=34596)[0m     module is deprecated and will be removed in 0.10.0. Please use 
[36m(pid=34596)[0m     'megatron.core.extensions.transformer_engine' instead.
[36m(pid=34596)[0m   from megatron.core.transformer.custom_layers.transformer_engine import (
[36m(AgentLoopWorkerTQ pid=34594)[0m Using blocking ray.get inside async actor. This blocks the event loop. Please use `await` on object ref with asyncio.gather if you want to yield execution to the event loop instead.
[36m(AgentLoopWorkerTQ pid=34598)[0m Using blocking ray.get inside async actor. This blocks the event loop. Please use `await` on object ref with asyncio.gather if you want to yield execution to the event loop instead.
[36m(AgentLoopWorkerTQ pid=34592)[0m Using blocking ray.get inside async actor. This blocks the event loop. Please use `await` on object ref with asyncio.gather if you want to yield execution to the event loop instead.
[36m(AgentLoopWorkerTQ pid=34601)[0m Using blocking ray.get inside async actor. This blocks the event loop. Please use `await` on object ref with asyncio.gather if you want to yield execution to the event loop instead.

[36m(pid=34599)[0m [Rank 0 | Local Rank 0] 2026-07-29 17:26:40,322 INFO [megatron.core.distributed.fsdp.src.megatron_fsdp.megatron_fsdp:47] => Detected Megatron Core, using Megatron-FSDP with Megatron.
[36m(pid=34596)[0m [Rank 0 | Local Rank 0] 2026-07-29 17:26:40,839 INFO [megatron.core.distributed.fsdp.src.megatron_fsdp.mixed_precision:34] => Using Megatron-FSDP without Transformer Engine.
[36m(pid=34596)[0m [Rank 0 | Local Rank 0] 2026-07-29 17:26:40,843 INFO [megatron.core.distributed.fsdp.src.megatron_fsdp.param_and_grad_buffer:69] => Detected Megatron Core, using Megatron-FSDP with Megatron.
[36m(pid=34596)[0m [Rank 0 | Local Rank 0] 2026-07-29 17:26:40,848 INFO [megatron.core.distributed.fsdp.src.megatron_fsdp.megatron_fsdp:47] => Detected Megatron Core, using Megatron-FSDP with Megatron.
[36m(AgentLoopWorkerTQ pid=34594)[0m Using dataset class: RLHFDataset
[36m(AgentLoopWorkerTQ pid=34594)[0m Warning: since the loaded file is not a zipfile, only "torch.device" and "str" type parameters are currently supported for parameter types of map_location. If parameter types of map_location is "Callable[[torch.Tensor, str], torch.Tensor]" or "Dict[str, str]", which is only support for zipfile, all tensors are currently loaded onto the CPU, which may introduce problems.
[36m(AgentLoopWorkerTQ pid=34598)[0m Using dataset class: RLHFDataset
[36m(AgentLoopWorkerTQ pid=34598)[0m Warning: since the loaded file is not a zipfile, only "torch.device" and "str" type parameters are currently supported for parameter types of map_location. If parameter types of map_location is "Callable[[torch.Tensor, str], torch.Tensor]" or "Dict[str, str]", which is only support for zipfile, all tensors are currently loaded onto the CPU, which may introduce problems.
[36m(AgentLoopWorkerTQ pid=34594)[0m [Rank 0 | Local Rank 0] 2026-07-29 17:26:50,934 INFO [torch_npu.env:15] => get env LD_LIBRARY_PATH = /usr/local/python3.11.15/lib/python3.11/site-packages/cv2/../../lib64:/usr/local/Ascend/nnal/atb/latest/atb/cxx_abi_1/lib:/usr/local/Ascend/nnal/atb/latest/atb/cxx_abi_1/examples:/usr/local/Ascend/nnal/atb/latest/atb/cxx_abi_1/tests/atbopstest:/usr/local/Ascend/cann-9.0.0/lib64:/usr/local/Ascend/cann-9.0.0/lib64/plugin/opskernel:/usr/local/Ascend/cann-9.0.0/lib64/plugin/nnengine:/usr/local/Ascend/cann-9.0.0/opp/built-in/op_impl/ai_core/tbe/op_tiling/lib/linux/aarch64:/usr/local/Ascend/driver/lib64:/usr/local/Ascend/driver/lib64/common:/usr/local/Ascend/driver/lib64/driver:/usr/local/Ascend/nnal/atb/latest/atb/cxx_abi_1/lib:/usr/local/Ascend/nnal/atb/latest/atb/cxx_abi_1/examples:/usr/local/Ascend/nnal/atb/latest/atb/cxx_abi_1/tests/atbopstest:/usr/local/Ascend/driver/lib64:/usr/local/Ascend/driver/lib64/common:/usr/local/Ascend/driver/lib64/driver:/usr/local/Ascend/driver/lib64:/usr/local/Ascend/driver/lib64/common:/usr/local/Ascend/driver/lib64/driver:/usr/local/Ascend/nnal/atb/latest/atb/cxx_abi_1/lib:/usr/local/Ascend/nnal/atb/latest/atb/cxx_abi_1/examples:/usr/local/Ascend/nnal/atb/latest/atb/cxx_abi_1/tests/atbopstest:/usr/local/Ascend/ascend-toolkit/latest/tools/aml/lib64:/usr/local/Ascend/ascend-toolkit/latest/tools/aml/lib64/plugin:/usr/local/Ascend/ascend-toolkit/latest/lib64:/usr/local/Ascend/ascend-toolkit/latest/lib64/plugin/opskernel:/usr/local/Ascend/ascend-toolkit/latest/lib64/plugin/nnengine:/usr/local/Ascend/ascend-toolkit/latest/opp/built-in/op_impl/ai_core/tbe/op_tiling:/usr/local/python3.11.15/lib:
[36m(AgentLoopWorkerTQ pid=34592)[0m Using dataset class: RLHFDataset
[36m(AgentLoopWorkerTQ pid=34592)[0m Warning: since the loaded file is not a zipfile, only "torch.device" and "str" type parameters are currently supported for parameter types of map_location. If parameter types of map_location is "Callable[[torch.Tensor, str], torch.Tensor]" or "Dict[str, str]", which is only support for zipfile, all tensors are currently loaded onto the CPU, which may introduce problems.
[36m(AgentLoopWorkerTQ pid=34598)[0m [Rank 0 | Local Rank 0] 2026-07-29 17:26:50,943 INFO [torch_npu.env:15] => get env LD_LIBRARY_PATH = /usr/local/python3.11.15/lib/python3.11/site-packages/cv2/../../lib64:/usr/local/Ascend/nnal/atb/latest/atb/cxx_abi_1/lib:/usr/local/Ascend/nnal/atb/latest/atb/cxx_abi_1/examples:/usr/local/Ascend/nnal/atb/latest/atb/cxx_abi_1/tests/atbopstest:/usr/local/Ascend/cann-9.0.0/lib64:/usr/local/Ascend/cann-9.0.0/lib64/plugin/opskernel:/usr/local/Ascend/cann-9.0.0/lib64/plugin/nnengine:/usr/local/Ascend/cann-9.0.0/opp/built-in/op_impl/ai_core/tbe/op_tiling/lib/linux/aarch64:/usr/local/Ascend/driver/lib64:/usr/local/Ascend/driver/lib64/common:/usr/local/Ascend/driver/lib64/driver:/usr/local/Ascend/nnal/atb/latest/atb/cxx_abi_1/lib:/usr/local/Ascend/nnal/atb/latest/atb/cxx_abi_1/examples:/usr/local/Ascend/nnal/atb/latest/atb/cxx_abi_1/tests/atbopstest:/usr/local/Ascend/driver/lib64:/usr/local/Ascend/driver/lib64/common:/usr/local/Ascend/driver/lib64/driver:/usr/local/Ascend/driver/lib64:/usr/local/Ascend/driver/lib64/common:/usr/local/Ascend/driver/lib64/driver:/usr/local/Ascend/nnal/atb/latest/atb/cxx_abi_1/lib:/usr/local/Ascend/nnal/atb/latest/atb/cxx_abi_1/examples:/usr/local/Ascend/nnal/atb/latest/atb/cxx_abi_1/tests/atbopstest:/usr/local/Ascend/ascend-toolkit/latest/tools/aml/lib64:/usr/local/Ascend/ascend-toolkit/latest/tools/aml/lib64/plugin:/usr/local/Ascend/ascend-toolkit/latest/lib64:/usr/local/Ascend/ascend-toolkit/latest/lib64/plugin/opskernel:/usr/local/Ascend/ascend-toolkit/latest/lib64/plugin/nnengine:/usr/local/Ascend/ascend-toolkit/latest/opp/built-in/op_impl/ai_core/tbe/op_tiling:/usr/local/python3.11.15/lib:
[36m(AgentLoopWorkerTQ pid=34592)[0m [Rank 0 | Local Rank 0] 2026-07-29 17:26:51,059 INFO [torch_npu.env:15] => get env LD_LIBRARY_PATH = /usr/local/python3.11.15/lib/python3.11/site-packages/cv2/../../lib64:/usr/local/Ascend/nnal/atb/latest/atb/cxx_abi_1/lib:/usr/local/Ascend/nnal/atb/latest/atb/cxx_abi_1/examples:/usr/local/Ascend/nnal/atb/latest/atb/cxx_abi_1/tests/atbopstest:/usr/local/Ascend/cann-9.0.0/lib64:/usr/local/Ascend/cann-9.0.0/lib64/plugin/opskernel:/usr/local/Ascend/cann-9.0.0/lib64/plugin/nnengine:/usr/local/Ascend/cann-9.0.0/opp/built-in/op_impl/ai_core/tbe/op_tiling/lib/linux/aarch64:/usr/local/Ascend/driver/lib64:/usr/local/Ascend/driver/lib64/common:/usr/local/Ascend/driver/lib64/driver:/usr/local/Ascend/nnal/atb/latest/atb/cxx_abi_1/lib:/usr/local/Ascend/nnal/atb/latest/atb/cxx_abi_1/examples:/usr/local/Ascend/nnal/atb/latest/atb/cxx_abi_1/tests/atbopstest:/usr/local/Ascend/driver/lib64:/usr/local/Ascend/driver/lib64/common:/usr/local/Ascend/driver/lib64/driver:/usr/local/Ascend/driver/lib64:/usr/local/Ascend/driver/lib64/common:/usr/local/Ascend/driver/lib64/driver:/usr/local/Ascend/nnal/atb/latest/atb/cxx_abi_1/lib:/usr/local/Ascend/nnal/atb/latest/atb/cxx_abi_1/examples:/usr/local/Ascend/nnal/atb/latest/atb/cxx_abi_1/tests/atbopstest:/usr/local/Ascend/ascend-toolkit/latest/tools/aml/lib64:/usr/local/Ascend/ascend-toolkit/latest/tools/aml/lib64/plugin:/usr/local/Ascend/ascend-toolkit/latest/lib64:/usr/local/Ascend/ascend-toolkit/latest/lib64/plugin/opskernel:/usr/local/Ascend/ascend-toolkit/latest/lib64/plugin/nnengine:/usr/local/Ascend/ascend-toolkit/latest/opp/built-in/op_impl/ai_core/tbe/op_tiling:/usr/local/python3.11.15/lib:
[36m(AgentLoopWorkerTQ pid=34601)[0m Using dataset class: RLHFDataset
[36m(AgentLoopWorkerTQ pid=34601)[0m Warning: since the loaded file is not a zipfile, only "torch.device" and "str" type parameters are currently supported for parameter types of map_location. If parameter types of map_location is "Callable[[torch.Tensor, str], torch.Tensor]" or "Dict[str, str]", which is only support for zipfile, all tensors are currently loaded onto the CPU, which may introduce problems.
[36m(AgentLoopWorkerTQ pid=34601)[0m [Rank 0 | Local Rank 0] 2026-07-29 17:26:51,183 INFO [torch_npu.env:15] => get env LD_LIBRARY_PATH = /usr/local/python3.11.15/lib/python3.11/site-packages/cv2/../../lib64:/usr/local/Ascend/nnal/atb/latest/atb/cxx_abi_1/lib:/usr/local/Ascend/nnal/atb/latest/atb/cxx_abi_1/examples:/usr/local/Ascend/nnal/atb/latest/atb/cxx_abi_1/tests/atbopstest:/usr/local/Ascend/cann-9.0.0/lib64:/usr/local/Ascend/cann-9.0.0/lib64/plugin/opskernel:/usr/local/Ascend/cann-9.0.0/lib64/plugin/nnengine:/usr/local/Ascend/cann-9.0.0/opp/built-in/op_impl/ai_core/tbe/op_tiling/lib/linux/aarch64:/usr/local/Ascend/driver/lib64:/usr/local/Ascend/driver/lib64/common:/usr/local/Ascend/driver/lib64/driver:/usr/local/Ascend/nnal/atb/latest/atb/cxx_abi_1/lib:/usr/local/Ascend/nnal/atb/latest/atb/cxx_abi_1/examples:/usr/local/Ascend/nnal/atb/latest/atb/cxx_abi_1/tests/atbopstest:/usr/local/Ascend/driver/lib64:/usr/local/Ascend/driver/lib64/common:/usr/local/Ascend/driver/lib64/driver:/usr/local/Ascend/driver/lib64:/usr/local/Ascend/driver/lib64/common:/usr/local/Ascend/driver/lib64/driver:/usr/local/Ascend/nnal/atb/latest/atb/cxx_abi_1/lib:/usr/local/Ascend/nnal/atb/latest/atb/cxx_abi_1/examples:/usr/local/Ascend/nnal/atb/latest/atb/cxx_abi_1/tests/atbopstest:/usr/local/Ascend/ascend-toolkit/latest/tools/aml/lib64:/usr/local/Ascend/ascend-toolkit/latest/tools/aml/lib64/plugin:/usr/local/Ascend/ascend-toolkit/latest/lib64:/usr/local/Ascend/ascend-toolkit/latest/lib64/plugin/opskernel:/usr/local/Ascend/ascend-toolkit/latest/lib64/plugin/nnengine:/usr/local/Ascend/ascend-toolkit/latest/opp/built-in/op_impl/ai_core/tbe/op_tiling:/usr/local/python3.11.15/lib:[36m(AgentLoopWorkerTQ pid=34595)[0m Using blocking ray.get inside async actor. This blocks the event loop. Please use `await` on object ref with asyncio.gather if you want to yield execution to the event loop instead.
[36m(AgentLoopWorkerTQ pid=34596)[0m Using blocking ray.get inside async actor. This blocks the event loop. Please use `await` on object ref with asyncio.gather if you want to yield execution to the event loop instead.
[36m(AgentLoopWorkerTQ pid=34599)[0m Using blocking ray.get inside async actor. This blocks the event loop. Please use `await` on object ref with asyncio.gather if you want to yield execution to the event loop instead.
[36m(AgentLoopWorkerTQ pid=34593)[0m Using blocking ray.get inside async actor. This blocks the event loop. Please use `await` on object ref with asyncio.gather if you want to yield execution to the event loop instead.

[36m(AgentLoopWorkerTQ pid=34595)[0m Using dataset class: RLHFDataset
[36m(AgentLoopWorkerTQ pid=34595)[0m Warning: since the loaded file is not a zipfile, only "torch.device" and "str" type parameters are currently supported for parameter types of map_location. If parameter types of map_location is "Callable[[torch.Tensor, str], torch.Tensor]" or "Dict[str, str]", which is only support for zipfile, all tensors are currently loaded onto the CPU, which may introduce problems.
[36m(AgentLoopWorkerTQ pid=34594)[0m [Rank 0 | Local Rank 0] 2026-07-29 17:26:51,499 INFO [torch_npu.env:15] => get env VLLM_BATCH_INVARIANT = 0
[36m(AgentLoopWorkerTQ pid=34595)[0m [Rank 0 | Local Rank 0] 2026-07-29 17:26:51,596 INFO [torch_npu.env:15] => get env LD_LIBRARY_PATH = /usr/local/python3.11.15/lib/python3.11/site-packages/cv2/../../lib64:/usr/local/Ascend/nnal/atb/latest/atb/cxx_abi_1/lib:/usr/local/Ascend/nnal/atb/latest/atb/cxx_abi_1/examples:/usr/local/Ascend/nnal/atb/latest/atb/cxx_abi_1/tests/atbopstest:/usr/local/Ascend/cann-9.0.0/lib64:/usr/local/Ascend/cann-9.0.0/lib64/plugin/opskernel:/usr/local/Ascend/cann-9.0.0/lib64/plugin/nnengine:/usr/local/Ascend/cann-9.0.0/opp/built-in/op_impl/ai_core/tbe/op_tiling/lib/linux/aarch64:/usr/local/Ascend/driver/lib64:/usr/local/Ascend/driver/lib64/common:/usr/local/Ascend/driver/lib64/driver:/usr/local/Ascend/nnal/atb/latest/atb/cxx_abi_1/lib:/usr/local/Ascend/nnal/atb/latest/atb/cxx_abi_1/examples:/usr/local/Ascend/nnal/atb/latest/atb/cxx_abi_1/tests/atbopstest:/usr/local/Ascend/driver/lib64:/usr/local/Ascend/driver/lib64/common:/usr/local/Ascend/driver/lib64/driver:/usr/local/Ascend/driver/lib64:/usr/local/Ascend/driver/lib64/common:/usr/local/Ascend/driver/lib64/driver:/usr/local/Ascend/nnal/atb/latest/atb/cxx_abi_1/lib:/usr/local/Ascend/nnal/atb/latest/atb/cxx_abi_1/examples:/usr/local/Ascend/nnal/atb/latest/atb/cxx_abi_1/tests/atbopstest:/usr/local/Ascend/ascend-toolkit/latest/tools/aml/lib64:/usr/local/Ascend/ascend-toolkit/latest/tools/aml/lib64/plugin:/usr/local/Ascend/ascend-toolkit/latest/lib64:/usr/local/Ascend/ascend-toolkit/latest/lib64/plugin/opskernel:/usr/local/Ascend/ascend-toolkit/latest/lib64/plugin/nnengine:/usr/local/Ascend/ascend-toolkit/latest/opp/built-in/op_impl/ai_core/tbe/op_tiling:/usr/local/python3.11.15/lib:
[36m(AgentLoopWorkerTQ pid=34598)[0m [Rank 0 | Local Rank 0] 2026-07-29 17:26:51,642 INFO [torch_npu.env:15] => get env VLLM_BATCH_INVARIANT = 0
[36m(AgentLoopWorkerTQ pid=34592)[0m [Rank 0 | Local Rank 0] 2026-07-29 17:26:51,736 INFO [torch_npu.env:15] => get env VLLM_BATCH_INVARIANT = 0
[36m(AgentLoopWorkerTQ pid=34601)[0m [Rank 0 | Local Rank 0] 2026-07-29 17:26:51,730 INFO [torch_npu.env:15] => get env VLLM_BATCH_INVARIANT = 0
[36m(AgentLoopWorkerTQ pid=34596)[0m Using dataset class: RLHFDataset
[36m(AgentLoopWorkerTQ pid=34596)[0m Warning: since the loaded file is not a zipfile, only "torch.device" and "str" type parameters are currently supported for parameter types of map_location. If parameter types of map_location is "Callable[[torch.Tensor, str], torch.Tensor]" or "Dict[str, str]", which is only support for zipfile, all tensors are currently loaded onto the CPU, which may introduce problems.
[36m(AgentLoopWorkerTQ pid=34595)[0m [Rank 0 | Local Rank 0] 2026-07-29 17:26:52,241 INFO [torch_npu.env:15] => get env VLLM_BATCH_INVARIANT = 0
[36m(AgentLoopWorkerTQ pid=34596)[0m [Rank 0 | Local Rank 0] 2026-07-29 17:26:52,467 INFO [torch_npu.env:15] => get env LD_LIBRARY_PATH = /usr/local/python3.11.15/lib/python3.11/site-packages/cv2/../../lib64:/usr/local/Ascend/nnal/atb/latest/atb/cxx_abi_1/lib:/usr/local/Ascend/nnal/atb/latest/atb/cxx_abi_1/examples:/usr/local/Ascend/nnal/atb/latest/atb/cxx_abi_1/tests/atbopstest:/usr/local/Ascend/cann-9.0.0/lib64:/usr/local/Ascend/cann-9.0.0/lib64/plugin/opskernel:/usr/local/Ascend/cann-9.0.0/lib64/plugin/nnengine:/usr/local/Ascend/cann-9.0.0/opp/built-in/op_impl/ai_core/tbe/op_tiling/lib/linux/aarch64:/usr/local/Ascend/driver/lib64:/usr/local/Ascend/driver/lib64/common:/usr/local/Ascend/driver/lib64/driver:/usr/local/Ascend/nnal/atb/latest/atb/cxx_abi_1/lib:/usr/local/Ascend/nnal/atb/latest/atb/cxx_abi_1/examples:/usr/local/Ascend/nnal/atb/latest/atb/cxx_abi_1/tests/atbopstest:/usr/local/Ascend/driver/lib64:/usr/local/Ascend/driver/lib64/common:/usr/local/Ascend/driver/lib64/driver:/usr/local/Ascend/driver/lib64:/usr/local/Ascend/driver/lib64/common:/usr/local/Ascend/driver/lib64/driver:/usr/local/Ascend/nnal/atb/latest/atb/cxx_abi_1/lib:/usr/local/Ascend/nnal/atb/latest/atb/cxx_abi_1/examples:/usr/local/Ascend/nnal/atb/latest/atb/cxx_abi_1/tests/atbopstest:/usr/local/Ascend/ascend-toolkit/latest/tools/aml/lib64:/usr/local/Ascend/ascend-toolkit/latest/tools/aml/lib64/plugin:/usr/local/Ascend/ascend-toolkit/latest/lib64:/usr/local/Ascend/ascend-toolkit/latest/lib64/plugin/opskernel:/usr/local/Ascend/ascend-toolkit/latest/lib64/plugin/nnengine:/usr/local/Ascend/ascend-toolkit/latest/opp/built-in/op_impl/ai_core/tbe/op_tiling:/usr/local/python3.11.15/lib:
[36m(AgentLoopWorkerTQ pid=34599)[0m Using dataset class: RLHFDataset
[36m(AgentLoopWorkerTQ pid=34599)[0m Warning: since the loaded file is not a zipfile, only "torch.device" and "str" type parameters are currently supported for parameter types of map_location. If parameter types of map_location is "Callable[[torch.Tensor, str], torch.Tensor]" or "Dict[str, str]", which is only support for zipfile, all tensors are currently loaded onto the CPU, which may introduce problems.
[36m(AgentLoopWorkerTQ pid=34593)[0m Using dataset class: RLHFDataset
[36m(AgentLoopWorkerTQ pid=34599)[0m [Rank 0 | Local Rank 0] 2026-07-29 17:26:52,634 INFO [torch_npu.env:15] => get env LD_LIBRARY_PATH = /usr/local/python3.11.15/lib/python3.11/site-packages/cv2/../../lib64:/usr/local/Ascend/nnal/atb/latest/atb/cxx_abi_1/lib:/usr/local/Ascend/nnal/atb/latest/atb/cxx_abi_1/examples:/usr/local/Ascend/nnal/atb/latest/atb/cxx_abi_1/tests/atbopstest:/usr/local/Ascend/cann-9.0.0/lib64:/usr/local/Ascend/cann-9.0.0/lib64/plugin/opskernel:/usr/local/Ascend/cann-9.0.0/lib64/plugin/nnengine:/usr/local/Ascend/cann-9.0.0/opp/built-in/op_impl/ai_core/tbe/op_tiling/lib/linux/aarch64:/usr/local/Ascend/driver/lib64:/usr/local/Ascend/driver/lib64/common:/usr/local/Ascend/driver/lib64/driver:/usr/local/Ascend/nnal/atb/latest/atb/cxx_abi_1/lib:/usr/local/Ascend/nnal/atb/latest/atb/cxx_abi_1/examples:/usr/local/Ascend/nnal/atb/latest/atb/cxx_abi_1/tests/atbopstest:/usr/local/Ascend/driver/lib64:/usr/local/Ascend/driver/lib64/common:/usr/local/Ascend/driver/lib64/driver:/usr/local/Ascend/driver/lib64:/usr/local/Ascend/driver/lib64/common:/usr/local/Ascend/driver/lib64/driver:/usr/local/Ascend/nnal/atb/latest/atb/cxx_abi_1/lib:/usr/local/Ascend/nnal/atb/latest/atb/cxx_abi_1/examples:/usr/local/Ascend/nnal/atb/latest/atb/cxx_abi_1/tests/atbopstest:/usr/local/Ascend/ascend-toolkit/latest/tools/aml/lib64:/usr/local/Ascend/ascend-toolkit/latest/tools/aml/lib64/plugin:/usr/local/Ascend/ascend-toolkit/latest/lib64:/usr/local/Ascend/ascend-toolkit/latest/lib64/plugin/opskernel:/usr/local/Ascend/ascend-toolkit/latest/lib64/plugin/nnengine:/usr/local/Ascend/ascend-toolkit/latest/opp/built-in/op_impl/ai_core/tbe/op_tiling:/usr/local/python3.11.15/lib:
[36m(AgentLoopWorkerTQ pid=34593)[0m Warning: since the loaded file is not a zipfile, only "torch.device" and "str" type parameters are currently supported for parameter types of map_location. If parameter types of map_location is "Callable[[torch.Tensor, str], torch.Tensor]" or "Dict[str, str]", which is only support for zipfile, all tensors are currently loaded onto the CPU, which may introduce problems.
[36m(AgentLoopWorkerTQ pid=34593)[0m [Rank 0 | Local Rank 0] 2026-07-29 17:26:52,869 INFO [torch_npu.env:15] => get env LD_LIBRARY_PATH = /usr/local/python3.11.15/lib/python3.11/site-packages/cv2/../../lib64:/usr/local/Ascend/nnal/atb/latest/atb/cxx_abi_1/lib:/usr/local/Ascend/nnal/atb/latest/atb/cxx_abi_1/examples:/usr/local/Ascend/nnal/atb/latest/atb/cxx_abi_1/tests/atbopstest:/usr/local/Ascend/cann-9.0.0/lib64:/usr/local/Ascend/cann-9.0.0/lib64/plugin/opskernel:/usr/local/Ascend/cann-9.0.0/lib64/plugin/nnengine:/usr/local/Ascend/cann-9.0.0/opp/built-in/op_impl/ai_core/tbe/op_tiling/lib/linux/aarch64:/usr/local/Ascend/driver/lib64:/usr/local/Ascend/driver/lib64/common:/usr/local/Ascend/driver/lib64/driver:/usr/local/Ascend/nnal/atb/latest/atb/cxx_abi_1/lib:/usr/local/Ascend/nnal/atb/latest/atb/cxx_abi_1/examples:/usr/local/Ascend/nnal/atb/latest/atb/cxx_abi_1/tests/atbopstest:/usr/local/Ascend/driver/lib64:/usr/local/Ascend/driver/lib64/common:/usr/local/Ascend/driver/lib64/driver:/usr/local/Ascend/driver/lib64:/usr/local/Ascend/driver/lib64/common:/usr/local/Ascend/driver/lib64/driver:/usr/local/Ascend/nnal/atb/latest/atb/cxx_abi_1/lib:/usr/local/Ascend/nnal/atb/latest/atb/cxx_abi_1/examples:/usr/local/Ascend/nnal/atb/latest/atb/cxx_abi_1/tests/atbopstest:/usr/local/Ascend/ascend-toolkit/latest/tools/aml/lib64:/usr/local/Ascend/ascend-toolkit/latest/tools/aml/lib64/plugin:/usr/local/Ascend/ascend-toolkit/latest/lib64:/usr/local/Ascend/ascend-toolkit/latest/lib64/plugin/opskernel:/usr/local/Ascend/ascend-toolkit/latest/lib64/plugin/nnengine:/usr/local/Ascend/ascend-toolkit/latest/opp/built-in/op_impl/ai_core/tbe/op_tiling:/usr/local/python3.11.15/lib:[36m(RewardLoopWorker pid=17745)[0m WARNING:2026-07-29 17:27:19,782:Platform 'huawei' (PlatformNPU) is registered but not available. This may be due to this ray actor being a CPU-only actor.
[36m(RewardLoopWorker pid=17718)[0m WARNING:2026-07-29 17:27:20,359:Platform 'huawei' (PlatformNPU) is registered but not available. This may be due to this ray actor being a CPU-only actor.
[36m(RewardLoopWorker pid=17709)[0m WARNING:2026-07-29 17:27:30,675:Platform 'huawei' (PlatformNPU) is registered but not available. This may be due to this ray actor being a CPU-only actor.
[36m(RewardLoopWorker pid=17707)[0m WARNING:2026-07-29 17:27:42,052:Platform 'huawei' (PlatformNPU) is registered but not available. This may be due to this ray actor being a CPU-only actor.
[36m(TaskRunnerV1 pid=13158)[0m INFO:2026-07-29 17:27:44,870:Switching hybrid engine to trainer mode for training
[36m(WorkerDict pid=15986)[0m Using blocking ray.get inside async actor. This blocks the event loop. Please use `await` on object ref with asyncio.gather if you want to yield execution to the event loop instead.
[36m(WorkerDict pid=15986)[0m [rank0]:[W729 17:27:49.820663309 VariableFallbackKernel.cpp:250] Warning: CAUTION: The operator 'aten::_jagged_to_padded_dense_forward' is not currently supported on the NPU backend and will fall back to run on the CPU. This may have performance implications. (function npu_cpu_fallback)
[36m(WorkerDict pid=15986)[0m [rank0]:W0729 17:27:51.084000 15986 site-packages/torch/fx/_symbolic_trace.py:52] is_fx_tracing will return true for both fx.symbolic_trace and torch.export. Please use is_fx_tracing_symbolic_tracing() for specifically fx.symbolic_trace or torch.compiler.is_compiling() for specifically torch.export/compile.
[36m(TaskRunnerV1 pid=13158)[0m INFO:2026-07-29 17:28:21,647:Saving checkpoint to /mnt/lv_model/npu60005420a/qy_owner_smoke_20260729/qy_owner_verl_smoke1_v4_npu23/checkpoints/global_step_1
[36m(vLLMHttpServer pid=24704)[0m (Worker pid=25825) INFO:2026-07-29 17:29:44,783:Loading standard weights (non-FP8, async), loaded_params: 18, loaded_buffers: 0
[36m(vLLMHttpServer pid=24704)[0m (Worker pid=25825) INFO:2026-07-29 17:29:48,712:Loading standard weights (non-FP8, async), loaded_params: 56, loaded_buffers: 0
[36m(vLLMHttpServer pid=24704)[0m (Worker pid=25825) INFO:2026-07-29 17:29:50,790:Loading standard weights (non-FP8, async), loaded_params: 56, loaded_buffers: 0
[36m(vLLMHttpServer pid=24704)[0m (Worker pid=25825) INFO:2026-07-29 17:29:52,729:Loading standard weights (non-FP8, async), loaded_params: 58, loaded_buffers: 0
[36m(vLLMHttpServer pid=24704)[0m (Worker pid=25825) INFO:2026-07-29 17:29:54,624:Loading standard weights (non-FP8, async), loaded_params: 61, loaded_buffers: 0
[36m(vLLMHttpServer pid=24704)[0m (Worker pid=25825) INFO:2026-07-29 17:29:56,536:Loading standard weights (non-FP8, async), loaded_params: 56, loaded_buffers: 0
[36m(vLLMHttpServer pid=24704)[0m (Worker pid=25825) INFO:2026-07-29 17:29:58,797:Loading standard weights (non-FP8, async), loaded_params: 56, loaded_buffers: 0
[36m(vLLMHttpServer pid=24704)[0m (Worker pid=25825) INFO:2026-07-29 17:30:00,010:Loading standard weights (non-FP8, async), loaded_params: 37, loaded_buffers: 0
[36m(vLLMHttpServer pid=24704)[0m (Worker pid=25825) INFO:2026-07-29 17:30:01,050:Loading standard weights (non-FP8, async), loaded_params: 1, loaded_buffers: 0
[36m(TaskRunnerV1 pid=13158)[0m Training Progress: 100%|██████████| 1/1 [03:46<00:00, 226.90s/it]Training Progress: 100%|██████████| 1/1 [03:46<00:00, 226.91s/it]

[36m(AgentLoopWorkerTQ pid=34596)[0m [Rank 0 | Local Rank 0] 2026-07-29 17:26:53,242 INFO [torch_npu.env:15] => get env VLLM_BATCH_INVARIANT = 0
[36m(AgentLoopWorkerTQ pid=34599)[0m [Rank 0 | Local Rank 0] 2026-07-29 17:26:53,327 INFO [torch_npu.env:15] => get env VLLM_BATCH_INVARIANT = 0
[36m(AgentLoopWorkerTQ pid=34593)[0m [Rank 0 | Local Rank 0] 2026-07-29 17:26:53,524 INFO [torch_npu.env:15] => get env VLLM_BATCH_INVARIANT = 0
[36m(AgentLoopWorkerTQ pid=34594)[0m [Rank 0 | Local Rank 0] 2026-07-29 17:26:54,103 INFO [torch_npu.env:15] => get env ASCEND_CUSTOM_OPP_PATH = /vllm-ascend/vllm_ascend/_cann_ops_custom/vendors/vllm-ascend
[36m(AgentLoopWorkerTQ pid=34601)[0m [Rank 0 | Local Rank 0] 2026-07-29 17:26:54,508 INFO [torch_npu.env:15] => get env ASCEND_CUSTOM_OPP_PATH = /vllm-ascend/vllm_ascend/_cann_ops_custom/vendors/vllm-ascend
[36m(AgentLoopWorkerTQ pid=34592)[0m [Rank 0 | Local Rank 0] 2026-07-29 17:26:54,838 INFO [torch_npu.env:15] => get env ASCEND_CUSTOM_OPP_PATH = /vllm-ascend/vllm_ascend/_cann_ops_custom/vendors/vllm-ascend
[36m(AgentLoopWorkerTQ pid=34598)[0m [Rank 0 | Local Rank 0] 2026-07-29 17:26:54,853 INFO [torch_npu.env:15] => get env ASCEND_CUSTOM_OPP_PATH = /vllm-ascend/vllm_ascend/_cann_ops_custom/vendors/vllm-ascend
[36m(vLLMHttpServer pid=18143)[0m WARNING 07-29 17:26:55 [input_processor.py:141] vLLM has deprecated support for supporting different tokenizers for different LoRAs. By default, vLLM uses base model's tokenizer. If you are using a LoRA with its own tokenizer, consider specifying `--tokenizer [lora_path]` to use the LoRA tokenizer.
[36m(vLLMHttpServer pid=18143)[0m WARNING 07-29 17:26:55 [input_processor.py:227] Passing raw prompts to InputProcessor is deprecated and will be removed in v0.18. You should instead pass the outputs of Renderer.render_cmpl() or Renderer.render_chat().
[36m(vLLMHttpServer pid=24704)[0m WARNING 07-29 17:26:55 [input_processor.py:227] Passing raw prompts to InputProcessor is deprecated and will be removed in v0.18. You should instead pass the outputs of Renderer.render_cmpl() or Renderer.render_chat().
[36m(AgentLoopWorkerTQ pid=34595)[0m [Rank 0 | Local Rank 0] 2026-07-29 17:26:55,745 INFO [torch_npu.env:15] => get env ASCEND_CUSTOM_OPP_PATH = /vllm-ascend/vllm_ascend/_cann_ops_custom/vendors/vllm-ascend
[36m(AgentLoopWorkerTQ pid=34596)[0m [Rank 0 | Local Rank 0] 2026-07-29 17:26:56,620 INFO [torch_npu.env:15] => get env ASCEND_CUSTOM_OPP_PATH = /vllm-ascend/vllm_ascend/_cann_ops_custom/vendors/vllm-ascend
[36m(AgentLoopWorkerTQ pid=34599)[0m [Rank 0 | Local Rank 0] 2026-07-29 17:26:56,736 INFO [torch_npu.env:15] => get env ASCEND_CUSTOM_OPP_PATH = /vllm-ascend/vllm_ascend/_cann_ops_custom/vendors/vllm-ascend
[36m(AgentLoopWorkerTQ pid=34593)[0m [Rank 0 | Local Rank 0] 2026-07-29 17:26:56,811 INFO [torch_npu.env:15] => get env ASCEND_CUSTOM_OPP_PATH = /vllm-ascend/vllm_ascend/_cann_ops_custom/vendors/vllm-ascend
[36m(vLLMHttpServer pid=24704)[0m (EngineCore pid=25395) WARNING 07-29 17:30:02 [scheduler.py:1883] reset_connector called but no KV connector is configured.
[36m(TaskRunnerV1 pid=13158)[0m Dumped generations to /mnt/lv_model/npu60005420a/qy_owner_smoke_20260729/qy_owner_verl_smoke1_v4_npu23/rollouts/1.jsonl
[36m(TaskRunnerV1 pid=13158)[0m step:1 - global_seqlen/min:69187.0 - global_seqlen/max:69187.0 - global_seqlen/minmax_diff:0.0 - global_seqlen/balanced_min:69187.0 - global_seqlen/balanced_max:69187.0 - global_seqlen/mean:69187.0 - actor/pg_clipfrac:0.1827854333541301 - actor/ppo_kl:1.141186221557505 - actor/pg_clipfrac_lower:0.007297053138780243 - actor/pg_loss:0.03501793765462935 - actor/loss:0.035017937421798706 - actor/grad_norm:0.056305378675460815 - actor/lr:1.7e-05 - actor/perf/max_memory_allocated_gb:21.357622146606445 - actor/perf/max_memory_reserved_gb:23.3125 - actor/perf/cpu_memory_used_gb:107.00627136230469 - perf/mfu/actor:0.1620820836385906 - training/global_step:1 - training/epoch:0 - critic/score/mean:0.171875 - critic/score/max:1.0 - critic/score/min:0.0 - critic/rewards/mean:0.171875 - critic/rewards/max:1.0 - critic/rewards/min:0.0 - critic/advantages/mean:-0.039275407791137695 - critic/advantages/max:1.4999970197677612 - critic/advantages/min:-0.8660238981246948 - critic/returns/mean:-0.039275407791137695 - critic/returns/max:1.4999970197677612 - critic/returns/min:-0.8660238981246948 - response_length/mean:983.546875 - response_length/max:1024.0 - response_length/min:490.0 - response_length/clip_ratio:0.875 - response_length_non_aborted/mean:983.546875 - response_length_non_aborted/max:1024.0 - response_length_non_aborted/min:490.0 - response_length_non_aborted/clip_ratio:0.875 - response/aborted_ratio:0.0 - prompt_length/mean:97.5 - prompt_length/max:145.0 - prompt_length/min:61.0 - prompt_length/clip_ratio:0.0625 - timing_s/gen:55.139276501722634 - timing_s/old_log_prob:0.13202635198831558 - timing_s/adv:0.17607972584664822 - timing_s/update_actor:33.42360076773912 - timing_s/save_checkpoint:36.92555484827608 - timing_s/update_weights:64.42003200761974 - timing_s/step:226.64536527730525 - timing_per_token_ms/adv:0.0025449828124741386 - timing_per_token_ms/update_actor:0.4830907651399702 - timing_per_token_ms/gen:0.8759635328406855 - perf/total_num_tokens:69187 - perf/time_per_step:226.64536527730525 - perf/throughput:152.63272627558098 - training/num_turns/mean:2.0 - training/num_turns/max:2 - training/num_turns/min:2 - training/off_policy/trajectory_spans/mean:1.0 - training/off_policy/trajectory_spans/max:1 - training/off_policy/trajectory_spans/min:1 - training/off_policy/trajectory_staleness/mean:0.0 - training/off_policy/trajectory_staleness/max:0 - training/off_policy/trajectory_staleness/min:0 - training/off_policy/trajectory_staleness_worst/mean:0.0 - training/off_policy/trajectory_staleness_worst/max:0 - training/off_policy/trajectory_staleness_worst/min:0
[36m(TaskRunnerV1 pid=13158)[0m 'Final validation metrics: None'
[36m(TaskRunnerV1 pid=13158)[0m 
[36m(TaskRunnerV1 pid=13158)[0m Traceback (most recent call last):
[36m(TaskRunnerV1 pid=13158)[0m   File "/usr/local/python3.11.15/lib/python3.11/site-packages/ray/_private/workers/default_worker.py", line 323, in <module>
[36m(TaskRunnerV1 pid=13158)[0m     worker.main_loop()
[36m(TaskRunnerV1 pid=13158)[0m   File "/usr/local/python3.11.15/lib/python3.11/site-packages/ray/_private/worker.py", line 1039, in main_loop
[36m(TaskRunnerV1 pid=13158)[0m     self.core_worker.run_task_loop()
[36m(TaskRunnerV1 pid=13158)[0m   File "/usr/local/python3.11.15/lib/python3.11/site-packages/torch/utils/data/_utils/signal_handling.py", line 73, in handler
[36m(TaskRunnerV1 pid=13158)[0m     _error_if_any_worker_fails()
[36m(TaskRunnerV1 pid=13158)[0m RuntimeError: DataLoader worker (pid 34604) is killed by signal: Killed. 
[36m(vLLMHttpServer pid=18143)[0m (Worker pid=19343) /usr/local/python3.11.15/lib/python3.11/multiprocessing/resource_tracker.py:123: UserWarning: resource_tracker: process died unexpectedly, relaunching.  Some resources might leak.
[36m(vLLMHttpServer pid=18143)[0m (Worker pid=19343)   warnings.warn('resource_tracker: process died unexpectedly, '
[36m(vLLMHttpServer pid=18143)[0m Traceback (most recent call last):
[36m(vLLMHttpServer pid=18143)[0m   File "/usr/local/python3.11.15/lib/python3.11/multiprocessing/resource_tracker.py", line 239, in main
[36m(vLLMHttpServer pid=18143)[0m     cache[rtype].remove(name)
[36m(vLLMHttpServer pid=18143)[0m KeyError: '/psm_eb416642'
[36m(TaskRunnerV1 pid=13158)[0m [ERROR] 2026-07-29-17:30:03 (PID:13158, Device:-1, RankID:-1) ERR99999 UNKNOWN applicaiton exception
