step,line,chars,budget_hit_chars_ge3500,answer_anywhere,answer_last500,garbled,saved_reward,recomputed_reward
1,1,3472,0,0,0,0,0.0,0.0
1,2,5240,1,0,0,1,0.0,0.0
1,3,2992,0,0,0,0,0.0,0.0
1,4,5247,1,0,0,1,0.0,0.0
1,5,3292,0,0,0,0,0.0,0.0
1,6,5036,1,0,0,1,0.0,0.0
1,7,4022,1,0,0,0,0.0,0.0
1,8,5029,1,0,0,1,0.0,0.0
1,9,4157,1,0,0,0,0.0,0.0
1,10,5258,1,0,0,1,0.0,0.0
1,11,4377,1,0,0,0,0.0,0.0
1,12,5152,1,0,0,1,0.0,0.0
1,13,1800,0,1,1,0,1.0,1.0
1,14,5227,1,0,0,1,0.0,0.0
1,15,3728,1,0,0,0,0.0,0.0
1,16,5375,1,1,0,1,0.0,0.0
1,17,1129,0,1,1,0,1.0,1.0
1,18,5154,1,1,0,1,0.0,0.0
1,19,1575,0,1,1,0,1.0,1.0
1,20,5213,1,0,0,1,0.0,0.0
1,21,3031,0,0,0,0,0.0,0.0
1,22,5247,1,1,0,1,0.0,0.0
1,23,3202,0,0,0,0,0.0,0.0
1,24,5326,1,0,0,1,0.0,0.0
1,25,1998,0,1,1,0,1.0,1.0
1,26,5038,1,0,0,1,0.0,0.0
1,27,1911,0,1,1,0,1.0,1.0
1,28,5026,1,0,0,1,0.0,0.0
1,29,3595,1,0,0,0,0.0,0.0
1,30,5369,1,0,0,1,0.0,0.0
1,31,3340,0,0,0,0,0.0,0.0
1,32,5291,1,0,0,1,0.0,0.0
1,33,3162,0,0,0,0,0.0,0.0
1,34,5088,1,0,0,1,0.0,0.0
1,35,3039,0,0,0,0,0.0,0.0
1,36,5322,1,0,0,1,0.0,0.0
1,37,3239,0,1,0,0,0.0,0.0
1,38,5275,1,0,0,1,0.0,0.0
1,39,3029,0,1,1,0,1.0,1.0
1,40,5219,1,0,0,1,0.0,0.0
1,41,2094,0,1,1,0,1.0,1.0
1,42,5191,1,1,0,1,0.0,0.0
1,43,1934,0,1,1,0,1.0,1.0
1,44,5297,1,1,0,1,0.0,0.0
1,45,2588,0,0,0,0,0.0,0.0
1,46,5253,1,0,0,1,0.0,0.0
1,47,2775,0,0,0,0,0.0,0.0
1,48,5276,1,0,0,1,0.0,0.0
1,49,3503,1,1,0,0,0.0,0.0
1,50,5133,1,0,0,1,0.0,0.0
1,51,3473,0,1,0,0,0.0,0.0
1,52,5048,1,0,0,1,0.0,0.0
1,53,3247,0,1,1,0,1.0,1.0
1,54,5189,1,0,0,1,0.0,0.0
1,55,3180,0,1,0,0,0.0,0.0
1,56,5200,1,0,0,1,0.0,0.0
1,57,3868,1,0,0,0,0.0,0.0
1,58,5181,1,0,0,1,0.0,0.0
1,59,3921,1,0,0,0,0.0,0.0
1,60,5014,1,0,0,1,0.0,0.0
1,61,3259,0,0,0,0,0.0,0.0
1,62,5132,1,0,0,1,0.0,0.0
1,63,3375,0,1,1,0,1.0,1.0
1,64,5317,1,0,0,1,0.0,0.0
2,1,4036,1,0,0,0,0.0,0.0
2,2,3869,1,0,0,0,0.0,0.0
2,3,4208,1,0,0,0,0.0,0.0
2,4,4182,1,0,0,0,0.0,0.0
2,5,3026,0,0,0,0,0.0,0.0
2,6,3392,0,0,0,0,0.0,0.0
2,7,3316,0,1,0,0,0.0,0.0
2,8,3393,0,0,0,0,0.0,0.0
2,9,3162,0,0,0,0,0.0,0.0
2,10,3373,0,0,0,0,0.0,0.0
2,11,3187,0,0,0,0,0.0,0.0
2,12,2992,0,0,0,0,0.0,0.0
2,13,3220,0,1,0,0,0.0,0.0
2,14,3362,0,0,0,0,0.0,0.0
2,15,2892,0,1,1,0,1.0,1.0
2,16,2697,0,0,0,0,0.0,0.0
2,17,3399,0,0,0,0,0.0,0.0
2,18,3099,0,0,0,0,0.0,0.0
2,19,3246,0,1,0,0,0.0,0.0
2,20,3440,0,1,1,0,1.0,1.0
2,21,2746,0,1,1,0,1.0,1.0
2,22,2960,0,1,1,0,1.0,1.0
2,23,2561,0,1,1,0,1.0,1.0
2,24,2580,0,1,1,0,1.0,1.0
2,25,3685,1,1,0,0,0.0,0.0
2,26,3428,0,1,1,0,1.0,1.0
2,27,3753,1,1,1,0,0.0,0.0
2,28,3661,1,0,0,0,0.0,0.0
2,29,3041,0,0,0,0,0.0,0.0
2,30,3169,0,0,0,0,0.0,0.0
2,31,3005,0,0,0,0,0.0,0.0
2,32,3195,0,0,0,0,0.0,0.0
2,33,2867,0,1,0,0,0.0,0.0
2,34,2916,0,0,0,0,0.0,0.0
2,35,2844,0,0,0,0,0.0,0.0
2,36,2747,0,0,0,0,0.0,0.0
2,37,4210,1,1,1,0,1.0,1.0
2,38,4019,1,0,0,0,0.0,0.0
2,39,3860,1,0,0,0,0.0,0.0
2,40,3803,1,0,0,0,0.0,0.0
2,41,3849,1,0,0,0,0.0,0.0
2,42,3524,1,1,1,0,1.0,1.0
2,43,3671,1,0,0,0,0.0,0.0
2,44,3865,1,1,0,0,0.0,0.0
2,45,3019,0,1,1,0,1.0,1.0
2,46,2998,0,1,1,0,1.0,1.0
2,47,3366,0,1,1,0,1.0,1.0
2,48,2960,0,1,1,0,1.0,1.0
2,49,4197,1,0,0,0,0.0,0.0
2,50,4215,1,0,0,0,0.0,0.0
2,51,4045,1,0,0,0,0.0,0.0
2,52,3994,1,0,0,0,0.0,0.0
2,53,3237,0,0,0,0,0.0,0.0
2,54,2987,0,0,0,0,0.0,0.0
2,55,3172,0,1,1,0,1.0,1.0
2,56,2485,0,1,1,0,1.0,1.0
2,57,4115,1,0,0,0,0.0,0.0
2,58,3731,1,1,0,0,0.0,0.0
2,59,4006,1,1,1,0,1.0,1.0
2,60,3562,1,0,0,0,0.0,0.0
2,61,2411,0,1,1,0,1.0,1.0
2,62,3058,0,1,0,0,0.0,0.0
2,63,2912,0,1,1,0,1.0,1.0
2,64,2711,0,1,1,0,1.0,1.0
3,1,3532,1,0,0,0,0.0,0.0
3,2,3632,1,0,0,0,0.0,0.0
3,3,3580,1,0,0,0,0.0,0.0
3,4,3325,0,0,0,0,0.0,0.0
3,5,3016,0,0,0,0,0.0,0.0
3,6,2907,0,1,1,0,1.0,1.0
3,7,3131,0,0,0,0,0.0,0.0
3,8,3147,0,0,0,0,0.0,0.0
3,9,2728,0,1,1,0,1.0,1.0
3,10,3125,0,1,1,0,1.0,1.0
3,11,3257,0,1,1,0,1.0,1.0
3,12,2820,0,1,1,0,1.0,1.0
3,13,3328,0,0,0,0,0.0,0.0
3,14,3700,1,0,0,0,0.0,0.0
3,15,3572,1,1,1,0,1.0,1.0
3,16,3658,1,0,0,0,0.0,0.0
3,17,2978,0,1,1,0,1.0,1.0
3,18,3272,0,1,1,0,1.0,1.0
3,19,3017,0,1,0,0,0.0,0.0
3,20,3224,0,1,1,0,1.0,1.0
3,21,2678,0,1,1,0,1.0,1.0
3,22,2723,0,1,0,0,0.0,0.0
3,23,2508,0,1,1,0,1.0,1.0
3,24,2522,0,1,1,0,1.0,1.0
3,25,2850,0,0,0,0,0.0,0.0
3,26,2907,0,0,0,0,0.0,0.0
3,27,2642,0,0,0,0,0.0,0.0
3,28,2596,0,0,0,0,0.0,0.0
3,29,3900,1,1,1,0,1.0,1.0
3,30,4088,1,0,0,0,0.0,0.0
3,31,4116,1,0,0,0,0.0,0.0
3,32,4000,1,0,0,0,0.0,0.0
3,33,2705,0,1,1,0,1.0,1.0
3,34,3158,0,0,0,0,0.0,0.0
3,35,2505,0,1,1,0,1.0,1.0
3,36,2037,0,1,1,0,1.0,1.0
3,37,3346,0,1,1,0,1.0,1.0
3,38,1794,0,1,1,0,1.0,1.0
3,39,2571,0,1,1,0,1.0,1.0
3,40,3360,0,1,1,0,1.0,1.0
3,41,4063,1,0,0,0,0.0,0.0
3,42,4143,1,0,0,0,0.0,0.0
3,43,4003,1,0,0,0,0.0,0.0
3,44,4204,1,0,0,0,0.0,0.0
3,45,2558,0,0,0,0,0.0,0.0
3,46,2556,0,0,0,0,0.0,0.0
3,47,2476,0,0,0,0,0.0,0.0
3,48,2600,0,0,0,0,0.0,0.0
3,49,4280,1,0,0,0,0.0,0.0
3,50,4153,1,0,0,0,0.0,0.0
3,51,4091,1,0,0,0,0.0,0.0
3,52,4192,1,0,0,0,0.0,0.0
3,53,3738,1,0,0,0,0.0,0.0
3,54,3530,1,0,0,0,0.0,0.0
3,55,3516,1,0,0,0,0.0,0.0
3,56,3444,0,0,0,0,0.0,0.0
3,57,3296,0,1,0,0,0.0,0.0
3,58,3497,0,1,1,0,1.0,1.0
3,59,3425,0,0,0,0,0.0,0.0
3,60,3371,0,1,0,0,0.0,0.0
3,61,3066,0,1,0,0,0.0,0.0
3,62,2323,0,0,0,0,0.0,0.0
3,63,2499,0,1,1,0,1.0,1.0
3,64,2475,0,0,0,0,0.0,0.0
4,1,3548,1,1,1,0,0.0,0.0
4,2,3727,1,0,0,0,0.0,0.0
4,3,3490,0,1,1,0,1.0,1.0
4,4,3490,0,0,0,0,0.0,0.0
4,5,2730,0,1,1,0,1.0,1.0
4,6,3578,1,1,0,0,0.0,0.0
4,7,4226,1,0,0,0,0.0,0.0
4,8,3416,0,1,1,0,1.0,1.0
4,9,2700,0,1,1,0,1.0,1.0
4,10,2248,0,1,1,0,1.0,1.0
4,11,3432,0,1,1,0,1.0,1.0
4,12,2709,0,1,1,0,1.0,1.0
4,13,3278,0,0,0,0,0.0,0.0
4,14,3152,0,1,0,0,0.0,0.0
4,15,3226,0,1,0,0,0.0,0.0
4,16,3143,0,1,1,0,1.0,1.0
4,17,3431,0,1,0,0,0.0,0.0
4,18,3580,1,1,1,0,1.0,1.0
4,19,3815,1,0,0,0,0.0,0.0
4,20,3562,1,1,1,0,0.0,0.0
4,21,3304,0,1,1,0,1.0,1.0
4,22,3607,1,1,0,0,0.0,0.0
4,23,3040,0,1,1,0,1.0,1.0
4,24,2988,0,1,1,0,1.0,1.0
4,25,3554,1,0,0,0,0.0,0.0
4,26,3487,0,0,0,0,0.0,0.0
4,27,3740,1,0,0,0,0.0,0.0
4,28,3793,1,0,0,0,0.0,0.0
4,29,3469,0,0,0,0,0.0,0.0
4,30,3457,0,0,0,0,0.0,0.0
4,31,3841,1,0,0,0,0.0,0.0
4,32,3570,1,0,0,0,0.0,0.0
4,33,3432,0,1,1,0,1.0,1.0
4,34,2197,0,1,1,0,1.0,1.0
4,35,3512,1,0,0,0,0.0,0.0
4,36,2968,0,1,1,0,1.0,1.0
4,37,3553,1,1,0,0,0.0,0.0
4,38,3203,0,1,1,0,1.0,1.0
4,39,3161,0,1,0,0,0.0,0.0
4,40,3224,0,0,0,0,0.0,0.0
4,41,3403,0,1,0,0,0.0,0.0
4,42,2635,0,1,1,0,1.0,1.0
4,43,3405,0,1,0,0,0.0,0.0
4,44,3317,0,1,1,0,1.0,1.0
4,45,2958,0,1,1,0,1.0,1.0
4,46,3241,0,0,0,0,0.0,0.0
4,47,3434,0,1,1,0,1.0,1.0
4,48,3226,0,1,1,0,1.0,1.0
4,49,3763,1,0,0,0,0.0,0.0
4,50,3559,1,0,0,0,0.0,0.0
4,51,3582,1,0,0,0,0.0,0.0
4,52,3621,1,0,0,0,0.0,0.0
4,53,3589,1,0,0,0,0.0,0.0
4,54,3523,1,1,1,0,1.0,1.0
4,55,2966,0,1,1,0,1.0,1.0
4,56,3033,0,1,1,0,1.0,1.0
4,57,4134,1,0,0,0,0.0,0.0
4,58,4086,1,0,0,0,0.0,0.0
4,59,4205,1,0,0,0,0.0,0.0
4,60,4314,1,0,0,0,0.0,0.0
4,61,3629,1,0,0,0,0.0,0.0
4,62,3577,1,0,0,0,0.0,0.0
4,63,3664,1,0,0,0,0.0,0.0
4,64,3597,1,0,0,0,0.0,0.0
5,1,3572,1,0,0,0,0.0,0.0
5,2,3666,1,0,0,0,0.0,0.0
5,3,3612,1,1,0,0,0.0,0.0
5,4,3639,1,1,0,0,0.0,0.0
5,5,2552,0,1,1,0,1.0,1.0
5,6,3488,0,1,1,0,1.0,1.0
5,7,3235,0,1,1,0,1.0,1.0
5,8,2335,0,1,1,0,1.0,1.0
5,9,3020,0,0,0,0,0.0,0.0
5,10,3090,0,0,0,0,0.0,0.0
5,11,2993,0,0,0,0,0.0,0.0
5,12,2791,0,0,0,0,0.0,0.0
5,13,3226,0,0,0,0,0.0,0.0
5,14,2930,0,0,0,0,0.0,0.0
5,15,2826,0,1,1,0,1.0,1.0
5,16,2718,0,1,1,0,1.0,1.0
5,17,2919,0,1,0,0,0.0,0.0
5,18,2937,0,1,1,0,1.0,1.0
5,19,3006,0,1,1,0,1.0,1.0
5,20,3066,0,1,0,0,0.0,0.0
5,21,3724,1,0,0,0,0.0,0.0
5,22,3102,0,1,1,0,1.0,1.0
5,23,2767,0,1,1,0,1.0,1.0
5,24,3813,1,0,0,0,0.0,0.0
5,25,1773,0,1,1,0,1.0,1.0
5,26,1960,0,1,1,0,1.0,1.0
5,27,1701,0,1,1,0,1.0,1.0
5,28,1501,0,1,1,0,1.0,1.0
5,29,3494,0,0,0,0,0.0,0.0
5,30,3264,0,0,0,0,0.0,0.0
5,31,3648,1,0,0,0,0.0,0.0
5,32,3538,1,0,0,0,0.0,0.0
5,33,2609,0,0,0,0,0.0,0.0
5,34,2286,0,0,0,0,0.0,0.0
5,35,2644,0,1,0,0,0.0,0.0
5,36,2612,0,0,0,0,0.0,0.0
5,37,3773,1,0,0,0,0.0,0.0
5,38,3863,1,0,0,0,0.0,0.0
5,39,3783,1,0,0,0,0.0,0.0
5,40,3873,1,0,0,0,0.0,0.0
5,41,1740,0,1,1,0,1.0,1.0
5,42,2779,0,1,1,0,1.0,1.0
5,43,1231,0,1,1,0,1.0,1.0
5,44,2015,0,1,1,0,1.0,1.0
5,45,3580,1,1,1,0,1.0,1.0
5,46,2780,0,1,1,0,1.0,1.0
5,47,3158,0,1,1,0,1.0,1.0
5,48,2658,0,1,1,0,1.0,1.0
5,49,1915,0,1,1,0,1.0,1.0
5,50,2693,0,1,1,0,1.0,1.0
5,51,1961,0,1,1,0,1.0,1.0
5,52,2126,0,1,1,0,1.0,1.0
5,53,2271,0,1,1,0,1.0,1.0
5,54,1577,0,1,1,0,1.0,1.0
5,55,1796,0,1,1,0,1.0,1.0
5,56,1466,0,1,1,0,1.0,1.0
5,57,3610,1,0,0,0,0.0,0.0
5,58,3333,0,1,0,0,0.0,0.0
5,59,3613,1,0,0,0,0.0,0.0
5,60,3613,1,0,0,0,0.0,0.0
5,61,3055,0,0,0,0,0.0,0.0
5,62,3105,0,1,1,0,0.0,0.0
5,63,3113,0,0,0,0,0.0,0.0
5,64,2846,0,1,1,0,1.0,1.0
6,1,3501,1,0,0,0,0.0,0.0
6,2,3586,1,1,0,0,0.0,0.0
6,3,3518,1,1,0,0,0.0,0.0
6,4,3479,0,0,0,0,0.0,0.0
6,5,3609,1,0,0,0,0.0,0.0
6,6,3748,1,0,0,0,0.0,0.0
6,7,3869,1,0,0,0,0.0,0.0
6,8,3653,1,1,0,0,0.0,0.0
6,9,3240,0,1,1,0,1.0,1.0
6,10,3177,0,0,0,0,0.0,0.0
6,11,3073,0,1,0,0,0.0,0.0
6,12,2564,0,0,0,1,0.0,0.0
6,13,3929,1,0,0,0,0.0,0.0
6,14,3897,1,0,0,0,0.0,0.0
6,15,3753,1,0,0,0,0.0,0.0
6,16,3949,1,0,0,0,0.0,0.0
6,17,2160,0,1,1,0,1.0,1.0
6,18,2567,0,1,1,0,1.0,1.0
6,19,1663,0,1,1,0,1.0,1.0
6,20,1589,0,1,1,0,1.0,1.0
6,21,3019,0,0,0,0,0.0,0.0
6,22,2981,0,0,0,0,0.0,0.0
6,23,3222,0,0,0,0,0.0,0.0
6,24,3097,0,0,0,0,0.0,0.0
6,25,3997,1,1,0,0,0.0,0.0
6,26,4143,1,0,0,0,0.0,0.0
6,27,4070,1,0,0,0,0.0,0.0
6,28,3692,1,1,0,0,0.0,0.0
6,29,2009,0,1,1,0,1.0,1.0
6,30,3414,0,0,0,0,0.0,0.0
6,31,3258,0,1,1,0,1.0,1.0
6,32,3232,0,0,0,0,0.0,0.0
6,33,3317,0,0,0,0,0.0,0.0
6,34,3247,0,0,0,0,0.0,0.0
6,35,3435,0,0,0,0,0.0,0.0
6,36,3322,0,0,0,0,0.0,0.0
6,37,2173,0,1,1,0,1.0,1.0
6,38,1777,0,1,1,0,1.0,1.0
6,39,1518,0,1,1,0,1.0,1.0
6,40,2741,0,1,1,0,1.0,1.0
6,41,2316,0,1,1,0,1.0,1.0
6,42,2269,0,1,1,0,1.0,1.0
6,43,2414,0,1,1,0,1.0,1.0
6,44,1467,0,1,1,0,1.0,1.0
6,45,1877,0,1,1,0,1.0,1.0
6,46,2357,0,1,1,0,1.0,1.0
6,47,3225,0,0,0,0,0.0,0.0
6,48,2690,0,1,1,0,1.0,1.0
6,49,3969,1,0,0,0,0.0,0.0
6,50,3886,1,0,0,0,0.0,0.0
6,51,3880,1,0,0,0,0.0,0.0
6,52,3438,0,0,0,0,0.0,0.0
6,53,2861,0,0,0,0,0.0,0.0
6,54,3057,0,0,0,0,0.0,0.0
6,55,3075,0,1,1,0,1.0,1.0
6,56,2809,0,0,0,0,0.0,0.0
6,57,3603,1,0,0,0,0.0,0.0
6,58,3609,1,0,0,0,0.0,0.0
6,59,3575,1,0,0,0,0.0,0.0
6,60,3706,1,0,0,0,0.0,0.0
6,61,3506,1,0,0,0,0.0,0.0
6,62,3734,1,0,0,0,0.0,0.0
6,63,3379,0,0,0,0,0.0,0.0
6,64,3104,0,0,0,0,0.0,0.0
7,1,2661,0,0,0,0,0.0,0.0
7,2,2741,0,0,0,0,0.0,0.0
7,3,2843,0,0,0,0,0.0,0.0
7,4,2721,0,0,0,0,0.0,0.0
7,5,3150,0,1,1,0,1.0,1.0
7,6,3263,0,1,0,0,0.0,0.0
7,7,3131,0,1,0,0,0.0,0.0
7,8,3157,0,1,0,0,0.0,0.0
7,9,2656,0,1,1,0,1.0,1.0
7,10,2898,0,1,1,0,1.0,1.0
7,11,2402,0,1,1,0,1.0,1.0
7,12,2769,0,1,1,0,1.0,1.0
7,13,2627,0,1,1,0,1.0,1.0
7,14,3540,1,1,1,0,1.0,1.0
7,15,2958,0,1,1,0,1.0,1.0
7,16,3591,1,0,0,0,0.0,0.0
7,17,2435,0,1,1,0,1.0,1.0
7,18,2749,0,0,0,0,0.0,0.0
7,19,2179,0,1,1,0,1.0,1.0
7,20,1853,0,1,1,0,1.0,1.0
7,21,2870,0,0,0,0,0.0,0.0
7,22,2831,0,0,0,0,0.0,0.0
7,23,2948,0,0,0,0,0.0,0.0
7,24,2807,0,0,0,0,0.0,0.0
7,25,3912,1,0,0,0,0.0,0.0
7,26,4086,1,0,0,0,0.0,0.0
7,27,3844,1,1,1,0,1.0,1.0
7,28,4074,1,0,0,0,0.0,0.0
7,29,3002,0,1,1,0,1.0,1.0
7,30,3162,0,1,1,0,1.0,1.0
7,31,3667,1,0,0,0,0.0,0.0
7,32,2480,0,1,1,0,1.0,1.0
7,33,3146,0,0,0,0,0.0,0.0
7,34,3333,0,0,0,0,0.0,0.0
7,35,3036,0,0,0,0,0.0,0.0
7,36,3105,0,1,1,0,1.0,1.0
7,37,2996,0,1,1,0,1.0,1.0
7,38,3141,0,1,0,0,0.0,0.0
7,39,3186,0,1,0,0,0.0,0.0
7,40,3174,0,1,1,0,1.0,1.0
7,41,3165,0,1,1,0,0.0,0.0
7,42,2863,0,1,1,0,1.0,1.0
7,43,3311,0,1,1,0,1.0,1.0
7,44,2448,0,1,1,0,1.0,1.0
7,45,4095,1,0,0,0,0.0,0.0
7,46,4247,1,0,0,0,0.0,0.0
7,47,4163,1,0,0,0,0.0,0.0
7,48,3864,1,0,0,0,0.0,0.0
7,49,1603,0,1,1,0,1.0,1.0
7,50,1912,0,1,1,0,1.0,1.0
7,51,1953,0,1,1,0,1.0,1.0
7,52,2486,0,1,1,0,1.0,1.0
7,53,3740,1,0,0,0,0.0,0.0
7,54,3998,1,0,0,0,0.0,0.0
7,55,4665,1,0,0,0,0.0,0.0
7,56,4397,1,0,0,0,0.0,0.0
7,57,3104,0,1,1,0,1.0,1.0
7,58,3242,0,1,1,0,1.0,1.0
7,59,3754,1,1,1,0,1.0,1.0
7,60,1875,0,1,1,0,1.0,1.0
7,61,2519,0,1,1,0,1.0,1.0
7,62,3079,0,1,1,0,1.0,1.0
7,63,1890,0,1,1,0,1.0,1.0
7,64,2221,0,1,1,0,1.0,1.0
8,1,4057,1,0,0,0,0.0,0.0
8,2,4015,1,0,0,0,0.0,0.0
8,3,4090,1,0,0,0,0.0,0.0
8,4,4423,1,0,0,0,0.0,0.0
8,5,2029,0,1,1,0,1.0,1.0
8,6,2822,0,1,1,0,1.0,1.0
8,7,3398,0,0,0,0,0.0,0.0
8,8,2304,0,1,1,0,1.0,1.0
8,9,3614,1,0,0,0,0.0,0.0
8,10,3753,1,0,0,0,0.0,0.0
8,11,3458,0,1,1,0,1.0,1.0
8,12,3575,1,1,1,0,1.0,1.0
8,13,3653,1,0,0,0,0.0,0.0
8,14,3585,1,0,0,0,0.0,0.0
8,15,3467,0,0,0,0,0.0,0.0
8,16,2737,0,1,1,0,1.0,1.0
8,17,3489,0,0,0,0,0.0,0.0
8,18,3587,1,0,0,0,0.0,0.0
8,19,3379,0,0,0,0,0.0,0.0
8,20,3758,1,0,0,0,0.0,0.0
8,21,4020,1,0,0,0,0.0,0.0
8,22,4143,1,0,0,0,0.0,0.0
8,23,4039,1,0,0,0,0.0,0.0
8,24,4151,1,0,0,0,0.0,0.0
8,25,3074,0,1,1,0,1.0,1.0
8,26,3531,1,1,0,0,0.0,0.0
8,27,3777,1,0,0,0,0.0,0.0
8,28,3731,1,1,1,0,1.0,1.0
8,29,3349,0,0,0,0,0.0,0.0
8,30,3434,0,1,1,0,1.0,1.0
8,31,3332,0,1,0,0,0.0,0.0
8,32,2953,0,1,1,0,1.0,1.0
8,33,3507,1,1,1,0,0.0,0.0
8,34,3411,0,1,1,0,0.0,0.0
8,35,3299,0,0,0,0,0.0,0.0
8,36,3531,1,0,0,0,0.0,0.0
8,37,1764,0,1,1,0,1.0,1.0
8,38,1937,0,1,1,0,1.0,1.0
8,39,2035,0,1,1,0,1.0,1.0
8,40,2294,0,1,1,0,1.0,1.0
8,41,3683,1,0,0,0,0.0,0.0
8,42,3481,0,0,0,0,0.0,0.0
8,43,3412,0,1,1,0,1.0,1.0
8,44,3350,0,0,0,0,0.0,0.0
8,45,3448,0,0,0,0,0.0,0.0
8,46,3506,1,0,0,0,0.0,0.0
8,47,3909,1,0,0,0,0.0,0.0
8,48,3439,0,0,0,0,0.0,0.0
8,49,2951,0,1,0,0,0.0,0.0
8,50,2999,0,1,1,0,1.0,1.0
8,51,3082,0,1,0,0,0.0,0.0
8,52,2949,0,1,1,0,1.0,1.0
8,53,2722,0,1,1,0,1.0,1.0
8,54,2422,0,1,1,0,1.0,1.0
8,55,2258,0,1,1,0,1.0,1.0
8,56,3278,0,0,0,0,0.0,0.0
8,57,3311,0,0,0,0,0.0,0.0
8,58,3290,0,0,0,0,0.0,0.0
8,59,3336,0,0,0,0,0.0,0.0
8,60,3280,0,0,0,0,0.0,0.0
8,61,3219,0,1,0,0,0.0,0.0
8,62,3280,0,1,0,0,0.0,0.0
8,63,3477,0,0,0,0,0.0,0.0
8,64,3383,0,1,1,0,1.0,1.0
9,1,3394,0,1,0,0,0.0,0.0
9,2,2996,0,1,1,0,1.0,1.0
9,3,3383,0,0,0,0,0.0,0.0
9,4,3051,0,1,1,0,1.0,1.0
9,5,3864,1,1,1,0,1.0,1.0
9,6,3987,1,0,0,0,0.0,0.0
9,7,3775,1,1,0,0,0.0,0.0
9,8,3816,1,0,0,0,0.0,0.0
9,9,2998,0,1,0,0,0.0,0.0
9,10,2825,0,1,0,0,0.0,0.0
9,11,2974,0,1,1,0,1.0,1.0
9,12,2846,0,0,0,0,0.0,0.0
9,13,2855,0,0,0,0,0.0,0.0
9,14,2944,0,0,0,0,0.0,0.0
9,15,3058,0,0,0,0,0.0,0.0
9,16,3115,0,0,0,0,0.0,0.0
9,17,4094,1,0,0,0,0.0,0.0
9,18,4265,1,0,0,0,0.0,0.0
9,19,3546,1,0,0,0,0.0,0.0
9,20,4113,1,0,0,0,0.0,0.0
9,21,3611,1,0,0,0,0.0,0.0
9,22,3552,1,0,0,0,0.0,0.0
9,23,3583,1,0,0,0,0.0,0.0
9,24,3305,0,0,0,0,0.0,0.0
9,25,3768,1,1,0,0,0.0,0.0
9,26,3650,1,0,0,0,0.0,0.0
9,27,3720,1,0,0,0,0.0,0.0
9,28,3869,1,1,1,0,1.0,1.0
9,29,2216,0,1,1,0,1.0,1.0
9,30,3154,0,1,1,0,1.0,1.0
9,31,2934,0,1,1,0,1.0,1.0
9,32,2116,0,1,1,0,1.0,1.0
9,33,3510,1,1,1,0,1.0,1.0
9,34,3158,0,1,1,0,1.0,1.0
9,35,3132,0,1,1,0,1.0,1.0
9,36,3902,1,1,0,0,0.0,0.0
9,37,2762,0,0,0,0,0.0,0.0
9,38,2949,0,0,0,0,0.0,0.0
9,39,3041,0,0,0,0,0.0,0.0
9,40,2726,0,0,0,0,0.0,0.0
9,41,1465,0,1,1,0,1.0,1.0
9,42,2114,0,1,1,0,1.0,1.0
9,43,1992,0,1,1,0,1.0,1.0
9,44,1210,0,1,1,0,1.0,1.0
9,45,3279,0,1,0,0,0.0,0.0
9,46,3348,0,0,0,0,0.0,0.0
9,47,3301,0,0,0,0,0.0,0.0
9,48,3265,0,0,0,0,0.0,0.0
9,49,4000,1,0,0,0,0.0,0.0
9,50,3980,1,0,0,0,0.0,0.0
9,51,3946,1,0,0,0,0.0,0.0
9,52,4040,1,0,0,0,0.0,0.0
9,53,4222,1,0,0,0,0.0,0.0
9,54,4143,1,0,0,0,0.0,0.0
9,55,4190,1,0,0,0,0.0,0.0
9,56,4230,1,0,0,0,0.0,0.0
9,57,2557,0,1,1,0,1.0,1.0
9,58,3197,0,1,1,0,1.0,1.0
9,59,3100,0,1,1,0,1.0,1.0
9,60,3140,0,1,0,0,0.0,0.0
9,61,3963,1,0,0,0,0.0,0.0
9,62,4081,1,0,0,0,0.0,0.0
9,63,3829,1,0,0,0,0.0,0.0
9,64,4131,1,0,0,0,0.0,0.0
10,1,3424,0,1,1,0,1.0,1.0
10,2,3460,0,1,1,0,1.0,1.0
10,3,3459,0,0,0,0,0.0,0.0
10,4,3449,0,0,0,0,0.0,0.0
10,5,3249,0,1,1,0,1.0,1.0
10,6,2849,0,1,1,0,1.0,1.0
10,7,3141,0,1,0,0,0.0,0.0
10,8,3340,0,0,0,0,0.0,0.0
10,9,3140,0,1,0,0,0.0,0.0
10,10,3268,0,1,1,0,1.0,1.0
10,11,2920,0,1,1,0,1.0,1.0
10,12,3144,0,0,0,0,0.0,0.0
10,13,3763,1,1,0,0,0.0,0.0
10,14,3468,0,1,1,0,1.0,1.0
10,15,3451,0,1,1,0,1.0,1.0
10,16,3912,1,1,1,0,1.0,1.0
10,17,2678,0,0,0,0,0.0,0.0
10,18,2850,0,1,0,0,0.0,0.0
10,19,2979,0,1,1,0,1.0,1.0
10,20,2949,0,0,0,0,0.0,0.0
10,21,3080,0,1,1,0,1.0,1.0
10,22,2747,0,1,1,0,1.0,1.0
10,23,3002,0,1,1,0,1.0,1.0
10,24,2752,0,1,1,0,1.0,1.0
10,25,3235,0,1,1,0,1.0,1.0
10,26,2701,0,0,0,0,0.0,0.0
10,27,3242,0,1,0,0,0.0,0.0
10,28,3352,0,0,0,0,0.0,0.0
10,29,2797,0,1,1,0,1.0,1.0
10,30,2881,0,1,1,0,1.0,1.0
10,31,2763,0,1,1,0,1.0,1.0
10,32,2860,0,1,1,0,1.0,1.0
10,33,2327,0,1,1,0,1.0,1.0
10,34,3133,0,0,0,0,0.0,0.0
10,35,2548,0,1,1,0,1.0,1.0
10,36,2240,0,1,1,0,1.0,1.0
10,37,3870,1,0,0,0,0.0,0.0
10,38,3852,1,0,0,0,0.0,0.0
10,39,3724,1,0,0,0,0.0,0.0
10,40,3776,1,0,0,0,0.0,0.0
10,41,3649,1,0,0,0,0.0,0.0
10,42,4013,1,0,0,0,0.0,0.0
10,43,3922,1,0,0,0,0.0,0.0
10,44,3733,1,0,0,0,0.0,0.0
10,45,2251,0,1,1,0,1.0,1.0
10,46,3520,1,1,1,0,1.0,1.0
10,47,3498,0,1,1,0,1.0,1.0
10,48,2812,0,1,1,0,1.0,1.0
10,49,1602,0,1,1,0,1.0,1.0
10,50,3276,0,1,1,0,1.0,1.0
10,51,3660,1,0,0,0,0.0,0.0
10,52,2252,0,1,1,0,1.0,1.0
10,53,3345,0,0,0,0,0.0,0.0
10,54,3239,0,1,0,0,0.0,0.0
10,55,3383,0,0,0,0,0.0,0.0
10,56,2337,0,1,1,0,1.0,1.0
10,57,3642,1,0,0,0,0.0,0.0
10,58,3710,1,1,0,0,0.0,0.0
10,59,3854,1,0,0,0,0.0,0.0
10,60,3829,1,0,0,0,0.0,0.0
10,61,3312,0,0,0,0,0.0,0.0
10,62,3599,1,0,0,0,0.0,0.0
10,63,3432,0,0,0,0,0.0,0.0
10,64,3433,0,0,0,0,0.0,0.0
11,1,3751,1,1,0,0,0.0,0.0
11,2,2918,0,1,1,0,1.0,1.0
11,3,3035,0,1,1,0,0.0,0.0
11,4,3364,0,1,1,0,1.0,1.0
11,5,3742,1,0,0,0,0.0,0.0
11,6,3423,0,0,0,0,0.0,0.0
11,7,3560,1,1,0,0,0.0,0.0
11,8,3448,0,0,0,0,0.0,0.0
11,9,4004,1,1,1,0,1.0,1.0
11,10,3847,1,1,1,0,1.0,1.0
11,11,3820,1,1,1,0,1.0,1.0
11,12,3714,1,1,1,0,1.0,1.0
11,13,4102,1,0,0,0,0.0,0.0
11,14,3937,1,0,0,0,0.0,0.0
11,15,3891,1,0,0,0,0.0,0.0
11,16,3862,1,0,0,0,0.0,0.0
11,17,2527,0,0,0,0,0.0,0.0
11,18,2686,0,0,0,0,0.0,0.0
11,19,2599,0,0,0,0,0.0,0.0
11,20,2469,0,0,0,0,0.0,0.0
11,21,3027,0,1,1,0,1.0,1.0
11,22,2983,0,0,0,0,0.0,0.0
11,23,2764,0,1,1,0,1.0,1.0
11,24,2439,0,1,1,0,1.0,1.0
11,25,3346,0,0,0,0,0.0,0.0
11,26,3513,1,0,0,0,0.0,0.0
11,27,3478,0,0,0,0,0.0,0.0
11,28,3340,0,0,0,0,0.0,0.0
11,29,3389,0,1,1,0,1.0,1.0
11,30,3476,0,1,1,0,1.0,1.0
11,31,2586,0,1,1,0,1.0,1.0
11,32,3030,0,1,1,0,1.0,1.0
11,33,3359,0,0,0,0,0.0,0.0
11,34,3111,0,1,1,0,1.0,1.0
11,35,3307,0,0,0,0,0.0,0.0
11,36,3159,0,1,1,0,1.0,1.0
11,37,3741,1,0,0,0,0.0,0.0
11,38,3743,1,0,0,0,0.0,0.0
11,39,3691,1,0,0,0,0.0,0.0
11,40,3547,1,1,0,0,0.0,0.0
11,41,3693,1,0,0,1,0.0,0.0
11,42,3730,1,0,0,1,0.0,0.0
11,43,3638,1,0,0,0,0.0,0.0
11,44,3563,1,0,0,1,0.0,0.0
11,45,3172,0,1,0,0,0.0,0.0
11,46,3184,0,0,0,0,0.0,0.0
11,47,3339,0,1,1,0,0.0,0.0
11,48,3121,0,1,0,0,0.0,0.0
11,49,3198,0,1,1,0,1.0,1.0
11,50,3766,1,1,1,0,1.0,1.0
11,51,3646,1,1,1,0,1.0,1.0
11,52,2458,0,1,1,0,1.0,1.0
11,53,3922,1,0,0,0,0.0,0.0
11,54,3963,1,0,0,0,0.0,0.0
11,55,3917,1,0,0,0,0.0,0.0
11,56,4061,1,0,0,0,0.0,0.0
11,57,3673,1,0,0,0,0.0,0.0
11,58,3582,1,0,0,0,0.0,0.0
11,59,3485,0,0,0,0,0.0,0.0
11,60,3517,1,0,0,0,0.0,0.0
11,61,3594,1,0,0,0,0.0,0.0
11,62,3324,0,1,1,0,1.0,1.0
11,63,3991,1,0,0,0,0.0,0.0
11,64,3840,1,0,0,0,0.0,0.0
12,1,2652,0,0,0,0,0.0,0.0
12,2,2843,0,0,0,0,0.0,0.0
12,3,2490,0,0,0,0,0.0,0.0
12,4,2747,0,0,0,0,0.0,0.0
12,5,3256,0,0,0,0,0.0,0.0
12,6,3091,0,0,0,0,0.0,0.0
12,7,3529,1,0,0,0,0.0,0.0
12,8,3399,0,0,0,0,0.0,0.0
12,9,3378,0,0,0,0,0.0,0.0
12,10,3636,1,0,0,0,0.0,0.0
12,11,3352,0,0,0,0,0.0,0.0
12,12,3172,0,0,0,0,0.0,0.0
12,13,1979,0,1,1,0,1.0,1.0
12,14,2065,0,1,1,0,1.0,1.0
12,15,2417,0,1,1,0,1.0,1.0
12,16,2883,0,1,1,0,1.0,1.0
12,17,3418,0,1,0,0,0.0,0.0
12,18,3435,0,0,0,0,0.0,0.0
12,19,3423,0,0,0,0,0.0,0.0
12,20,3462,0,0,0,0,0.0,0.0
12,21,3543,1,0,0,0,0.0,0.0
12,22,3322,0,0,0,0,0.0,0.0
12,23,3893,1,0,0,0,0.0,0.0
12,24,3814,1,0,0,0,0.0,0.0
12,25,3619,1,0,0,0,0.0,0.0
12,26,3393,0,0,0,0,0.0,0.0
12,27,3362,0,0,0,0,0.0,0.0
12,28,3342,0,0,0,0,0.0,0.0
12,29,2847,0,0,0,0,0.0,0.0
12,30,2847,0,1,1,0,1.0,1.0
12,31,2790,0,0,0,0,0.0,0.0
12,32,3164,0,1,1,0,1.0,1.0
12,33,1469,0,1,1,0,1.0,1.0
12,34,1418,0,1,1,0,1.0,1.0
12,35,1313,0,1,1,0,1.0,1.0
12,36,1747,0,1,1,0,1.0,1.0
12,37,2102,0,1,1,0,1.0,1.0
12,38,1975,0,1,1,0,1.0,1.0
12,39,2356,0,1,1,0,1.0,1.0
12,40,2335,0,1,1,0,1.0,1.0
12,41,3570,1,0,0,0,0.0,0.0
12,42,3390,0,0,0,0,0.0,0.0
12,43,3647,1,0,0,0,0.0,0.0
12,44,3350,0,0,0,0,0.0,0.0
12,45,3661,1,0,0,0,0.0,0.0
12,46,3502,1,0,0,0,0.0,0.0
12,47,3742,1,0,0,0,0.0,0.0
12,48,3470,0,0,0,0,0.0,0.0
12,49,3553,1,0,0,0,0.0,0.0
12,50,3436,0,1,1,0,1.0,1.0
12,51,3507,1,0,0,0,0.0,0.0
12,52,3605,1,0,0,0,0.0,0.0
12,53,2786,0,1,1,0,1.0,1.0
12,54,2861,0,1,1,0,1.0,1.0
12,55,2545,0,1,1,0,1.0,1.0
12,56,2034,0,1,1,0,1.0,1.0
12,57,2531,0,0,0,0,0.0,0.0
12,58,2945,0,0,0,0,0.0,0.0
12,59,2775,0,0,0,0,0.0,0.0
12,60,2717,0,0,0,0,0.0,0.0
12,61,2380,0,1,1,0,1.0,1.0
12,62,2931,0,0,0,0,0.0,0.0
12,63,2600,0,1,1,0,1.0,1.0
12,64,2259,0,1,1,0,1.0,1.0
13,1,3352,0,0,0,0,0.0,0.0
13,2,3482,0,0,0,0,0.0,0.0
13,3,3688,1,0,0,0,0.0,0.0
13,4,3521,1,1,1,0,1.0,1.0
13,5,2896,0,0,0,0,0.0,0.0
13,6,3017,0,0,0,0,0.0,0.0
13,7,2866,0,0,0,0,0.0,0.0
13,8,3014,0,0,0,0,0.0,0.0
13,9,2586,0,0,0,0,0.0,0.0
13,10,2580,0,0,0,0,0.0,0.0
13,11,2816,0,1,0,0,0.0,0.0
13,12,2656,0,0,0,0,0.0,0.0
13,13,2300,0,1,1,0,1.0,1.0
13,14,1753,0,1,1,0,1.0,1.0
13,15,2219,0,1,1,0,1.0,1.0
13,16,1916,0,1,1,0,1.0,1.0
13,17,2208,0,1,1,0,1.0,1.0
13,18,3359,0,1,1,0,1.0,1.0
13,19,1818,0,1,1,0,1.0,1.0
13,20,2757,0,1,1,0,1.0,1.0
13,21,3803,1,0,0,0,0.0,0.0
13,22,3455,0,1,1,0,1.0,1.0
13,23,3768,1,0,0,0,0.0,0.0
13,24,4026,1,0,0,0,0.0,0.0
13,25,3234,0,1,1,0,1.0,1.0
13,26,2257,0,1,1,0,1.0,1.0
13,27,2132,0,1,1,0,1.0,1.0
13,28,2194,0,1,1,0,1.0,1.0
13,29,3245,0,1,0,0,0.0,0.0
13,30,3224,0,1,0,0,0.0,0.0
13,31,3095,0,0,0,0,0.0,0.0
13,32,3284,0,1,1,0,1.0,1.0
13,33,3519,1,0,0,0,0.0,0.0
13,34,3482,0,0,0,0,0.0,0.0
13,35,3470,0,0,0,0,0.0,0.0
13,36,3771,1,0,0,0,0.0,0.0
13,37,3365,0,0,0,0,0.0,0.0
13,38,2790,0,1,1,0,1.0,1.0
13,39,3478,0,0,0,0,0.0,0.0
13,40,2392,0,1,1,0,1.0,1.0
13,41,2890,0,0,0,0,0.0,0.0
13,42,3154,0,1,1,0,1.0,1.0
13,43,2956,0,0,0,0,0.0,0.0
13,44,2999,0,0,0,0,0.0,0.0
13,45,2669,0,1,1,0,1.0,1.0
13,46,3070,0,0,0,0,0.0,0.0
13,47,2783,0,0,0,0,0.0,0.0
13,48,3146,0,0,0,0,0.0,0.0
13,49,2621,0,1,1,0,1.0,1.0
13,50,3078,0,1,1,0,1.0,1.0
13,51,3098,0,1,1,0,1.0,1.0
13,52,3055,0,1,1,0,1.0,1.0
13,53,3499,0,1,0,0,0.0,0.0
13,54,2217,0,1,1,0,1.0,1.0
13,55,3038,0,1,1,0,1.0,1.0
13,56,2489,0,1,1,0,1.0,1.0
13,57,2811,0,0,0,0,0.0,0.0
13,58,2780,0,0,0,0,0.0,0.0
13,59,2721,0,0,0,0,0.0,0.0
13,60,2812,0,0,0,0,0.0,0.0
13,61,3971,1,0,0,0,0.0,0.0
13,62,4325,1,0,0,0,0.0,0.0
13,63,4360,1,0,0,0,0.0,0.0
13,64,4465,1,0,0,0,0.0,0.0
14,1,4067,1,0,0,0,0.0,0.0
14,2,4117,1,0,0,0,0.0,0.0
14,3,3694,1,0,0,0,0.0,0.0
14,4,3946,1,0,0,0,0.0,0.0
14,5,3732,1,0,0,0,0.0,0.0
14,6,3591,1,0,0,0,0.0,0.0
14,7,3704,1,1,1,0,1.0,1.0
14,8,3320,0,1,1,0,1.0,1.0
14,9,3682,1,1,0,0,0.0,0.0
14,10,1858,0,1,1,0,1.0,1.0
14,11,3503,1,1,0,0,0.0,0.0
14,12,3052,0,1,1,0,1.0,1.0
14,13,3074,0,1,1,0,1.0,1.0
14,14,3027,0,1,0,0,0.0,0.0
14,15,3218,0,1,1,0,1.0,1.0
14,16,3050,0,1,1,0,1.0,1.0
14,17,2983,0,1,0,0,0.0,0.0
14,18,3531,1,0,0,0,0.0,0.0
14,19,3059,0,1,1,0,1.0,1.0
14,20,3466,0,1,1,0,1.0,1.0
14,21,3256,0,0,0,0,0.0,0.0
14,22,3388,0,0,0,0,0.0,0.0
14,23,3100,0,0,0,0,0.0,0.0
14,24,3353,0,0,0,0,0.0,0.0
14,25,1874,0,1,1,0,1.0,1.0
14,26,2915,0,0,0,0,0.0,0.0
14,27,2420,0,1,1,0,1.0,1.0
14,28,2748,0,1,1,0,1.0,1.0
14,29,2777,0,0,0,0,0.0,0.0
14,30,2769,0,0,0,0,0.0,0.0
14,31,2728,0,0,0,0,0.0,0.0
14,32,3064,0,0,0,0,0.0,0.0
14,33,2646,0,1,1,0,1.0,1.0
14,34,2681,0,1,1,0,1.0,1.0
14,35,1752,0,1,1,0,1.0,1.0
14,36,3108,0,1,1,0,1.0,1.0
14,37,3128,0,0,0,0,0.0,0.0
14,38,3574,1,0,0,0,0.0,0.0
14,39,3188,0,0,0,0,0.0,0.0
14,40,3244,0,0,0,0,0.0,0.0
14,41,3200,0,0,0,0,0.0,0.0
14,42,3336,0,0,0,0,0.0,0.0
14,43,2936,0,0,0,0,0.0,0.0
14,44,3018,0,0,0,0,0.0,0.0
14,45,3054,0,1,1,0,1.0,1.0
14,46,3230,0,0,0,0,0.0,0.0
14,47,3126,0,1,0,0,0.0,0.0
14,48,3065,0,0,0,0,0.0,0.0
14,49,2267,0,1,1,0,1.0,1.0
14,50,2826,0,1,1,0,1.0,1.0
14,51,2520,0,1,1,0,1.0,1.0
14,52,2107,0,1,1,0,1.0,1.0
14,53,3789,1,1,1,0,1.0,1.0
14,54,3971,1,1,1,0,1.0,1.0
14,55,3819,1,0,0,0,0.0,0.0
14,56,3764,1,1,1,0,1.0,1.0
14,57,3423,0,0,0,0,0.0,0.0
14,58,3458,0,0,0,0,0.0,0.0
14,59,3301,0,0,0,0,0.0,0.0
14,60,3601,1,0,0,0,0.0,0.0
14,61,2696,0,0,0,0,0.0,0.0
14,62,2826,0,0,0,0,0.0,0.0
14,63,3222,0,1,1,0,1.0,1.0
14,64,2562,0,0,0,0,0.0,0.0
15,1,3720,1,0,0,0,0.0,0.0
15,2,3691,1,0,0,0,0.0,0.0
15,3,2909,0,0,0,0,0.0,0.0
15,4,3573,1,0,0,0,0.0,0.0
15,5,3262,0,0,0,0,0.0,0.0
15,6,3023,0,1,1,0,1.0,1.0
15,7,3239,0,1,0,0,0.0,0.0
15,8,2845,0,1,1,0,1.0,1.0
15,9,3513,1,0,0,0,0.0,0.0
15,10,3012,0,0,0,0,0.0,0.0
15,11,3280,0,0,0,0,0.0,0.0
15,12,3319,0,0,0,0,0.0,0.0
15,13,2581,0,0,0,0,0.0,0.0
15,14,2175,0,1,1,0,1.0,1.0
15,15,2655,0,0,0,0,0.0,0.0
15,16,2587,0,0,0,0,0.0,0.0
15,17,3379,0,1,1,0,0.0,0.0
15,18,3114,0,1,1,0,0.0,0.0
15,19,3436,0,1,1,0,0.0,0.0
15,20,3193,0,1,1,0,0.0,0.0
15,21,3756,1,0,0,0,0.0,0.0
15,22,3667,1,0,0,0,0.0,0.0
15,23,3689,1,0,0,0,0.0,0.0
15,24,3697,1,0,0,0,0.0,0.0
15,25,2526,0,1,1,0,1.0,1.0
15,26,2805,0,1,1,0,1.0,1.0
15,27,2787,0,1,1,0,1.0,1.0
15,28,2799,0,1,1,0,1.0,1.0
15,29,3291,0,1,0,0,0.0,0.0
15,30,2722,0,1,1,0,1.0,1.0
15,31,2555,0,1,1,0,1.0,1.0
15,32,3180,0,1,0,0,0.0,0.0
15,33,3791,1,0,0,0,0.0,0.0
15,34,3525,1,0,0,0,0.0,0.0
15,35,3546,1,0,0,0,0.0,0.0
15,36,3416,0,0,0,0,0.0,0.0
15,37,3732,1,0,0,0,0.0,0.0
15,38,3637,1,0,0,0,0.0,0.0
15,39,3766,1,0,0,0,0.0,0.0
15,40,3787,1,0,0,0,0.0,0.0
15,41,3936,1,0,0,0,0.0,0.0
15,42,4018,1,0,0,0,0.0,0.0
15,43,4156,1,0,0,0,0.0,0.0
15,44,3899,1,0,0,0,0.0,0.0
15,45,3507,1,0,0,0,0.0,0.0
15,46,3870,1,1,1,0,1.0,1.0
15,47,3555,1,0,0,0,0.0,0.0
15,48,3721,1,0,0,0,0.0,0.0
15,49,3284,0,0,0,0,0.0,0.0
15,50,3207,0,0,0,0,0.0,0.0
15,51,3182,0,0,0,0,0.0,0.0
15,52,3166,0,0,0,0,0.0,0.0
15,53,2642,0,1,1,0,1.0,1.0
15,54,3208,0,0,0,0,0.0,0.0
15,55,2399,0,1,1,0,1.0,1.0
15,56,2992,0,1,0,0,0.0,0.0
15,57,2939,0,0,0,0,0.0,0.0
15,58,2988,0,0,0,0,0.0,0.0
15,59,2899,0,0,0,0,0.0,0.0
15,60,2920,0,0,0,0,0.0,0.0
15,61,3801,1,0,0,0,0.0,0.0
15,62,3930,1,0,0,0,0.0,0.0
15,63,3656,1,0,0,0,0.0,0.0
15,64,3918,1,0,0,0,0.0,0.0
16,1,4271,1,0,0,0,0.0,0.0
16,2,3546,1,0,0,0,0.0,0.0
16,3,3596,1,0,0,0,0.0,0.0
16,4,3127,0,1,0,0,0.0,0.0
16,5,2958,0,1,1,0,1.0,1.0
16,6,3497,0,1,1,0,1.0,1.0
16,7,3477,0,1,1,0,1.0,1.0
16,8,3486,0,0,0,0,0.0,0.0
16,9,3089,0,1,1,0,1.0,1.0
16,10,3104,0,1,0,0,0.0,0.0
16,11,2895,0,0,0,0,0.0,0.0
16,12,2744,0,0,0,0,0.0,0.0
16,13,3543,1,0,0,0,0.0,0.0
16,14,3972,1,0,0,0,0.0,0.0
16,15,3926,1,0,0,0,0.0,0.0
16,16,3747,1,0,0,0,0.0,0.0
16,17,2767,0,1,1,0,1.0,1.0
16,18,3006,0,1,0,0,0.0,0.0
16,19,2845,0,1,1,0,1.0,1.0
16,20,2811,0,1,0,0,0.0,0.0
16,21,3208,0,0,0,0,0.0,0.0
16,22,2966,0,0,0,0,0.0,0.0
16,23,3083,0,0,0,0,0.0,0.0
16,24,2942,0,0,0,0,0.0,0.0
16,25,3480,0,1,1,0,1.0,1.0
16,26,3316,0,1,0,0,0.0,0.0
16,27,3199,0,1,1,0,1.0,1.0
16,28,3311,0,1,0,0,0.0,0.0
16,29,1478,0,1,1,0,1.0,1.0
16,30,1865,0,1,1,0,1.0,1.0
16,31,1377,0,1,1,0,1.0,1.0
16,32,1294,0,1,1,0,1.0,1.0
16,33,3113,0,1,1,0,1.0,1.0
16,34,3486,0,0,0,0,0.0,0.0
16,35,3585,1,1,1,0,1.0,1.0
16,36,3468,0,0,0,0,0.0,0.0
16,37,2399,0,1,1,0,1.0,1.0
16,38,2576,0,1,1,0,1.0,1.0
16,39,2634,0,1,1,0,1.0,1.0
16,40,2492,0,1,1,0,1.0,1.0
16,41,3114,0,1,1,0,1.0,1.0
16,42,2608,0,1,1,0,1.0,1.0
16,43,2604,0,1,1,0,1.0,1.0
16,44,3385,0,0,0,0,0.0,0.0
16,45,3308,0,1,0,0,0.0,0.0
16,46,3695,1,0,0,0,0.0,0.0
16,47,3559,1,1,1,0,1.0,1.0
16,48,3699,1,1,1,0,1.0,1.0
16,49,2169,0,1,1,0,1.0,1.0
16,50,2926,0,0,0,0,0.0,0.0
16,51,3007,0,0,0,0,0.0,0.0
16,52,3537,1,0,0,0,0.0,0.0
16,53,2498,0,1,1,0,1.0,1.0
16,54,3023,0,1,1,0,1.0,1.0
16,55,3228,0,1,0,0,0.0,0.0
16,56,3306,0,1,1,0,1.0,1.0
16,57,3355,0,1,0,0,0.0,0.0
16,58,3719,1,0,0,0,0.0,0.0
16,59,3628,1,1,1,0,1.0,1.0
16,60,2530,0,1,1,0,1.0,1.0
16,61,3389,0,0,0,0,0.0,0.0
16,62,3254,0,0,0,0,0.0,0.0
16,63,3297,0,0,0,0,0.0,0.0
16,64,3121,0,0,0,0,0.0,0.0
17,1,2541,0,1,1,0,1.0,1.0
17,2,3271,0,1,1,0,1.0,1.0
17,3,2751,0,1,1,0,1.0,1.0
17,4,3000,0,1,0,0,0.0,0.0
17,5,4074,1,1,0,0,0.0,0.0
17,6,3890,1,1,1,0,1.0,1.0
17,7,4018,1,0,0,0,0.0,0.0
17,8,3839,1,1,1,0,1.0,1.0
17,9,3882,1,0,0,0,0.0,0.0
17,10,2604,0,1,1,0,1.0,1.0
17,11,3103,0,1,1,0,1.0,1.0
17,12,3804,1,0,0,0,0.0,0.0
17,13,3943,1,0,0,0,0.0,0.0
17,14,3723,1,0,0,0,0.0,0.0
17,15,3610,1,0,0,0,0.0,0.0
17,16,3824,1,0,0,0,0.0,0.0
17,17,2773,0,0,0,0,0.0,0.0
17,18,2887,0,0,0,0,0.0,0.0
17,19,2861,0,0,0,0,0.0,0.0
17,20,2790,0,0,0,0,0.0,0.0
17,21,3055,0,1,1,0,1.0,1.0
17,22,2674,0,1,1,0,1.0,1.0
17,23,2811,0,1,1,0,1.0,1.0
17,24,3043,0,1,0,0,0.0,0.0
17,25,3157,0,0,0,0,0.0,0.0
17,26,3175,0,0,0,0,0.0,0.0
17,27,2987,0,0,0,0,0.0,0.0
17,28,2995,0,0,0,0,0.0,0.0
17,29,3365,0,0,0,0,0.0,0.0
17,30,3011,0,0,0,0,0.0,0.0
17,31,3363,0,0,0,0,0.0,0.0
17,32,3258,0,0,0,0,0.0,0.0
17,33,3732,1,0,0,0,0.0,0.0
17,34,4265,1,0,0,0,0.0,0.0
17,35,3780,1,0,0,0,0.0,0.0
17,36,4290,1,0,0,0,0.0,0.0
17,37,3719,1,0,0,0,0.0,0.0
17,38,3918,1,0,0,0,0.0,0.0
17,39,3860,1,0,0,0,0.0,0.0
17,40,3741,1,0,0,0,0.0,0.0
17,41,3539,1,0,0,0,0.0,0.0
17,42,3473,0,0,0,0,0.0,0.0
17,43,3375,0,0,0,0,0.0,0.0
17,44,3410,0,0,0,0,0.0,0.0
17,45,3521,1,1,1,0,1.0,1.0
17,46,3519,1,1,0,0,0.0,0.0
17,47,2646,0,1,1,0,1.0,1.0
17,48,3405,0,1,0,0,0.0,0.0
17,49,3856,1,0,0,0,0.0,0.0
17,50,3874,1,0,0,0,0.0,0.0
17,51,3722,1,0,0,0,0.0,0.0
17,52,3771,1,0,0,0,0.0,0.0
17,53,1954,0,1,1,0,1.0,1.0
17,54,1917,0,1,1,0,1.0,1.0
17,55,1913,0,1,1,0,1.0,1.0
17,56,1978,0,1,1,0,1.0,1.0
17,57,3402,0,1,1,0,1.0,1.0
17,58,2148,0,1,1,0,1.0,1.0
17,59,3430,0,1,1,0,1.0,1.0
17,60,3771,1,1,1,0,1.0,1.0
17,61,3970,1,1,1,0,1.0,1.0
17,62,3847,1,0,0,0,0.0,0.0
17,63,4012,1,0,0,0,0.0,0.0
17,64,3763,1,0,0,0,0.0,0.0
18,1,4098,1,0,0,0,0.0,0.0
18,2,4293,1,0,0,0,0.0,0.0
18,3,4532,1,0,0,0,0.0,0.0
18,4,4477,1,0,0,0,0.0,0.0
18,5,4145,1,0,0,0,0.0,0.0
18,6,3456,0,1,1,0,1.0,1.0
18,7,3937,1,1,0,0,0.0,0.0
18,8,4071,1,0,0,0,0.0,0.0
18,9,3435,0,0,0,0,0.0,0.0
18,10,3292,0,1,1,0,1.0,1.0
18,11,3276,0,0,0,0,0.0,0.0
18,12,3500,1,1,1,0,1.0,1.0
18,13,3720,1,0,0,0,0.0,0.0
18,14,3557,1,0,0,0,0.0,0.0
18,15,3457,0,0,0,0,0.0,0.0
18,16,3452,0,0,0,0,0.0,0.0
18,17,2869,0,1,1,0,1.0,1.0
18,18,2630,0,1,1,0,1.0,1.0
18,19,2655,0,1,1,0,1.0,1.0
18,20,2309,0,1,1,0,1.0,1.0
18,21,2922,0,0,0,0,0.0,0.0
18,22,2711,0,0,0,0,0.0,0.0
18,23,2834,0,1,1,0,1.0,1.0
18,24,2907,0,1,1,0,1.0,1.0
18,25,3979,1,0,0,0,0.0,0.0
18,26,3712,1,0,0,0,0.0,0.0
18,27,4218,1,0,0,0,0.0,0.0
18,28,3851,1,0,0,0,0.0,0.0
18,29,2740,0,1,1,0,1.0,1.0
18,30,2710,0,0,0,0,0.0,0.0
18,31,2611,0,0,0,0,0.0,0.0
18,32,2801,0,1,0,0,0.0,0.0
18,33,2593,0,0,0,0,0.0,0.0
18,34,2582,0,0,0,0,0.0,0.0
18,35,2659,0,0,0,0,0.0,0.0
18,36,2731,0,0,0,0,0.0,0.0
18,37,2765,0,0,0,0,0.0,0.0
18,38,2563,0,0,0,0,0.0,0.0
18,39,2605,0,0,0,0,0.0,0.0
18,40,2491,0,0,0,0,0.0,0.0
18,41,3342,0,0,0,0,0.0,0.0
18,42,3367,0,1,1,0,1.0,1.0
18,43,3112,0,1,1,0,1.0,1.0
18,44,3497,0,1,1,0,1.0,1.0
18,45,2823,0,0,0,0,0.0,0.0
18,46,2891,0,1,1,0,1.0,1.0
18,47,2992,0,0,0,0,0.0,0.0
18,48,3055,0,0,0,0,0.0,0.0
18,49,3641,1,0,0,0,0.0,0.0
18,50,3598,1,1,1,0,1.0,1.0
18,51,3673,1,1,1,0,1.0,1.0
18,52,3435,0,0,0,0,0.0,0.0
18,53,2549,0,1,1,0,1.0,1.0
18,54,3275,0,0,0,0,0.0,0.0
18,55,3322,0,1,1,0,1.0,1.0
18,56,2489,0,1,1,0,1.0,1.0
18,57,3335,0,1,0,0,0.0,0.0
18,58,3143,0,0,0,0,0.0,0.0
18,59,3175,0,0,0,0,0.0,0.0
18,60,3094,0,0,0,0,0.0,0.0
18,61,2435,0,0,0,0,0.0,0.0
18,62,2643,0,0,0,0,0.0,0.0
18,63,2508,0,0,0,0,0.0,0.0
18,64,3017,0,1,0,0,0.0,0.0
19,1,3520,1,0,0,0,0.0,0.0
19,2,3166,0,1,1,0,1.0,1.0
19,3,3386,0,0,0,0,0.0,0.0
19,4,3731,1,0,0,0,0.0,0.0
19,5,2625,0,1,1,0,1.0,1.0
19,6,2729,0,1,0,0,0.0,0.0
19,7,2086,0,1,1,0,1.0,1.0
19,8,2753,0,1,0,0,0.0,0.0
19,9,3757,1,0,0,0,0.0,0.0
19,10,3591,1,0,0,0,0.0,0.0
19,11,3345,0,0,0,0,0.0,0.0
19,12,3602,1,0,0,0,0.0,0.0
19,13,3206,0,1,0,0,0.0,0.0
19,14,3137,0,1,1,0,1.0,1.0
19,15,3239,0,0,0,0,0.0,0.0
19,16,3074,0,0,0,0,0.0,0.0
19,17,3813,1,0,0,0,0.0,0.0
19,18,3640,1,0,0,0,0.0,0.0
19,19,3476,0,0,0,0,0.0,0.0
19,20,3573,1,0,0,0,0.0,0.0
19,21,3712,1,0,0,0,0.0,0.0
19,22,3511,1,0,0,0,0.0,0.0
19,23,3532,1,0,0,0,0.0,0.0
19,24,3558,1,0,0,0,0.0,0.0
19,25,2170,0,1,1,0,1.0,1.0
19,26,1969,0,1,1,0,1.0,1.0
19,27,2539,0,1,1,0,1.0,1.0
19,28,1591,0,1,1,0,1.0,1.0
19,29,2247,0,1,1,0,1.0,1.0
19,30,2002,0,1,1,0,1.0,1.0
19,31,1666,0,1,1,0,1.0,1.0
19,32,2310,0,1,1,0,1.0,1.0
19,33,3510,1,0,0,0,0.0,0.0
19,34,2384,0,1,1,0,1.0,1.0
19,35,3434,0,1,0,0,0.0,0.0
19,36,3371,0,0,0,0,0.0,0.0
19,37,3082,0,1,1,0,1.0,1.0
19,38,3596,1,1,0,0,0.0,0.0
19,39,2114,0,1,1,0,1.0,1.0
19,40,3627,1,0,0,0,0.0,0.0
19,41,3747,1,1,0,0,0.0,0.0
19,42,2715,0,1,1,0,1.0,1.0
19,43,3433,0,1,1,0,1.0,1.0
19,44,3560,1,1,1,0,1.0,1.0
19,45,4354,1,0,0,0,0.0,0.0
19,46,4312,1,0,0,0,0.0,0.0
19,47,4573,1,0,0,0,0.0,0.0
19,48,4289,1,0,0,0,0.0,0.0
19,49,2845,0,0,0,0,0.0,0.0
19,50,3152,0,0,0,0,0.0,0.0
19,51,3161,0,0,0,0,0.0,0.0
19,52,3158,0,0,0,0,0.0,0.0
19,53,2717,0,0,0,0,0.0,0.0
19,54,2894,0,0,0,0,0.0,0.0
19,55,2803,0,0,0,0,0.0,0.0
19,56,2884,0,0,0,0,0.0,0.0
19,57,3427,0,0,0,0,0.0,0.0
19,58,3239,0,0,0,0,0.0,0.0
19,59,3541,1,0,0,0,0.0,0.0
19,60,3535,1,0,0,0,0.0,0.0
19,61,3612,1,0,0,0,0.0,0.0
19,62,3660,1,0,0,0,0.0,0.0
19,63,3689,1,0,0,0,0.0,0.0
19,64,3789,1,0,0,0,0.0,0.0
20,1,2900,0,1,1,0,1.0,1.0
20,2,2662,0,0,0,0,0.0,0.0
20,3,2531,0,0,0,0,0.0,0.0
20,4,2977,0,0,0,0,0.0,0.0
20,5,2593,0,0,0,0,0.0,0.0
20,6,2887,0,0,0,0,0.0,0.0
20,7,2706,0,0,0,0,0.0,0.0
20,8,2991,0,0,0,0,0.0,0.0
20,9,2672,0,0,0,0,0.0,0.0
20,10,2743,0,0,0,0,0.0,0.0
20,11,2422,0,0,0,0,0.0,0.0
20,12,2755,0,0,0,0,0.0,0.0
20,13,3451,0,0,0,0,0.0,0.0
20,14,3560,1,1,1,0,1.0,1.0
20,15,2682,0,1,1,0,1.0,1.0
20,16,3315,0,1,1,0,1.0,1.0
20,17,3481,0,0,0,0,0.0,0.0
20,18,3453,0,0,0,0,0.0,0.0
20,19,3596,1,1,0,0,0.0,0.0
20,20,3613,1,0,0,0,0.0,0.0
20,21,2869,0,0,0,0,0.0,0.0
20,22,3080,0,0,0,0,0.0,0.0
20,23,3249,0,0,0,0,0.0,0.0
20,24,3087,0,0,0,0,0.0,0.0
20,25,3126,0,0,0,0,0.0,0.0
20,26,3069,0,0,0,0,0.0,0.0
20,27,2973,0,0,0,0,0.0,0.0
20,28,3043,0,1,0,0,0.0,0.0
20,29,3106,0,1,1,0,1.0,1.0
20,30,3016,0,0,0,0,0.0,0.0
20,31,3110,0,0,0,0,0.0,0.0
20,32,2994,0,1,0,0,0.0,0.0
20,33,3021,0,0,0,0,0.0,0.0
20,34,3030,0,0,0,0,0.0,0.0
20,35,3098,0,0,0,0,0.0,0.0
20,36,3068,0,0,0,0,0.0,0.0
20,37,2930,0,0,0,0,0.0,0.0
20,38,3438,0,0,0,0,0.0,0.0
20,39,3137,0,0,0,0,0.0,0.0
20,40,3441,0,0,0,0,0.0,0.0
20,41,2594,0,1,1,0,1.0,1.0
20,42,3192,0,1,1,0,1.0,1.0
20,43,3520,1,0,0,0,0.0,0.0
20,44,3496,0,0,0,0,0.0,0.0
20,45,1811,0,1,1,0,1.0,1.0
20,46,1424,0,1,1,0,1.0,1.0
20,47,1311,0,1,1,0,1.0,1.0
20,48,1446,0,1,1,0,1.0,1.0
20,49,2727,0,0,0,0,0.0,0.0
20,50,2929,0,0,0,0,0.0,0.0
20,51,2784,0,0,0,0,0.0,0.0
20,52,2961,0,1,0,0,0.0,0.0
20,53,3083,0,1,1,0,1.0,1.0
20,54,3109,0,0,0,0,0.0,0.0
20,55,2601,0,1,1,0,1.0,1.0
20,56,3066,0,1,1,0,1.0,1.0
20,57,3155,0,0,0,0,0.0,0.0
20,58,3051,0,0,0,0,0.0,0.0
20,59,3164,0,0,0,0,0.0,0.0
20,60,3091,0,0,0,0,0.0,0.0
20,61,3333,0,0,0,0,0.0,0.0
20,62,3430,0,0,0,0,0.0,0.0
20,63,3453,0,0,0,0,0.0,0.0
20,64,3250,0,0,0,0,0.0,0.0
21,1,2751,0,1,1,0,1.0,1.0
21,2,3250,0,1,0,0,0.0,0.0
21,3,1790,0,1,1,0,1.0,1.0
21,4,3155,0,1,0,0,0.0,0.0
21,5,3365,0,0,0,0,0.0,0.0
21,6,3318,0,0,0,0,0.0,0.0
21,7,3359,0,0,0,0,0.0,0.0
21,8,3546,1,0,0,0,0.0,0.0
21,9,2382,0,0,0,0,0.0,0.0
21,10,2242,0,0,0,0,0.0,0.0
21,11,2273,0,1,1,0,1.0,1.0
21,12,2520,0,0,0,0,0.0,0.0
21,13,2734,0,0,0,0,0.0,0.0
21,14,2576,0,0,0,0,0.0,0.0
21,15,2807,0,0,0,0,0.0,0.0
21,16,2647,0,1,1,0,1.0,1.0
21,17,2813,0,1,1,0,1.0,1.0
21,18,3371,0,0,0,0,0.0,0.0
21,19,3218,0,0,0,0,0.0,0.0
21,20,3104,0,1,1,0,1.0,1.0
21,21,1945,0,1,1,0,1.0,1.0
21,22,3186,0,1,1,0,1.0,1.0
21,23,3145,0,1,0,0,0.0,0.0
21,24,3262,0,1,1,0,1.0,1.0
21,25,3533,1,1,0,0,0.0,0.0
21,26,3345,0,1,1,0,0.0,0.0
21,27,3538,1,0,0,0,0.0,0.0
21,28,3658,1,0,0,0,0.0,0.0
21,29,4044,1,0,0,0,0.0,0.0
21,30,3982,1,0,0,0,0.0,0.0
21,31,3939,1,0,0,0,0.0,0.0
21,32,4157,1,0,0,0,0.0,0.0
21,33,3576,1,0,0,0,0.0,0.0
21,34,3786,1,0,0,0,0.0,0.0
21,35,3743,1,0,0,0,0.0,0.0
21,36,3803,1,0,0,0,0.0,0.0
21,37,3459,0,0,0,0,0.0,0.0
21,38,3712,1,0,0,0,0.0,0.0
21,39,3746,1,0,0,0,0.0,0.0
21,40,3850,1,0,0,0,0.0,0.0
21,41,3581,1,0,0,0,0.0,0.0
21,42,3674,1,0,0,0,0.0,0.0
21,43,3510,1,0,0,0,0.0,0.0
21,44,3448,0,0,0,0,0.0,0.0
21,45,4550,1,0,0,0,0.0,0.0
21,46,4326,1,0,0,0,0.0,0.0
21,47,4410,1,0,0,0,0.0,0.0
21,48,4328,1,0,0,0,0.0,0.0
21,49,1724,0,1,1,0,1.0,1.0
21,50,2394,0,1,1,0,1.0,1.0
21,51,2858,0,1,1,0,1.0,1.0
21,52,2597,0,1,1,0,1.0,1.0
21,53,2804,0,0,0,0,0.0,0.0
21,54,2803,0,0,0,0,0.0,0.0
21,55,3422,0,0,0,0,0.0,0.0
21,56,3654,1,0,0,0,0.0,0.0
21,57,4352,1,0,0,0,0.0,0.0
21,58,4314,1,0,0,0,0.0,0.0
21,59,3947,1,0,0,0,0.0,0.0
21,60,4264,1,0,0,0,0.0,0.0
21,61,3297,0,0,0,0,0.0,0.0
21,62,3393,0,0,0,0,0.0,0.0
21,63,3708,1,0,0,0,0.0,0.0
21,64,3342,0,0,0,0,0.0,0.0
22,1,1257,0,1,1,0,1.0,1.0
22,2,3561,1,1,1,0,1.0,1.0
22,3,3251,0,1,1,0,1.0,1.0
22,4,3307,0,1,1,0,1.0,1.0
22,5,3127,0,1,0,0,0.0,0.0
22,6,3161,0,1,0,0,0.0,0.0
22,7,2974,0,1,1,0,1.0,1.0
22,8,3065,0,1,1,0,1.0,1.0
22,9,3053,0,1,0,0,0.0,0.0
22,10,2888,0,1,1,0,1.0,1.0
22,11,2652,0,1,1,0,1.0,1.0
22,12,2873,0,1,0,0,0.0,0.0
22,13,3808,1,0,0,0,0.0,0.0
22,14,3832,1,0,0,0,0.0,0.0
22,15,3805,1,1,1,0,1.0,1.0
22,16,3719,1,1,0,0,0.0,0.0
22,17,3665,1,0,0,0,0.0,0.0
22,18,3760,1,0,0,0,0.0,0.0
22,19,3916,1,0,0,0,0.0,0.0
22,20,3507,1,0,0,0,0.0,0.0
22,21,3026,0,1,0,0,0.0,0.0
22,22,2860,0,1,0,0,0.0,0.0
22,23,2957,0,1,1,0,1.0,1.0
22,24,2959,0,1,1,0,1.0,1.0
22,25,3571,1,1,0,0,0.0,0.0
22,26,4308,1,0,0,0,0.0,0.0
22,27,4084,1,0,0,0,0.0,0.0
22,28,4237,1,0,0,0,0.0,0.0
22,29,3889,1,1,0,0,0.0,0.0
22,30,3789,1,1,1,0,1.0,1.0
22,31,2788,0,1,1,0,1.0,1.0
22,32,3117,0,1,1,0,1.0,1.0
22,33,3451,0,0,0,0,0.0,0.0
22,34,3515,1,0,0,0,0.0,0.0
22,35,3642,1,0,0,0,0.0,0.0
22,36,3599,1,0,0,0,0.0,0.0
22,37,3393,0,1,1,0,1.0,1.0
22,38,3260,0,1,1,0,1.0,1.0
22,39,3381,0,1,0,0,0.0,0.0
22,40,3209,0,1,1,0,1.0,1.0
22,41,3073,0,1,1,0,1.0,1.0
22,42,3128,0,1,1,0,1.0,1.0
22,43,2297,0,1,1,0,1.0,1.0
22,44,2292,0,1,1,0,1.0,1.0
22,45,4035,1,0,0,0,0.0,0.0
22,46,4148,1,0,0,0,0.0,0.0
22,47,4097,1,0,0,0,0.0,0.0
22,48,4064,1,0,0,0,0.0,0.0
22,49,3299,0,0,0,0,0.0,0.0
22,50,3628,1,0,0,0,0.0,0.0
22,51,3509,1,1,1,0,1.0,1.0
22,52,3550,1,1,1,0,1.0,1.0
22,53,3002,0,0,0,0,0.0,0.0
22,54,3021,0,0,0,0,0.0,0.0
22,55,3183,0,1,1,0,1.0,1.0
22,56,3222,0,1,1,0,1.0,1.0
22,57,2189,0,1,1,0,1.0,1.0
22,58,2491,0,1,1,0,1.0,1.0
22,59,3081,0,1,1,0,1.0,1.0
22,60,1798,0,1,1,0,1.0,1.0
22,61,1877,0,1,1,0,1.0,1.0
22,62,2550,0,1,1,0,1.0,1.0
22,63,2083,0,1,1,0,1.0,1.0
22,64,1594,0,1,1,0,1.0,1.0
23,1,1771,0,1,1,0,1.0,1.0
23,2,2137,0,1,1,0,1.0,1.0
23,3,2188,0,1,1,0,1.0,1.0
23,4,1956,0,1,1,0,1.0,1.0
23,5,3232,0,1,1,0,1.0,1.0
23,6,2984,0,1,1,0,1.0,1.0
23,7,2177,0,1,1,0,1.0,1.0
23,8,2929,0,0,0,0,0.0,0.0
23,9,3465,0,0,0,0,0.0,0.0
23,10,3962,1,0,0,0,0.0,0.0
23,11,3230,0,0,0,0,0.0,0.0
23,12,3753,1,0,0,0,0.0,0.0
23,13,2981,0,1,1,0,1.0,1.0
23,14,2751,0,0,0,0,0.0,0.0
23,15,3101,0,1,1,0,1.0,1.0
23,16,2863,0,0,0,0,0.0,0.0
23,17,3745,1,0,0,0,0.0,0.0
23,18,3683,1,0,0,0,0.0,0.0
23,19,3874,1,0,0,0,0.0,0.0
23,20,3724,1,0,0,0,0.0,0.0
23,21,3580,1,1,0,0,0.0,0.0
23,22,3624,1,1,1,0,1.0,1.0
23,23,3579,1,0,0,0,0.0,0.0
23,24,3840,1,1,0,0,0.0,0.0
23,25,4093,1,0,0,0,0.0,0.0
23,26,4316,1,0,0,0,0.0,0.0
23,27,4198,1,0,0,0,0.0,0.0
23,28,4353,1,0,0,0,0.0,0.0
23,29,3610,1,0,0,0,0.0,0.0
23,30,3736,1,0,0,0,0.0,0.0
23,31,3569,1,0,0,0,0.0,0.0
23,32,3442,0,0,0,0,0.0,0.0
23,33,4397,1,0,0,0,0.0,0.0
23,34,3212,0,0,0,0,0.0,0.0
23,35,4399,1,0,0,0,0.0,0.0
23,36,3476,0,0,0,0,0.0,0.0
23,37,4211,1,0,0,0,0.0,0.0
23,38,4118,1,0,0,0,0.0,0.0
23,39,3786,1,0,0,0,0.0,0.0
23,40,4100,1,0,0,0,0.0,0.0
23,41,2891,0,0,0,0,0.0,0.0
23,42,2625,0,0,0,0,0.0,0.0
23,43,2951,0,0,0,0,0.0,0.0
23,44,2920,0,0,0,0,0.0,0.0
23,45,1503,0,1,1,0,1.0,1.0
23,46,2926,0,1,1,0,1.0,1.0
23,47,2084,0,1,1,0,1.0,1.0
23,48,3416,0,1,1,0,1.0,1.0
23,49,3602,1,0,0,0,0.0,0.0
23,50,3689,1,0,0,0,0.0,0.0
23,51,3686,1,0,0,0,0.0,0.0
23,52,3476,0,0,0,0,0.0,0.0
23,53,3311,0,1,1,0,1.0,1.0
23,54,3349,0,1,0,0,0.0,0.0
23,55,3179,0,1,1,0,1.0,1.0
23,56,3384,0,1,1,0,1.0,1.0
23,57,3463,0,1,1,0,1.0,1.0
23,58,3361,0,0,0,0,0.0,0.0
23,59,3525,1,0,0,0,0.0,0.0
23,60,3432,0,0,0,0,0.0,0.0
23,61,3686,1,0,0,0,0.0,0.0
23,62,3592,1,0,0,0,0.0,0.0
23,63,3390,0,0,0,0,0.0,0.0
23,64,3534,1,0,0,0,0.0,0.0
24,1,3451,0,1,1,0,1.0,1.0
24,2,3226,0,1,1,0,1.0,1.0
24,3,3474,0,1,0,0,0.0,0.0
24,4,2890,0,1,1,0,1.0,1.0
24,5,3499,0,0,0,0,0.0,0.0
24,6,3313,0,1,0,0,0.0,0.0
24,7,3285,0,1,1,0,1.0,1.0
24,8,2812,0,1,1,0,1.0,1.0
24,9,3626,1,0,0,0,0.0,0.0
24,10,3621,1,0,0,0,0.0,0.0
24,11,3426,0,0,0,0,0.0,0.0
24,12,3689,1,0,0,0,0.0,0.0
24,13,3071,0,0,0,0,0.0,0.0
24,14,3130,0,0,0,0,0.0,0.0
24,15,2219,0,1,1,0,1.0,1.0
24,16,3118,0,0,0,0,0.0,0.0
24,17,3349,0,1,1,0,1.0,1.0
24,18,3380,0,1,1,0,1.0,1.0
24,19,3225,0,1,1,0,1.0,1.0
24,20,3227,0,1,0,0,0.0,0.0
24,21,3006,0,1,1,0,1.0,1.0
24,22,3115,0,0,0,0,0.0,0.0
24,23,2967,0,1,1,0,1.0,1.0
24,24,2845,0,1,1,0,1.0,1.0
24,25,3671,1,0,0,0,0.0,0.0
24,26,3388,0,1,0,0,0.0,0.0
24,27,3512,1,0,0,0,0.0,0.0
24,28,3552,1,0,0,0,0.0,0.0
24,29,3290,0,0,0,0,0.0,0.0
24,30,3112,0,0,0,0,0.0,0.0
24,31,3059,0,1,1,0,1.0,1.0
24,32,3154,0,1,0,0,0.0,0.0
24,33,3401,0,1,1,0,1.0,1.0
24,34,3211,0,1,1,0,1.0,1.0
24,35,3207,0,1,1,0,1.0,1.0
24,36,3158,0,1,1,0,1.0,1.0
24,37,2875,0,1,1,0,1.0,1.0
24,38,2775,0,1,1,0,1.0,1.0
24,39,2657,0,1,1,0,1.0,1.0
24,40,2506,0,1,1,0,1.0,1.0
24,41,2652,0,1,1,0,1.0,1.0
24,42,2797,0,1,1,0,1.0,1.0
24,43,1467,0,1,1,0,1.0,1.0
24,44,3299,0,1,1,0,1.0,1.0
24,45,3791,1,0,0,0,0.0,0.0
24,46,3703,1,0,0,0,0.0,0.0
24,47,3278,0,1,1,0,1.0,1.0
24,48,3064,0,1,1,0,1.0,1.0
24,49,1818,0,1,1,0,1.0,1.0
24,50,1775,0,1,1,0,1.0,1.0
24,51,3199,0,1,0,0,0.0,0.0
24,52,2297,0,1,1,0,1.0,1.0
24,53,3659,1,0,0,0,0.0,0.0
24,54,3643,1,1,0,0,0.0,0.0
24,55,3287,0,1,1,0,1.0,1.0
24,56,3724,1,1,0,0,0.0,0.0
24,57,3170,0,0,0,0,0.0,0.0
24,58,2323,0,1,1,0,1.0,1.0
24,59,3090,0,1,0,0,0.0,0.0
24,60,2246,0,1,1,0,1.0,1.0
24,61,3426,0,0,0,0,0.0,0.0
24,62,3137,0,0,0,0,0.0,0.0
24,63,3770,1,0,0,0,0.0,0.0
24,64,3149,0,0,0,0,0.0,0.0
25,1,3307,0,0,0,0,0.0,0.0
25,2,3183,0,0,0,0,0.0,0.0
25,3,3233,0,0,0,0,0.0,0.0
25,4,3127,0,0,0,0,0.0,0.0
25,5,3360,0,1,1,0,1.0,1.0
25,6,3624,1,0,0,0,0.0,0.0
25,7,4046,1,0,0,0,0.0,0.0
25,8,3400,0,1,0,0,0.0,0.0
25,9,3705,1,0,0,0,0.0,0.0
25,10,3574,1,1,0,0,0.0,0.0
25,11,3744,1,0,0,0,0.0,0.0
25,12,3842,1,0,0,0,0.0,0.0
25,13,3334,0,1,1,0,1.0,1.0
25,14,3195,0,1,1,0,1.0,1.0
25,15,3343,0,1,1,0,1.0,1.0
25,16,3482,0,1,0,0,0.0,0.0
25,17,3581,1,0,0,0,0.0,0.0
25,18,3636,1,0,0,0,0.0,0.0
25,19,3796,1,0,0,0,0.0,0.0
25,20,3716,1,0,0,0,0.0,0.0
25,21,4292,1,0,0,0,0.0,0.0
25,22,3950,1,0,0,0,0.0,0.0
25,23,3895,1,0,0,0,0.0,0.0
25,24,3998,1,0,0,0,0.0,0.0
25,25,2841,0,1,1,0,1.0,1.0
25,26,3284,0,1,0,0,0.0,0.0
25,27,3306,0,1,0,0,0.0,0.0
25,28,2368,0,1,1,0,1.0,1.0
25,29,3449,0,1,0,0,0.0,0.0
25,30,3674,1,0,0,0,0.0,0.0
25,31,3442,0,1,1,0,1.0,1.0
25,32,3578,1,0,0,0,0.0,0.0
25,33,3759,1,0,0,0,0.0,0.0
25,34,3946,1,0,0,0,0.0,0.0
25,35,3862,1,0,0,0,0.0,0.0
25,36,3128,0,1,1,0,1.0,1.0
25,37,3446,0,1,0,0,0.0,0.0
25,38,3478,0,1,1,0,1.0,1.0
25,39,3502,1,0,0,0,0.0,0.0
25,40,3368,0,1,1,0,1.0,1.0
25,41,4124,1,0,0,0,0.0,0.0
25,42,3397,0,0,0,0,0.0,0.0
25,43,3585,1,0,0,0,0.0,0.0
25,44,4281,1,0,0,0,0.0,0.0
25,45,3294,0,0,0,0,0.0,0.0
25,46,1713,0,1,1,0,1.0,1.0
25,47,1703,0,1,1,0,1.0,1.0
25,48,1806,0,1,1,0,1.0,1.0
25,49,3951,1,0,0,0,0.0,0.0
25,50,3676,1,1,1,0,1.0,1.0
25,51,4259,1,0,0,0,0.0,0.0
25,52,3812,1,0,0,0,0.0,0.0
25,53,2817,0,0,0,0,0.0,0.0
25,54,2798,0,0,0,0,0.0,0.0
25,55,3025,0,0,0,0,0.0,0.0
25,56,2719,0,0,0,0,0.0,0.0
25,57,1261,0,1,1,0,1.0,1.0
25,58,2619,0,1,1,0,1.0,1.0
25,59,1298,0,1,1,0,1.0,1.0
25,60,1583,0,1,1,0,1.0,1.0
25,61,3047,0,1,0,0,0.0,0.0
25,62,3178,0,0,0,0,0.0,0.0
25,63,3064,0,1,0,0,0.0,0.0
25,64,2981,0,1,0,0,0.0,0.0
26,1,3126,0,0,0,0,0.0,0.0
26,2,3282,0,1,1,0,1.0,1.0
26,3,2988,0,0,0,0,0.0,0.0
26,4,3081,0,0,0,0,0.0,0.0
26,5,2879,0,1,1,0,1.0,1.0
26,6,2419,0,1,1,0,1.0,1.0
26,7,2907,0,1,1,0,1.0,1.0
26,8,3181,0,1,1,0,1.0,1.0
26,9,3944,1,0,0,0,0.0,0.0
26,10,3732,1,0,0,0,0.0,0.0
26,11,3589,1,0,0,0,0.0,0.0
26,12,3968,1,0,0,0,0.0,0.0
26,13,3773,1,0,0,0,0.0,0.0
26,14,4049,1,0,0,0,0.0,0.0
26,15,3911,1,0,0,0,0.0,0.0
26,16,3925,1,0,0,0,0.0,0.0
26,17,3212,0,0,0,0,0.0,0.0
26,18,3314,0,1,1,0,1.0,1.0
26,19,3361,0,0,0,0,0.0,0.0
26,20,2818,0,1,1,0,1.0,1.0
26,21,2574,0,1,1,0,1.0,1.0
26,22,2616,0,1,1,0,1.0,1.0
26,23,2076,0,1,1,0,1.0,1.0
26,24,2537,0,1,1,0,1.0,1.0
26,25,2616,0,1,1,0,0.0,0.0
26,26,3563,1,0,0,0,0.0,0.0
26,27,3458,0,0,0,0,0.0,0.0
26,28,3387,0,0,0,0,0.0,0.0
26,29,3687,1,0,0,0,0.0,0.0
26,30,3556,1,0,0,0,0.0,0.0
26,31,3445,0,0,0,0,0.0,0.0
26,32,3519,1,0,0,0,0.0,0.0
26,33,3833,1,0,0,0,0.0,0.0
26,34,3977,1,0,0,0,0.0,0.0
26,35,3767,1,0,0,0,0.0,0.0
26,36,4207,1,0,0,0,0.0,0.0
26,37,2879,0,0,0,0,0.0,0.0
26,38,2983,0,0,0,0,0.0,0.0
26,39,3196,0,1,1,0,1.0,1.0
26,40,2834,0,0,0,0,0.0,0.0
26,41,3350,0,0,0,0,0.0,0.0
26,42,3379,0,0,0,0,0.0,0.0
26,43,3596,1,0,0,0,0.0,0.0
26,44,3476,0,0,0,0,0.0,0.0
26,45,3192,0,0,0,0,0.0,0.0
26,46,3280,0,1,0,0,0.0,0.0
26,47,3472,0,1,1,0,1.0,1.0
26,48,3328,0,0,0,0,0.0,0.0
26,49,3372,0,1,1,0,1.0,1.0
26,50,3251,0,0,0,0,0.0,0.0
26,51,3086,0,0,0,0,0.0,0.0
26,52,3329,0,0,0,0,0.0,0.0
26,53,1943,0,1,1,0,1.0,1.0
26,54,2776,0,1,0,0,0.0,0.0
26,55,2753,0,1,1,0,1.0,1.0
26,56,2899,0,1,0,0,0.0,0.0
26,57,3294,0,1,1,0,1.0,1.0
26,58,3583,1,1,0,0,0.0,0.0
26,59,3372,0,0,0,0,0.0,0.0
26,60,3477,0,1,0,0,0.0,0.0
26,61,3360,0,0,0,0,0.0,0.0
26,62,3868,1,0,0,0,0.0,0.0
26,63,3585,1,0,0,0,0.0,0.0
26,64,4445,1,0,0,0,0.0,0.0
27,1,2347,0,1,1,0,1.0,1.0
27,2,2280,0,1,1,0,1.0,1.0
27,3,2553,0,1,1,0,1.0,1.0
27,4,2072,0,1,1,0,1.0,1.0
27,5,3699,1,0,0,0,0.0,0.0
27,6,3924,1,0,0,0,0.0,0.0
27,7,3913,1,0,0,0,0.0,0.0
27,8,3867,1,0,0,0,0.0,0.0
27,9,3900,1,0,0,0,0.0,0.0
27,10,3622,1,1,0,0,0.0,0.0
27,11,3921,1,0,0,0,0.0,0.0
27,12,3931,1,0,0,0,0.0,0.0
27,13,3782,1,0,0,0,0.0,0.0
27,14,3748,1,1,1,0,1.0,1.0
27,15,3709,1,0,0,0,0.0,0.0
27,16,3622,1,1,0,0,0.0,0.0
27,17,2555,0,1,1,0,1.0,1.0
27,18,3280,0,1,1,0,0.0,0.0
27,19,3753,1,0,0,0,0.0,0.0
27,20,3295,0,0,0,0,0.0,0.0
27,21,2689,0,0,0,0,0.0,0.0
27,22,2794,0,1,1,0,1.0,1.0
27,23,2745,0,0,0,0,0.0,0.0
27,24,2542,0,0,0,0,0.0,0.0
27,25,1613,0,1,1,0,1.0,1.0
27,26,2471,0,1,1,0,1.0,1.0
27,27,2116,0,1,1,0,1.0,1.0
27,28,1739,0,1,1,0,1.0,1.0
27,29,3748,1,0,0,0,0.0,0.0
27,30,3840,1,1,1,0,1.0,1.0
27,31,1308,0,1,1,0,1.0,1.0
27,32,3484,0,1,1,0,1.0,1.0
27,33,2661,0,1,1,0,1.0,1.0
27,34,3012,0,1,0,0,0.0,0.0
27,35,3221,0,1,0,0,0.0,0.0
27,36,2549,0,1,1,0,1.0,1.0
27,37,2192,0,1,1,0,1.0,1.0
27,38,2016,0,1,1,0,1.0,1.0
27,39,2836,0,1,1,0,1.0,1.0
27,40,2158,0,1,1,0,1.0,1.0
27,41,2861,0,0,0,0,0.0,0.0
27,42,2807,0,1,1,0,1.0,1.0
27,43,2981,0,1,1,0,1.0,1.0
27,44,2622,0,0,0,0,0.0,0.0
27,45,2228,0,1,1,0,1.0,1.0
27,46,2133,0,1,1,0,1.0,1.0
27,47,2154,0,1,1,0,1.0,1.0
27,48,2136,0,1,1,0,1.0,1.0
27,49,2892,0,0,0,0,0.0,0.0
27,50,2827,0,0,0,0,0.0,0.0
27,51,3049,0,0,0,0,0.0,0.0
27,52,3069,0,0,0,0,0.0,0.0
27,53,4491,1,0,0,0,0.0,0.0
27,54,4492,1,0,0,0,0.0,0.0
27,55,4575,1,0,0,0,0.0,0.0
27,56,4319,1,0,0,0,0.0,0.0
27,57,3147,0,1,0,0,0.0,0.0
27,58,1773,0,1,1,0,1.0,1.0
27,59,2409,0,1,1,0,1.0,1.0
27,60,3170,0,0,0,0,0.0,0.0
27,61,2987,0,0,0,0,0.0,0.0
27,62,2999,0,0,0,0,0.0,0.0
27,63,2911,0,0,0,0,0.0,0.0
27,64,2809,0,0,0,0,0.0,0.0
28,1,3060,0,0,0,0,0.0,0.0
28,2,2448,0,1,1,0,1.0,1.0
28,3,2954,0,1,0,0,0.0,0.0
28,4,2329,0,1,1,0,1.0,1.0
28,5,4450,1,0,0,0,0.0,0.0
28,6,4210,1,0,0,0,0.0,0.0
28,7,3806,1,0,0,0,0.0,0.0
28,8,3861,1,0,0,0,0.0,0.0
28,9,2366,0,1,1,0,1.0,1.0
28,10,2309,0,1,1,0,1.0,1.0
28,11,2185,0,1,1,0,1.0,1.0
28,12,1844,0,1,1,0,1.0,1.0
28,13,3429,0,0,0,0,0.0,0.0
28,14,3437,0,1,1,0,1.0,1.0
28,15,3226,0,0,0,0,0.0,0.0
28,16,3422,0,1,1,0,1.0,1.0
28,17,2648,0,1,1,0,1.0,1.0
28,18,3040,0,0,0,0,0.0,0.0
28,19,2700,0,1,1,0,1.0,1.0
28,20,2154,0,1,1,0,1.0,1.0
28,21,2135,0,1,1,0,1.0,1.0
28,22,3151,0,1,1,0,1.0,1.0
28,23,3528,1,1,0,0,0.0,0.0
28,24,3434,0,0,0,0,0.0,0.0
28,25,2442,0,1,1,0,1.0,1.0
28,26,2488,0,1,1,0,1.0,1.0
28,27,2889,0,1,1,0,1.0,1.0
28,28,2910,0,1,1,0,1.0,1.0
28,29,2179,0,1,1,0,1.0,1.0
28,30,3165,0,0,0,0,0.0,0.0
28,31,2762,0,1,1,0,1.0,1.0
28,32,2498,0,1,1,0,1.0,1.0
28,33,3470,0,1,1,0,1.0,1.0
28,34,3461,0,0,0,0,0.0,0.0
28,35,3575,1,0,0,0,0.0,0.0
28,36,3490,0,1,0,0,0.0,0.0
28,37,2574,0,1,1,0,1.0,1.0
28,38,2413,0,1,1,0,1.0,1.0
28,39,2106,0,1,1,0,1.0,1.0
28,40,2354,0,1,1,0,0.0,0.0
28,41,4158,1,0,0,0,0.0,0.0
28,42,2503,0,1,1,0,1.0,1.0
28,43,4003,1,0,0,0,0.0,0.0
28,44,3225,0,1,1,0,1.0,1.0
28,45,3743,1,0,0,0,0.0,0.0
28,46,3576,1,0,0,0,0.0,0.0
28,47,3936,1,0,0,0,0.0,0.0
28,48,3443,0,1,0,0,0.0,0.0
28,49,3186,0,0,0,0,0.0,0.0
28,50,3441,0,0,0,0,0.0,0.0
28,51,3453,0,0,0,0,0.0,0.0
28,52,3385,0,0,0,0,0.0,0.0
28,53,2936,0,0,0,0,0.0,0.0
28,54,3588,1,0,0,0,0.0,0.0
28,55,3380,0,0,0,0,0.0,0.0
28,56,3329,0,0,0,0,0.0,0.0
28,57,3362,0,0,0,0,0.0,0.0
28,58,3141,0,0,0,0,0.0,0.0
28,59,3179,0,1,1,0,1.0,1.0
28,60,2288,0,1,1,0,1.0,1.0
28,61,2252,0,1,1,0,1.0,1.0
28,62,2172,0,1,1,0,1.0,1.0
28,63,2575,0,1,1,0,1.0,1.0
28,64,1695,0,1,1,0,1.0,1.0
29,1,3309,0,0,0,0,0.0,0.0
29,2,3547,1,0,0,0,0.0,0.0
29,3,2900,0,1,0,0,0.0,0.0
29,4,3206,0,0,0,0,0.0,0.0
29,5,3417,0,1,1,0,1.0,1.0
29,6,3376,0,0,0,0,0.0,0.0
29,7,3401,0,0,0,0,0.0,0.0
29,8,3702,1,0,0,0,0.0,0.0
29,9,3841,1,0,0,0,0.0,0.0
29,10,3805,1,0,0,0,0.0,0.0
29,11,3722,1,0,0,0,0.0,0.0
29,12,3707,1,0,0,0,0.0,0.0
29,13,2653,0,0,0,0,0.0,0.0
29,14,2590,0,0,0,0,0.0,0.0
29,15,2741,0,0,0,0,0.0,0.0
29,16,2466,0,0,0,0,0.0,0.0
29,17,2861,0,1,1,0,1.0,1.0
29,18,2117,0,1,1,0,1.0,1.0
29,19,2756,0,1,1,0,1.0,1.0
29,20,2632,0,1,1,0,1.0,1.0
29,21,2954,0,0,0,0,0.0,0.0
29,22,2957,0,0,0,0,0.0,0.0
29,23,2817,0,0,0,0,0.0,0.0
29,24,2841,0,0,0,0,0.0,0.0
29,25,3047,0,0,0,0,0.0,0.0
29,26,3232,0,1,1,0,1.0,1.0
29,27,3216,0,1,0,0,0.0,0.0
29,28,3221,0,1,1,0,1.0,1.0
29,29,3433,0,0,0,0,0.0,0.0
29,30,3320,0,1,0,0,0.0,0.0
29,31,3470,0,0,0,0,0.0,0.0
29,32,3360,0,1,1,0,1.0,1.0
29,33,3707,1,0,0,0,0.0,0.0
29,34,3733,1,0,0,0,0.0,0.0
29,35,3518,1,0,0,0,0.0,0.0
29,36,3472,0,0,0,0,0.0,0.0
29,37,3805,1,0,0,0,0.0,0.0
29,38,3389,0,0,0,0,0.0,0.0
29,39,3862,1,0,0,0,0.0,0.0
29,40,3854,1,0,0,0,0.0,0.0
29,41,1999,0,1,1,0,1.0,1.0
29,42,2754,0,1,1,0,1.0,1.0
29,43,2382,0,1,1,0,1.0,1.0
29,44,1939,0,1,1,0,1.0,1.0
29,45,3521,1,1,0,0,0.0,0.0
29,46,2709,0,1,1,0,1.0,1.0
29,47,3253,0,1,1,0,1.0,1.0
29,48,3149,0,1,1,0,1.0,1.0
29,49,1730,0,1,1,0,1.0,1.0
29,50,1388,0,1,1,0,1.0,1.0
29,51,1686,0,1,1,0,1.0,1.0
29,52,3281,0,1,1,0,1.0,1.0
29,53,3528,1,1,1,0,1.0,1.0
29,54,3246,0,0,0,0,0.0,0.0
29,55,3350,0,0,0,0,0.0,0.0
29,56,3474,0,0,0,0,0.0,0.0
29,57,3321,0,1,1,0,1.0,1.0
29,58,2564,0,1,1,0,1.0,1.0
29,59,3215,0,1,1,0,1.0,1.0
29,60,3069,0,1,1,0,1.0,1.0
29,61,3887,1,0,0,0,0.0,0.0
29,62,3957,1,0,0,0,0.0,0.0
29,63,4045,1,0,0,0,0.0,0.0
29,64,3950,1,0,0,0,0.0,0.0
30,1,2099,0,1,1,0,1.0,1.0
30,2,3129,0,0,0,0,0.0,0.0
30,3,2601,0,1,1,0,1.0,1.0
30,4,2559,0,1,1,0,1.0,1.0
30,5,2918,0,1,1,0,1.0,1.0
30,6,3071,0,1,1,0,1.0,1.0
30,7,3132,0,1,1,0,1.0,1.0
30,8,3196,0,1,0,0,0.0,0.0
30,9,4148,1,0,0,0,0.0,0.0
30,10,3850,1,0,0,0,0.0,0.0
30,11,3962,1,0,0,0,0.0,0.0
30,12,4146,1,0,0,0,0.0,0.0
30,13,3531,1,1,1,0,1.0,1.0
30,14,2931,0,1,1,0,1.0,1.0
30,15,3366,0,1,1,0,1.0,1.0
30,16,3326,0,1,0,0,0.0,0.0
30,17,2374,0,1,1,0,1.0,1.0
30,18,2634,0,1,1,0,1.0,1.0
30,19,1998,0,1,1,0,1.0,1.0
30,20,2749,0,1,1,0,1.0,1.0
30,21,2689,0,0,0,0,0.0,0.0
30,22,2780,0,0,0,0,0.0,0.0
30,23,2825,0,0,0,0,0.0,0.0
30,24,3020,0,0,0,0,0.0,0.0
30,25,3606,1,0,0,0,0.0,0.0
30,26,3545,1,0,0,0,0.0,0.0
30,27,2478,0,1,1,0,1.0,1.0
30,28,3551,1,1,1,0,1.0,1.0
30,29,2921,0,1,1,0,1.0,1.0
30,30,2893,0,1,1,0,1.0,1.0
30,31,2779,0,1,1,0,1.0,1.0
30,32,3419,0,1,0,0,0.0,0.0
30,33,3326,0,1,0,0,0.0,0.0
30,34,3392,0,0,0,0,0.0,0.0
30,35,3427,0,0,0,0,0.0,0.0
30,36,3250,0,1,0,0,0.0,0.0
30,37,3798,1,0,0,0,0.0,0.0
30,38,3960,1,0,0,0,0.0,0.0
30,39,3072,0,0,0,0,0.0,0.0
30,40,3614,1,0,0,0,0.0,0.0
30,41,3619,1,1,1,0,1.0,1.0
30,42,3570,1,0,0,0,0.0,0.0
30,43,3596,1,1,1,0,1.0,1.0
30,44,3586,1,0,0,0,0.0,0.0
30,45,2992,0,1,1,0,1.0,1.0
30,46,3066,0,0,0,0,0.0,0.0
30,47,3261,0,1,0,0,0.0,0.0
30,48,2958,0,1,1,0,1.0,1.0
30,49,3467,0,0,0,0,0.0,0.0
30,50,3255,0,0,0,0,0.0,0.0
30,51,3102,0,0,0,0,0.0,0.0
30,52,3285,0,0,0,0,0.0,0.0
30,53,3870,1,0,0,0,0.0,0.0
30,54,4470,1,0,0,0,0.0,0.0
30,55,4253,1,0,0,0,0.0,0.0
30,56,4329,1,0,0,0,0.0,0.0
30,57,2803,0,0,0,0,0.0,0.0
30,58,2987,0,0,0,0,0.0,0.0
30,59,3026,0,1,1,0,1.0,1.0
30,60,2967,0,0,0,0,0.0,0.0
30,61,2667,0,0,0,0,0.0,0.0
30,62,2984,0,0,0,0,0.0,0.0
30,63,2831,0,0,0,0,0.0,0.0
30,64,2991,0,0,0,0,0.0,0.0
31,1,3972,1,0,0,0,0.0,0.0
31,2,3708,1,0,0,0,0.0,0.0
31,3,3747,1,0,0,0,0.0,0.0
31,4,3632,1,0,0,0,0.0,0.0
31,5,3613,1,0,0,0,0.0,0.0
31,6,3582,1,0,0,0,0.0,0.0
31,7,3579,1,0,0,0,0.0,0.0
31,8,3514,1,0,0,0,0.0,0.0
31,9,3431,0,1,1,0,1.0,1.0
31,10,3259,0,1,0,0,0.0,0.0
31,11,3078,0,1,1,0,1.0,1.0
31,12,2892,0,1,1,0,1.0,1.0
31,13,3597,1,1,1,0,1.0,1.0
31,14,3900,1,0,0,0,0.0,0.0
31,15,3182,0,1,1,0,1.0,1.0
31,16,3887,1,0,0,0,0.0,0.0
31,17,2759,0,1,1,0,1.0,1.0
31,18,3367,0,0,0,0,0.0,0.0
31,19,2521,0,0,0,0,0.0,0.0
31,20,3067,0,0,0,0,0.0,0.0
31,21,2491,0,1,1,0,1.0,1.0
31,22,1960,0,1,1,0,1.0,1.0
31,23,1889,0,1,1,0,1.0,1.0
31,24,2308,0,1,1,0,1.0,1.0
31,25,2623,0,1,1,0,1.0,1.0
31,26,2987,0,1,0,0,0.0,0.0
31,27,2185,0,1,1,0,1.0,1.0
31,28,2821,0,0,0,0,0.0,0.0
31,29,3269,0,0,0,0,0.0,0.0
31,30,3377,0,1,0,0,0.0,0.0
31,31,3307,0,0,0,0,0.0,0.0
31,32,3243,0,1,0,0,0.0,0.0
31,33,2692,0,0,0,0,0.0,0.0
31,34,2654,0,0,0,0,0.0,0.0
31,35,2644,0,0,0,0,0.0,0.0
31,36,2554,0,0,0,0,0.0,0.0
31,37,2277,0,1,1,0,1.0,1.0
31,38,2546,0,1,1,0,1.0,1.0
31,39,2677,0,1,1,0,1.0,1.0
31,40,2107,0,1,1,0,1.0,1.0
31,41,3180,0,0,0,0,0.0,0.0
31,42,3510,1,0,0,0,0.0,0.0
31,43,3455,0,0,0,0,0.0,0.0
31,44,3332,0,0,0,0,0.0,0.0
31,45,1222,0,1,1,0,1.0,1.0
31,46,1147,0,1,1,0,1.0,1.0
31,47,2480,0,1,1,0,1.0,1.0
31,48,1684,0,1,1,0,1.0,1.0
31,49,3808,1,0,0,0,0.0,0.0
31,50,4341,1,0,0,0,0.0,0.0
31,51,3803,1,0,0,0,0.0,0.0
31,52,4420,1,0,0,0,0.0,0.0
31,53,2103,0,1,1,0,1.0,1.0
31,54,2787,0,1,1,0,1.0,1.0
31,55,2745,0,0,0,0,0.0,0.0
31,56,2380,0,1,1,0,1.0,1.0
31,57,3886,1,0,0,0,0.0,0.0
31,58,3583,1,1,0,0,0.0,0.0
31,59,3460,0,1,1,0,1.0,1.0
31,60,3599,1,0,0,0,0.0,0.0
31,61,3503,1,0,0,0,0.0,0.0
31,62,3395,0,0,0,0,0.0,0.0
31,63,3561,1,0,0,0,0.0,0.0
31,64,3096,0,0,0,0,0.0,0.0
32,1,3665,1,0,0,0,0.0,0.0
32,2,3611,1,0,0,0,0.0,0.0
32,3,3800,1,0,0,0,0.0,0.0
32,4,3750,1,0,0,0,0.0,0.0
32,5,3698,1,0,0,0,0.0,0.0
32,6,3504,1,1,0,0,0.0,0.0
32,7,3489,0,1,1,0,1.0,1.0
32,8,3447,0,0,0,0,0.0,0.0
32,9,3629,1,0,0,0,0.0,0.0
32,10,3842,1,0,0,0,0.0,0.0
32,11,3680,1,0,0,0,0.0,0.0
32,12,3668,1,0,0,0,0.0,0.0
32,13,3495,0,0,0,0,0.0,0.0
32,14,3556,1,0,0,0,0.0,0.0
32,15,3503,1,0,0,0,0.0,0.0
32,16,3420,0,0,0,0,0.0,0.0
32,17,2770,0,1,1,0,1.0,1.0
32,18,2942,0,1,1,0,1.0,1.0
32,19,2969,0,1,1,0,1.0,1.0
32,20,3189,0,1,1,0,1.0,1.0
32,21,2599,0,1,1,0,1.0,1.0
32,22,2098,0,1,1,0,1.0,1.0
32,23,3576,1,1,0,0,0.0,0.0
32,24,3569,1,1,0,0,0.0,0.0
32,25,3404,0,1,1,0,1.0,1.0
32,26,2902,0,1,1,0,1.0,1.0
32,27,2511,0,1,1,0,1.0,1.0
32,28,3008,0,1,1,0,1.0,1.0
32,29,3168,0,1,1,0,1.0,1.0
32,30,2366,0,1,1,0,1.0,1.0
32,31,2258,0,1,1,0,1.0,1.0
32,32,2999,0,1,1,0,1.0,1.0
32,33,2876,0,1,0,0,0.0,0.0
32,34,3069,0,1,0,0,0.0,0.0
32,35,2905,0,1,1,0,1.0,1.0
32,36,2956,0,1,1,0,1.0,1.0
32,37,2895,0,0,0,0,0.0,0.0
32,38,2820,0,0,0,0,0.0,0.0
32,39,2772,0,0,0,0,0.0,0.0
32,40,2696,0,0,0,0,0.0,0.0
32,41,3003,0,1,1,0,1.0,1.0
32,42,2901,0,1,1,0,1.0,1.0
32,43,3408,0,1,1,0,1.0,1.0
32,44,2965,0,1,1,0,1.0,1.0
32,45,3805,1,0,0,0,0.0,0.0
32,46,4315,1,0,0,0,0.0,0.0
32,47,4352,1,0,0,0,0.0,0.0
32,48,4106,1,0,0,0,0.0,0.0
32,49,3219,0,1,1,0,1.0,1.0
32,50,3121,0,1,1,0,1.0,1.0
32,51,2881,0,1,1,0,1.0,1.0
32,52,3107,0,1,1,0,1.0,1.0
32,53,3646,1,0,0,0,0.0,0.0
32,54,3702,1,0,0,0,0.0,0.0
32,55,3420,0,0,0,0,0.0,0.0
32,56,3385,0,0,0,0,0.0,0.0
32,57,2897,0,1,1,0,1.0,1.0
32,58,2689,0,1,1,0,1.0,1.0
32,59,2764,0,1,1,0,1.0,1.0
32,60,2501,0,0,0,0,0.0,0.0
32,61,3536,1,0,0,0,0.0,0.0
32,62,3667,1,0,0,0,0.0,0.0
32,63,3638,1,0,0,0,0.0,0.0
32,64,3719,1,0,0,0,0.0,0.0
33,1,2961,0,1,0,0,0.0,0.0
33,2,2946,0,0,0,0,0.0,0.0
33,3,2877,0,1,1,0,1.0,1.0
33,4,3052,0,1,1,0,1.0,1.0
33,5,952,0,1,1,0,1.0,1.0
33,6,1001,0,1,1,0,1.0,1.0
33,7,986,0,1,1,0,1.0,1.0
33,8,1055,0,1,1,0,1.0,1.0
33,9,3706,1,0,0,0,0.0,0.0
33,10,3972,1,0,0,0,0.0,0.0
33,11,3788,1,0,0,0,0.0,0.0
33,12,3942,1,0,0,0,0.0,0.0
33,13,2537,0,0,0,0,0.0,0.0
33,14,2011,0,1,1,0,1.0,1.0
33,15,2748,0,1,1,0,1.0,1.0
33,16,1440,0,1,1,0,1.0,1.0
33,17,2534,0,1,1,0,1.0,1.0
33,18,3061,0,1,1,0,1.0,1.0
33,19,2585,0,1,1,0,1.0,1.0
33,20,3277,0,0,0,0,0.0,0.0
33,21,4143,1,0,0,0,0.0,0.0
33,22,4379,1,0,0,0,0.0,0.0
33,23,4286,1,0,0,0,0.0,0.0
33,24,4003,1,0,0,0,0.0,0.0
33,25,3210,0,1,1,0,1.0,1.0
33,26,3885,1,0,0,0,0.0,0.0
33,27,3273,0,1,1,0,1.0,1.0
33,28,3899,1,0,0,0,0.0,0.0
33,29,3219,0,0,0,0,0.0,0.0
33,30,3102,0,0,0,0,0.0,0.0
33,31,3239,0,0,0,0,0.0,0.0
33,32,3010,0,0,0,0,0.0,0.0
33,33,3116,0,1,0,0,0.0,0.0
33,34,3338,0,1,1,0,1.0,1.0
33,35,3201,0,1,0,0,0.0,0.0
33,36,2543,0,1,1,0,1.0,1.0
33,37,2915,0,1,1,0,1.0,1.0
33,38,2357,0,1,1,0,1.0,1.0
33,39,3398,0,1,1,0,1.0,1.0
33,40,3317,0,1,0,0,0.0,0.0
33,41,3743,1,1,1,0,1.0,1.0
33,42,3563,1,1,1,0,1.0,1.0
33,43,3574,1,0,0,0,0.0,0.0
33,44,3652,1,0,0,0,0.0,0.0
33,45,1101,0,1,1,0,1.0,1.0
33,46,1130,0,1,1,0,1.0,1.0
33,47,1071,0,1,1,0,1.0,1.0
33,48,2316,0,1,1,0,1.0,1.0
33,49,3046,0,0,0,0,0.0,0.0
33,50,2493,0,1,1,0,1.0,1.0
33,51,2441,0,1,1,0,1.0,1.0
33,52,2561,0,1,1,0,1.0,1.0
33,53,3313,0,0,0,0,0.0,0.0
33,54,3436,0,0,0,0,0.0,0.0
33,55,3325,0,0,0,0,0.0,0.0
33,56,3404,0,0,0,0,0.0,0.0
33,57,3556,1,0,0,0,0.0,0.0
33,58,3468,0,0,0,0,0.0,0.0
33,59,3400,0,0,0,0,0.0,0.0
33,60,3528,1,0,0,0,0.0,0.0
33,61,1877,0,1,1,0,1.0,1.0
33,62,1711,0,1,1,0,1.0,1.0
33,63,1919,0,1,1,0,1.0,1.0
33,64,1094,0,1,1,0,1.0,1.0
34,1,2927,0,0,0,0,0.0,0.0
34,2,3007,0,1,0,0,0.0,0.0
34,3,3115,0,0,0,0,0.0,0.0
34,4,2965,0,0,0,0,0.0,0.0
34,5,2926,0,0,0,0,0.0,0.0
34,6,3052,0,0,0,0,0.0,0.0
34,7,3014,0,0,0,0,0.0,0.0
34,8,2888,0,0,0,0,0.0,0.0
34,9,3658,1,1,1,0,1.0,1.0
34,10,3223,0,1,1,0,1.0,1.0
34,11,2046,0,1,1,0,1.0,1.0
34,12,2613,0,1,1,0,1.0,1.0
34,13,3317,0,0,0,0,0.0,0.0
34,14,3444,0,0,0,0,0.0,0.0
34,15,3616,1,0,0,0,0.0,0.0
34,16,3562,1,0,0,0,0.0,0.0
34,17,3852,1,0,0,0,0.0,0.0
34,18,1921,0,1,1,0,1.0,1.0
34,19,4116,1,0,0,0,0.0,0.0
34,20,2032,0,1,1,0,1.0,1.0
34,21,3261,0,1,1,0,1.0,1.0
34,22,3581,1,1,1,0,1.0,1.0
34,23,3395,0,1,1,0,1.0,1.0
34,24,3471,0,1,1,0,1.0,1.0
34,25,2604,0,1,1,0,1.0,1.0
34,26,1666,0,1,1,0,1.0,1.0
34,27,2318,0,1,1,0,1.0,1.0
34,28,1123,0,1,1,0,1.0,1.0
34,29,3517,1,1,1,0,1.0,1.0
34,30,2614,0,1,1,0,1.0,1.0
34,31,3660,1,1,1,0,1.0,1.0
34,32,3495,0,1,1,0,1.0,1.0
34,33,2353,0,1,1,0,0.0,0.0
34,34,2314,0,1,1,0,0.0,0.0
34,35,4230,1,0,0,0,0.0,0.0
34,36,4308,1,0,0,0,0.0,0.0
34,37,3675,1,0,0,0,0.0,0.0
34,38,3644,1,0,0,0,0.0,0.0
34,39,3833,1,0,0,0,0.0,0.0
34,40,3631,1,0,0,0,0.0,0.0
34,41,2035,0,1,1,0,1.0,1.0
34,42,1682,0,1,1,0,1.0,1.0
34,43,1796,0,1,1,0,1.0,1.0
34,44,2686,0,1,1,0,1.0,1.0
34,45,3982,1,0,0,0,0.0,0.0
34,46,4071,1,0,0,0,0.0,0.0
34,47,3976,1,0,0,0,0.0,0.0
34,48,3957,1,0,0,0,0.0,0.0
34,49,3027,0,0,0,0,0.0,0.0
34,50,3076,0,0,0,0,0.0,0.0
34,51,3297,0,1,0,0,0.0,0.0
34,52,3525,1,0,0,0,0.0,0.0
34,53,3173,0,1,1,0,1.0,1.0
34,54,2952,0,1,1,0,1.0,1.0
34,55,3121,0,0,0,0,0.0,0.0
34,56,3134,0,0,0,0,0.0,0.0
34,57,3365,0,0,0,0,0.0,0.0
34,58,3222,0,1,0,0,0.0,0.0
34,59,3380,0,1,0,0,0.0,0.0
34,60,3201,0,1,1,0,1.0,1.0
34,61,3721,1,1,1,0,1.0,1.0
34,62,3624,1,1,0,0,0.0,0.0
34,63,2890,0,1,1,0,1.0,1.0
34,64,3401,0,1,1,0,1.0,1.0
35,1,2785,0,0,0,0,0.0,0.0
35,2,2976,0,0,0,0,0.0,0.0
35,3,2807,0,1,0,0,0.0,0.0
35,4,2808,0,1,0,0,0.0,0.0
35,5,3135,0,1,0,0,0.0,0.0
35,6,2954,0,1,0,0,0.0,0.0
35,7,2641,0,1,1,0,1.0,1.0
35,8,2922,0,1,1,0,1.0,1.0
35,9,3352,0,1,1,0,1.0,1.0
35,10,3603,1,1,1,0,1.0,1.0
35,11,2559,0,1,1,0,1.0,1.0
35,12,2730,0,1,1,0,1.0,1.0
35,13,2803,0,1,1,0,1.0,1.0
35,14,3015,0,0,0,0,0.0,0.0
35,15,3151,0,0,0,0,0.0,0.0
35,16,3051,0,1,1,0,1.0,1.0
35,17,2964,0,0,0,0,0.0,0.0
35,18,3086,0,1,1,0,1.0,1.0
35,19,3118,0,0,0,0,0.0,0.0
35,20,2893,0,0,0,0,0.0,0.0
35,21,2271,0,1,1,0,1.0,1.0
35,22,3238,0,1,1,0,1.0,1.0
35,23,3175,0,0,0,0,0.0,0.0
35,24,3059,0,0,0,0,0.0,0.0
35,25,3002,0,0,0,0,0.0,0.0
35,26,2769,0,1,1,0,1.0,1.0
35,27,2833,0,0,0,0,0.0,0.0
35,28,2625,0,0,0,0,0.0,0.0
35,29,1849,0,1,1,0,1.0,1.0
35,30,1972,0,1,1,0,1.0,1.0
35,31,2136,0,1,1,0,1.0,1.0
35,32,1418,0,1,1,0,1.0,1.0
35,33,3536,1,1,1,0,0.0,0.0
35,34,3612,1,0,0,0,0.0,0.0
35,35,3581,1,1,0,0,0.0,0.0
35,36,3561,1,0,0,0,0.0,0.0
35,37,3240,0,0,0,0,0.0,0.0
35,38,1812,0,1,1,0,1.0,1.0
35,39,1950,0,1,1,0,1.0,1.0
35,40,3045,0,1,1,0,1.0,1.0
35,41,3771,1,1,0,0,0.0,0.0
35,42,3682,1,1,1,0,1.0,1.0
35,43,3720,1,1,1,0,1.0,1.0
35,44,3590,1,0,0,0,0.0,0.0
35,45,3105,0,0,0,0,0.0,0.0
35,46,2635,0,1,1,0,1.0,1.0
35,47,2968,0,1,1,0,1.0,1.0
35,48,3004,0,1,0,0,0.0,0.0
35,49,2714,0,0,0,0,0.0,0.0
35,50,2858,0,0,0,0,0.0,0.0
35,51,2918,0,0,0,0,0.0,0.0
35,52,2791,0,0,0,0,0.0,0.0
35,53,2888,0,1,1,0,1.0,1.0
35,54,2600,0,1,1,0,1.0,1.0
35,55,1986,0,1,1,0,1.0,1.0
35,56,3207,0,1,1,0,1.0,1.0
35,57,3181,0,0,0,0,0.0,0.0
35,58,3224,0,1,1,0,1.0,1.0
35,59,3455,0,0,0,0,0.0,0.0
35,60,2918,0,0,0,0,0.0,0.0
35,61,3362,0,0,0,0,0.0,0.0
35,62,3407,0,0,0,0,0.0,0.0
35,63,3480,0,1,1,0,1.0,1.0
35,64,3246,0,1,1,0,1.0,1.0
36,1,2828,0,1,1,0,1.0,1.0
36,2,2606,0,1,1,0,1.0,1.0
36,3,3634,1,1,0,0,0.0,0.0
36,4,3771,1,1,1,0,1.0,1.0
36,5,3294,0,1,0,0,0.0,0.0
36,6,2712,0,1,1,0,1.0,1.0
36,7,3388,0,1,1,0,1.0,1.0
36,8,2250,0,1,1,0,1.0,1.0
36,9,2391,0,0,0,0,0.0,0.0
36,10,2818,0,1,1,0,1.0,1.0
36,11,2507,0,0,0,0,0.0,0.0
36,12,2898,0,1,0,0,0.0,0.0
36,13,3554,1,1,1,0,0.0,0.0
36,14,3504,1,0,0,0,0.0,0.0
36,15,3608,1,0,0,0,0.0,0.0
36,16,3617,1,0,0,0,0.0,0.0
36,17,2818,0,0,0,0,0.0,0.0
36,18,2819,0,0,0,0,0.0,0.0
36,19,2782,0,0,0,0,0.0,0.0
36,20,2974,0,1,1,0,1.0,1.0
36,21,3177,0,1,1,0,1.0,1.0
36,22,3341,0,1,0,0,0.0,0.0
36,23,3423,0,1,0,0,0.0,0.0
36,24,3157,0,1,1,0,1.0,1.0
36,25,3545,1,0,0,0,0.0,0.0
36,26,3366,0,0,0,0,0.0,0.0
36,27,3448,0,0,0,0,0.0,0.0
36,28,3603,1,0,0,0,0.0,0.0
36,29,3322,0,1,0,0,0.0,0.0
36,30,3095,0,1,1,0,1.0,1.0
36,31,2704,0,1,1,0,1.0,1.0
36,32,3508,1,1,0,0,0.0,0.0
36,33,2983,0,1,1,0,1.0,1.0
36,34,3490,0,1,1,0,1.0,1.0
36,35,3393,0,0,0,0,0.0,0.0
36,36,3197,0,1,1,0,1.0,1.0
36,37,3394,0,0,0,0,0.0,0.0
36,38,3488,0,1,1,0,1.0,1.0
36,39,3440,0,0,0,0,0.0,0.0
36,40,3507,1,0,0,0,0.0,0.0
36,41,2638,0,1,1,0,1.0,1.0
36,42,3006,0,0,0,0,0.0,0.0
36,43,2953,0,0,0,0,0.0,0.0
36,44,3122,0,0,0,0,0.0,0.0
36,45,2575,0,1,1,0,1.0,1.0
36,46,2539,0,1,1,0,1.0,1.0
36,47,2822,0,1,1,0,1.0,1.0
36,48,2686,0,1,0,0,0.0,0.0
36,49,2676,0,0,0,0,0.0,0.0
36,50,2806,0,0,0,0,0.0,0.0
36,51,2811,0,0,0,0,0.0,0.0
36,52,3232,0,0,0,0,0.0,0.0
36,53,2929,0,0,0,0,0.0,0.0
36,54,3546,1,0,0,0,0.0,0.0
36,55,3202,0,0,0,0,0.0,0.0
36,56,2994,0,0,0,0,0.0,0.0
36,57,1753,0,1,1,0,1.0,1.0
36,58,2037,0,1,1,0,1.0,1.0
36,59,1400,0,1,1,0,1.0,1.0
36,60,2705,0,1,1,0,1.0,1.0
36,61,3590,1,0,0,0,0.0,0.0
36,62,3495,0,0,0,0,0.0,0.0
36,63,3561,1,0,0,0,0.0,0.0
36,64,3566,1,0,0,0,0.0,0.0
37,1,3086,0,1,1,0,1.0,1.0
37,2,3410,0,0,0,0,0.0,0.0
37,3,2971,0,0,0,0,0.0,0.0
37,4,3337,0,1,0,0,0.0,0.0
37,5,3059,0,0,0,0,0.0,0.0
37,6,3087,0,0,0,0,0.0,0.0
37,7,3221,0,0,0,0,0.0,0.0
37,8,3213,0,0,0,0,0.0,0.0
37,9,3087,0,0,0,0,0.0,0.0
37,10,1272,0,1,1,0,1.0,1.0
37,11,1790,0,1,1,0,1.0,1.0
37,12,1632,0,1,1,0,1.0,1.0
37,13,2753,0,1,1,0,1.0,1.0
37,14,3185,0,1,1,0,1.0,1.0
37,15,3046,0,1,1,0,1.0,1.0
37,16,3013,0,1,1,0,1.0,1.0
37,17,2981,0,1,1,0,1.0,1.0
37,18,3118,0,1,1,0,1.0,1.0
37,19,3064,0,1,0,0,0.0,0.0
37,20,3031,0,1,1,0,1.0,1.0
37,21,2860,0,0,0,0,0.0,0.0
37,22,3107,0,0,0,0,0.0,0.0
37,23,2936,0,0,0,0,0.0,0.0
37,24,3043,0,0,0,0,0.0,0.0
37,25,2447,0,1,1,0,1.0,1.0
37,26,4423,1,0,0,0,0.0,0.0
37,27,2139,0,1,1,0,1.0,1.0
37,28,2842,0,1,1,0,1.0,1.0
37,29,4255,1,0,0,0,0.0,0.0
37,30,4126,1,0,0,0,0.0,0.0
37,31,4207,1,0,0,0,0.0,0.0
37,32,4403,1,0,0,0,0.0,0.0
37,33,3714,1,0,0,0,0.0,0.0
37,34,3624,1,0,0,0,0.0,0.0
37,35,3800,1,0,0,0,0.0,0.0
37,36,3673,1,1,1,0,1.0,1.0
37,37,3418,0,1,0,0,0.0,0.0
37,38,3689,1,0,0,0,0.0,0.0
37,39,3625,1,0,0,0,0.0,0.0
37,40,3567,1,1,0,0,0.0,0.0
37,41,3217,0,1,0,0,0.0,0.0
37,42,3234,0,0,0,0,0.0,0.0
37,43,2351,0,1,1,0,1.0,1.0
37,44,2599,0,1,1,0,1.0,1.0
37,45,2998,0,1,1,0,1.0,1.0
37,46,2755,0,1,1,0,1.0,1.0
37,47,3426,0,1,1,0,1.0,1.0
37,48,3995,1,0,0,0,0.0,0.0
37,49,2712,0,1,1,0,1.0,1.0
37,50,2747,0,1,1,0,1.0,1.0
37,51,3626,1,1,1,0,1.0,1.0
37,52,3029,0,1,1,0,1.0,1.0
37,53,4262,1,0,0,0,0.0,0.0
37,54,4215,1,0,0,0,0.0,0.0
37,55,4010,1,1,1,0,1.0,1.0
37,56,3652,1,1,1,0,1.0,1.0
37,57,2310,0,1,1,0,1.0,1.0
37,58,1664,0,1,1,0,1.0,1.0
37,59,2397,0,1,1,0,1.0,1.0
37,60,2227,0,1,1,0,1.0,1.0
37,61,3532,1,1,0,0,0.0,0.0
37,62,3596,1,0,0,0,0.0,0.0
37,63,2643,0,1,1,0,0.0,0.0
37,64,2478,0,1,1,0,0.0,0.0
38,1,3489,0,1,0,0,0.0,0.0
38,2,3239,0,1,1,0,1.0,1.0
38,3,3238,0,0,0,0,0.0,0.0
38,4,3153,0,0,0,0,0.0,0.0
38,5,3249,0,0,0,0,0.0,0.0
38,6,3345,0,0,0,0,0.0,0.0
38,7,3397,0,0,0,0,0.0,0.0
38,8,3524,1,0,0,0,0.0,0.0
38,9,3307,0,1,1,0,1.0,1.0
38,10,2739,0,1,1,0,1.0,1.0
38,11,3324,0,0,0,0,0.0,0.0
38,12,3004,0,1,1,0,1.0,1.0
38,13,3210,0,1,1,0,1.0,1.0
38,14,2924,0,1,1,0,1.0,1.0
38,15,3107,0,0,0,0,0.0,0.0
38,16,3164,0,0,0,0,0.0,0.0
38,17,2527,0,0,0,0,0.0,0.0
38,18,2628,0,1,1,0,1.0,1.0
38,19,2743,0,0,0,0,0.0,0.0
38,20,2800,0,1,1,0,1.0,1.0
38,21,2737,0,1,1,0,1.0,1.0
38,22,2628,0,1,1,0,1.0,1.0
38,23,3402,0,1,1,0,1.0,1.0
38,24,2691,0,1,1,0,1.0,1.0
38,25,3075,0,1,1,0,1.0,1.0
38,26,3054,0,0,0,0,0.0,0.0
38,27,3204,0,1,0,0,0.0,0.0
38,28,2816,0,1,1,0,1.0,1.0
38,29,3139,0,1,0,0,0.0,0.0
38,30,3040,0,1,1,0,1.0,1.0
38,31,3066,0,1,0,0,0.0,0.0
38,32,3232,0,1,0,0,0.0,0.0
38,33,3522,1,0,0,0,0.0,0.0
38,34,3779,1,0,0,0,0.0,0.0
38,35,3613,1,0,0,0,0.0,0.0
38,36,3787,1,0,0,0,0.0,0.0
38,37,2754,0,0,0,0,0.0,0.0
38,38,2681,0,0,0,0,0.0,0.0
38,39,2786,0,0,0,0,0.0,0.0
38,40,2604,0,0,0,0,0.0,0.0
38,41,2737,0,0,0,0,0.0,0.0
38,42,2836,0,0,0,0,0.0,0.0
38,43,2704,0,0,0,0,0.0,0.0
38,44,2688,0,0,0,0,0.0,0.0
38,45,2021,0,1,1,0,1.0,1.0
38,46,2493,0,1,1,0,1.0,1.0
38,47,1578,0,1,1,0,1.0,1.0
38,48,1707,0,1,1,0,1.0,1.0
38,49,3253,0,0,0,0,0.0,0.0
38,50,3647,1,0,0,0,0.0,0.0
38,51,3477,0,0,0,0,0.0,0.0
38,52,3596,1,0,0,0,0.0,0.0
38,53,4442,1,0,0,0,0.0,0.0
38,54,4651,1,0,0,0,0.0,0.0
38,55,4646,1,0,0,0,0.0,0.0
38,56,4550,1,0,0,0,0.0,0.0
38,57,4596,1,0,0,0,0.0,0.0
38,58,4450,1,0,0,0,0.0,0.0
38,59,4523,1,0,0,0,0.0,0.0
38,60,4460,1,0,0,0,0.0,0.0
38,61,1289,0,1,1,0,1.0,1.0
38,62,2675,0,1,1,0,1.0,1.0
38,63,2024,0,1,1,0,1.0,1.0
38,64,1056,0,1,1,0,1.0,1.0
39,1,2236,0,1,1,0,1.0,1.0
39,2,2044,0,1,1,0,1.0,1.0
39,3,3948,1,0,0,0,0.0,0.0
39,4,2038,0,1,1,0,1.0,1.0
39,5,3244,0,1,1,0,0.0,0.0
39,6,3006,0,0,0,0,0.0,0.0
39,7,2013,0,1,1,0,1.0,1.0
39,8,2970,0,1,1,0,1.0,1.0
39,9,3479,0,0,0,0,0.0,0.0
39,10,3583,1,0,0,0,0.0,0.0
39,11,3493,0,0,0,0,0.0,0.0
39,12,3497,0,0,0,0,0.0,0.0
39,13,3590,1,1,1,0,1.0,1.0
39,14,2933,0,1,1,0,1.0,1.0
39,15,3364,0,1,1,0,1.0,1.0
39,16,3711,1,1,0,0,0.0,0.0
39,17,2899,0,0,0,0,0.0,0.0
39,18,3023,0,0,0,0,0.0,0.0
39,19,3243,0,0,0,0,0.0,0.0
39,20,3002,0,1,1,0,1.0,1.0
39,21,4626,1,0,0,0,0.0,0.0
39,22,4613,1,0,0,0,0.0,0.0
39,23,4556,1,0,0,0,0.0,0.0
39,24,4531,1,0,0,0,0.0,0.0
39,25,3115,0,0,0,0,0.0,0.0
39,26,1654,0,1,1,0,1.0,1.0
39,27,3275,0,0,0,0,0.0,0.0
39,28,1897,0,1,1,0,1.0,1.0
39,29,3097,0,0,0,0,0.0,0.0
39,30,3605,1,0,0,0,0.0,0.0
39,31,3313,0,0,0,0,0.0,0.0
39,32,3369,0,0,0,0,0.0,0.0
39,33,2800,0,0,0,0,0.0,0.0
39,34,3102,0,0,0,0,0.0,0.0
39,35,3021,0,0,0,0,0.0,0.0
39,36,3075,0,0,0,0,0.0,0.0
39,37,3995,1,0,0,0,0.0,0.0
39,38,3996,1,0,0,0,0.0,0.0
39,39,4116,1,0,0,0,0.0,0.0
39,40,4129,1,0,0,0,0.0,0.0
39,41,2828,0,0,0,0,0.0,0.0
39,42,2717,0,1,1,0,1.0,1.0
39,43,3020,0,1,1,0,1.0,1.0
39,44,2957,0,1,1,0,1.0,1.0
39,45,1477,0,1,1,0,1.0,1.0
39,46,1402,0,1,1,0,1.0,1.0
39,47,2469,0,1,1,0,1.0,1.0
39,48,2257,0,1,1,0,1.0,1.0
39,49,2826,0,1,1,0,1.0,1.0
39,50,3871,1,1,0,0,0.0,0.0
39,51,3560,1,0,0,0,0.0,0.0
39,52,3777,1,1,1,0,1.0,1.0
39,53,3372,0,1,1,0,1.0,1.0
39,54,3659,1,1,0,0,0.0,0.0
39,55,3332,0,1,1,0,1.0,1.0
39,56,3089,0,1,1,0,1.0,1.0
39,57,4003,1,0,0,0,0.0,0.0
39,58,4109,1,0,0,0,0.0,0.0
39,59,4142,1,0,0,0,0.0,0.0
39,60,4014,1,0,0,0,0.0,0.0
39,61,3367,0,1,1,0,1.0,1.0
39,62,2476,0,1,1,0,1.0,1.0
39,63,2849,0,1,1,0,1.0,1.0
39,64,3583,1,1,1,0,1.0,1.0
40,1,3260,0,1,1,0,1.0,1.0
40,2,3260,0,0,0,0,0.0,0.0
40,3,3346,0,0,0,0,0.0,0.0
40,4,3526,1,1,1,0,1.0,1.0
40,5,3259,0,0,0,0,0.0,0.0
40,6,3292,0,0,0,0,0.0,0.0
40,7,3285,0,0,0,0,0.0,0.0
40,8,3232,0,0,0,0,0.0,0.0
40,9,2836,0,1,1,0,1.0,1.0
40,10,3208,0,1,0,0,0.0,0.0
40,11,2402,0,1,1,0,1.0,1.0
40,12,3185,0,0,0,0,0.0,0.0
40,13,2528,0,1,0,0,0.0,0.0
40,14,2509,0,0,0,0,0.0,0.0
40,15,2661,0,1,1,0,1.0,1.0
40,16,2514,0,0,0,0,0.0,0.0
40,17,2054,0,1,1,0,1.0,1.0
40,18,3559,1,0,0,0,0.0,0.0
40,19,2351,0,1,1,0,1.0,1.0
40,20,2044,0,1,1,0,1.0,1.0
40,21,3197,0,1,0,0,0.0,0.0
40,22,3285,0,1,0,0,0.0,0.0
40,23,2860,0,1,1,0,1.0,1.0
40,24,2702,0,1,1,0,1.0,1.0
40,25,3523,1,0,0,0,0.0,0.0
40,26,3503,1,0,0,0,0.0,0.0
40,27,3388,0,0,0,0,0.0,0.0
40,28,3519,1,0,0,0,0.0,0.0
40,29,3095,0,1,1,0,1.0,1.0
40,30,2706,0,1,1,0,1.0,1.0
40,31,3281,0,1,1,0,1.0,1.0
40,32,2870,0,1,1,0,1.0,1.0
40,33,1170,0,1,1,0,1.0,1.0
40,34,2067,0,1,1,0,1.0,1.0
40,35,1126,0,1,1,0,1.0,1.0
40,36,2179,0,1,1,0,1.0,1.0
40,37,3354,0,1,0,0,0.0,0.0
40,38,3572,1,1,0,0,0.0,0.0
40,39,3153,0,1,1,0,1.0,1.0
40,40,2819,0,1,1,0,1.0,1.0
40,41,3256,0,1,1,0,1.0,1.0
40,42,3612,1,1,0,0,0.0,0.0
40,43,3703,1,1,1,0,1.0,1.0
40,44,3651,1,0,0,0,0.0,0.0
40,45,2015,0,1,1,0,1.0,1.0
40,46,2998,0,1,1,0,1.0,1.0
40,47,3326,0,1,1,0,1.0,1.0
40,48,2688,0,1,1,0,1.0,1.0
40,49,4038,1,0,0,0,0.0,0.0
40,50,4126,1,0,0,0,0.0,0.0
40,51,3967,1,1,1,0,0.0,0.0
40,52,3994,1,0,0,0,0.0,0.0
40,53,3077,0,0,0,0,0.0,0.0
40,54,3019,0,0,0,0,0.0,0.0
40,55,3158,0,1,1,0,1.0,1.0
40,56,3032,0,1,0,0,0.0,0.0
40,57,3352,0,0,0,0,0.0,0.0
40,58,2929,0,0,0,0,0.0,0.0
40,59,3318,0,0,0,0,0.0,0.0
40,60,3213,0,0,0,0,0.0,0.0
40,61,1707,0,1,1,0,1.0,1.0
40,62,1994,0,1,1,0,1.0,1.0
40,63,1633,0,1,1,0,1.0,1.0
40,64,1653,0,1,1,0,1.0,1.0
41,1,3655,1,1,1,0,1.0,1.0
41,2,3542,1,1,0,0,0.0,0.0
41,3,3556,1,1,0,0,0.0,0.0
41,4,3514,1,1,0,0,0.0,0.0
41,5,3266,0,1,1,0,1.0,1.0
41,6,2138,0,1,1,0,1.0,1.0
41,7,3353,0,0,0,0,0.0,0.0
41,8,3187,0,1,1,0,1.0,1.0
41,9,3649,1,0,0,0,0.0,0.0
41,10,3486,0,1,0,0,0.0,0.0
41,11,3409,0,1,1,0,0.0,0.0
41,12,2990,0,1,1,0,1.0,1.0
41,13,4170,1,0,0,0,0.0,0.0
41,14,4048,1,0,0,0,0.0,0.0
41,15,4048,1,0,0,0,0.0,0.0
41,16,3866,1,0,0,0,0.0,0.0
41,17,3238,0,1,0,0,0.0,0.0
41,18,3396,0,1,0,0,0.0,0.0
41,19,2627,0,1,1,0,1.0,1.0
41,20,2679,0,1,1,0,1.0,1.0
41,21,3678,1,1,0,0,0.0,0.0
41,22,4052,1,0,0,0,0.0,0.0
41,23,3808,1,0,0,0,0.0,0.0
41,24,4031,1,0,0,0,0.0,0.0
41,25,3300,0,0,0,0,0.0,0.0
41,26,3461,0,0,0,0,0.0,0.0
41,27,3238,0,1,1,0,1.0,1.0
41,28,3369,0,0,0,0,0.0,0.0
41,29,4155,1,0,0,0,0.0,0.0
41,30,3782,1,0,0,0,0.0,0.0
41,31,4069,1,0,0,0,0.0,0.0
41,32,3992,1,0,0,0,0.0,0.0
41,33,2270,0,0,0,0,0.0,0.0
41,34,2132,0,0,0,0,0.0,0.0
41,35,2118,0,0,0,0,0.0,0.0
41,36,2234,0,0,0,0,0.0,0.0
41,37,2806,0,1,1,0,1.0,1.0
41,38,3118,0,1,1,0,1.0,1.0
41,39,3089,0,0,0,0,0.0,0.0
41,40,3294,0,1,1,0,1.0,1.0
41,41,3893,1,0,0,0,0.0,0.0
41,42,3968,1,0,0,0,0.0,0.0
41,43,4023,1,0,0,0,0.0,0.0
41,44,3698,1,1,1,0,1.0,1.0
41,45,2180,0,1,1,0,1.0,1.0
41,46,2393,0,1,1,0,1.0,1.0
41,47,3324,0,1,1,0,1.0,1.0
41,48,3246,0,1,0,0,0.0,0.0
41,49,2838,0,1,1,0,1.0,1.0
41,50,2768,0,1,1,0,1.0,1.0
41,51,3085,0,1,1,0,1.0,1.0
41,52,3360,0,1,0,0,0.0,0.0
41,53,2399,0,1,1,0,1.0,1.0
41,54,2266,0,1,1,0,1.0,1.0
41,55,2841,0,1,1,0,1.0,1.0
41,56,2506,0,1,1,0,1.0,1.0
41,57,3451,0,1,1,0,1.0,1.0
41,58,3561,1,0,0,0,0.0,0.0
41,59,3117,0,0,0,0,0.0,0.0
41,60,3425,0,0,0,0,0.0,0.0
41,61,2081,0,1,1,0,1.0,1.0
41,62,1638,0,1,1,0,1.0,1.0
41,63,1844,0,1,1,0,1.0,1.0
41,64,1209,0,1,1,0,1.0,1.0
42,1,3232,0,1,1,0,1.0,1.0
42,2,2875,0,1,1,0,1.0,1.0
42,3,3472,0,1,1,0,0.0,0.0
42,4,3497,0,0,0,0,0.0,0.0
42,5,2600,0,1,1,0,1.0,1.0
42,6,3659,1,0,0,0,0.0,0.0
42,7,3616,1,0,0,0,0.0,0.0
42,8,3573,1,1,1,0,1.0,1.0
42,9,4792,1,0,0,0,0.0,0.0
42,10,3748,1,0,0,0,0.0,0.0
42,11,4930,1,0,0,0,0.0,0.0
42,12,3058,0,0,0,0,0.0,0.0
42,13,3945,1,0,0,0,0.0,0.0
42,14,3855,1,0,0,0,0.0,0.0
42,15,3779,1,0,0,0,0.0,0.0
42,16,3900,1,0,0,0,0.0,0.0
42,17,4337,1,0,0,0,0.0,0.0
42,18,4220,1,0,0,0,0.0,0.0
42,19,4242,1,0,0,0,0.0,0.0
42,20,4196,1,0,0,0,0.0,0.0
42,21,3304,0,0,0,0,0.0,0.0
42,22,3184,0,0,0,0,0.0,0.0
42,23,3223,0,1,0,0,0.0,0.0
42,24,3328,0,1,0,0,0.0,0.0
42,25,2584,0,1,1,0,1.0,1.0
42,26,2847,0,0,0,0,0.0,0.0
42,27,2615,0,0,0,0,0.0,0.0
42,28,2759,0,1,1,0,1.0,1.0
42,29,3516,1,0,0,0,0.0,0.0
42,30,3298,0,0,0,0,0.0,0.0
42,31,3488,0,0,0,0,0.0,0.0
42,32,3643,1,0,0,0,0.0,0.0
42,33,3320,0,1,1,0,1.0,1.0
42,34,3159,0,1,0,0,0.0,0.0
42,35,2998,0,0,0,0,0.0,0.0
42,36,3034,0,1,0,0,0.0,0.0
42,37,3625,1,0,0,0,0.0,0.0
42,38,3759,1,0,0,0,0.0,0.0
42,39,3824,1,0,0,0,0.0,0.0
42,40,3512,1,0,0,0,0.0,0.0
42,41,2976,0,1,1,0,1.0,1.0
42,42,2809,0,0,0,0,0.0,0.0
42,43,2962,0,1,0,0,0.0,0.0
42,44,2903,0,0,0,0,0.0,0.0
42,45,3477,0,1,0,0,0.0,0.0
42,46,3771,1,1,1,0,1.0,1.0
42,47,3787,1,0,0,0,0.0,0.0
42,48,2753,0,1,1,0,1.0,1.0
42,49,1655,0,1,1,0,1.0,1.0
42,50,1807,0,1,1,0,1.0,1.0
42,51,2352,0,1,1,0,1.0,1.0
42,52,2061,0,1,1,0,1.0,1.0
42,53,4130,1,0,0,0,0.0,0.0
42,54,4128,1,0,0,0,0.0,0.0
42,55,3902,1,0,0,0,0.0,0.0
42,56,3858,1,0,0,0,0.0,0.0
42,57,3340,0,1,0,0,0.0,0.0
42,58,1838,0,1,1,0,1.0,1.0
42,59,2567,0,1,1,0,1.0,1.0
42,60,3286,0,1,0,0,0.0,0.0
42,61,3469,0,0,0,0,0.0,0.0
42,62,2511,0,1,1,0,1.0,1.0
42,63,2876,0,1,1,0,1.0,1.0
42,64,3005,0,1,1,0,1.0,1.0
43,1,1640,0,1,1,0,1.0,1.0
43,2,1629,0,1,1,0,1.0,1.0
43,3,2539,0,1,1,0,1.0,1.0
43,4,1721,0,1,1,0,1.0,1.0
43,5,3251,0,1,1,0,1.0,1.0
43,6,3002,0,1,1,0,1.0,1.0
43,7,3270,0,0,0,0,0.0,0.0
43,8,3254,0,0,0,0,0.0,0.0
43,9,2971,0,1,1,0,1.0,1.0
43,10,3253,0,0,0,0,0.0,0.0
43,11,3313,0,1,0,0,0.0,0.0
43,12,3266,0,1,0,0,0.0,0.0
43,13,3181,0,1,0,0,0.0,0.0
43,14,3080,0,1,1,0,1.0,1.0
43,15,3015,0,1,0,0,0.0,0.0
43,16,2766,0,0,0,0,0.0,0.0
43,17,3668,1,0,0,0,0.0,0.0
43,18,4086,1,0,0,0,0.0,0.0
43,19,3570,1,0,0,0,0.0,0.0
43,20,4011,1,0,0,0,0.0,0.0
43,21,2681,0,1,1,0,1.0,1.0
43,22,2572,0,1,1,0,1.0,1.0
43,23,2942,0,1,1,0,1.0,1.0
43,24,2933,0,1,0,0,0.0,0.0
43,25,2482,0,1,1,0,1.0,1.0
43,26,2235,0,0,0,0,0.0,0.0
43,27,2605,0,0,0,0,0.0,0.0
43,28,2508,0,0,0,0,0.0,0.0
43,29,3181,0,0,0,0,0.0,0.0
43,30,3205,0,0,0,0,0.0,0.0
43,31,3278,0,1,1,0,1.0,1.0
43,32,3142,0,0,0,0,0.0,0.0
43,33,3412,0,1,1,0,1.0,1.0
43,34,3397,0,1,0,0,0.0,0.0
43,35,2892,0,1,1,0,1.0,1.0
43,36,2302,0,1,1,0,1.0,1.0
43,37,2663,0,1,1,0,1.0,1.0
43,38,2503,0,1,1,0,1.0,1.0
43,39,2005,0,1,1,0,1.0,1.0
43,40,2287,0,1,1,0,1.0,1.0
43,41,4084,1,0,0,0,0.0,0.0
43,42,4199,1,0,0,0,0.0,0.0
43,43,4085,1,0,0,0,0.0,0.0
43,44,4226,1,0,0,0,0.0,0.0
43,45,1125,0,1,1,0,1.0,1.0
43,46,1411,0,1,1,0,1.0,1.0
43,47,1472,0,1,1,0,1.0,1.0
43,48,2260,0,1,1,0,1.0,1.0
43,49,3229,0,0,0,0,0.0,0.0
43,50,3002,0,0,0,0,0.0,0.0
43,51,3160,0,1,0,0,0.0,0.0
43,52,3311,0,1,0,0,0.0,0.0
43,53,2637,0,1,1,0,1.0,1.0
43,54,2920,0,1,1,0,1.0,1.0
43,55,1947,0,1,1,0,1.0,1.0
43,56,1879,0,1,1,0,1.0,1.0
43,57,2740,0,0,0,0,0.0,0.0
43,58,2840,0,0,0,0,0.0,0.0
43,59,2875,0,1,1,0,1.0,1.0
43,60,3150,0,0,0,0,0.0,0.0
43,61,2483,0,1,1,0,1.0,1.0
43,62,2629,0,1,1,0,1.0,1.0
43,63,2168,0,1,1,0,1.0,1.0
43,64,1769,0,1,1,0,1.0,1.0
44,1,3633,1,0,0,0,0.0,0.0
44,2,3337,0,0,0,0,0.0,0.0
44,3,3638,1,0,0,0,0.0,0.0
44,4,3729,1,0,0,0,0.0,0.0
44,5,3663,1,1,1,0,1.0,1.0
44,6,2557,0,1,1,0,1.0,1.0
44,7,3649,1,1,0,0,0.0,0.0
44,8,3262,0,1,1,0,0.0,0.0
44,9,3474,0,1,0,0,0.0,0.0
44,10,3419,0,1,1,0,1.0,1.0
44,11,3402,0,1,0,0,0.0,0.0
44,12,3322,0,1,1,0,1.0,1.0
44,13,3431,0,1,1,0,1.0,1.0
44,14,2915,0,1,1,0,1.0,1.0
44,15,3315,0,1,1,0,1.0,1.0
44,16,3657,1,1,0,0,0.0,0.0
44,17,3760,1,0,0,0,0.0,0.0
44,18,3686,1,0,0,0,0.0,0.0
44,19,3666,1,0,0,0,0.0,0.0
44,20,3961,1,0,0,0,0.0,0.0
44,21,1901,0,1,1,0,1.0,1.0
44,22,2239,0,1,1,0,1.0,1.0
44,23,2146,0,1,1,0,1.0,1.0
44,24,2783,0,1,1,0,1.0,1.0
44,25,3533,1,0,0,0,0.0,0.0
44,26,3474,0,0,0,0,0.0,0.0
44,27,3555,1,0,0,0,0.0,0.0
44,28,3366,0,0,0,0,0.0,0.0
44,29,2443,0,1,1,0,1.0,1.0
44,30,2671,0,1,1,0,1.0,1.0
44,31,3316,0,1,1,0,1.0,1.0
44,32,2364,0,1,1,0,1.0,1.0
44,33,2548,0,0,0,0,0.0,0.0
44,34,2938,0,0,0,0,0.0,0.0
44,35,2605,0,0,0,0,0.0,0.0
44,36,2572,0,0,0,0,0.0,0.0
44,37,3315,0,0,0,0,0.0,0.0
44,38,3538,1,0,0,0,0.0,0.0
44,39,3490,0,1,1,0,1.0,1.0
44,40,3535,1,1,1,0,1.0,1.0
44,41,1540,0,1,1,0,1.0,1.0
44,42,2266,0,1,1,0,1.0,1.0
44,43,2051,0,1,1,0,1.0,1.0
44,44,3402,0,1,1,0,1.0,1.0
44,45,1484,0,1,1,0,1.0,1.0
44,46,1527,0,1,1,0,1.0,1.0
44,47,1760,0,1,1,0,1.0,1.0
44,48,1708,0,1,1,0,1.0,1.0
44,49,1783,0,1,1,0,1.0,1.0
44,50,2382,0,1,1,0,1.0,1.0
44,51,2098,0,1,1,0,1.0,1.0
44,52,1924,0,1,1,0,1.0,1.0
44,53,2600,0,1,1,0,1.0,1.0
44,54,2513,0,1,1,0,1.0,1.0
44,55,2669,0,0,0,0,0.0,0.0
44,56,2424,0,1,1,0,1.0,1.0
44,57,1860,0,1,1,0,1.0,1.0
44,58,1932,0,1,1,0,1.0,1.0
44,59,1714,0,1,1,0,1.0,1.0
44,60,1517,0,1,1,0,1.0,1.0
44,61,3205,0,1,0,0,0.0,0.0
44,62,3202,0,0,0,0,0.0,0.0
44,63,3263,0,1,0,0,0.0,0.0
44,64,2811,0,0,0,0,0.0,0.0
45,1,2224,0,1,1,0,1.0,1.0
45,2,2532,0,1,1,0,1.0,1.0
45,3,3456,0,1,0,0,0.0,0.0
45,4,3537,1,0,0,0,0.0,0.0
45,5,3426,0,1,0,0,0.0,0.0
45,6,3184,0,1,1,0,1.0,1.0
45,7,2593,0,1,1,0,1.0,1.0
45,8,2047,0,1,1,0,1.0,1.0
45,9,3966,1,1,0,0,0.0,0.0
45,10,2107,0,1,1,0,1.0,1.0
45,11,3828,1,1,1,0,1.0,1.0
45,12,3452,0,1,1,0,1.0,1.0
45,13,3244,0,1,1,0,0.0,0.0
45,14,3334,0,0,0,0,0.0,0.0
45,15,3536,1,0,0,0,0.0,0.0
45,16,3530,1,0,0,0,0.0,0.0
45,17,1415,0,1,1,0,1.0,1.0
45,18,2415,0,1,1,0,1.0,1.0
45,19,3671,1,0,0,0,0.0,0.0
45,20,2830,0,1,1,0,1.0,1.0
45,21,4006,1,0,0,0,0.0,0.0
45,22,3694,1,0,0,0,0.0,0.0
45,23,4028,1,0,0,0,0.0,0.0
45,24,4032,1,0,0,0,0.0,0.0
45,25,2875,0,0,0,0,0.0,0.0
45,26,2848,0,0,0,0,0.0,0.0
45,27,2716,0,0,0,0,0.0,0.0
45,28,2869,0,0,0,0,0.0,0.0
45,29,3441,0,1,0,0,0.0,0.0
45,30,3601,1,0,0,0,0.0,0.0
45,31,3478,0,1,0,0,0.0,0.0
45,32,3480,0,1,1,0,1.0,1.0
45,33,2779,0,1,1,0,1.0,1.0
45,34,2836,0,1,1,0,1.0,1.0
45,35,3168,0,0,0,0,0.0,0.0
45,36,3209,0,1,0,0,0.0,0.0
45,37,2841,0,0,0,0,0.0,0.0
45,38,3033,0,0,0,0,0.0,0.0
45,39,2051,0,1,1,0,1.0,1.0
45,40,2981,0,1,0,0,0.0,0.0
45,41,3671,1,0,0,0,0.0,0.0
45,42,3636,1,0,0,0,0.0,0.0
45,43,3920,1,0,0,0,0.0,0.0
45,44,3846,1,0,0,0,0.0,0.0
45,45,2722,0,1,1,0,1.0,1.0
45,46,2959,0,1,1,0,1.0,1.0
45,47,2851,0,1,1,0,1.0,1.0
45,48,2432,0,1,1,0,1.0,1.0
45,49,1391,0,1,1,0,1.0,1.0
45,50,1832,0,1,1,0,1.0,1.0
45,51,2227,0,1,1,0,1.0,1.0
45,52,2370,0,1,1,0,1.0,1.0
45,53,4243,1,0,0,1,0.0,0.0
45,54,3220,0,1,1,0,1.0,1.0
45,55,3369,0,0,0,0,0.0,0.0
45,56,3142,0,0,0,0,0.0,0.0
45,57,3807,1,1,0,0,0.0,0.0
45,58,3918,1,1,0,0,0.0,0.0
45,59,3695,1,1,1,0,1.0,1.0
45,60,3993,1,1,0,0,0.0,0.0
45,61,3567,1,0,0,0,0.0,0.0
45,62,4013,1,0,0,0,0.0,0.0
45,63,3337,0,0,0,0,0.0,0.0
45,64,4118,1,0,0,0,0.0,0.0
46,1,1439,0,1,1,0,1.0,1.0
46,2,3895,1,0,0,0,0.0,0.0
46,3,2042,0,1,1,0,1.0,1.0
46,4,1568,0,1,1,0,1.0,1.0
46,5,1911,0,1,1,0,1.0,1.0
46,6,3013,0,0,0,0,0.0,0.0
46,7,2321,0,1,1,0,1.0,1.0
46,8,1996,0,1,1,0,1.0,1.0
46,9,3331,0,0,0,0,0.0,0.0
46,10,1921,0,1,1,0,1.0,1.0
46,11,2853,0,1,1,0,1.0,1.0
46,12,2021,0,1,1,0,1.0,1.0
46,13,2592,0,1,1,0,1.0,1.0
46,14,2978,0,1,1,0,1.0,1.0
46,15,2628,0,1,1,0,1.0,1.0
46,16,2710,0,1,1,0,1.0,1.0
46,17,3011,0,1,1,0,1.0,1.0
46,18,3418,0,1,1,0,1.0,1.0
46,19,3052,0,1,1,0,1.0,1.0
46,20,3484,0,1,1,0,1.0,1.0
46,21,3072,0,1,1,0,1.0,1.0
46,22,3147,0,1,0,0,0.0,0.0
46,23,3312,0,0,0,0,0.0,0.0
46,24,3339,0,1,0,0,0.0,0.0
46,25,3764,1,1,1,0,1.0,1.0
46,26,3673,1,1,1,0,1.0,1.0
46,27,3236,0,1,1,0,1.0,1.0
46,28,3431,0,0,0,0,0.0,0.0
46,29,3515,1,0,0,0,0.0,0.0
46,30,3431,0,0,0,0,0.0,0.0
46,31,3520,1,0,0,0,0.0,0.0
46,32,3789,1,0,0,0,0.0,0.0
46,33,3201,0,1,0,0,0.0,0.0
46,34,3285,0,0,0,0,0.0,0.0
46,35,3344,0,0,0,0,0.0,0.0
46,36,2720,0,0,0,0,0.0,0.0
46,37,3174,0,1,1,0,1.0,1.0
46,38,3342,0,0,0,0,0.0,0.0
46,39,3089,0,1,0,0,0.0,0.0
46,40,2941,0,1,1,0,1.0,1.0
46,41,2711,0,0,0,0,0.0,0.0
46,42,2618,0,0,0,0,0.0,0.0
46,43,2596,0,0,0,0,0.0,0.0
46,44,2870,0,0,0,0,0.0,0.0
46,45,3650,1,1,0,0,0.0,0.0
46,46,3553,1,1,0,0,0.0,0.0
46,47,3711,1,0,0,0,0.0,0.0
46,48,3689,1,1,0,0,0.0,0.0
46,49,1538,0,1,1,0,1.0,1.0
46,50,1686,0,1,1,0,1.0,1.0
46,51,2079,0,1,1,0,1.0,1.0
46,52,3222,0,0,0,0,0.0,0.0
46,53,3979,1,0,0,0,0.0,0.0
46,54,3956,1,0,0,0,0.0,0.0
46,55,3815,1,0,0,0,0.0,0.0
46,56,4044,1,0,0,0,0.0,0.0
46,57,2974,0,1,1,0,1.0,1.0
46,58,2396,0,1,1,0,1.0,1.0
46,59,3037,0,1,0,0,0.0,0.0
46,60,2198,0,1,1,0,1.0,1.0
46,61,2872,0,0,0,0,0.0,0.0
46,62,2838,0,1,1,0,1.0,1.0
46,63,2948,0,0,0,0,0.0,0.0
46,64,3090,0,0,0,0,0.0,0.0
47,1,3383,0,0,0,0,0.0,0.0
47,2,3204,0,1,1,0,1.0,1.0
47,3,3416,0,0,0,0,0.0,0.0
47,4,3396,0,0,0,0,0.0,0.0
47,5,3163,0,1,1,0,1.0,1.0
47,6,3240,0,1,0,0,0.0,0.0
47,7,2824,0,1,1,0,1.0,1.0
47,8,3231,0,1,1,0,1.0,1.0
47,9,3380,0,1,0,0,0.0,0.0
47,10,2837,0,1,1,0,1.0,1.0
47,11,2514,0,1,1,0,1.0,1.0
47,12,3003,0,1,1,0,1.0,1.0
47,13,2490,0,1,1,0,1.0,1.0
47,14,1719,0,1,1,0,1.0,1.0
47,15,1678,0,1,1,0,1.0,1.0
47,16,3245,0,1,0,0,0.0,0.0
47,17,2977,0,0,0,0,0.0,0.0
47,18,2927,0,0,0,0,0.0,0.0
47,19,2676,0,0,0,0,0.0,0.0
47,20,2873,0,0,0,0,0.0,0.0
47,21,2033,0,1,1,0,1.0,1.0
47,22,1773,0,1,1,0,1.0,1.0
47,23,1533,0,1,1,0,1.0,1.0
47,24,1956,0,1,1,0,1.0,1.0
47,25,3578,1,0,0,0,0.0,0.0
47,26,3461,0,1,0,0,0.0,0.0
47,27,3775,1,0,0,0,0.0,0.0
47,28,3516,1,0,0,0,0.0,0.0
47,29,3217,0,0,0,0,0.0,0.0
47,30,3197,0,0,0,0,0.0,0.0
47,31,3577,1,0,0,0,0.0,0.0
47,32,3431,0,0,0,0,0.0,0.0
47,33,3194,0,1,1,0,1.0,1.0
47,34,3322,0,1,0,0,0.0,0.0
47,35,3358,0,0,0,0,0.0,0.0
47,36,3309,0,1,1,0,1.0,1.0
47,37,2165,0,1,1,0,1.0,1.0
47,38,3555,1,0,0,0,0.0,0.0
47,39,2397,0,1,1,0,1.0,1.0
47,40,1840,0,1,1,0,1.0,1.0
47,41,2217,0,1,1,0,1.0,1.0
47,42,2225,0,1,1,0,1.0,1.0
47,43,3614,1,1,1,0,1.0,1.0
47,44,2880,0,1,1,0,1.0,1.0
47,45,2169,0,1,1,0,1.0,1.0
47,46,2457,0,1,1,0,1.0,1.0
47,47,2129,0,1,1,0,1.0,1.0
47,48,1772,0,1,1,0,1.0,1.0
47,49,3157,0,0,0,0,0.0,0.0
47,50,2776,0,1,1,0,1.0,1.0
47,51,3287,0,1,1,0,1.0,1.0
47,52,3132,0,0,0,0,0.0,0.0
47,53,3693,1,0,0,0,0.0,0.0
47,54,3400,0,0,0,0,0.0,0.0
47,55,3321,0,0,0,0,0.0,0.0
47,56,3477,0,0,0,0,0.0,0.0
47,57,3185,0,1,1,0,1.0,1.0
47,58,3265,0,1,1,0,1.0,1.0
47,59,3173,0,1,1,0,1.0,1.0
47,60,3458,0,1,1,0,1.0,1.0
47,61,4257,1,0,0,1,0.0,0.0
47,62,3975,1,0,0,1,0.0,0.0
47,63,3730,1,0,0,0,0.0,0.0
47,64,3969,1,0,0,0,0.0,0.0
48,1,2044,0,1,1,0,1.0,1.0
48,2,1680,0,1,1,0,1.0,1.0
48,3,2561,0,1,1,0,1.0,1.0
48,4,2176,0,1,1,0,1.0,1.0
48,5,3394,0,0,0,0,0.0,0.0
48,6,3302,0,0,0,0,0.0,0.0
48,7,3548,1,0,0,0,0.0,0.0
48,8,3413,0,0,0,1,0.0,0.0
48,9,3788,1,0,0,0,0.0,0.0
48,10,3533,1,0,0,0,0.0,0.0
48,11,3576,1,0,0,0,0.0,0.0
48,12,3730,1,0,0,0,0.0,0.0
48,13,2758,0,0,0,0,0.0,0.0
48,14,2734,0,0,0,0,0.0,0.0
48,15,2729,0,0,0,0,0.0,0.0
48,16,2702,0,0,0,0,0.0,0.0
48,17,3386,0,0,0,0,0.0,0.0
48,18,3285,0,1,0,0,0.0,0.0
48,19,3582,1,1,1,0,1.0,1.0
48,20,3157,0,1,1,0,1.0,1.0
48,21,3472,0,1,1,0,1.0,1.0
48,22,3475,0,0,0,0,0.0,0.0
48,23,3476,0,0,0,0,0.0,0.0
48,24,3568,1,1,0,0,0.0,0.0
48,25,3936,1,0,0,0,0.0,0.0
48,26,4260,1,0,0,0,0.0,0.0
48,27,3804,1,0,0,0,0.0,0.0
48,28,3991,1,0,0,0,0.0,0.0
48,29,3790,1,0,0,0,0.0,0.0
48,30,2662,0,1,1,0,1.0,1.0
48,31,3857,1,0,0,0,0.0,0.0
48,32,3712,1,1,1,0,1.0,1.0
48,33,3274,0,1,1,0,1.0,1.0
48,34,1708,0,1,1,0,1.0,1.0
48,35,3611,1,1,1,0,1.0,1.0
48,36,1918,0,1,1,0,1.0,1.0
48,37,2761,0,1,1,0,1.0,1.0
48,38,2279,0,0,0,0,0.0,0.0
48,39,2671,0,1,1,0,1.0,1.0
48,40,2782,0,0,0,0,0.0,0.0
48,41,4048,1,0,0,0,0.0,0.0
48,42,2299,0,1,1,0,1.0,1.0
48,43,2697,0,1,1,0,1.0,1.0
48,44,3895,1,0,0,0,0.0,0.0
48,45,3981,1,0,0,0,0.0,0.0
48,46,3244,0,1,1,0,1.0,1.0
48,47,3915,1,0,0,0,0.0,0.0
48,48,3918,1,0,0,0,0.0,0.0
48,49,2051,0,1,1,0,1.0,1.0
48,50,2395,0,1,1,0,1.0,1.0
48,51,1981,0,1,1,0,1.0,1.0
48,52,3263,0,1,1,0,1.0,1.0
48,53,3287,0,0,0,0,0.0,0.0
48,54,3622,1,0,0,0,0.0,0.0
48,55,3658,1,1,0,0,0.0,0.0
48,56,3817,1,1,0,0,0.0,0.0
48,57,2544,0,1,1,0,1.0,1.0
48,58,2170,0,1,1,0,1.0,1.0
48,59,3181,0,1,1,0,1.0,1.0
48,60,2594,0,1,1,0,1.0,1.0
48,61,2947,0,1,0,0,0.0,0.0
48,62,2919,0,1,1,0,1.0,1.0
48,63,2992,0,0,0,0,0.0,0.0
48,64,2786,0,0,0,0,0.0,0.0
49,1,3520,1,0,0,0,0.0,0.0
49,2,3716,1,0,0,0,0.0,0.0
49,3,3730,1,0,0,0,0.0,0.0
49,4,3703,1,0,0,0,0.0,0.0
49,5,2714,0,1,1,0,1.0,1.0
49,6,2679,0,0,0,0,0.0,0.0
49,7,2675,0,0,0,0,0.0,0.0
49,8,2617,0,0,0,0,0.0,0.0
49,9,3157,0,0,0,0,0.0,0.0
49,10,2893,0,1,1,0,1.0,1.0
49,11,1719,0,1,1,0,1.0,1.0
49,12,3023,0,0,0,0,0.0,0.0
49,13,3653,1,1,1,0,1.0,1.0
49,14,3937,1,1,1,0,1.0,1.0
49,15,3634,1,0,0,0,0.0,0.0
49,16,3515,1,0,0,0,0.0,0.0
49,17,3048,0,0,0,0,0.0,0.0
49,18,2558,0,1,1,0,1.0,1.0
49,19,3307,0,1,1,0,1.0,1.0
49,20,3184,0,1,1,0,1.0,1.0
49,21,3190,0,0,0,0,0.0,0.0
49,22,3223,0,1,1,0,1.0,1.0
49,23,2932,0,1,1,0,1.0,1.0
49,24,3018,0,0,0,0,0.0,0.0
49,25,2502,0,1,1,0,1.0,1.0
49,26,2660,0,1,1,0,1.0,1.0
49,27,1556,0,1,1,0,1.0,1.0
49,28,1571,0,1,1,0,1.0,1.0
49,29,3305,0,1,0,0,0.0,0.0
49,30,3050,0,0,0,0,0.0,0.0
49,31,2955,0,1,1,0,1.0,1.0
49,32,3088,0,0,0,0,0.0,0.0
49,33,2812,0,0,0,0,0.0,0.0
49,34,2763,0,1,1,0,1.0,1.0
49,35,2862,0,1,0,0,0.0,0.0
49,36,2647,0,0,0,0,0.0,0.0
49,37,3491,0,1,1,0,1.0,1.0
49,38,3310,0,1,0,0,0.0,0.0
49,39,3381,0,0,0,0,0.0,0.0
49,40,2587,0,1,1,0,1.0,1.0
49,41,3457,0,1,1,0,1.0,1.0
49,42,3631,1,0,0,0,0.0,0.0
49,43,3413,0,1,0,0,0.0,0.0
49,44,3279,0,1,1,0,1.0,1.0
49,45,2130,0,1,1,0,1.0,1.0
49,46,2190,0,1,1,0,1.0,1.0
49,47,1675,0,1,1,0,1.0,1.0
49,48,2756,0,1,1,0,1.0,1.0
49,49,2043,0,1,1,0,1.0,1.0
49,50,3718,1,1,1,0,1.0,1.0
49,51,1553,0,1,1,0,1.0,1.0
49,52,2443,0,1,1,0,1.0,1.0
49,53,3420,0,0,0,0,0.0,0.0
49,54,3241,0,1,1,0,1.0,1.0
49,55,3692,1,0,0,0,0.0,0.0
49,56,3478,0,1,1,0,1.0,1.0
49,57,3597,1,0,0,0,0.0,0.0
49,58,3371,0,1,0,0,0.0,0.0
49,59,3500,1,0,0,0,0.0,0.0
49,60,3419,0,0,0,0,0.0,0.0
49,61,3359,0,0,0,0,0.0,0.0
49,62,3237,0,0,0,0,0.0,0.0
49,63,3497,0,0,0,0,0.0,0.0
49,64,3242,0,0,0,0,0.0,0.0
50,1,3324,0,1,0,0,0.0,0.0
50,2,2897,0,1,1,0,1.0,1.0
50,3,3152,0,1,1,0,1.0,1.0
50,4,3261,0,1,1,0,1.0,1.0
50,5,4223,1,0,0,0,0.0,0.0
50,6,3799,1,0,0,0,0.0,0.0
50,7,3954,1,0,0,0,0.0,0.0
50,8,3473,0,0,0,0,0.0,0.0
50,9,3399,0,0,0,0,0.0,0.0
50,10,3248,0,1,0,0,0.0,0.0
50,11,3304,0,0,0,0,0.0,0.0
50,12,3258,0,1,0,0,0.0,0.0
50,13,3486,0,0,0,0,0.0,0.0
50,14,3802,1,0,0,0,0.0,0.0
50,15,3737,1,0,0,0,0.0,0.0
50,16,3521,1,0,0,0,0.0,0.0
50,17,3445,0,1,1,0,1.0,1.0
50,18,3914,1,1,1,0,1.0,1.0
50,19,2802,0,1,1,0,1.0,1.0
50,20,2843,0,1,1,0,1.0,1.0
50,21,2985,0,1,0,0,0.0,0.0
50,22,2900,0,1,1,0,1.0,1.0
50,23,3117,0,1,0,0,0.0,0.0
50,24,2808,0,1,1,0,0.0,0.0
50,25,3039,0,1,1,0,1.0,1.0
50,26,3091,0,0,0,0,0.0,0.0
50,27,3323,0,1,0,0,0.0,0.0
50,28,3179,0,1,1,0,1.0,1.0
50,29,2825,0,1,1,0,1.0,1.0
50,30,2803,0,0,0,0,0.0,0.0
50,31,2968,0,1,1,0,1.0,1.0
50,32,2770,0,1,1,0,1.0,1.0
50,33,3795,1,0,0,0,0.0,0.0
50,34,3468,0,0,0,0,0.0,0.0
50,35,2954,0,0,0,0,0.0,0.0
50,36,3649,1,0,0,0,0.0,0.0
50,37,3357,0,0,0,0,0.0,0.0
50,38,3362,0,0,0,0,0.0,0.0
50,39,3100,0,1,1,0,1.0,1.0
50,40,3231,0,0,0,0,0.0,0.0
50,41,3324,0,1,1,0,1.0,1.0
50,42,3458,0,1,1,0,1.0,1.0
50,43,3024,0,0,0,0,0.0,0.0
50,44,3158,0,1,1,0,1.0,1.0
50,45,2258,0,1,1,0,1.0,1.0
50,46,2693,0,1,1,0,1.0,1.0
50,47,2895,0,1,1,0,1.0,1.0
50,48,3137,0,1,1,0,1.0,1.0
50,49,4221,1,0,0,0,0.0,0.0
50,50,4177,1,0,0,0,0.0,0.0
50,51,4071,1,0,0,0,0.0,0.0
50,52,4071,1,0,0,0,0.0,0.0
50,53,4270,1,0,0,0,0.0,0.0
50,54,4519,1,0,0,0,0.0,0.0
50,55,2568,0,1,1,0,1.0,1.0
50,56,4373,1,0,0,0,0.0,0.0
50,57,2658,0,1,1,0,1.0,1.0
50,58,3000,0,0,0,0,0.0,0.0
50,59,3450,0,1,0,0,0.0,0.0
50,60,3233,0,1,1,0,1.0,1.0
50,61,3051,0,1,1,0,1.0,1.0
50,62,3812,1,0,0,0,0.0,0.0
50,63,3659,1,0,0,0,0.0,0.0
50,64,3877,1,0,0,0,0.0,0.0
51,1,3489,0,0,0,0,0.0,0.0
51,2,3975,1,0,0,0,0.0,0.0
51,3,3613,1,0,0,0,0.0,0.0
51,4,3466,0,0,0,0,0.0,0.0
51,5,2070,0,1,1,0,1.0,1.0
51,6,3138,0,1,0,0,0.0,0.0
51,7,3228,0,0,0,0,0.0,0.0
51,8,3110,0,1,1,0,1.0,1.0
51,9,2665,0,0,0,0,0.0,0.0
51,10,2603,0,0,0,0,0.0,0.0
51,11,2916,0,1,1,0,1.0,1.0
51,12,2654,0,0,0,0,0.0,0.0
51,13,3686,1,0,0,0,0.0,0.0
51,14,3697,1,1,1,0,1.0,1.0
51,15,3880,1,0,0,0,0.0,0.0
51,16,3795,1,1,1,0,1.0,1.0
51,17,4288,1,0,0,0,0.0,0.0
51,18,3943,1,0,0,0,0.0,0.0
51,19,3970,1,0,0,0,0.0,0.0
51,20,4143,1,0,0,0,0.0,0.0
51,21,3722,1,1,1,0,1.0,1.0
51,22,3649,1,1,0,0,0.0,0.0
51,23,3816,1,1,1,0,1.0,1.0
51,24,3672,1,1,0,0,0.0,0.0
51,25,3721,1,0,0,0,0.0,0.0
51,26,3955,1,0,0,0,0.0,0.0
51,27,4642,1,0,0,0,0.0,0.0
51,28,4127,1,0,0,0,0.0,0.0
51,29,2988,0,1,1,0,1.0,1.0
51,30,3209,0,1,1,0,1.0,1.0
51,31,1719,0,1,1,0,1.0,1.0
51,32,1793,0,1,1,0,1.0,1.0
51,33,3255,0,1,1,0,1.0,1.0
51,34,2689,0,1,1,0,1.0,1.0
51,35,1610,0,1,1,0,1.0,1.0
51,36,3560,1,1,0,0,0.0,0.0
51,37,3062,0,0,0,0,0.0,0.0
51,38,2918,0,1,1,0,1.0,1.0
51,39,2806,0,1,1,0,1.0,1.0
51,40,3258,0,1,0,0,0.0,0.0
51,41,3291,0,1,1,0,1.0,1.0
51,42,3482,0,0,0,0,0.0,0.0
51,43,3611,1,0,0,0,0.0,0.0
51,44,3481,0,1,1,0,1.0,1.0
51,45,3920,1,1,0,0,0.0,0.0
51,46,3818,1,0,0,0,0.0,0.0
51,47,3543,1,0,0,0,0.0,0.0
51,48,3700,1,0,0,0,0.0,0.0
51,49,1175,0,1,1,0,1.0,1.0
51,50,1441,0,1,1,0,1.0,1.0
51,51,1369,0,1,1,0,1.0,1.0
51,52,1370,0,1,1,0,1.0,1.0
51,53,3233,0,1,1,0,1.0,1.0
51,54,3065,0,0,0,0,0.0,0.0
51,55,2989,0,0,0,0,0.0,0.0
51,56,2764,0,1,1,0,1.0,1.0
51,57,2842,0,1,1,0,1.0,1.0
51,58,2566,0,0,0,0,0.0,0.0
51,59,2985,0,1,0,0,0.0,0.0
51,60,3370,0,0,0,0,0.0,0.0
51,61,2899,0,0,0,0,0.0,0.0
51,62,2862,0,0,0,0,0.0,0.0
51,63,2835,0,0,0,0,0.0,0.0
51,64,2651,0,0,0,0,0.0,0.0
52,1,3214,0,1,1,0,1.0,1.0
52,2,2606,0,1,1,0,1.0,1.0
52,3,3151,0,1,1,0,1.0,1.0
52,4,3181,0,0,0,0,0.0,0.0
52,5,3946,1,0,0,0,0.0,0.0
52,6,4190,1,0,0,0,0.0,0.0
52,7,3181,0,0,0,0,0.0,0.0
52,8,3684,1,0,0,0,0.0,0.0
52,9,2372,0,1,1,0,1.0,1.0
52,10,2863,0,1,1,0,1.0,1.0
52,11,2414,0,1,1,0,1.0,1.0
52,12,3068,0,1,1,0,1.0,1.0
52,13,3946,1,0,0,0,0.0,0.0
52,14,4097,1,0,0,0,0.0,0.0
52,15,4231,1,0,0,0,0.0,0.0
52,16,3817,1,0,0,0,0.0,0.0
52,17,2674,0,1,1,0,1.0,1.0
52,18,3706,1,1,1,0,1.0,1.0
52,19,3019,0,1,1,0,1.0,1.0
52,20,2297,0,1,1,0,1.0,1.0
52,21,3399,0,0,0,1,0.0,0.0
52,22,3350,0,1,0,0,0.0,0.0
52,23,2302,0,1,1,0,1.0,1.0
52,24,3305,0,0,0,0,0.0,0.0
52,25,2347,0,1,1,0,1.0,1.0
52,26,2983,0,1,1,0,1.0,1.0
52,27,2398,0,1,1,0,1.0,1.0
52,28,3246,0,1,1,0,1.0,1.0
52,29,4254,1,0,0,0,0.0,0.0
52,30,3292,0,1,1,0,1.0,1.0
52,31,2809,0,1,1,0,1.0,1.0
52,32,4041,1,0,0,0,0.0,0.0
52,33,3447,0,0,0,0,0.0,0.0
52,34,3591,1,0,0,0,0.0,0.0
52,35,3487,0,1,0,0,0.0,0.0
52,36,3270,0,0,0,0,0.0,0.0
52,37,3577,1,0,0,0,0.0,0.0
52,38,3354,0,0,0,0,0.0,0.0
52,39,3562,1,0,0,0,0.0,0.0
52,40,3734,1,0,0,0,0.0,0.0
52,41,2793,0,1,1,0,1.0,1.0
52,42,3342,0,1,0,0,0.0,0.0
52,43,2825,0,1,1,0,1.0,1.0
52,44,3325,0,0,0,0,0.0,0.0
52,45,2917,0,0,0,0,0.0,0.0
52,46,3111,0,0,0,0,0.0,0.0
52,47,2973,0,0,0,0,0.0,0.0
52,48,3035,0,0,0,0,0.0,0.0
52,49,1997,0,1,1,0,1.0,1.0
52,50,2016,0,1,1,0,1.0,1.0
52,51,1757,0,1,1,0,1.0,1.0
52,52,2106,0,1,1,0,1.0,1.0
52,53,3990,1,0,0,0,0.0,0.0
52,54,4132,1,0,0,0,0.0,0.0
52,55,3985,1,0,0,0,0.0,0.0
52,56,3852,1,0,0,0,0.0,0.0
52,57,2947,0,1,1,0,1.0,1.0
52,58,2680,0,1,1,0,1.0,1.0
52,59,2283,0,1,1,0,1.0,1.0
52,60,2627,0,1,1,0,1.0,1.0
52,61,2492,0,1,1,0,1.0,1.0
52,62,2955,0,1,1,0,1.0,1.0
52,63,2737,0,1,1,0,1.0,1.0
52,64,2157,0,1,1,0,1.0,1.0
53,1,3570,1,0,0,0,0.0,0.0
53,2,3405,0,0,0,0,0.0,0.0
53,3,4033,1,0,0,0,0.0,0.0
53,4,4107,1,0,0,0,0.0,0.0
53,5,3562,1,0,0,0,0.0,0.0
53,6,3279,0,0,0,0,0.0,0.0
53,7,3542,1,0,0,0,0.0,0.0
53,8,3082,0,1,1,0,1.0,1.0
53,9,3631,1,0,0,0,0.0,0.0
53,10,3725,1,0,0,0,0.0,0.0
53,11,3696,1,0,0,0,0.0,0.0
53,12,3594,1,0,0,0,0.0,0.0
53,13,3448,0,0,0,0,0.0,0.0
53,14,3320,0,0,0,0,0.0,0.0
53,15,3486,0,0,0,0,0.0,0.0
53,16,3426,0,0,0,0,0.0,0.0
53,17,2946,0,1,0,0,0.0,0.0
53,18,2868,0,1,1,0,1.0,1.0
53,19,3119,0,1,0,0,0.0,0.0
53,20,2646,0,1,1,0,1.0,1.0
53,21,4002,1,0,0,0,0.0,0.0
53,22,3941,1,0,0,0,0.0,0.0
53,23,3914,1,0,0,0,0.0,0.0
53,24,3744,1,0,0,0,0.0,0.0
53,25,1820,0,1,1,0,1.0,1.0
53,26,2509,0,1,1,0,1.0,1.0
53,27,2185,0,1,1,0,1.0,1.0
53,28,2504,0,1,1,0,1.0,1.0
53,29,2453,0,1,1,0,1.0,1.0
53,30,2482,0,1,1,0,1.0,1.0
53,31,1969,0,1,1,0,1.0,1.0
53,32,1940,0,1,1,0,1.0,1.0
53,33,1552,0,1,1,0,1.0,1.0
53,34,1427,0,1,1,0,1.0,1.0
53,35,1588,0,1,1,0,1.0,1.0
53,36,1538,0,1,1,0,1.0,1.0
53,37,2836,0,1,0,0,0.0,0.0
53,38,3004,0,1,1,0,1.0,1.0
53,39,2891,0,1,0,0,0.0,0.0
53,40,3024,0,1,0,0,0.0,0.0
53,41,3748,1,0,0,0,0.0,0.0
53,42,2618,0,0,0,0,0.0,0.0
53,43,2625,0,0,0,0,0.0,0.0
53,44,2674,0,0,0,0,0.0,0.0
53,45,1788,0,1,1,0,1.0,1.0
53,46,1467,0,1,1,0,1.0,1.0
53,47,1524,0,1,1,0,1.0,1.0
53,48,1624,0,1,1,0,1.0,1.0
53,49,3117,0,1,1,0,1.0,1.0
53,50,3281,0,1,0,0,0.0,0.0
53,51,3597,1,1,1,0,1.0,1.0
53,52,3444,0,0,0,0,0.0,0.0
53,53,3998,1,0,0,0,0.0,0.0
53,54,3524,1,0,0,0,0.0,0.0
53,55,3863,1,0,0,0,0.0,0.0
53,56,3876,1,0,0,0,0.0,0.0
53,57,2996,0,0,0,0,0.0,0.0
53,58,3266,0,0,0,0,0.0,0.0
53,59,3208,0,0,0,0,0.0,0.0
53,60,3146,0,0,0,0,0.0,0.0
53,61,3219,0,1,1,0,1.0,1.0
53,62,3036,0,1,1,0,1.0,1.0
53,63,2721,0,1,1,0,1.0,1.0
53,64,3261,0,1,1,0,1.0,1.0
54,1,3302,0,0,0,0,0.0,0.0
54,2,3756,1,0,0,0,0.0,0.0
54,3,3396,0,0,0,0,0.0,0.0
54,4,3544,1,0,0,0,0.0,0.0
54,5,3130,0,0,0,0,0.0,0.0
54,6,2996,0,0,0,0,0.0,0.0
54,7,3224,0,0,0,0,0.0,0.0
54,8,3211,0,0,0,0,0.0,0.0
54,9,3184,0,1,1,0,1.0,1.0
54,10,2964,0,1,1,0,1.0,1.0
54,11,3135,0,1,1,0,1.0,1.0
54,12,2832,0,1,1,0,1.0,1.0
54,13,3105,0,0,0,0,0.0,0.0
54,14,2874,0,0,0,0,0.0,0.0
54,15,3086,0,0,0,0,0.0,0.0
54,16,3242,0,0,0,0,0.0,0.0
54,17,3184,0,0,0,0,0.0,0.0
54,18,3178,0,0,0,0,0.0,0.0
54,19,3507,1,0,0,0,0.0,0.0
54,20,3406,0,0,0,0,0.0,0.0
54,21,3427,0,1,1,0,1.0,1.0
54,22,3420,0,0,0,0,0.0,0.0
54,23,3003,0,1,1,0,1.0,1.0
54,24,2677,0,1,1,0,1.0,1.0
54,25,3268,0,1,0,0,0.0,0.0
54,26,3457,0,1,0,0,0.0,0.0
54,27,3577,1,1,0,0,0.0,0.0
54,28,3077,0,1,1,0,1.0,1.0
54,29,3283,0,1,0,0,0.0,0.0
54,30,2771,0,1,1,0,1.0,1.0
54,31,3189,0,0,0,0,0.0,0.0
54,32,3279,0,1,1,0,1.0,1.0
54,33,3946,1,0,0,0,0.0,0.0
54,34,3574,1,0,0,0,0.0,0.0
54,35,3109,0,1,1,0,0.0,0.0
54,36,3874,1,0,0,0,0.0,0.0
54,37,4116,1,0,0,0,0.0,0.0
54,38,4080,1,0,0,0,0.0,0.0
54,39,4120,1,0,0,0,0.0,0.0
54,40,4072,1,0,0,1,0.0,0.0
54,41,2509,0,0,0,0,0.0,0.0
54,42,2276,0,1,1,0,1.0,1.0
54,43,2674,0,1,1,0,1.0,1.0
54,44,2823,0,1,1,0,1.0,1.0
54,45,3593,1,0,0,0,0.0,0.0
54,46,3677,1,0,0,0,0.0,0.0
54,47,3714,1,0,0,0,0.0,0.0
54,48,3705,1,0,0,0,0.0,0.0
54,49,3423,0,0,0,0,0.0,0.0
54,50,3353,0,0,0,0,0.0,0.0
54,51,3641,1,0,0,0,0.0,0.0
54,52,3439,0,0,0,0,0.0,0.0
54,53,3148,0,1,0,0,0.0,0.0
54,54,3013,0,1,1,0,1.0,1.0
54,55,3043,0,1,1,0,1.0,1.0
54,56,2831,0,0,0,0,0.0,0.0
54,57,3718,1,0,0,0,0.0,0.0
54,58,3828,1,0,0,0,0.0,0.0
54,59,3715,1,0,0,0,0.0,0.0
54,60,3580,1,0,0,0,0.0,0.0
54,61,2035,0,1,1,0,1.0,1.0
54,62,3738,1,0,0,0,0.0,0.0
54,63,2231,0,1,1,0,1.0,1.0
54,64,3179,0,1,1,0,1.0,1.0
55,1,4146,1,0,0,0,0.0,0.0
55,2,4322,1,0,0,0,0.0,0.0
55,3,4204,1,0,0,0,0.0,0.0
55,4,4136,1,0,0,0,0.0,0.0
55,5,2829,0,1,1,0,1.0,1.0
55,6,1826,0,1,1,0,1.0,1.0
55,7,2528,0,1,1,0,1.0,1.0
55,8,2009,0,1,1,0,1.0,1.0
55,9,3199,0,0,0,0,0.0,0.0
55,10,3969,1,0,0,0,0.0,0.0
55,11,3819,1,0,0,0,0.0,0.0
55,12,4105,1,0,0,0,0.0,0.0
55,13,3796,1,0,0,0,0.0,0.0
55,14,3807,1,0,0,0,0.0,0.0
55,15,3872,1,1,1,0,0.0,0.0
55,16,3546,1,1,0,0,0.0,0.0
55,17,2851,0,0,0,0,0.0,0.0
55,18,2712,0,0,0,0,0.0,0.0
55,19,2956,0,0,0,0,0.0,0.0
55,20,2919,0,1,1,0,1.0,1.0
55,21,3912,1,0,0,0,0.0,0.0
55,22,4082,1,0,0,0,0.0,0.0
55,23,4129,1,0,0,0,0.0,0.0
55,24,3905,1,0,0,0,0.0,0.0
55,25,3358,0,1,0,0,0.0,0.0
55,26,3005,0,0,0,0,0.0,0.0
55,27,2917,0,1,1,0,1.0,1.0
55,28,2993,0,1,0,0,0.0,0.0
55,29,3872,1,0,0,0,0.0,0.0
55,30,3984,1,0,0,0,0.0,0.0
55,31,3987,1,0,0,0,0.0,0.0
55,32,4046,1,0,0,0,0.0,0.0
55,33,2297,0,1,1,0,1.0,1.0
55,34,1812,0,1,1,0,1.0,1.0
55,35,2348,0,1,1,0,1.0,1.0
55,36,2146,0,1,1,0,1.0,1.0
55,37,3209,0,0,0,0,0.0,0.0
55,38,3443,0,0,0,0,0.0,0.0
55,39,3343,0,0,0,0,0.0,0.0
55,40,3234,0,0,0,0,0.0,0.0
55,41,3646,1,1,0,0,0.0,0.0
55,42,3602,1,0,0,0,0.0,0.0
55,43,3222,0,1,1,0,1.0,1.0
55,44,3674,1,1,0,0,0.0,0.0
55,45,3855,1,0,0,0,0.0,0.0
55,46,3712,1,0,0,0,0.0,0.0
55,47,3751,1,0,0,0,0.0,0.0
55,48,3678,1,0,0,0,0.0,0.0
55,49,2836,0,0,0,0,0.0,0.0
55,50,2616,0,0,0,0,0.0,0.0
55,51,2542,0,0,0,0,0.0,0.0
55,52,2624,0,0,0,0,0.0,0.0
55,53,3055,0,1,1,0,1.0,1.0
55,54,3005,0,1,1,0,1.0,1.0
55,55,3092,0,1,1,0,1.0,1.0
55,56,2643,0,1,1,0,1.0,1.0
55,57,4222,1,0,0,0,0.0,0.0
55,58,4351,1,0,0,0,0.0,0.0
55,59,4123,1,0,0,0,0.0,0.0
55,60,4103,1,0,0,0,0.0,0.0
55,61,2073,0,1,1,0,1.0,1.0
55,62,1654,0,1,1,0,1.0,1.0
55,63,1751,0,1,1,0,1.0,1.0
55,64,1660,0,1,1,0,1.0,1.0
56,1,3734,1,0,0,0,0.0,0.0
56,2,2505,0,1,1,0,1.0,1.0
56,3,3881,1,0,0,0,0.0,0.0
56,4,1829,0,1,1,0,1.0,1.0
56,5,4091,1,0,0,0,0.0,0.0
56,6,4065,1,0,0,0,0.0,0.0
56,7,4102,1,0,0,0,0.0,0.0
56,8,3890,1,0,0,0,0.0,0.0
56,9,3433,0,0,0,0,0.0,0.0
56,10,3596,1,0,0,0,0.0,0.0
56,11,3497,0,0,0,0,0.0,0.0
56,12,3410,0,0,0,0,0.0,0.0
56,13,2977,0,0,0,0,0.0,0.0
56,14,3370,0,0,0,0,0.0,0.0
56,15,3107,0,0,0,0,0.0,0.0
56,16,3166,0,0,0,0,0.0,0.0
56,17,3403,0,1,1,0,1.0,1.0
56,18,2783,0,1,1,0,1.0,1.0
56,19,3617,1,1,1,0,1.0,1.0
56,20,3243,0,1,1,0,1.0,1.0
56,21,3882,1,1,1,0,0.0,0.0
56,22,3615,1,0,0,0,0.0,0.0
56,23,3998,1,0,0,0,0.0,0.0
56,24,3982,1,0,0,0,0.0,0.0
56,25,3871,1,0,0,0,0.0,0.0
56,26,2465,0,1,1,0,1.0,1.0
56,27,3553,1,1,1,0,1.0,1.0
56,28,4088,1,0,0,0,0.0,0.0
56,29,3373,0,0,0,0,0.0,0.0
56,30,2247,0,1,1,0,1.0,1.0
56,31,3269,0,1,1,0,1.0,1.0
56,32,3693,1,0,0,0,0.0,0.0
56,33,2918,0,1,1,0,1.0,1.0
56,34,3271,0,1,1,0,1.0,1.0
56,35,2601,0,1,1,0,1.0,1.0
56,36,2613,0,1,1,0,1.0,1.0
56,37,3100,0,1,1,0,1.0,1.0
56,38,2979,0,0,0,0,0.0,0.0
56,39,3003,0,1,1,0,1.0,1.0
56,40,2830,0,0,0,0,0.0,0.0
56,41,3058,0,0,0,0,0.0,0.0
56,42,3095,0,1,0,0,0.0,0.0
56,43,3079,0,1,1,0,1.0,1.0
56,44,3099,0,0,0,0,0.0,0.0
56,45,3028,0,0,0,0,0.0,0.0
56,46,3097,0,1,0,0,0.0,0.0
56,47,3191,0,0,0,0,0.0,0.0
56,48,3082,0,0,0,0,0.0,0.0
56,49,3270,0,1,0,0,0.0,0.0
56,50,2485,0,1,1,0,1.0,1.0
56,51,3353,0,1,0,0,0.0,0.0
56,52,2643,0,1,1,0,1.0,1.0
56,53,3810,1,0,0,0,0.0,0.0
56,54,3936,1,0,0,0,0.0,0.0
56,55,3941,1,0,0,0,0.0,0.0
56,56,3988,1,0,0,0,0.0,0.0
56,57,2524,0,1,1,0,1.0,1.0
56,58,1974,0,1,1,0,1.0,1.0
56,59,2191,0,1,1,0,1.0,1.0
56,60,3413,0,1,0,0,0.0,0.0
56,61,3419,0,0,0,0,0.0,0.0
56,62,3307,0,0,0,0,0.0,0.0
56,63,3043,0,0,0,0,0.0,0.0
56,64,3609,1,0,0,0,0.0,0.0
57,1,3395,0,0,0,0,0.0,0.0
57,2,3535,1,0,0,0,0.0,0.0
57,3,3523,1,0,0,0,0.0,0.0
57,4,3493,0,0,0,0,0.0,0.0
57,5,3093,0,1,1,0,1.0,1.0
57,6,3607,1,1,1,0,1.0,1.0
57,7,3324,0,1,0,0,0.0,0.0
57,8,3317,0,1,1,0,1.0,1.0
57,9,2761,0,1,1,0,1.0,1.0
57,10,3563,1,0,0,0,0.0,0.0
57,11,3691,1,0,0,0,0.0,0.0
57,12,3261,0,0,0,0,0.0,0.0
57,13,3500,1,0,0,0,0.0,0.0
57,14,3350,0,0,0,0,0.0,0.0
57,15,3727,1,0,0,0,0.0,0.0
57,16,2344,0,1,1,0,1.0,1.0
57,17,4195,1,0,0,0,0.0,0.0
57,18,4078,1,0,0,0,0.0,0.0
57,19,4051,1,0,0,0,0.0,0.0
57,20,4071,1,0,0,0,0.0,0.0
57,21,2529,0,0,0,0,0.0,0.0
57,22,2501,0,0,0,0,0.0,0.0
57,23,2497,0,0,0,0,0.0,0.0
57,24,2566,0,1,0,0,0.0,0.0
57,25,3460,0,0,0,0,0.0,0.0
57,26,3433,0,0,0,0,0.0,0.0
57,27,3490,0,0,0,0,0.0,0.0
57,28,3324,0,0,0,0,0.0,0.0
57,29,3585,1,1,0,0,0.0,0.0
57,30,3280,0,1,0,0,0.0,0.0
57,31,2626,0,1,1,0,1.0,1.0
57,32,3549,1,0,0,0,0.0,0.0
57,33,3005,0,0,0,0,0.0,0.0
57,34,2756,0,1,1,0,1.0,1.0
57,35,2122,0,1,1,0,1.0,1.0
57,36,2587,0,1,1,0,1.0,1.0
57,37,3518,1,1,0,0,0.0,0.0
57,38,2996,0,1,1,0,1.0,1.0
57,39,3014,0,1,1,0,1.0,1.0
57,40,2708,0,1,1,0,1.0,1.0
57,41,3360,0,1,1,0,1.0,1.0
57,42,3608,1,0,0,0,0.0,0.0
57,43,3088,0,0,0,0,0.0,0.0
57,44,3044,0,0,0,0,0.0,0.0
57,45,3033,0,0,0,0,0.0,0.0
57,46,3046,0,0,0,0,0.0,0.0
57,47,2962,0,0,0,0,0.0,0.0
57,48,3139,0,0,0,0,0.0,0.0
57,49,3834,1,0,0,0,0.0,0.0
57,50,3706,1,0,0,0,0.0,0.0
57,51,3786,1,0,0,0,0.0,0.0
57,52,3681,1,0,0,0,0.0,0.0
57,53,3728,1,0,0,0,0.0,0.0
57,54,3081,0,1,1,0,1.0,1.0
57,55,2000,0,1,1,0,1.0,1.0
57,56,3646,1,1,1,0,1.0,1.0
57,57,3577,1,1,1,0,1.0,1.0
57,58,3663,1,1,0,0,0.0,0.0
57,59,3792,1,1,0,0,0.0,0.0
57,60,3609,1,0,0,0,0.0,0.0
57,61,3027,0,0,0,0,0.0,0.0
57,62,3195,0,1,0,0,0.0,0.0
57,63,3210,0,1,0,0,0.0,0.0
57,64,2746,0,1,1,0,1.0,1.0
58,1,3995,1,0,0,0,0.0,0.0
58,2,3943,1,0,0,0,0.0,0.0
58,3,4161,1,0,0,0,0.0,0.0
58,4,3993,1,0,0,0,0.0,0.0
58,5,2642,0,0,0,0,0.0,0.0
58,6,2996,0,0,0,0,0.0,0.0
58,7,2701,0,0,0,0,0.0,0.0
58,8,3298,0,0,0,0,0.0,0.0
58,9,3755,1,0,0,0,0.0,0.0
58,10,3374,0,0,0,0,0.0,0.0
58,11,3616,1,0,0,0,0.0,0.0
58,12,3737,1,0,0,0,0.0,0.0
58,13,2134,0,1,1,0,1.0,1.0
58,14,3071,0,1,0,0,0.0,0.0
58,15,2520,0,1,1,0,1.0,1.0
58,16,2333,0,1,1,0,1.0,1.0
58,17,4177,1,0,0,0,0.0,0.0
58,18,4371,1,0,0,0,0.0,0.0
58,19,4031,1,0,0,0,0.0,0.0
58,20,3793,1,0,0,0,0.0,0.0
58,21,3443,0,0,0,0,0.0,0.0
58,22,3290,0,1,1,0,1.0,1.0
58,23,3392,0,0,0,0,0.0,0.0
58,24,3505,1,1,0,0,0.0,0.0
58,25,2980,0,1,1,0,0.0,0.0
58,26,2381,0,1,1,0,1.0,1.0
58,27,2946,0,1,1,0,1.0,1.0
58,28,3150,0,0,0,0,0.0,0.0
58,29,2342,0,1,1,0,1.0,1.0
58,30,2655,0,1,1,0,1.0,1.0
58,31,2463,0,1,1,0,1.0,1.0
58,32,2481,0,1,1,0,1.0,1.0
58,33,3271,0,1,1,0,1.0,1.0
58,34,3259,0,0,0,0,0.0,0.0
58,35,2420,0,1,1,0,1.0,1.0
58,36,3248,0,0,0,0,0.0,0.0
58,37,1486,0,1,1,0,1.0,1.0
58,38,2157,0,1,1,0,1.0,1.0
58,39,3276,0,1,1,0,1.0,1.0
58,40,2906,0,1,1,0,1.0,1.0
58,41,4209,1,0,0,0,0.0,0.0
58,42,4061,1,0,0,0,0.0,0.0
58,43,4066,1,0,0,0,0.0,0.0
58,44,3826,1,0,0,0,0.0,0.0
58,45,3871,1,0,0,0,0.0,0.0
58,46,4249,1,0,0,0,0.0,0.0
58,47,4197,1,0,0,0,0.0,0.0
58,48,4168,1,0,0,0,0.0,0.0
58,49,3079,0,1,1,0,1.0,1.0
58,50,3325,0,1,1,0,1.0,1.0
58,51,3729,1,1,0,0,0.0,0.0
58,52,3379,0,1,1,0,1.0,1.0
58,53,3028,0,1,1,0,1.0,1.0
58,54,3460,0,1,1,0,0.0,0.0
58,55,3594,1,0,0,0,0.0,0.0
58,56,3491,0,0,0,0,0.0,0.0
58,57,3171,0,0,0,0,0.0,0.0
58,58,3234,0,0,0,0,0.0,0.0
58,59,3232,0,0,0,0,0.0,0.0
58,60,3070,0,0,0,0,0.0,0.0
58,61,3496,0,0,0,0,0.0,0.0
58,62,3777,1,0,0,0,0.0,0.0
58,63,3598,1,0,0,0,0.0,0.0
58,64,3444,0,0,0,0,0.0,0.0
59,1,2866,0,0,0,0,0.0,0.0
59,2,2974,0,1,0,0,0.0,0.0
59,3,3009,0,1,1,0,1.0,1.0
59,4,2976,0,0,0,0,0.0,0.0
59,5,2041,0,1,1,0,1.0,1.0
59,6,2283,0,1,1,0,1.0,1.0
59,7,2906,0,1,1,0,1.0,1.0
59,8,3514,1,1,1,0,1.0,1.0
59,9,1867,0,1,1,0,1.0,1.0
59,10,3410,0,1,1,0,1.0,1.0
59,11,3579,1,1,0,0,0.0,0.0
59,12,2174,0,1,1,0,1.0,1.0
59,13,1609,0,1,1,0,1.0,1.0
59,14,2687,0,1,1,0,1.0,1.0
59,15,1833,0,1,1,0,1.0,1.0
59,16,2237,0,1,1,0,1.0,1.0
59,17,3243,0,0,0,0,0.0,0.0
59,18,3097,0,0,0,0,0.0,0.0
59,19,3284,0,0,0,0,0.0,0.0
59,20,3322,0,0,0,0,0.0,0.0
59,21,1569,0,1,1,0,1.0,1.0
59,22,2636,0,1,1,0,1.0,1.0
59,23,1977,0,1,1,0,1.0,1.0
59,24,2046,0,1,1,0,1.0,1.0
59,25,2566,0,1,1,0,1.0,1.0
59,26,2284,0,1,1,0,1.0,1.0
59,27,1466,0,1,1,0,1.0,1.0
59,28,3216,0,1,1,0,1.0,1.0
59,29,3797,1,0,0,0,0.0,0.0
59,30,3402,0,1,1,0,1.0,1.0
59,31,3479,0,0,0,0,0.0,0.0
59,32,3525,1,0,0,0,0.0,0.0
59,33,3577,1,1,0,0,0.0,0.0
59,34,3709,1,0,0,0,0.0,0.0
59,35,3689,1,1,0,0,0.0,0.0
59,36,3522,1,0,0,0,0.0,0.0
59,37,3605,1,1,1,0,1.0,1.0
59,38,3615,1,0,0,0,0.0,0.0
59,39,3465,0,1,1,0,1.0,1.0
59,40,3516,1,0,0,0,0.0,0.0
59,41,3384,0,1,0,0,0.0,0.0
59,42,2603,0,1,1,0,1.0,1.0
59,43,2624,0,1,1,0,1.0,1.0
59,44,1692,0,1,1,0,1.0,1.0
59,45,3041,0,1,1,0,1.0,1.0
59,46,2423,0,1,1,0,1.0,1.0
59,47,2695,0,1,1,0,1.0,1.0
59,48,2987,0,1,1,0,1.0,1.0
59,49,2424,0,1,1,0,1.0,1.0
59,50,2222,0,1,1,0,1.0,1.0
59,51,2293,0,1,1,0,1.0,1.0
59,52,2382,0,1,1,0,1.0,1.0
59,53,3065,0,1,1,0,1.0,1.0
59,54,2846,0,1,1,0,1.0,1.0
59,55,3201,0,1,1,0,1.0,1.0
59,56,3181,0,1,1,0,1.0,1.0
59,57,3627,1,1,1,0,1.0,1.0
59,58,3832,1,0,0,0,0.0,0.0
59,59,3724,1,0,0,0,0.0,0.0
59,60,3904,1,0,0,0,0.0,0.0
59,61,4052,1,0,0,0,0.0,0.0
59,62,3862,1,0,0,0,0.0,0.0
59,63,3797,1,1,1,0,1.0,1.0
59,64,4068,1,0,0,0,0.0,0.0
60,1,3443,0,0,0,0,0.0,0.0
60,2,3347,0,0,0,0,0.0,0.0
60,3,3472,0,0,0,0,0.0,0.0
60,4,3710,1,0,0,0,0.0,0.0
60,5,3076,0,1,1,0,1.0,1.0
60,6,1437,0,1,1,0,1.0,1.0
60,7,1478,0,1,1,0,1.0,1.0
60,8,3373,0,0,0,0,0.0,0.0
60,9,2228,0,1,1,0,1.0,1.0
60,10,2969,0,1,1,0,1.0,1.0
60,11,1262,0,1,1,0,1.0,1.0
60,12,1770,0,1,1,0,1.0,1.0
60,13,3303,0,0,0,0,0.0,0.0
60,14,3355,0,0,0,0,0.0,0.0
60,15,3435,0,0,0,0,0.0,0.0
60,16,3429,0,0,0,0,0.0,0.0
60,17,3974,1,0,0,0,0.0,0.0
60,18,3694,1,0,0,0,0.0,0.0
60,19,4079,1,0,0,0,0.0,0.0
60,20,3690,1,0,0,0,0.0,0.0
60,21,3372,0,0,0,0,0.0,0.0
60,22,3665,1,0,0,0,0.0,0.0
60,23,2988,0,0,0,0,0.0,0.0
60,24,3816,1,0,0,0,0.0,0.0
60,25,2523,0,1,1,0,1.0,1.0
60,26,3281,0,0,0,0,0.0,0.0
60,27,2566,0,1,1,0,1.0,1.0
60,28,3257,0,1,0,0,0.0,0.0
60,29,3353,0,1,1,0,1.0,1.0
60,30,3267,0,1,0,0,0.0,0.0
60,31,3272,0,1,1,0,1.0,1.0
60,32,2940,0,1,1,0,1.0,1.0
60,33,3045,0,1,0,0,0.0,0.0
60,34,3138,0,1,1,0,1.0,1.0
60,35,2201,0,1,1,0,1.0,1.0
60,36,2620,0,1,1,0,1.0,1.0
60,37,4237,1,0,0,0,0.0,0.0
60,38,4208,1,0,0,0,0.0,0.0
60,39,4215,1,0,0,0,0.0,0.0
60,40,4201,1,0,0,0,0.0,0.0
60,41,1286,0,1,1,0,1.0,1.0
60,42,818,0,1,1,0,1.0,1.0
60,43,972,0,1,1,0,1.0,1.0
60,44,1037,0,1,1,0,1.0,1.0
60,45,2288,0,1,1,0,1.0,1.0
60,46,2513,0,1,1,0,1.0,1.0
60,47,2554,0,1,1,0,1.0,1.0
60,48,2433,0,1,1,0,1.0,1.0
60,49,2743,0,1,1,0,1.0,1.0
60,50,4300,1,0,0,0,0.0,0.0
60,51,3729,1,1,0,0,0.0,0.0
60,52,4136,1,0,0,0,0.0,0.0
60,53,3660,1,0,0,0,0.0,0.0
60,54,3761,1,0,0,0,0.0,0.0
60,55,3543,1,0,0,0,0.0,0.0
60,56,3692,1,0,0,0,0.0,0.0
60,57,4034,1,0,0,0,0.0,0.0
60,58,3902,1,0,0,0,0.0,0.0
60,59,3720,1,0,0,0,0.0,0.0
60,60,3947,1,0,0,0,0.0,0.0
60,61,3550,1,0,0,0,0.0,0.0
60,62,3680,1,0,0,0,0.0,0.0
60,63,3493,0,1,1,0,1.0,1.0
60,64,3043,0,1,1,0,1.0,1.0
61,1,2290,0,1,1,0,1.0,1.0
61,2,2530,0,1,1,0,1.0,1.0
61,3,2887,0,1,1,0,1.0,1.0
61,4,2142,0,1,1,0,1.0,1.0
61,5,3656,1,1,0,0,0.0,0.0
61,6,3726,1,1,0,0,0.0,0.0
61,7,3776,1,1,0,0,0.0,0.0
61,8,3838,1,1,0,0,0.0,0.0
61,9,2318,0,1,1,0,1.0,1.0
61,10,2416,0,1,1,0,1.0,1.0
61,11,3784,1,0,0,0,0.0,0.0
61,12,3981,1,0,0,0,0.0,0.0
61,13,1064,0,1,1,0,1.0,1.0
61,14,1196,0,1,1,0,1.0,1.0
61,15,1203,0,1,1,0,1.0,1.0
61,16,1056,0,1,1,0,1.0,1.0
61,17,3117,0,1,1,0,1.0,1.0
61,18,3025,0,0,0,0,0.0,0.0
61,19,3167,0,1,1,0,1.0,1.0
61,20,3071,0,0,0,0,0.0,0.0
61,21,3385,0,0,0,0,0.0,0.0
61,22,3547,1,1,0,0,0.0,0.0
61,23,3688,1,1,1,0,1.0,1.0
61,24,3366,0,1,1,0,1.0,1.0
61,25,2117,0,1,1,0,1.0,1.0
61,26,1305,0,1,1,0,1.0,1.0
61,27,2410,0,1,1,0,1.0,1.0
61,28,1820,0,1,1,0,1.0,1.0
61,29,3448,0,0,0,0,0.0,0.0
61,30,3746,1,1,0,0,0.0,0.0
61,31,3780,1,0,0,0,0.0,0.0
61,32,3457,0,0,0,0,0.0,0.0
61,33,2585,0,1,1,0,1.0,1.0
61,34,2502,0,1,1,0,1.0,1.0
61,35,3392,0,0,0,0,0.0,0.0
61,36,2365,0,1,1,0,1.0,1.0
61,37,2895,0,1,1,0,1.0,1.0
61,38,2927,0,1,0,0,0.0,0.0
61,39,3205,0,1,1,0,1.0,1.0
61,40,2913,0,1,1,0,1.0,1.0
61,41,3940,1,0,0,0,0.0,0.0
61,42,3805,1,0,0,0,0.0,0.0
61,43,3861,1,0,0,0,0.0,0.0
61,44,3971,1,0,0,0,0.0,0.0
61,45,3781,1,0,0,0,0.0,0.0
61,46,3757,1,0,0,0,0.0,0.0
61,47,3918,1,0,0,0,0.0,0.0
61,48,3563,1,0,0,0,0.0,0.0
61,49,2542,0,0,0,0,0.0,0.0
61,50,2738,0,0,0,0,0.0,0.0
61,51,2653,0,0,0,0,0.0,0.0
61,52,2592,0,0,0,0,0.0,0.0
61,53,3620,1,1,1,0,1.0,1.0
61,54,3187,0,0,0,0,0.0,0.0
61,55,3543,1,1,1,0,1.0,1.0
61,56,3487,0,1,1,0,1.0,1.0
61,57,3098,0,1,0,0,0.0,0.0
61,58,3186,0,0,0,0,0.0,0.0
61,59,3351,0,1,0,0,0.0,0.0
61,60,3471,0,1,1,0,1.0,1.0
61,61,2499,0,1,1,0,1.0,1.0
61,62,3622,1,1,1,0,1.0,1.0
61,63,1924,0,1,1,0,1.0,1.0
61,64,3372,0,1,1,0,1.0,1.0
62,1,3848,1,0,0,0,0.0,0.0
62,2,3648,1,1,0,0,0.0,0.0
62,3,3878,1,0,0,0,0.0,0.0
62,4,3736,1,0,0,0,0.0,0.0
62,5,3446,0,0,0,0,0.0,0.0
62,6,3279,0,0,0,0,0.0,0.0
62,7,3324,0,0,0,0,0.0,0.0
62,8,3144,0,1,0,0,0.0,0.0
62,9,2797,0,1,1,0,1.0,1.0
62,10,2099,0,1,1,0,1.0,1.0
62,11,3157,0,1,1,0,1.0,1.0
62,12,3171,0,1,1,0,1.0,1.0
62,13,2844,0,0,0,0,0.0,0.0
62,14,3345,0,0,0,0,0.0,0.0
62,15,2826,0,0,0,0,0.0,0.0
62,16,2753,0,0,0,0,0.0,0.0
62,17,2881,0,1,1,0,1.0,1.0
62,18,3378,0,0,0,0,0.0,0.0
62,19,3223,0,0,0,0,0.0,0.0
62,20,3108,0,1,1,0,0.0,0.0
62,21,2555,0,0,0,1,0.0,0.0
62,22,3880,1,0,0,0,0.0,0.0
62,23,3584,1,0,0,0,0.0,0.0
62,24,4098,1,0,0,0,0.0,0.0
62,25,1611,0,1,1,0,1.0,1.0
62,26,2371,0,1,1,0,1.0,1.0
62,27,2958,0,1,1,0,1.0,1.0
62,28,1865,0,1,1,0,1.0,1.0
62,29,2506,0,1,1,0,1.0,1.0
62,30,2643,0,0,0,0,0.0,0.0
62,31,2543,0,0,0,0,0.0,0.0
62,32,3805,1,0,0,0,0.0,0.0
62,33,2693,0,1,1,0,1.0,1.0
62,34,3131,0,0,0,0,0.0,0.0
62,35,2883,0,1,1,0,1.0,1.0
62,36,2789,0,1,1,0,1.0,1.0
62,37,3703,1,0,0,0,0.0,0.0
62,38,3753,1,0,0,0,0.0,0.0
62,39,3694,1,0,0,0,0.0,0.0
62,40,3801,1,0,0,0,0.0,0.0
62,41,3614,1,1,1,0,1.0,1.0
62,42,3614,1,0,0,0,0.0,0.0
62,43,3444,0,1,0,0,0.0,0.0
62,44,3397,0,1,1,0,1.0,1.0
62,45,2917,0,1,1,0,1.0,1.0
62,46,2865,0,0,0,0,0.0,0.0
62,47,2679,0,0,0,0,0.0,0.0
62,48,2858,0,0,0,0,0.0,0.0
62,49,4255,1,0,0,0,0.0,0.0
62,50,4397,1,0,0,0,0.0,0.0
62,51,3944,1,0,0,0,0.0,0.0
62,52,4004,1,0,0,0,0.0,0.0
62,53,2911,0,0,0,0,0.0,0.0
62,54,2944,0,0,0,0,0.0,0.0
62,55,2973,0,1,1,0,1.0,1.0
62,56,2551,0,1,1,0,1.0,1.0
62,57,3813,1,0,0,0,0.0,0.0
62,58,3822,1,0,0,0,0.0,0.0
62,59,4201,1,0,0,0,0.0,0.0
62,60,3815,1,0,0,0,0.0,0.0
62,61,3980,1,1,1,0,1.0,1.0
62,62,3845,1,0,0,0,0.0,0.0
62,63,4015,1,0,0,0,0.0,0.0
62,64,4035,1,0,0,0,0.0,0.0
63,1,3759,1,1,1,0,1.0,1.0
63,2,3518,1,1,1,0,1.0,1.0
63,3,3948,1,0,0,0,0.0,0.0
63,4,4023,1,1,1,0,1.0,1.0
63,5,3622,1,0,0,0,0.0,0.0
63,6,3505,1,0,0,0,0.0,0.0
63,7,3625,1,0,0,0,0.0,0.0
63,8,3156,0,0,0,0,0.0,0.0
63,9,3524,1,0,0,0,0.0,0.0
63,10,3940,1,0,0,0,0.0,0.0
63,11,4110,1,0,0,0,0.0,0.0
63,12,3799,1,0,0,0,0.0,0.0
63,13,1873,0,1,1,0,1.0,1.0
63,14,2722,0,1,1,0,1.0,1.0
63,15,2118,0,1,1,0,1.0,1.0
63,16,1424,0,1,1,0,1.0,1.0
63,17,3756,1,0,0,0,0.0,0.0
63,18,3476,0,0,0,0,0.0,0.0
63,19,3780,1,0,0,0,0.0,0.0
63,20,4008,1,0,0,0,0.0,0.0
63,21,3475,0,0,0,0,0.0,0.0
63,22,2604,0,1,1,0,1.0,1.0
63,23,3437,0,1,0,0,0.0,0.0
63,24,2080,0,1,1,0,1.0,1.0
63,25,3326,0,0,0,0,0.0,0.0
63,26,3322,0,0,0,0,0.0,0.0
63,27,3445,0,0,0,0,0.0,0.0
63,28,3234,0,0,0,0,0.0,0.0
63,29,1203,0,1,1,0,1.0,1.0
63,30,3548,1,1,1,0,1.0,1.0
63,31,1994,0,1,1,0,1.0,1.0
63,32,1734,0,1,1,0,1.0,1.0
63,33,4128,1,0,0,0,0.0,0.0
63,34,3918,1,0,0,0,0.0,0.0
63,35,4233,1,0,0,0,0.0,0.0
63,36,4391,1,0,0,0,0.0,0.0
63,37,2767,0,0,0,0,0.0,0.0
63,38,2664,0,0,0,0,0.0,0.0
63,39,2672,0,1,1,0,1.0,1.0
63,40,2769,0,1,1,0,1.0,1.0
63,41,3063,0,1,1,0,1.0,1.0
63,42,3633,1,0,0,0,0.0,0.0
63,43,3480,0,1,1,0,1.0,1.0
63,44,1970,0,1,1,0,1.0,1.0
63,45,3712,1,0,0,0,0.0,0.0
63,46,3562,1,0,0,0,0.0,0.0
63,47,3804,1,0,0,0,0.0,0.0
63,48,3543,1,0,0,0,0.0,0.0
63,49,3389,0,1,1,0,1.0,1.0
63,50,3316,0,0,0,0,0.0,0.0
63,51,3226,0,0,0,0,0.0,0.0
63,52,3476,0,1,1,0,1.0,1.0
63,53,3110,0,0,0,0,0.0,0.0
63,54,3281,0,0,0,0,0.0,0.0
63,55,3200,0,0,0,0,0.0,0.0
63,56,3260,0,0,0,0,0.0,0.0
63,57,3625,1,1,1,0,1.0,1.0
63,58,3648,1,1,0,0,0.0,0.0
63,59,3488,0,1,0,0,0.0,0.0
63,60,3538,1,0,0,0,0.0,0.0
63,61,3259,0,1,0,0,0.0,0.0
63,62,3238,0,1,0,0,0.0,0.0
63,63,2573,0,1,1,0,1.0,1.0
63,64,3367,0,1,0,0,0.0,0.0
64,1,3875,1,0,0,0,0.0,0.0
64,2,3710,1,0,0,0,0.0,0.0
64,3,3062,0,1,1,0,1.0,1.0
64,4,3481,0,1,1,0,1.0,1.0
64,5,2934,0,1,1,0,1.0,1.0
64,6,3201,0,1,1,0,1.0,1.0
64,7,3281,0,1,1,0,1.0,1.0
64,8,3461,0,1,1,0,1.0,1.0
64,9,4220,1,0,0,0,0.0,0.0
64,10,4517,1,0,0,0,0.0,0.0
64,11,4352,1,0,0,0,0.0,0.0
64,12,4335,1,0,0,0,0.0,0.0
64,13,3328,0,1,1,0,1.0,1.0
64,14,3451,0,0,0,0,0.0,0.0
64,15,3076,0,1,1,0,1.0,1.0
64,16,3163,0,0,0,0,0.0,0.0
64,17,3213,0,0,0,0,0.0,0.0
64,18,2974,0,0,0,0,0.0,0.0
64,19,3245,0,0,0,0,0.0,0.0
64,20,3320,0,0,0,0,0.0,0.0
64,21,4105,1,0,0,0,0.0,0.0
64,22,4056,1,0,0,0,0.0,0.0
64,23,3920,1,0,0,0,0.0,0.0
64,24,3976,1,0,0,0,0.0,0.0
64,25,2355,0,0,0,0,0.0,0.0
64,26,2437,0,0,0,0,0.0,0.0
64,27,2450,0,0,0,0,0.0,0.0
64,28,2446,0,0,0,0,0.0,0.0
64,29,3807,1,0,0,0,0.0,0.0
64,30,3408,0,0,0,0,0.0,0.0
64,31,3903,1,0,0,0,0.0,0.0
64,32,2279,0,1,1,0,1.0,1.0
64,33,1880,0,1,1,0,1.0,1.0
64,34,1356,0,1,1,0,1.0,1.0
64,35,1547,0,1,1,0,1.0,1.0
64,36,1201,0,1,1,0,1.0,1.0
64,37,3416,0,1,1,0,1.0,1.0
64,38,3432,0,1,0,0,0.0,0.0
64,39,3672,1,0,0,0,0.0,0.0
64,40,3291,0,1,0,0,0.0,0.0
64,41,1871,0,1,1,0,1.0,1.0
64,42,1802,0,1,1,0,1.0,1.0
64,43,1675,0,1,1,0,1.0,1.0
64,44,1653,0,1,1,0,1.0,1.0
64,45,3697,1,0,0,0,0.0,0.0
64,46,3659,1,1,0,0,0.0,0.0
64,47,3477,0,0,0,0,0.0,0.0
64,48,3626,1,0,0,0,0.0,0.0
64,49,2381,0,1,1,0,1.0,1.0
64,50,2947,0,1,1,0,1.0,1.0
64,51,3045,0,1,1,0,1.0,1.0
64,52,3302,0,1,1,0,1.0,1.0
64,53,1761,0,1,1,0,1.0,1.0
64,54,3083,0,1,1,0,1.0,1.0
64,55,2647,0,1,1,0,1.0,1.0
64,56,2557,0,1,1,0,1.0,1.0
64,57,2505,0,1,1,0,1.0,1.0
64,58,2651,0,1,1,0,1.0,1.0
64,59,2856,0,1,1,0,1.0,1.0
64,60,2541,0,1,1,0,1.0,1.0
64,61,3418,0,0,0,0,0.0,0.0
64,62,3542,1,0,0,0,0.0,0.0
64,63,3408,0,1,1,0,1.0,1.0
64,64,3498,0,0,0,0,0.0,0.0
65,1,4123,1,0,0,0,0.0,0.0
65,2,4101,1,0,0,0,0.0,0.0
65,3,4115,1,0,0,0,0.0,0.0
65,4,4081,1,0,0,0,0.0,0.0
65,5,3636,1,0,0,0,0.0,0.0
65,6,3451,0,0,0,0,0.0,0.0
65,7,3549,1,0,0,0,0.0,0.0
65,8,3377,0,0,0,0,0.0,0.0
65,9,3723,1,0,0,0,0.0,0.0
65,10,3738,1,1,0,0,0.0,0.0
65,11,3626,1,0,0,0,0.0,0.0
65,12,3962,1,1,1,0,1.0,1.0
65,13,2544,0,1,1,0,1.0,1.0
65,14,2606,0,1,1,0,1.0,1.0
65,15,3436,0,1,1,0,1.0,1.0
65,16,3642,1,1,0,0,0.0,0.0
65,17,3209,0,0,0,0,0.0,0.0
65,18,3280,0,1,0,0,0.0,0.0
65,19,3576,1,0,0,0,0.0,0.0
65,20,3165,0,1,1,0,1.0,1.0
65,21,3909,1,0,0,0,0.0,0.0
65,22,3869,1,0,0,0,0.0,0.0
65,23,3838,1,0,0,0,0.0,0.0
65,24,3507,1,0,0,0,0.0,0.0
65,25,3078,0,0,0,0,0.0,0.0
65,26,3069,0,0,0,0,0.0,0.0
65,27,2875,0,0,0,0,0.0,0.0
65,28,2916,0,1,0,0,0.0,0.0
65,29,2945,0,0,0,0,0.0,0.0
65,30,3195,0,0,0,0,0.0,0.0
65,31,2916,0,1,1,0,1.0,1.0
65,32,3257,0,0,0,0,0.0,0.0
65,33,3740,1,0,0,0,0.0,0.0
65,34,3567,1,0,0,0,0.0,0.0
65,35,3354,0,0,0,0,0.0,0.0
65,36,3536,1,0,0,0,0.0,0.0
65,37,3076,0,0,0,0,0.0,0.0
65,38,3234,0,1,1,0,1.0,1.0
65,39,3401,0,1,0,0,0.0,0.0
65,40,3115,0,1,0,0,0.0,0.0
65,41,2896,0,1,1,0,1.0,1.0
65,42,2321,0,1,1,0,1.0,1.0
65,43,2459,0,1,1,0,1.0,1.0
65,44,3111,0,1,1,0,1.0,1.0
65,45,3005,0,0,0,0,0.0,0.0
65,46,2819,0,0,0,0,0.0,0.0
65,47,2535,0,0,0,0,0.0,0.0
65,48,2971,0,0,0,0,0.0,0.0
65,49,3669,1,0,0,0,0.0,0.0
65,50,3722,1,0,0,0,0.0,0.0
65,51,3800,1,0,0,0,0.0,0.0
65,52,3753,1,0,0,0,0.0,0.0
65,53,3299,0,1,0,0,0.0,0.0
65,54,3148,0,1,0,0,0.0,0.0
65,55,2614,0,1,1,0,1.0,1.0
65,56,3411,0,1,1,0,1.0,1.0
65,57,3092,0,1,0,0,0.0,0.0
65,58,3259,0,0,0,0,0.0,0.0
65,59,3075,0,0,0,0,0.0,0.0
65,60,3003,0,1,1,0,1.0,1.0
65,61,3291,0,1,0,0,0.0,0.0
65,62,3515,1,0,0,0,0.0,0.0
65,63,3432,0,1,0,0,0.0,0.0
65,64,3315,0,1,0,0,0.0,0.0
66,1,3956,1,0,0,0,0.0,0.0
66,2,3887,1,0,0,0,0.0,0.0
66,3,3801,1,0,0,0,0.0,0.0
66,4,3971,1,0,0,0,0.0,0.0
66,5,3735,1,0,0,0,0.0,0.0
66,6,3742,1,1,0,0,0.0,0.0
66,7,3794,1,1,1,0,1.0,1.0
66,8,3422,0,1,1,0,1.0,1.0
66,9,3013,0,0,0,0,0.0,0.0
66,10,3306,0,1,1,0,1.0,1.0
66,11,3467,0,0,0,0,0.0,0.0
66,12,2768,0,0,0,0,0.0,0.0
66,13,3666,1,1,1,0,1.0,1.0
66,14,3074,0,1,1,0,1.0,1.0
66,15,3700,1,1,1,0,1.0,1.0
66,16,3648,1,1,0,0,0.0,0.0
66,17,3428,0,1,0,0,0.0,0.0
66,18,3418,0,1,0,0,0.0,0.0
66,19,3139,0,1,1,0,1.0,1.0
66,20,2979,0,1,1,0,1.0,1.0
66,21,3061,0,1,1,0,1.0,1.0
66,22,3277,0,0,0,0,0.0,0.0
66,23,3202,0,0,0,0,0.0,0.0
66,24,3279,0,0,0,0,0.0,0.0
66,25,3127,0,0,0,0,0.0,0.0
66,26,2948,0,1,1,0,1.0,1.0
66,27,2866,0,1,1,0,1.0,1.0
66,28,3161,0,0,0,0,0.0,0.0
66,29,2352,0,1,1,0,1.0,1.0
66,30,2037,0,1,1,0,1.0,1.0
66,31,2948,0,1,1,0,1.0,1.0
66,32,2332,0,1,1,0,1.0,1.0
66,33,3116,0,0,0,0,0.0,0.0
66,34,3085,0,1,1,0,1.0,1.0
66,35,3120,0,0,0,0,0.0,0.0
66,36,2980,0,0,0,0,0.0,0.0
66,37,3158,0,1,1,0,1.0,1.0
66,38,2573,0,1,1,0,1.0,1.0
66,39,2442,0,1,1,0,1.0,1.0
66,40,3230,0,0,0,0,0.0,0.0
66,41,2576,0,1,1,0,1.0,1.0
66,42,2151,0,1,1,0,1.0,1.0
66,43,3469,0,0,0,0,0.0,0.0
66,44,2811,0,1,1,0,1.0,1.0
66,45,3201,0,0,0,0,0.0,0.0
66,46,3709,1,0,0,0,0.0,0.0
66,47,3053,0,0,0,0,0.0,0.0
66,48,3362,0,1,0,0,0.0,0.0
66,49,3286,0,0,0,0,0.0,0.0
66,50,3123,0,1,1,0,1.0,1.0
66,51,3274,0,1,0,0,0.0,0.0
66,52,3325,0,0,0,0,0.0,0.0
66,53,3427,0,1,0,0,0.0,0.0
66,54,3086,0,0,0,0,0.0,0.0
66,55,3173,0,0,0,0,0.0,0.0
66,56,3285,0,0,0,0,0.0,0.0
66,57,3194,0,1,1,0,1.0,1.0
66,58,3403,0,1,1,0,1.0,1.0
66,59,2639,0,1,1,0,1.0,1.0
66,60,2972,0,1,1,0,1.0,1.0
66,61,3310,0,0,0,0,0.0,0.0
66,62,3179,0,0,0,0,0.0,0.0
66,63,3558,1,0,0,0,0.0,0.0
66,64,3187,0,1,0,0,0.0,0.0
67,1,3650,1,1,0,0,0.0,0.0
67,2,3657,1,1,0,0,0.0,0.0
67,3,3621,1,1,1,0,1.0,1.0
67,4,3474,0,1,1,0,1.0,1.0
67,5,2431,0,1,1,0,1.0,1.0
67,6,2231,0,1,1,0,1.0,1.0
67,7,2673,0,1,1,0,1.0,1.0
67,8,2001,0,1,1,0,1.0,1.0
67,9,3166,0,1,1,0,1.0,1.0
67,10,2501,0,1,1,0,1.0,1.0
67,11,3130,0,0,0,0,0.0,0.0
67,12,3135,0,0,0,0,0.0,0.0
67,13,3685,1,0,0,0,0.0,0.0
67,14,3782,1,0,0,0,0.0,0.0
67,15,3725,1,0,0,0,0.0,0.0
67,16,3831,1,0,0,0,0.0,0.0
67,17,2360,0,1,1,0,1.0,1.0
67,18,2895,0,0,0,0,0.0,0.0
67,19,2739,0,1,1,0,1.0,1.0
67,20,3115,0,0,0,0,0.0,0.0
67,21,3254,0,1,1,0,1.0,1.0
67,22,3449,0,1,0,0,0.0,0.0
67,23,3483,0,0,0,0,0.0,0.0
67,24,3334,0,0,0,0,0.0,0.0
67,25,3011,0,0,0,0,0.0,0.0
67,26,2886,0,1,1,0,1.0,1.0
67,27,2930,0,1,1,0,1.0,1.0
67,28,2930,0,1,1,0,1.0,1.0
67,29,2783,0,0,0,0,0.0,0.0
67,30,2913,0,0,0,0,0.0,0.0
67,31,2815,0,1,0,0,0.0,0.0
67,32,2800,0,0,0,0,0.0,0.0
67,33,3297,0,0,0,0,0.0,0.0
67,34,3085,0,1,1,0,1.0,1.0
67,35,3130,0,0,0,0,0.0,0.0
67,36,3143,0,0,0,0,0.0,0.0
67,37,4132,1,0,0,0,0.0,0.0
67,38,4207,1,0,0,0,0.0,0.0
67,39,4218,1,0,0,0,0.0,0.0
67,40,4399,1,0,0,0,0.0,0.0
67,41,1192,0,1,1,0,1.0,1.0
67,42,956,0,1,1,0,1.0,1.0
67,43,1531,0,1,1,0,1.0,1.0
67,44,1084,0,1,1,0,1.0,1.0
67,45,3048,0,0,0,0,0.0,0.0
67,46,2683,0,0,0,0,0.0,0.0
67,47,2820,0,0,0,0,0.0,0.0
67,48,2671,0,0,0,0,0.0,0.0
67,49,2903,0,1,1,0,1.0,1.0
67,50,2782,0,1,1,0,1.0,1.0
67,51,3181,0,1,1,0,1.0,1.0
67,52,2144,0,1,1,0,1.0,1.0
67,53,3481,0,0,0,0,0.0,0.0
67,54,3180,0,1,1,0,1.0,1.0
67,55,2976,0,1,1,0,1.0,1.0
67,56,3422,0,0,0,0,0.0,0.0
67,57,2938,0,0,0,0,0.0,0.0
67,58,3532,1,1,0,0,0.0,0.0
67,59,3144,0,1,0,0,0.0,0.0
67,60,3277,0,1,0,0,0.0,0.0
67,61,2821,0,1,1,0,1.0,1.0
67,62,2595,0,1,1,0,1.0,1.0
67,63,2235,0,1,1,0,1.0,1.0
67,64,2856,0,1,1,0,1.0,1.0
68,1,3554,1,0,0,0,0.0,0.0
68,2,3260,0,0,0,0,0.0,0.0
68,3,3281,0,1,0,0,0.0,0.0
68,4,3411,0,1,0,0,0.0,0.0
68,5,3260,0,0,0,0,0.0,0.0
68,6,3291,0,0,0,0,0.0,0.0
68,7,3447,0,1,1,0,1.0,1.0
68,8,3097,0,1,1,0,1.0,1.0
68,9,3349,0,1,1,0,1.0,1.0
68,10,3205,0,1,1,0,1.0,1.0
68,11,3167,0,1,1,0,1.0,1.0
68,12,3178,0,1,1,0,1.0,1.0
68,13,3655,1,0,0,0,0.0,0.0
68,14,3165,0,1,0,0,0.0,0.0
68,15,3211,0,1,0,0,0.0,0.0
68,16,3336,0,1,0,0,0.0,0.0
68,17,2558,0,1,1,0,1.0,1.0
68,18,3521,1,0,0,0,0.0,0.0
68,19,2455,0,1,1,0,1.0,1.0
68,20,3294,0,1,1,0,1.0,1.0
68,21,3278,0,0,0,0,0.0,0.0
68,22,3202,0,1,1,0,1.0,1.0
68,23,3239,0,0,0,0,0.0,0.0
68,24,3358,0,1,1,0,1.0,1.0
68,25,2573,0,1,1,0,1.0,1.0
68,26,2756,0,1,1,0,0.0,0.0
68,27,2567,0,0,0,0,0.0,0.0
68,28,2468,0,1,1,0,1.0,1.0
68,29,2076,0,1,1,0,1.0,1.0
68,30,2793,0,0,0,0,0.0,0.0
68,31,2317,0,1,1,0,1.0,1.0
68,32,2547,0,1,1,0,1.0,1.0
68,33,3943,1,1,0,0,0.0,0.0
68,34,3818,1,0,0,0,0.0,0.0
68,35,3851,1,0,0,0,0.0,0.0
68,36,3561,1,1,0,0,0.0,0.0
68,37,2975,0,1,0,0,0.0,0.0
68,38,3078,0,1,0,0,0.0,0.0
68,39,2708,0,1,1,0,1.0,1.0
68,40,3003,0,1,1,0,1.0,1.0
68,41,2826,0,0,0,0,0.0,0.0
68,42,3063,0,0,0,0,0.0,0.0
68,43,2847,0,0,0,0,0.0,0.0
68,44,2805,0,0,0,0,0.0,0.0
68,45,3589,1,1,1,0,1.0,1.0
68,46,3427,0,0,0,0,0.0,0.0
68,47,2908,0,1,1,0,1.0,1.0
68,48,3312,0,1,1,0,1.0,1.0
68,49,3258,0,0,0,0,0.0,0.0
68,50,2877,0,1,1,0,1.0,1.0
68,51,3301,0,0,0,0,0.0,0.0
68,52,3104,0,1,1,0,1.0,1.0
68,53,2988,0,0,0,0,0.0,0.0
68,54,3143,0,0,0,0,0.0,0.0
68,55,3342,0,0,0,0,0.0,0.0
68,56,3204,0,0,0,0,0.0,0.0
68,57,3329,0,1,0,0,0.0,0.0
68,58,3040,0,1,1,0,1.0,1.0
68,59,3032,0,1,0,0,0.0,0.0
68,60,3112,0,1,0,0,0.0,0.0
68,61,2699,0,1,1,0,0.0,0.0
68,62,4232,1,0,0,0,0.0,0.0
68,63,4235,1,0,0,0,0.0,0.0
68,64,2469,0,1,1,0,0.0,0.0
69,1,3479,0,1,1,0,1.0,1.0
69,2,3416,0,1,0,0,0.0,0.0
69,3,3434,0,1,0,0,0.0,0.0
69,4,3778,1,0,0,0,0.0,0.0
69,5,3143,0,0,0,0,0.0,0.0
69,6,2722,0,1,1,0,1.0,1.0
69,7,2687,0,1,1,0,1.0,1.0
69,8,2907,0,1,1,0,1.0,1.0
69,9,2427,0,1,1,0,1.0,1.0
69,10,1958,0,1,1,0,1.0,1.0
69,11,2422,0,1,1,0,1.0,1.0
69,12,2043,0,1,1,0,1.0,1.0
69,13,4285,1,0,0,0,0.0,0.0
69,14,4335,1,0,0,0,0.0,0.0
69,15,4364,1,0,0,0,0.0,0.0
69,16,4410,1,0,0,0,0.0,0.0
69,17,2349,0,1,1,0,1.0,1.0
69,18,1640,0,1,1,0,1.0,1.0
69,19,1689,0,1,1,0,1.0,1.0
69,20,2399,0,1,1,0,1.0,1.0
69,21,3614,1,1,1,0,1.0,1.0
69,22,3642,1,1,0,0,0.0,0.0
69,23,3628,1,1,1,0,1.0,1.0
69,24,3500,1,0,0,0,0.0,0.0
69,25,2643,0,1,1,0,1.0,1.0
69,26,3595,1,1,1,0,1.0,1.0
69,27,3624,1,1,1,0,1.0,1.0
69,28,3452,0,1,0,0,0.0,0.0
69,29,3686,1,0,0,0,0.0,0.0
69,30,3694,1,1,1,0,1.0,1.0
69,31,3813,1,0,0,0,0.0,0.0
69,32,3608,1,0,0,0,0.0,0.0
69,33,2255,0,1,1,0,1.0,1.0
69,34,1918,0,1,1,0,1.0,1.0
69,35,3389,0,1,0,0,0.0,0.0
69,36,1793,0,1,1,0,1.0,1.0
69,37,3181,0,0,0,0,0.0,0.0
69,38,2918,0,0,0,0,0.0,0.0
69,39,3260,0,1,0,0,0.0,0.0
69,40,2999,0,0,0,0,0.0,0.0
69,41,3844,1,0,0,0,0.0,0.0
69,42,3607,1,0,0,0,0.0,0.0
69,43,3695,1,0,0,0,0.0,0.0
69,44,4628,1,0,0,0,0.0,0.0
69,45,2788,0,0,0,0,0.0,0.0
69,46,2758,0,0,0,0,0.0,0.0
69,47,2793,0,0,0,0,0.0,0.0
69,48,3032,0,0,0,0,0.0,0.0
69,49,3455,0,1,1,0,1.0,1.0
69,50,3036,0,1,1,0,1.0,1.0
69,51,3271,0,1,1,0,1.0,1.0
69,52,3393,0,1,0,0,0.0,0.0
69,53,3220,0,1,1,0,1.0,1.0
69,54,2239,0,1,1,0,1.0,1.0
69,55,2704,0,1,1,0,1.0,1.0
69,56,2290,0,1,1,0,1.0,1.0
69,57,3054,0,0,0,0,0.0,0.0
69,58,2717,0,1,1,0,1.0,1.0
69,59,3434,0,0,0,0,0.0,0.0
69,60,3494,0,0,0,0,0.0,0.0
69,61,2678,0,1,1,0,1.0,1.0
69,62,1760,0,1,1,0,1.0,1.0
69,63,3126,0,1,1,0,1.0,1.0
69,64,1052,0,1,1,0,1.0,1.0
70,1,3477,0,0,0,0,0.0,0.0
70,2,3685,1,0,0,0,0.0,0.0
70,3,3697,1,0,0,0,0.0,0.0
70,4,3719,1,1,1,0,1.0,1.0
70,5,2856,0,0,0,0,0.0,0.0
70,6,2882,0,0,0,0,0.0,0.0
70,7,2781,0,0,0,0,0.0,0.0
70,8,2399,0,1,1,0,0.0,0.0
70,9,3302,0,1,1,0,1.0,1.0
70,10,3331,0,1,0,0,0.0,0.0
70,11,3367,0,0,0,0,0.0,0.0
70,12,3116,0,0,0,0,0.0,0.0
70,13,3075,0,1,1,0,1.0,1.0
70,14,3412,0,1,0,0,0.0,0.0
70,15,3432,0,1,1,0,1.0,1.0
70,16,3320,0,1,1,0,1.0,1.0
70,17,3142,0,0,0,0,0.0,0.0
70,18,3119,0,1,1,0,1.0,1.0
70,19,3039,0,1,1,0,1.0,1.0
70,20,3291,0,1,1,0,1.0,1.0
70,21,3273,0,1,0,0,0.0,0.0
70,22,3660,1,0,0,0,0.0,0.0
70,23,3208,0,1,0,0,0.0,0.0
70,24,3287,0,1,0,0,0.0,0.0
70,25,4273,1,0,0,0,0.0,0.0
70,26,4402,1,0,0,0,0.0,0.0
70,27,4460,1,0,0,0,0.0,0.0
70,28,4197,1,0,0,0,0.0,0.0
70,29,4294,1,0,0,1,0.0,0.0
70,30,4280,1,0,0,0,0.0,0.0
70,31,4461,1,0,0,0,0.0,0.0
70,32,4497,1,0,0,0,0.0,0.0
70,33,2854,0,0,0,0,0.0,0.0
70,34,2943,0,1,1,0,1.0,1.0
70,35,2946,0,1,1,0,1.0,1.0
70,36,2831,0,1,1,0,1.0,1.0
70,37,3743,1,0,0,0,0.0,0.0
70,38,3227,0,0,0,0,0.0,0.0
70,39,3310,0,0,0,0,0.0,0.0
70,40,3212,0,0,0,0,0.0,0.0
70,41,4170,1,0,0,0,0.0,0.0
70,42,4204,1,0,0,0,0.0,0.0
70,43,4078,1,0,0,0,0.0,0.0
70,44,4012,1,0,0,0,0.0,0.0
70,45,3128,0,0,0,0,0.0,0.0
70,46,3285,0,0,0,0,0.0,0.0
70,47,3340,0,1,0,0,0.0,0.0
70,48,3148,0,1,1,0,1.0,1.0
70,49,3458,0,0,0,0,0.0,0.0
70,50,3369,0,0,0,0,0.0,0.0
70,51,3398,0,0,0,0,0.0,0.0
70,52,3248,0,0,0,0,0.0,0.0
70,53,3244,0,0,0,0,0.0,0.0
70,54,2711,0,1,1,0,1.0,1.0
70,55,3267,0,1,1,0,1.0,1.0
70,56,3320,0,1,0,0,0.0,0.0
70,57,3888,1,0,0,0,0.0,0.0
70,58,3747,1,0,0,0,0.0,0.0
70,59,3731,1,0,0,0,0.0,0.0
70,60,3813,1,0,0,0,0.0,0.0
70,61,3352,0,0,0,0,0.0,0.0
70,62,3429,0,0,0,0,0.0,0.0
70,63,3230,0,0,0,0,0.0,0.0
70,64,3288,0,0,0,0,0.0,0.0
71,1,3242,0,1,0,0,0.0,0.0
71,2,3094,0,1,0,0,0.0,0.0
71,3,3229,0,1,1,0,1.0,1.0
71,4,3051,0,1,0,0,0.0,0.0
71,5,2684,0,0,0,0,0.0,0.0
71,6,2711,0,0,0,0,0.0,0.0
71,7,2926,0,0,0,0,0.0,0.0
71,8,2673,0,0,0,0,0.0,0.0
71,9,2779,0,1,1,0,1.0,1.0
71,10,1541,0,1,1,0,1.0,1.0
71,11,3208,0,1,1,0,1.0,1.0
71,12,1415,0,1,1,0,1.0,1.0
71,13,3336,0,0,0,0,0.0,0.0
71,14,3550,1,0,0,0,0.0,0.0
71,15,3555,1,0,0,0,0.0,0.0
71,16,3560,1,0,0,0,0.0,0.0
71,17,3359,0,1,1,0,1.0,1.0
71,18,3152,0,0,0,0,0.0,0.0
71,19,2198,0,1,1,0,1.0,1.0
71,20,2106,0,1,1,0,1.0,1.0
71,21,3709,1,0,0,0,0.0,0.0
71,22,3009,0,1,0,0,0.0,0.0
71,23,3002,0,1,1,0,0.0,0.0
71,24,3005,0,0,0,0,0.0,0.0
71,25,3241,0,0,0,0,0.0,0.0
71,26,3400,0,0,0,0,0.0,0.0
71,27,3320,0,0,0,0,0.0,0.0
71,28,3382,0,0,0,0,0.0,0.0
71,29,3786,1,1,0,0,0.0,0.0
71,30,3743,1,1,1,0,1.0,1.0
71,31,3162,0,1,0,0,0.0,0.0
71,32,3479,0,0,0,0,0.0,0.0
71,33,1714,0,1,1,0,1.0,1.0
71,34,1693,0,1,1,0,1.0,1.0
71,35,2078,0,1,1,0,1.0,1.0
71,36,2632,0,1,1,0,1.0,1.0
71,37,3829,1,0,0,0,0.0,0.0
71,38,3602,1,0,0,0,0.0,0.0
71,39,3813,1,0,0,0,0.0,0.0
71,40,3806,1,0,0,0,0.0,0.0
71,41,1732,0,1,1,0,1.0,1.0
71,42,1135,0,1,1,0,1.0,1.0
71,43,1548,0,1,1,0,1.0,1.0
71,44,1087,0,1,1,0,1.0,1.0
71,45,3924,1,0,0,0,0.0,0.0
71,46,3523,1,0,0,0,0.0,0.0
71,47,3814,1,0,0,0,0.0,0.0
71,48,3391,0,0,0,0,0.0,0.0
71,49,3683,1,0,0,0,0.0,0.0
71,50,2356,0,1,1,0,1.0,1.0
71,51,3642,1,0,0,0,0.0,0.0
71,52,2191,0,1,1,0,1.0,1.0
71,53,3566,1,0,0,0,0.0,0.0
71,54,3697,1,0,0,0,0.0,0.0
71,55,3429,0,0,0,0,0.0,0.0
71,56,3542,1,0,0,0,0.0,0.0
71,57,2966,0,0,0,0,0.0,0.0
71,58,3176,0,1,1,0,1.0,1.0
71,59,2865,0,0,0,0,0.0,0.0
71,60,2955,0,0,0,0,0.0,0.0
71,61,2983,0,1,1,0,1.0,1.0
71,62,2366,0,1,1,0,1.0,1.0
71,63,3903,1,0,0,0,0.0,0.0
71,64,3688,1,1,1,0,1.0,1.0
72,1,2456,0,1,1,0,1.0,1.0
72,2,3095,0,1,0,0,0.0,0.0
72,3,3061,0,0,0,0,0.0,0.0
72,4,3102,0,1,1,0,1.0,1.0
72,5,4481,1,0,0,0,0.0,0.0
72,6,4448,1,0,0,0,0.0,0.0
72,7,4403,1,0,0,0,0.0,0.0
72,8,4370,1,0,0,0,0.0,0.0
72,9,3441,0,1,1,0,1.0,1.0
72,10,3024,0,1,1,0,1.0,1.0
72,11,2817,0,1,1,0,1.0,1.0
72,12,3367,0,1,1,0,1.0,1.0
72,13,3591,1,0,0,0,0.0,0.0
72,14,3686,1,1,1,0,1.0,1.0
72,15,3643,1,0,0,0,0.0,0.0
72,16,3704,1,0,0,0,0.0,0.0
72,17,3773,1,1,1,0,1.0,1.0
72,18,3639,1,0,0,0,0.0,0.0
72,19,3677,1,0,0,0,0.0,0.0
72,20,3754,1,0,0,0,0.0,0.0
72,21,3181,0,0,0,0,0.0,0.0
72,22,3214,0,1,1,0,1.0,1.0
72,23,3303,0,0,0,0,0.0,0.0
72,24,2979,0,0,0,0,0.0,0.0
72,25,3353,0,0,0,0,0.0,0.0
72,26,3411,0,0,0,0,0.0,0.0
72,27,3761,1,0,0,0,0.0,0.0
72,28,3578,1,0,0,0,0.0,0.0
72,29,3722,1,0,0,0,0.0,0.0
72,30,3582,1,0,0,0,0.0,0.0
72,31,3301,0,0,0,0,0.0,0.0
72,32,3480,0,0,0,0,0.0,0.0
72,33,1849,0,1,1,0,1.0,1.0
72,34,2581,0,0,0,0,0.0,0.0
72,35,2905,0,0,0,0,0.0,0.0
72,36,2909,0,1,1,0,1.0,1.0
72,37,2705,0,1,1,0,1.0,1.0
72,38,4049,1,0,0,0,0.0,0.0
72,39,3620,1,1,1,0,1.0,1.0
72,40,4298,1,0,0,0,0.0,0.0
72,41,2245,0,1,1,0,1.0,1.0
72,42,2321,0,1,1,0,1.0,1.0
72,43,2500,0,1,1,0,1.0,1.0
72,44,1978,0,1,1,0,1.0,1.0
72,45,2945,0,1,0,0,0.0,0.0
72,46,2923,0,1,1,0,1.0,1.0
72,47,2110,0,1,1,0,1.0,1.0
72,48,2226,0,1,1,0,1.0,1.0
72,49,3078,0,1,1,0,1.0,1.0
72,50,2563,0,1,1,0,1.0,1.0
72,51,2552,0,1,1,0,1.0,1.0
72,52,3066,0,0,0,0,0.0,0.0
72,53,3383,0,0,0,0,0.0,0.0
72,54,3093,0,0,0,0,0.0,0.0
72,55,3405,0,0,0,0,0.0,0.0
72,56,3269,0,0,0,0,0.0,0.0
72,57,2569,0,0,0,0,0.0,0.0
72,58,2319,0,0,0,0,0.0,0.0
72,59,2538,0,0,0,0,0.0,0.0
72,60,2829,0,0,0,0,0.0,0.0
72,61,3057,0,1,1,0,1.0,1.0
72,62,3317,0,0,0,0,0.0,0.0
72,63,2509,0,1,1,0,1.0,1.0
72,64,3147,0,1,0,0,0.0,0.0
73,1,3049,0,0,0,0,0.0,0.0
73,2,3093,0,0,0,0,0.0,0.0
73,3,2941,0,0,0,0,0.0,0.0
73,4,3236,0,1,1,0,1.0,1.0
73,5,2804,0,1,1,0,1.0,1.0
73,6,2076,0,1,1,0,1.0,1.0
73,7,2445,0,1,1,0,1.0,1.0
73,8,1993,0,1,1,0,1.0,1.0
73,9,3602,1,1,0,0,0.0,0.0
73,10,2572,0,1,1,0,1.0,1.0
73,11,3579,1,1,1,0,1.0,1.0
73,12,2960,0,1,1,0,1.0,1.0
73,13,3081,0,0,0,0,0.0,0.0
73,14,3216,0,1,1,0,1.0,1.0
73,15,3441,0,0,0,0,0.0,0.0
73,16,3093,0,0,0,0,0.0,0.0
73,17,3252,0,1,1,0,1.0,1.0
73,18,4002,1,1,1,0,0.0,0.0
73,19,3863,1,1,1,0,1.0,1.0
73,20,3854,1,1,1,0,1.0,1.0
73,21,2621,0,1,1,0,1.0,1.0
73,22,2893,0,1,1,0,1.0,1.0
73,23,3370,0,1,0,0,0.0,0.0
73,24,3349,0,1,0,0,0.0,0.0
73,25,2981,0,0,0,0,0.0,0.0
73,26,3016,0,0,0,0,0.0,0.0
73,27,3215,0,0,0,0,0.0,0.0
73,28,3263,0,0,0,0,0.0,0.0
73,29,3239,0,0,0,0,0.0,0.0
73,30,3555,1,0,0,0,0.0,0.0
73,31,3142,0,1,0,0,0.0,0.0
73,32,3469,0,0,0,0,0.0,0.0
73,33,2819,0,1,1,0,1.0,1.0
73,34,2678,0,1,1,0,1.0,1.0
73,35,2638,0,1,1,0,1.0,1.0
73,36,3106,0,1,1,0,1.0,1.0
73,37,2788,0,1,1,0,1.0,1.0
73,38,2807,0,1,1,0,1.0,1.0
73,39,3349,0,0,0,0,0.0,0.0
73,40,3118,0,1,1,0,1.0,1.0
73,41,3143,0,1,1,0,1.0,1.0
73,42,2522,0,1,1,0,1.0,1.0
73,43,2652,0,1,1,0,1.0,1.0
73,44,2835,0,1,1,0,1.0,1.0
73,45,3288,0,0,0,0,0.0,0.0
73,46,3251,0,0,0,0,0.0,0.0
73,47,3238,0,0,0,0,0.0,0.0
73,48,3251,0,0,0,0,0.0,0.0
73,49,2988,0,1,1,0,1.0,1.0
73,50,1675,0,1,1,0,1.0,1.0
73,51,2905,0,1,1,0,1.0,1.0
73,52,1765,0,1,1,0,1.0,1.0
73,53,3394,0,0,0,0,0.0,0.0
73,54,3396,0,1,0,0,0.0,0.0
73,55,3378,0,1,1,0,1.0,1.0
73,56,3043,0,1,1,0,1.0,1.0
73,57,3405,0,0,0,0,0.0,0.0
73,58,3697,1,0,0,0,0.0,0.0
73,59,3724,1,0,0,0,0.0,0.0
73,60,3805,1,0,0,0,0.0,0.0
73,61,4104,1,0,0,0,0.0,0.0
73,62,3747,1,0,0,0,0.0,0.0
73,63,3964,1,0,0,0,0.0,0.0
73,64,4293,1,0,0,0,0.0,0.0
74,1,3307,0,0,0,0,0.0,0.0
74,2,3490,0,0,0,0,0.0,0.0
74,3,3097,0,1,1,0,1.0,1.0
74,4,1942,0,1,1,0,1.0,1.0
74,5,3178,0,1,1,0,1.0,1.0
74,6,2727,0,1,1,0,1.0,1.0
74,7,2684,0,1,1,0,1.0,1.0
74,8,2782,0,1,1,0,1.0,1.0
74,9,3188,0,1,0,0,0.0,0.0
74,10,3255,0,1,1,0,1.0,1.0
74,11,3163,0,1,1,0,1.0,1.0
74,12,3236,0,0,0,0,0.0,0.0
74,13,4044,1,0,0,0,0.0,0.0
74,14,4090,1,0,0,0,0.0,0.0
74,15,4195,1,0,0,0,0.0,0.0
74,16,4298,1,0,0,0,0.0,0.0
74,17,2545,0,1,1,0,1.0,1.0
74,18,4174,1,0,0,0,0.0,0.0
74,19,3923,1,0,0,0,0.0,0.0
74,20,3916,1,0,0,0,0.0,0.0
74,21,2458,0,1,1,0,1.0,1.0
74,22,1872,0,1,1,0,1.0,1.0
74,23,2110,0,1,1,0,1.0,1.0
74,24,2888,0,1,1,0,1.0,1.0
74,25,2889,0,1,1,0,1.0,1.0
74,26,3194,0,0,0,0,0.0,0.0
74,27,3304,0,0,0,0,0.0,0.0
74,28,3120,0,0,0,0,0.0,0.0
74,29,2734,0,1,1,0,1.0,1.0
74,30,2982,0,1,0,0,0.0,0.0
74,31,3088,0,0,0,0,0.0,0.0
74,32,2542,0,1,1,0,1.0,1.0
74,33,3440,0,1,1,0,1.0,1.0
74,34,2457,0,0,0,1,0.0,0.0
74,35,3339,0,1,0,0,0.0,0.0
74,36,2400,0,0,0,1,0.0,0.0
74,37,3794,1,0,0,0,0.0,0.0
74,38,3837,1,1,1,0,1.0,1.0
74,39,3974,1,0,0,0,0.0,0.0
74,40,3801,1,0,0,0,0.0,0.0
74,41,1400,0,1,1,0,1.0,1.0
74,42,1307,0,1,1,0,1.0,1.0
74,43,2720,0,1,1,0,1.0,1.0
74,44,1843,0,1,1,0,1.0,1.0
74,45,3099,0,0,0,0,0.0,0.0
74,46,2914,0,0,0,0,0.0,0.0
74,47,3086,0,1,1,0,1.0,1.0
74,48,3267,0,0,0,0,0.0,0.0
74,49,4008,1,0,0,0,0.0,0.0
74,50,4120,1,0,0,0,0.0,0.0
74,51,4036,1,0,0,0,0.0,0.0
74,52,4189,1,0,0,0,0.0,0.0
74,53,1855,0,1,1,0,1.0,1.0
74,54,1259,0,1,1,0,1.0,1.0
74,55,1878,0,1,1,0,1.0,1.0
74,56,2124,0,1,1,0,1.0,1.0
74,57,3751,1,0,0,0,0.0,0.0
74,58,3371,0,1,0,0,0.0,0.0
74,59,3318,0,1,1,0,1.0,1.0
74,60,3049,0,1,1,0,1.0,1.0
74,61,3286,0,1,1,0,1.0,1.0
74,62,3507,1,1,1,0,1.0,1.0
74,63,3380,0,0,0,0,0.0,0.0
74,64,3347,0,1,1,0,1.0,1.0
75,1,3608,1,0,0,0,0.0,0.0
75,2,2283,0,1,1,0,1.0,1.0
75,3,1431,0,1,1,0,1.0,1.0
75,4,1864,0,1,1,0,1.0,1.0
75,5,3807,1,0,0,0,0.0,0.0
75,6,3428,0,0,0,0,0.0,0.0
75,7,3421,0,0,0,0,0.0,0.0
75,8,3420,0,0,0,0,0.0,0.0
75,9,3078,0,1,1,0,1.0,1.0
75,10,3275,0,0,0,0,0.0,0.0
75,11,3466,0,1,0,0,0.0,0.0
75,12,3490,0,0,0,0,0.0,0.0
75,13,3913,1,0,0,0,0.0,0.0
75,14,3965,1,0,0,0,0.0,0.0
75,15,4188,1,0,0,0,0.0,0.0
75,16,4043,1,0,0,0,0.0,0.0
75,17,3505,1,0,0,0,0.0,0.0
75,18,3465,0,0,0,0,0.0,0.0
75,19,3514,1,0,0,0,0.0,0.0
75,20,3625,1,0,0,0,0.0,0.0
75,21,3285,0,1,1,0,1.0,1.0
75,22,3265,0,1,1,0,1.0,1.0
75,23,3360,0,0,0,0,0.0,0.0
75,24,2288,0,1,1,0,1.0,1.0
75,25,2998,0,0,0,0,0.0,0.0
75,26,3517,1,0,0,0,0.0,0.0
75,27,3597,1,1,1,0,1.0,1.0
75,28,3087,0,0,0,0,0.0,0.0
75,29,3631,1,0,0,1,0.0,0.0
75,30,3764,1,0,0,0,0.0,0.0
75,31,3658,1,0,0,1,0.0,0.0
75,32,3547,1,0,0,0,0.0,0.0
75,33,2665,0,0,0,0,0.0,0.0
75,34,2811,0,0,0,0,0.0,0.0
75,35,2589,0,0,0,0,0.0,0.0
75,36,2661,0,0,0,0,0.0,0.0
75,37,3359,0,1,0,0,0.0,0.0
75,38,2715,0,1,1,0,1.0,1.0
75,39,3438,0,0,0,0,0.0,0.0
75,40,2313,0,1,1,0,1.0,1.0
75,41,2838,0,1,1,0,1.0,1.0
75,42,2095,0,1,1,0,1.0,1.0
75,43,2274,0,1,1,0,1.0,1.0
75,44,2407,0,1,1,0,1.0,1.0
75,45,3237,0,1,1,0,1.0,1.0
75,46,3377,0,0,0,0,0.0,0.0
75,47,3613,1,0,0,0,0.0,0.0
75,48,3944,1,0,0,0,0.0,0.0
75,49,4167,1,0,0,0,0.0,0.0
75,50,4412,1,0,0,0,0.0,0.0
75,51,4419,1,0,0,0,0.0,0.0
75,52,4425,1,0,0,0,0.0,0.0
75,53,3003,0,1,1,0,1.0,1.0
75,54,2757,0,1,1,0,1.0,1.0
75,55,2951,0,1,1,0,1.0,1.0
75,56,3475,0,1,1,0,1.0,1.0
75,57,3362,0,0,0,0,0.0,0.0
75,58,3676,1,0,0,0,0.0,0.0
75,59,3288,0,0,0,0,0.0,0.0
75,60,3501,1,0,0,0,0.0,0.0
75,61,3260,0,0,0,0,0.0,0.0
75,62,3442,0,0,0,0,0.0,0.0
75,63,3411,0,0,0,0,0.0,0.0
75,64,3061,0,1,1,0,1.0,1.0
76,1,3755,1,1,0,0,0.0,0.0
76,2,3726,1,0,0,0,0.0,0.0
76,3,3528,1,0,0,0,0.0,0.0
76,4,3476,0,1,1,0,1.0,1.0
76,5,2876,0,1,1,0,1.0,1.0
76,6,3522,1,1,1,0,1.0,1.0
76,7,3567,1,0,0,0,0.0,0.0
76,8,3760,1,0,0,0,0.0,0.0
76,9,3458,0,0,0,0,0.0,0.0
76,10,3385,0,0,0,0,0.0,0.0
76,11,3514,1,0,0,0,0.0,0.0
76,12,3374,0,0,0,0,0.0,0.0
76,13,3156,0,1,1,0,1.0,1.0
76,14,3280,0,1,1,0,1.0,1.0
76,15,3270,0,1,0,0,0.0,0.0
76,16,3102,0,0,0,0,0.0,0.0
76,17,2748,0,1,1,0,1.0,1.0
76,18,2898,0,1,1,0,1.0,1.0
76,19,1853,0,1,1,0,1.0,1.0
76,20,2019,0,1,1,0,1.0,1.0
76,21,2254,0,1,1,0,1.0,1.0
76,22,2806,0,1,1,0,1.0,1.0
76,23,3068,0,1,1,0,1.0,1.0
76,24,2705,0,1,1,0,1.0,1.0
76,25,3083,0,1,1,0,1.0,1.0
76,26,3019,0,1,1,0,1.0,1.0
76,27,2704,0,1,1,0,1.0,1.0
76,28,2821,0,1,1,0,1.0,1.0
76,29,3757,1,0,0,0,0.0,0.0
76,30,3446,0,0,0,0,0.0,0.0
76,31,3765,1,0,0,0,0.0,0.0
76,32,3670,1,0,0,0,0.0,0.0
76,33,3388,0,0,0,0,0.0,0.0
76,34,3376,0,0,0,0,0.0,0.0
76,35,3449,0,0,0,0,0.0,0.0
76,36,3466,0,1,1,0,1.0,1.0
76,37,3119,0,0,0,0,0.0,0.0
76,38,2667,0,0,0,0,0.0,0.0
76,39,2820,0,0,0,0,0.0,0.0
76,40,3055,0,0,0,0,0.0,0.0
76,41,3133,0,0,0,0,0.0,0.0
76,42,2221,0,1,1,0,1.0,1.0
76,43,2169,0,1,1,0,1.0,1.0
76,44,3013,0,0,0,0,0.0,0.0
76,45,2951,0,0,0,0,0.0,0.0
76,46,3024,0,1,1,0,1.0,1.0
76,47,2988,0,1,1,0,1.0,1.0
76,48,2889,0,1,1,0,1.0,1.0
76,49,3319,0,0,0,0,0.0,0.0
76,50,2608,0,1,1,0,1.0,1.0
76,51,3158,0,1,0,0,0.0,0.0
76,52,3305,0,1,0,0,0.0,0.0
76,53,3395,0,1,1,0,1.0,1.0
76,54,3330,0,1,0,0,0.0,0.0
76,55,3057,0,0,0,0,0.0,0.0
76,56,3116,0,0,0,0,0.0,0.0
76,57,2565,0,1,1,0,1.0,1.0
76,58,2426,0,1,1,0,1.0,1.0
76,59,2662,0,1,1,0,1.0,1.0
76,60,3265,0,1,1,0,0.0,0.0
76,61,3909,1,0,0,0,0.0,0.0
76,62,3903,1,0,0,0,0.0,0.0
76,63,4003,1,0,0,0,0.0,0.0
76,64,3971,1,0,0,0,0.0,0.0
77,1,2947,0,0,0,0,0.0,0.0
77,2,2877,0,1,1,0,1.0,1.0
77,3,2703,0,0,0,0,0.0,0.0
77,4,2685,0,1,1,0,1.0,1.0
77,5,2953,0,0,0,0,0.0,0.0
77,6,2963,0,1,1,0,1.0,1.0
77,7,2897,0,0,0,0,0.0,0.0
77,8,3144,0,1,0,0,0.0,0.0
77,9,2772,0,1,1,0,1.0,1.0
77,10,2798,0,0,0,0,0.0,0.0
77,11,2740,0,0,0,0,0.0,0.0
77,12,2742,0,1,1,0,1.0,1.0
77,13,2727,0,0,0,0,0.0,0.0
77,14,2878,0,0,0,0,0.0,0.0
77,15,3509,1,0,0,0,0.0,0.0
77,16,3078,0,0,0,0,0.0,0.0
77,17,3936,1,0,0,0,0.0,0.0
77,18,3676,1,1,1,0,1.0,1.0
77,19,4106,1,0,0,0,0.0,0.0
77,20,4198,1,1,1,0,1.0,1.0
77,21,2395,0,1,1,0,1.0,1.0
77,22,3005,0,1,0,0,0.0,0.0
77,23,3362,0,0,0,0,0.0,0.0
77,24,3057,0,0,0,0,0.0,0.0
77,25,3758,1,0,0,0,0.0,0.0
77,26,3682,1,0,0,0,0.0,0.0
77,27,3644,1,0,0,0,0.0,0.0
77,28,3446,0,1,1,0,1.0,1.0
77,29,2981,0,0,0,0,0.0,0.0
77,30,2922,0,0,0,0,0.0,0.0
77,31,3098,0,0,0,0,0.0,0.0
77,32,2828,0,0,0,0,0.0,0.0
77,33,3307,0,0,0,0,0.0,0.0
77,34,3305,0,0,0,0,0.0,0.0
77,35,3527,1,1,1,0,1.0,1.0
77,36,3268,0,0,0,0,0.0,0.0
77,37,3584,1,0,0,0,0.0,0.0
77,38,3259,0,0,0,0,0.0,0.0
77,39,3249,0,0,0,0,0.0,0.0
77,40,3447,0,0,0,0,0.0,0.0
77,41,3932,1,0,0,0,0.0,0.0
77,42,3903,1,0,0,0,0.0,0.0
77,43,4245,1,0,0,0,0.0,0.0
77,44,4207,1,0,0,0,0.0,0.0
77,45,2928,0,0,0,0,0.0,0.0
77,46,3058,0,0,0,0,0.0,0.0
77,47,3002,0,0,0,0,0.0,0.0
77,48,3036,0,0,0,0,0.0,0.0
77,49,2903,0,1,1,0,1.0,1.0
77,50,2268,0,1,1,0,1.0,1.0
77,51,2740,0,1,1,0,1.0,1.0
77,52,2364,0,1,1,0,1.0,1.0
77,53,3781,1,0,0,0,0.0,0.0
77,54,3738,1,0,0,0,0.0,0.0
77,55,3862,1,0,0,0,0.0,0.0
77,56,3798,1,0,0,0,0.0,0.0
77,57,3366,0,1,1,0,1.0,1.0
77,58,3563,1,1,1,0,1.0,1.0
77,59,3551,1,1,1,0,1.0,1.0
77,60,3471,0,1,1,0,1.0,1.0
77,61,3359,0,1,1,0,1.0,1.0
77,62,3508,1,0,0,0,0.0,0.0
77,63,3358,0,0,0,0,0.0,0.0
77,64,3459,0,1,1,0,1.0,1.0
78,1,3172,0,1,0,0,0.0,0.0
78,2,2763,0,1,1,0,1.0,1.0
78,3,3076,0,0,0,0,0.0,0.0
78,4,3090,0,1,0,0,0.0,0.0
78,5,2970,0,1,1,0,1.0,1.0
78,6,2943,0,1,1,0,1.0,1.0
78,7,2973,0,1,0,0,0.0,0.0
78,8,3063,0,1,0,0,0.0,0.0
78,9,4062,1,0,0,0,0.0,0.0
78,10,3677,1,0,0,0,0.0,0.0
78,11,4040,1,0,0,0,0.0,0.0
78,12,3936,1,0,0,0,0.0,0.0
78,13,3413,0,1,0,0,0.0,0.0
78,14,2662,0,0,0,0,0.0,0.0
78,15,3010,0,1,0,0,0.0,0.0
78,16,3337,0,1,0,0,0.0,0.0
78,17,2711,0,0,0,0,0.0,0.0
78,18,2803,0,0,0,0,0.0,0.0
78,19,2805,0,0,0,0,0.0,0.0
78,20,2819,0,1,1,0,1.0,1.0
78,21,3069,0,1,1,0,1.0,1.0
78,22,2595,0,1,1,0,1.0,1.0
78,23,3151,0,0,0,0,0.0,0.0
78,24,2719,0,1,1,0,1.0,1.0
78,25,3363,0,0,0,0,0.0,0.0
78,26,3264,0,0,0,0,0.0,0.0
78,27,3515,1,0,0,0,0.0,0.0
78,28,3395,0,0,0,0,0.0,0.0
78,29,1419,0,1,1,0,1.0,1.0
78,30,1700,0,1,1,0,1.0,1.0
78,31,1561,0,1,1,0,1.0,1.0
78,32,1827,0,1,1,0,1.0,1.0
78,33,3327,0,1,1,0,1.0,1.0
78,34,3480,0,0,0,0,0.0,0.0
78,35,3230,0,1,1,0,1.0,1.0
78,36,2158,0,1,1,0,1.0,1.0
78,37,3513,1,1,0,0,0.0,0.0
78,38,3057,0,0,0,0,0.0,0.0
78,39,3325,0,0,0,0,0.0,0.0
78,40,3354,0,1,0,0,0.0,0.0
78,41,2077,0,1,1,0,1.0,1.0
78,42,2380,0,1,1,0,1.0,1.0
78,43,2108,0,1,1,0,1.0,1.0
78,44,2020,0,1,1,0,1.0,1.0
78,45,3823,1,0,0,0,0.0,0.0
78,46,3790,1,0,0,0,0.0,0.0
78,47,3822,1,0,0,0,0.0,0.0
78,48,3612,1,0,0,0,0.0,0.0
78,49,2797,0,0,0,0,0.0,0.0
78,50,2376,0,1,1,0,1.0,1.0
78,51,2839,0,1,0,0,0.0,0.0
78,52,2831,0,1,1,0,1.0,1.0
78,53,3123,0,1,0,0,0.0,0.0
78,54,3159,0,1,0,0,0.0,0.0
78,55,3388,0,1,1,0,1.0,1.0
78,56,2578,0,1,1,0,1.0,1.0
78,57,3372,0,1,0,0,0.0,0.0
78,58,3142,0,0,0,0,0.0,0.0
78,59,3084,0,1,1,0,1.0,1.0
78,60,3181,0,1,1,0,1.0,1.0
78,61,2560,0,1,1,0,1.0,1.0
78,62,3045,0,0,0,0,0.0,0.0
78,63,3114,0,0,0,0,0.0,0.0
78,64,3085,0,0,0,0,0.0,0.0
79,1,3783,1,0,0,0,0.0,0.0
79,2,3674,1,0,0,0,0.0,0.0
79,3,3789,1,1,1,0,0.0,0.0
79,4,3648,1,0,0,0,0.0,0.0
79,5,3674,1,0,0,0,0.0,0.0
79,6,3837,1,0,0,0,0.0,0.0
79,7,3710,1,0,0,0,0.0,0.0
79,8,3825,1,0,0,0,0.0,0.0
79,9,2716,0,1,1,0,1.0,1.0
79,10,1465,0,1,1,0,1.0,1.0
79,11,1744,0,1,1,0,1.0,1.0
79,12,2163,0,1,1,0,1.0,1.0
79,13,2585,0,1,1,0,1.0,1.0
79,14,2683,0,1,1,0,1.0,1.0
79,15,2897,0,1,1,0,1.0,1.0
79,16,3475,0,0,0,0,0.0,0.0
79,17,1945,0,1,1,0,1.0,1.0
79,18,2238,0,1,1,0,1.0,1.0
79,19,2809,0,0,0,0,0.0,0.0
79,20,2880,0,1,1,0,1.0,1.0
79,21,3918,1,0,0,0,0.0,0.0
79,22,4283,1,0,0,0,0.0,0.0
79,23,4072,1,0,0,0,0.0,0.0
79,24,3684,1,0,0,0,0.0,0.0
79,25,3003,0,1,1,0,1.0,1.0
79,26,3010,0,0,0,0,0.0,0.0
79,27,3171,0,1,1,0,1.0,1.0
79,28,2860,0,0,0,0,0.0,0.0
79,29,2683,0,1,1,0,1.0,1.0
79,30,3205,0,0,0,0,0.0,0.0
79,31,3192,0,1,1,0,1.0,1.0
79,32,3292,0,1,1,0,1.0,1.0
79,33,4476,1,0,0,0,0.0,0.0
79,34,4358,1,0,0,0,0.0,0.0
79,35,4083,1,0,0,0,0.0,0.0
79,36,4471,1,0,0,0,0.0,0.0
79,37,3027,0,1,0,0,0.0,0.0
79,38,3334,0,0,0,0,0.0,0.0
79,39,2910,0,1,1,0,1.0,1.0
79,40,3076,0,0,0,0,0.0,0.0
79,41,2447,0,1,1,0,1.0,1.0
79,42,2439,0,1,1,0,1.0,1.0
79,43,3188,0,0,0,0,0.0,0.0
79,44,3251,0,1,1,0,1.0,1.0
79,45,3048,0,1,0,0,0.0,0.0
79,46,3181,0,1,1,0,1.0,1.0
79,47,3365,0,0,0,0,0.0,0.0
79,48,3157,0,1,1,0,1.0,1.0
79,49,4203,1,0,0,0,0.0,0.0
79,50,4279,1,0,0,0,0.0,0.0
79,51,4046,1,0,0,0,0.0,0.0
79,52,4285,1,0,0,0,0.0,0.0
79,53,3338,0,1,1,0,1.0,1.0
79,54,3159,0,1,0,0,0.0,0.0
79,55,2292,0,1,1,0,1.0,1.0
79,56,3160,0,1,1,0,1.0,1.0
79,57,3505,1,1,1,0,1.0,1.0
79,58,3269,0,0,0,0,0.0,0.0
79,59,3250,0,0,0,0,0.0,0.0
79,60,3266,0,0,0,0,0.0,0.0
79,61,1749,0,1,1,0,1.0,1.0
79,62,2078,0,1,1,0,1.0,1.0
79,63,1698,0,1,1,0,1.0,1.0
79,64,1921,0,1,1,0,1.0,1.0
80,1,3304,0,0,0,0,0.0,0.0
80,2,3082,0,0,0,0,0.0,0.0
80,3,2720,0,1,1,0,1.0,1.0
80,4,2937,0,0,0,0,0.0,0.0
80,5,2716,0,0,0,0,0.0,0.0
80,6,2888,0,0,0,0,0.0,0.0
80,7,2884,0,0,0,0,0.0,0.0
80,8,3108,0,0,0,0,0.0,0.0
80,9,3535,1,0,0,0,0.0,0.0
80,10,3510,1,1,1,0,1.0,1.0
80,11,3565,1,0,0,0,0.0,0.0
80,12,3750,1,0,0,0,0.0,0.0
80,13,4039,1,0,0,0,0.0,0.0
80,14,4450,1,0,0,0,0.0,0.0
80,15,4395,1,0,0,0,0.0,0.0
80,16,4179,1,0,0,0,0.0,0.0
80,17,3416,0,0,0,0,0.0,0.0
80,18,3366,0,1,1,0,0.0,0.0
80,19,3349,0,0,0,0,0.0,0.0
80,20,3351,0,0,0,0,0.0,0.0
80,21,4014,1,0,0,0,0.0,0.0
80,22,3934,1,0,0,0,0.0,0.0
80,23,3743,1,0,0,0,0.0,0.0
80,24,3793,1,1,1,0,1.0,1.0
80,25,2857,0,1,1,0,1.0,1.0
80,26,2673,0,1,1,0,1.0,1.0
80,27,2528,0,1,1,0,1.0,1.0
80,28,3022,0,1,1,0,1.0,1.0
80,29,2217,0,1,1,0,1.0,1.0
80,30,4048,1,0,0,0,0.0,0.0
80,31,1689,0,1,1,0,1.0,1.0
80,32,2031,0,1,1,0,1.0,1.0
80,33,3475,0,0,0,0,0.0,0.0
80,34,3122,0,0,0,0,0.0,0.0
80,35,3550,1,0,0,0,0.0,0.0
80,36,3468,0,0,0,0,0.0,0.0
80,37,3340,0,1,1,0,1.0,1.0
80,38,3264,0,1,0,0,0.0,0.0
80,39,3344,0,0,0,0,0.0,0.0
80,40,3142,0,1,1,0,0.0,0.0
80,41,3194,0,1,0,0,0.0,0.0
80,42,2822,0,1,1,0,1.0,1.0
80,43,2818,0,1,1,0,1.0,1.0
80,44,3300,0,1,1,0,1.0,1.0
80,45,3272,0,0,0,0,0.0,0.0
80,46,2516,0,1,1,0,1.0,1.0
80,47,2506,0,1,1,0,1.0,1.0
80,48,3143,0,1,0,0,0.0,0.0
80,49,2987,0,0,0,0,0.0,0.0
80,50,2697,0,1,1,0,1.0,1.0
80,51,3123,0,1,1,0,1.0,1.0
80,52,3230,0,1,1,0,1.0,1.0
80,53,2880,0,0,0,0,0.0,0.0
80,54,2846,0,0,0,0,0.0,0.0
80,55,2765,0,0,0,0,0.0,0.0
80,56,2866,0,0,0,0,0.0,0.0
80,57,2829,0,0,0,0,0.0,0.0
80,58,2820,0,0,0,0,0.0,0.0
80,59,3012,0,0,0,0,0.0,0.0
80,60,2943,0,0,0,0,0.0,0.0
80,61,3153,0,0,0,0,0.0,0.0
80,62,2987,0,0,0,0,0.0,0.0
80,63,3303,0,0,0,0,0.0,0.0
80,64,3092,0,1,1,0,1.0,1.0
81,1,3412,0,0,0,0,0.0,0.0
81,2,3207,0,0,0,0,0.0,0.0
81,3,3398,0,1,1,0,1.0,1.0
81,4,3092,0,0,0,0,0.0,0.0
81,5,3150,0,1,1,0,1.0,1.0
81,6,2425,0,1,1,0,1.0,1.0
81,7,2479,0,1,1,0,1.0,1.0
81,8,3159,0,1,1,0,1.0,1.0
81,9,3743,1,0,0,0,0.0,0.0
81,10,3684,1,0,0,0,0.0,0.0
81,11,3591,1,0,0,0,0.0,0.0
81,12,3718,1,0,0,0,0.0,0.0
81,13,2362,0,1,1,0,1.0,1.0
81,14,3565,1,1,1,0,1.0,1.0
81,15,3075,0,1,1,0,1.0,1.0
81,16,1358,0,1,1,0,1.0,1.0
81,17,2800,0,1,1,0,1.0,1.0
81,18,3177,0,1,0,0,0.0,0.0
81,19,2902,0,1,0,0,0.0,0.0
81,20,3258,0,0,0,0,0.0,0.0
81,21,3112,0,1,1,0,1.0,1.0
81,22,2920,0,1,1,0,1.0,1.0
81,23,3212,0,1,0,0,0.0,0.0
81,24,2529,0,1,1,0,1.0,1.0
81,25,2914,0,0,0,0,0.0,0.0
81,26,2810,0,1,1,0,1.0,1.0
81,27,2740,0,1,1,0,1.0,1.0
81,28,2654,0,1,1,0,1.0,1.0
81,29,2969,0,1,0,0,0.0,0.0
81,30,2648,0,1,1,0,1.0,1.0
81,31,3022,0,1,1,0,1.0,1.0
81,32,2964,0,1,0,0,0.0,0.0
81,33,3916,1,0,0,0,0.0,0.0
81,34,3562,1,0,0,0,0.0,0.0
81,35,3905,1,0,0,0,0.0,0.0
81,36,4256,1,0,0,0,0.0,0.0
81,37,4540,1,0,0,0,0.0,0.0
81,38,4591,1,0,0,0,0.0,0.0
81,39,4515,1,0,0,0,0.0,0.0
81,40,4450,1,0,0,0,0.0,0.0
81,41,2417,0,1,1,0,1.0,1.0
81,42,2358,0,1,1,0,1.0,1.0
81,43,2580,0,1,1,0,1.0,1.0
81,44,2243,0,1,1,0,1.0,1.0
81,45,2565,0,1,1,0,1.0,1.0
81,46,3155,0,1,1,0,1.0,1.0
81,47,2754,0,1,1,0,1.0,1.0
81,48,2183,0,1,1,0,1.0,1.0
81,49,4130,1,0,0,0,0.0,0.0
81,50,4119,1,0,0,0,0.0,0.0
81,51,3968,1,1,1,0,1.0,1.0
81,52,4139,1,0,0,0,0.0,0.0
81,53,3158,0,0,0,0,0.0,0.0
81,54,3207,0,0,0,0,0.0,0.0
81,55,4856,1,0,0,0,0.0,0.0
81,56,3211,0,0,0,0,0.0,0.0
81,57,2030,0,1,1,0,1.0,1.0
81,58,2122,0,1,1,0,1.0,1.0
81,59,1943,0,1,1,0,1.0,1.0
81,60,2189,0,1,1,0,1.0,1.0
81,61,4051,1,0,0,0,0.0,0.0
81,62,4025,1,0,0,0,0.0,0.0
81,63,4078,1,0,0,0,0.0,0.0
81,64,3936,1,0,0,0,0.0,0.0
82,1,3198,0,1,1,0,1.0,1.0
82,2,3484,0,1,0,0,0.0,0.0
82,3,3375,0,0,0,0,0.0,0.0
82,4,3329,0,0,0,0,0.0,0.0
82,5,2887,0,0,0,0,0.0,0.0
82,6,3280,0,1,0,0,0.0,0.0
82,7,3222,0,1,1,0,1.0,1.0
82,8,3407,0,1,0,0,0.0,0.0
82,9,3453,0,1,1,0,1.0,1.0
82,10,3513,1,0,0,0,0.0,0.0
82,11,3452,0,0,0,0,0.0,0.0
82,12,3465,0,0,0,0,0.0,0.0
82,13,3220,0,1,0,0,0.0,0.0
82,14,3350,0,1,1,0,1.0,1.0
82,15,3184,0,1,1,0,1.0,1.0
82,16,3164,0,1,0,0,0.0,0.0
82,17,3832,1,0,0,0,0.0,0.0
82,18,3813,1,0,0,0,0.0,0.0
82,19,3900,1,0,0,0,0.0,0.0
82,20,3980,1,0,0,0,0.0,0.0
82,21,3350,0,1,0,0,0.0,0.0
82,22,3382,0,1,1,0,1.0,1.0
82,23,3406,0,1,0,0,0.0,0.0
82,24,3173,0,1,1,0,1.0,1.0
82,25,2482,0,1,1,0,0.0,0.0
82,26,1936,0,1,1,0,0.0,0.0
82,27,2564,0,1,1,0,0.0,0.0
82,28,2975,0,1,1,0,0.0,0.0
82,29,2205,0,1,1,0,1.0,1.0
82,30,1935,0,1,1,0,1.0,1.0
82,31,2518,0,1,1,0,1.0,1.0
82,32,2660,0,0,0,0,0.0,0.0
82,33,2299,0,1,1,0,1.0,1.0
82,34,2475,0,1,1,0,1.0,1.0
82,35,3024,0,1,1,0,1.0,1.0
82,36,3254,0,1,0,0,0.0,0.0
82,37,3048,0,1,0,0,0.0,0.0
82,38,2231,0,1,1,0,1.0,1.0
82,39,2851,0,0,0,0,0.0,0.0
82,40,2892,0,1,1,0,1.0,1.0
82,41,3311,0,0,0,0,0.0,0.0
82,42,3033,0,0,0,0,0.0,0.0
82,43,3259,0,1,1,0,1.0,1.0
82,44,2860,0,0,0,0,0.0,0.0
82,45,3924,1,0,0,0,0.0,0.0
82,46,4060,1,0,0,0,0.0,0.0
82,47,4194,1,0,0,0,0.0,0.0
82,48,3751,1,0,0,0,0.0,0.0
82,49,2357,0,1,1,0,1.0,1.0
82,50,1851,0,1,1,0,1.0,1.0
82,51,1227,0,1,1,0,1.0,1.0
82,52,2801,0,1,1,0,1.0,1.0
82,53,2604,0,1,1,0,1.0,1.0
82,54,2632,0,0,0,0,0.0,0.0
82,55,2619,0,1,1,0,1.0,1.0
82,56,2681,0,0,0,0,0.0,0.0
82,57,3320,0,1,0,0,0.0,0.0
82,58,3057,0,0,0,0,0.0,0.0
82,59,3096,0,0,0,0,0.0,0.0
82,60,2512,0,1,1,0,1.0,1.0
82,61,2633,0,1,1,0,1.0,1.0
82,62,2266,0,1,1,0,1.0,1.0
82,63,2693,0,1,1,0,1.0,1.0
82,64,3294,0,1,1,0,1.0,1.0
83,1,1637,0,1,1,0,1.0,1.0
83,2,2880,0,1,1,0,1.0,1.0
83,3,1321,0,1,1,0,1.0,1.0
83,4,2640,0,1,1,0,1.0,1.0
83,5,3444,0,0,0,0,0.0,0.0
83,6,3288,0,1,0,0,0.0,0.0
83,7,3503,1,1,1,0,1.0,1.0
83,8,3498,0,1,1,0,1.0,1.0
83,9,3182,0,1,0,0,0.0,0.0
83,10,3016,0,1,1,0,1.0,1.0
83,11,2631,0,1,1,0,1.0,1.0
83,12,2622,0,1,1,0,1.0,1.0
83,13,3641,1,0,0,0,0.0,0.0
83,14,3577,1,0,0,0,0.0,0.0
83,15,3529,1,1,1,0,1.0,1.0
83,16,3439,0,0,0,0,0.0,0.0
83,17,3493,0,0,0,0,0.0,0.0
83,18,3647,1,0,0,0,0.0,0.0
83,19,3694,1,0,0,0,0.0,0.0
83,20,3770,1,0,0,0,0.0,0.0
83,21,3766,1,0,0,0,0.0,0.0
83,22,3833,1,0,0,0,0.0,0.0
83,23,3608,1,0,0,0,0.0,0.0
83,24,3824,1,0,0,0,0.0,0.0
83,25,3887,1,0,0,0,0.0,0.0
83,26,3817,1,0,0,0,0.0,0.0
83,27,2824,0,1,1,0,0.0,0.0
83,28,3521,1,0,0,0,0.0,0.0
83,29,2445,0,1,1,0,1.0,1.0
83,30,3041,0,1,0,0,0.0,0.0
83,31,3264,0,0,0,0,0.0,0.0
83,32,2912,0,1,1,0,0.0,0.0
83,33,2964,0,0,0,0,0.0,0.0
83,34,3041,0,1,1,0,1.0,1.0
83,35,2542,0,1,1,0,1.0,1.0
83,36,2043,0,1,1,0,1.0,1.0
83,37,2989,0,1,1,0,1.0,1.0
83,38,3548,1,1,0,0,0.0,0.0
83,39,3672,1,1,0,0,0.0,0.0
83,40,3401,0,1,1,0,1.0,1.0
83,41,1301,0,1,1,0,1.0,1.0
83,42,1062,0,1,1,0,1.0,1.0
83,43,1318,0,1,1,0,1.0,1.0
83,44,2055,0,1,1,0,1.0,1.0
83,45,3722,1,1,0,0,0.0,0.0
83,46,3407,0,1,1,0,1.0,1.0
83,47,3720,1,0,0,0,0.0,0.0
83,48,3907,1,1,0,0,0.0,0.0
83,49,4545,1,0,0,0,0.0,0.0
83,50,4431,1,0,0,1,0.0,0.0
83,51,4417,1,0,0,0,0.0,0.0
83,52,4061,1,0,0,0,0.0,0.0
83,53,2638,0,0,0,0,0.0,0.0
83,54,2699,0,0,0,0,0.0,0.0
83,55,2927,0,1,1,0,1.0,1.0
83,56,2623,0,0,0,0,0.0,0.0
83,57,2132,0,1,1,0,1.0,1.0
83,58,2422,0,1,1,0,1.0,1.0
83,59,2373,0,1,1,0,1.0,1.0
83,60,2673,0,0,0,0,0.0,0.0
83,61,3187,0,1,0,0,0.0,0.0
83,62,2864,0,1,1,0,1.0,1.0
83,63,3263,0,1,0,0,0.0,0.0
83,64,3130,0,1,0,0,0.0,0.0
84,1,3247,0,0,0,0,0.0,0.0
84,2,2772,0,1,1,0,1.0,1.0
84,3,3278,0,1,1,0,1.0,1.0
84,4,3180,0,0,0,0,0.0,0.0
84,5,3021,0,1,0,0,0.0,0.0
84,6,2836,0,1,0,0,0.0,0.0
84,7,2905,0,1,0,0,0.0,0.0
84,8,2849,0,0,0,0,0.0,0.0
84,9,4556,1,0,0,0,0.0,0.0
84,10,4645,1,0,0,0,0.0,0.0
84,11,4573,1,0,0,0,0.0,0.0
84,12,4686,1,0,0,1,0.0,0.0
84,13,3436,0,0,0,0,0.0,0.0
84,14,3532,1,0,0,0,0.0,0.0
84,15,3317,0,0,0,0,0.0,0.0
84,16,3586,1,0,0,0,0.0,0.0
84,17,3056,0,0,0,0,0.0,0.0
84,18,3182,0,0,0,0,0.0,0.0
84,19,3041,0,0,0,0,0.0,0.0
84,20,2573,0,0,0,0,0.0,0.0
84,21,2631,0,1,1,0,1.0,1.0
84,22,2081,0,1,1,0,1.0,1.0
84,23,2963,0,1,1,0,1.0,1.0
84,24,1932,0,1,1,0,1.0,1.0
84,25,3613,1,0,0,0,0.0,0.0
84,26,3851,1,0,0,0,0.0,0.0
84,27,3812,1,0,0,0,0.0,0.0
84,28,4115,1,0,0,0,0.0,0.0
84,29,2689,0,1,1,0,1.0,1.0
84,30,2529,0,1,1,0,1.0,1.0
84,31,3024,0,1,1,0,1.0,1.0
84,32,2422,0,1,1,0,1.0,1.0
84,33,2806,0,1,1,0,1.0,1.0
84,34,3486,0,1,1,0,1.0,1.0
84,35,2762,0,1,1,0,1.0,1.0
84,36,3511,1,0,0,0,0.0,0.0
84,37,3581,1,0,0,0,0.0,0.0
84,38,3072,0,1,1,0,1.0,1.0
84,39,3498,0,1,1,0,1.0,1.0
84,40,3222,0,1,1,0,1.0,1.0
84,41,2495,0,1,1,0,1.0,1.0
84,42,3225,0,0,0,0,0.0,0.0
84,43,3288,0,1,1,0,1.0,1.0
84,44,3138,0,0,0,0,0.0,0.0
84,45,3049,0,0,0,0,0.0,0.0
84,46,3166,0,0,0,0,0.0,0.0
84,47,3037,0,0,0,0,0.0,0.0
84,48,3084,0,0,0,0,0.0,0.0
84,49,1648,0,1,1,0,1.0,1.0
84,50,1413,0,1,1,0,1.0,1.0
84,51,1059,0,1,1,0,1.0,1.0
84,52,1526,0,1,1,0,1.0,1.0
84,53,3654,1,0,0,0,0.0,0.0
84,54,3332,0,0,0,0,0.0,0.0
84,55,3608,1,0,0,0,0.0,0.0
84,56,3574,1,1,1,0,0.0,0.0
84,57,2064,0,1,1,0,1.0,1.0
84,58,1672,0,1,1,0,1.0,1.0
84,59,1912,0,1,1,0,1.0,1.0
84,60,1960,0,1,1,0,1.0,1.0
84,61,3330,0,1,1,0,1.0,1.0
84,62,3371,0,1,0,0,0.0,0.0
84,63,3596,1,0,0,0,0.0,0.0
84,64,3208,0,0,0,0,0.0,0.0
85,1,3331,0,1,0,0,0.0,0.0
85,2,2339,0,1,1,0,1.0,1.0
85,3,2103,0,1,1,0,1.0,1.0
85,4,3504,1,1,0,0,0.0,0.0
85,5,3427,0,0,0,0,0.0,0.0
85,6,3426,0,0,0,0,0.0,0.0
85,7,3236,0,1,1,0,0.0,0.0
85,8,3269,0,0,0,0,0.0,0.0
85,9,3666,1,1,1,0,1.0,1.0
85,10,3507,1,1,1,0,1.0,1.0
85,11,2857,0,1,1,0,1.0,1.0
85,12,3716,1,1,1,0,1.0,1.0
85,13,3011,0,1,0,0,0.0,0.0
85,14,2600,0,1,1,0,1.0,1.0
85,15,2831,0,1,0,0,0.0,0.0
85,16,2880,0,1,0,0,0.0,0.0
85,17,3328,0,0,0,0,0.0,0.0
85,18,3097,0,0,0,0,0.0,0.0
85,19,3336,0,0,0,0,0.0,0.0
85,20,3273,0,0,0,0,0.0,0.0
85,21,3311,0,1,1,0,1.0,1.0
85,22,2302,0,1,1,0,1.0,1.0
85,23,1959,0,1,1,0,1.0,1.0
85,24,2009,0,1,1,0,1.0,1.0
85,25,3836,1,1,0,0,0.0,0.0
85,26,3470,0,0,0,0,0.0,0.0
85,27,3648,1,0,0,0,0.0,0.0
85,28,3191,0,1,1,0,1.0,1.0
85,29,3338,0,1,0,0,0.0,0.0
85,30,4180,1,0,0,0,0.0,0.0
85,31,3725,1,0,0,0,0.0,0.0
85,32,2358,0,1,1,0,1.0,1.0
85,33,2727,0,1,1,0,1.0,1.0
85,34,2295,0,1,1,0,1.0,1.0
85,35,2063,0,1,1,0,1.0,1.0
85,36,2842,0,1,1,0,1.0,1.0
85,37,4304,1,0,0,0,0.0,0.0
85,38,4257,1,0,0,0,0.0,0.0
85,39,4247,1,0,0,0,0.0,0.0
85,40,4346,1,0,0,0,0.0,0.0
85,41,3252,0,0,0,0,0.0,0.0
85,42,3227,0,0,0,0,0.0,0.0
85,43,3595,1,1,1,0,1.0,1.0
85,44,3011,0,0,0,0,0.0,0.0
85,45,3287,0,1,0,0,0.0,0.0
85,46,3379,0,0,0,0,0.0,0.0
85,47,3329,0,1,1,0,1.0,1.0
85,48,3401,0,0,0,0,0.0,0.0
85,49,2558,0,0,0,0,0.0,0.0
85,50,2733,0,0,0,0,0.0,0.0
85,51,2506,0,0,0,0,0.0,0.0
85,52,2647,0,0,0,0,0.0,0.0
85,53,3506,1,1,1,0,1.0,1.0
85,54,3415,0,1,0,0,0.0,0.0
85,55,3470,0,1,1,0,1.0,1.0
85,56,3350,0,0,0,0,0.0,0.0
85,57,3828,1,0,0,0,0.0,0.0
85,58,3817,1,1,1,0,1.0,1.0
85,59,3810,1,0,0,0,0.0,0.0
85,60,3784,1,0,0,0,0.0,0.0
85,61,2453,0,1,1,0,1.0,1.0
85,62,3269,0,1,1,0,1.0,1.0
85,63,3201,0,1,1,0,1.0,1.0
85,64,3456,0,1,0,0,0.0,0.0
86,1,3097,0,1,1,0,1.0,1.0
86,2,2749,0,1,1,0,1.0,1.0
86,3,2951,0,1,1,0,1.0,1.0
86,4,2978,0,1,1,0,1.0,1.0
86,5,2917,0,0,0,0,0.0,0.0
86,6,3166,0,0,0,0,0.0,0.0
86,7,3044,0,0,0,0,0.0,0.0
86,8,2908,0,0,0,0,0.0,0.0
86,9,3523,1,0,0,0,0.0,0.0
86,10,3269,0,0,0,0,0.0,0.0
86,11,3509,1,0,0,0,0.0,0.0
86,12,3405,0,0,0,0,0.0,0.0
86,13,3290,0,0,0,0,0.0,0.0
86,14,3315,0,0,0,0,0.0,0.0
86,15,3305,0,0,0,0,0.0,0.0
86,16,3388,0,0,0,0,0.0,0.0
86,17,2629,0,0,0,0,0.0,0.0
86,18,2691,0,0,0,0,0.0,0.0
86,19,2678,0,0,0,0,0.0,0.0
86,20,2868,0,0,0,0,0.0,0.0
86,21,3328,0,1,1,0,1.0,1.0
86,22,1720,0,1,1,0,1.0,1.0
86,23,1939,0,1,1,0,1.0,1.0
86,24,2581,0,1,1,0,1.0,1.0
86,25,3119,0,1,1,0,1.0,1.0
86,26,3402,0,1,1,0,1.0,1.0
86,27,3376,0,0,0,0,0.0,0.0
86,28,3455,0,0,0,0,0.0,0.0
86,29,4146,1,0,0,0,0.0,0.0
86,30,4257,1,1,1,0,1.0,1.0
86,31,4106,1,0,0,0,0.0,0.0
86,32,3794,1,1,1,0,0.0,0.0
86,33,2587,0,1,1,0,1.0,1.0
86,34,2036,0,1,1,0,1.0,1.0
86,35,1903,0,1,1,0,1.0,1.0
86,36,1923,0,1,1,0,1.0,1.0
86,37,3798,1,0,0,0,0.0,0.0
86,38,3100,0,0,0,0,0.0,0.0
86,39,3128,0,0,0,0,0.0,0.0
86,40,3318,0,1,1,0,1.0,1.0
86,41,3210,0,1,0,0,0.0,0.0
86,42,1616,0,1,1,0,1.0,1.0
86,43,1736,0,1,1,0,1.0,1.0
86,44,3001,0,0,0,0,0.0,0.0
86,45,2767,0,0,0,0,0.0,0.0
86,46,2694,0,0,0,0,0.0,0.0
86,47,2804,0,1,0,0,0.0,0.0
86,48,2946,0,0,0,0,0.0,0.0
86,49,3548,1,0,0,0,0.0,0.0
86,50,3580,1,0,0,0,0.0,0.0
86,51,3974,1,0,0,0,0.0,0.0
86,52,3224,0,0,0,0,0.0,0.0
86,53,3190,0,0,0,0,0.0,0.0
86,54,3051,0,0,0,0,0.0,0.0
86,55,3120,0,1,1,0,1.0,1.0
86,56,2979,0,0,0,0,0.0,0.0
86,57,2054,0,1,1,0,1.0,1.0
86,58,2088,0,1,1,0,1.0,1.0
86,59,2159,0,1,1,0,1.0,1.0
86,60,2355,0,1,1,0,1.0,1.0
86,61,2655,0,1,1,0,1.0,1.0
86,62,3034,0,1,1,0,1.0,1.0
86,63,3241,0,1,1,0,1.0,1.0
86,64,3551,1,1,0,0,0.0,0.0
87,1,2889,0,1,1,0,1.0,1.0
87,2,2188,0,1,1,0,1.0,1.0
87,3,2738,0,1,1,0,1.0,1.0
87,4,3121,0,0,0,0,0.0,0.0
87,5,3800,1,1,0,0,0.0,0.0
87,6,3646,1,1,1,0,1.0,1.0
87,7,2877,0,1,1,0,1.0,1.0
87,8,3858,1,1,0,0,0.0,0.0
87,9,4460,1,0,0,0,0.0,0.0
87,10,4288,1,0,0,0,0.0,0.0
87,11,4294,1,0,0,0,0.0,0.0
87,12,4419,1,0,0,0,0.0,0.0
87,13,3126,0,1,1,0,1.0,1.0
87,14,2018,0,1,1,0,1.0,1.0
87,15,3211,0,1,0,0,0.0,0.0
87,16,2555,0,1,1,0,1.0,1.0
87,17,4346,1,0,0,0,0.0,0.0
87,18,4130,1,0,0,0,0.0,0.0
87,19,4353,1,0,0,0,0.0,0.0
87,20,4182,1,0,0,0,0.0,0.0
87,21,3201,0,0,0,0,0.0,0.0
87,22,3128,0,0,0,0,0.0,0.0
87,23,3472,0,1,1,0,1.0,1.0
87,24,3325,0,0,0,0,0.0,0.0
87,25,3068,0,1,1,0,1.0,1.0
87,26,2961,0,0,0,0,0.0,0.0
87,27,3013,0,0,0,0,0.0,0.0
87,28,2967,0,1,0,0,0.0,0.0
87,29,3723,1,0,0,0,0.0,0.0
87,30,3959,1,0,0,0,0.0,0.0
87,31,3785,1,0,0,1,0.0,0.0
87,32,3957,1,0,0,0,0.0,0.0
87,33,4559,1,0,0,0,0.0,0.0
87,34,4643,1,0,0,0,0.0,0.0
87,35,4651,1,0,0,0,0.0,0.0
87,36,4646,1,0,0,0,0.0,0.0
87,37,2939,0,0,0,0,0.0,0.0
87,38,2994,0,0,0,0,0.0,0.0
87,39,2713,0,0,0,0,0.0,0.0
87,40,3393,0,0,0,0,0.0,0.0
87,41,2582,0,1,1,0,1.0,1.0
87,42,3071,0,1,1,0,1.0,1.0
87,43,2859,0,1,1,0,1.0,1.0
87,44,3207,0,1,1,0,1.0,1.0
87,45,3055,0,1,1,0,1.0,1.0
87,46,2844,0,1,1,0,1.0,1.0
87,47,2812,0,0,0,0,0.0,0.0
87,48,2889,0,0,0,0,0.0,0.0
87,49,2564,0,1,1,0,1.0,1.0
87,50,2683,0,1,1,0,1.0,1.0
87,51,3780,1,0,0,0,0.0,0.0
87,52,2711,0,1,1,0,1.0,1.0
87,53,3717,1,0,0,0,0.0,0.0
87,54,3611,1,0,0,0,0.0,0.0
87,55,3540,1,0,0,0,0.0,0.0
87,56,3732,1,0,0,0,0.0,0.0
87,57,3268,0,0,0,0,0.0,0.0
87,58,3348,0,0,0,0,0.0,0.0
87,59,2940,0,0,0,0,0.0,0.0
87,60,2963,0,0,0,0,0.0,0.0
87,61,4118,1,0,0,0,0.0,0.0
87,62,4527,1,0,0,0,0.0,0.0
87,63,4262,1,0,0,0,0.0,0.0
87,64,4331,1,0,0,0,0.0,0.0
88,1,3226,0,1,1,0,1.0,1.0
88,2,3401,0,0,0,0,0.0,0.0
88,3,3086,0,1,1,0,1.0,1.0
88,4,3310,0,0,0,0,0.0,0.0
88,5,3353,0,1,1,0,1.0,1.0
88,6,2365,0,1,1,0,1.0,1.0
88,7,3127,0,1,1,0,1.0,1.0
88,8,2417,0,1,1,0,1.0,1.0
88,9,1923,0,1,1,0,1.0,1.0
88,10,2311,0,1,1,0,1.0,1.0
88,11,1774,0,1,1,0,1.0,1.0
88,12,2053,0,1,1,0,1.0,1.0
88,13,2341,0,1,1,0,1.0,1.0
88,14,2920,0,1,1,0,1.0,1.0
88,15,3698,1,1,1,0,1.0,1.0
88,16,3628,1,0,0,0,0.0,0.0
88,17,3082,0,1,1,0,1.0,1.0
88,18,3361,0,1,1,0,1.0,1.0
88,19,3036,0,1,1,0,1.0,1.0
88,20,2248,0,1,1,0,1.0,1.0
88,21,1338,0,1,1,0,1.0,1.0
88,22,2924,0,1,1,0,1.0,1.0
88,23,3101,0,1,1,0,1.0,1.0
88,24,1472,0,1,1,0,1.0,1.0
88,25,4094,1,0,0,0,0.0,0.0
88,26,3875,1,0,0,0,0.0,0.0
88,27,4162,1,0,0,0,0.0,0.0
88,28,4004,1,0,0,0,0.0,0.0
88,29,3763,1,1,0,0,0.0,0.0
88,30,3299,0,1,1,0,1.0,1.0
88,31,2237,0,1,1,0,1.0,1.0
88,32,3853,1,1,0,0,0.0,0.0
88,33,3649,1,0,0,1,0.0,0.0
88,34,3892,1,0,0,1,0.0,0.0
88,35,3798,1,0,0,0,0.0,0.0
88,36,4033,1,0,0,1,0.0,0.0
88,37,3205,0,0,0,0,0.0,0.0
88,38,3017,0,0,0,0,0.0,0.0
88,39,3341,0,0,0,0,0.0,0.0
88,40,3299,0,0,0,0,0.0,0.0
88,41,3584,1,0,0,0,0.0,0.0
88,42,3561,1,1,1,0,1.0,1.0
88,43,3659,1,0,0,0,0.0,0.0
88,44,3833,1,0,0,0,0.0,0.0
88,45,3528,1,1,0,0,0.0,0.0
88,46,3239,0,0,0,0,0.0,0.0
88,47,2944,0,1,1,0,1.0,1.0
88,48,3002,0,1,1,0,1.0,1.0
88,49,2898,0,0,0,0,0.0,0.0
88,50,2912,0,1,1,0,1.0,1.0
88,51,2798,0,0,0,0,0.0,0.0
88,52,3018,0,1,1,0,1.0,1.0
88,53,4153,1,0,0,0,0.0,0.0
88,54,3989,1,0,0,0,0.0,0.0
88,55,3926,1,0,0,0,0.0,0.0
88,56,4150,1,0,0,0,0.0,0.0
88,57,3610,1,0,0,0,0.0,0.0
88,58,3842,1,0,0,0,0.0,0.0
88,59,4207,1,0,0,0,0.0,0.0
88,60,4097,1,0,0,0,0.0,0.0
88,61,3264,0,1,0,0,0.0,0.0
88,62,2780,0,1,1,0,1.0,1.0
88,63,2868,0,1,1,0,1.0,1.0
88,64,3417,0,1,0,0,0.0,0.0
89,1,3775,1,0,0,0,0.0,0.0
89,2,3641,1,1,1,0,1.0,1.0
89,3,3839,1,0,0,0,0.0,0.0
89,4,3542,1,1,0,0,0.0,0.0
89,5,3853,1,0,0,0,0.0,0.0
89,6,2498,0,1,1,0,1.0,1.0
89,7,2340,0,1,1,0,1.0,1.0
89,8,3568,1,1,1,0,1.0,1.0
89,9,3821,1,1,1,0,1.0,1.0
89,10,3431,0,1,1,0,1.0,1.0
89,11,3411,0,1,1,0,1.0,1.0
89,12,3608,1,0,0,0,0.0,0.0
89,13,3324,0,1,1,0,1.0,1.0
89,14,2813,0,1,1,0,1.0,1.0
89,15,3341,0,1,1,0,1.0,1.0
89,16,3374,0,1,0,0,0.0,0.0
89,17,3121,0,1,1,0,1.0,1.0
89,18,2383,0,1,1,0,1.0,1.0
89,19,3511,1,1,1,0,1.0,1.0
89,20,2093,0,1,1,0,1.0,1.0
89,21,2957,0,1,1,0,1.0,1.0
89,22,3135,0,0,0,0,0.0,0.0
89,23,3709,1,0,0,0,0.0,0.0
89,24,3049,0,1,0,0,0.0,0.0
89,25,3518,1,1,1,0,1.0,1.0
89,26,3296,0,1,1,0,1.0,1.0
89,27,3515,1,1,1,0,1.0,1.0
89,28,3446,0,1,0,0,0.0,0.0
89,29,3654,1,0,0,0,0.0,0.0
89,30,3537,1,0,0,0,0.0,0.0
89,31,3200,0,0,0,0,0.0,0.0
89,32,3470,0,0,0,0,0.0,0.0
89,33,2605,0,1,1,0,0.0,0.0
89,34,2520,0,1,1,0,1.0,1.0
89,35,2952,0,1,1,0,1.0,1.0
89,36,2129,0,1,1,0,1.0,1.0
89,37,3774,1,0,0,0,0.0,0.0
89,38,3980,1,0,0,0,0.0,0.0
89,39,3794,1,0,0,0,0.0,0.0
89,40,3926,1,0,0,0,0.0,0.0
89,41,1692,0,1,1,0,1.0,1.0
89,42,2237,0,1,1,0,1.0,1.0
89,43,2477,0,1,1,0,1.0,1.0
89,44,1599,0,1,1,0,1.0,1.0
89,45,2564,0,1,0,0,0.0,0.0
89,46,2898,0,0,0,0,0.0,0.0
89,47,2788,0,0,0,0,0.0,0.0
89,48,3226,0,0,0,0,0.0,0.0
89,49,3522,1,0,0,0,0.0,0.0
89,50,3619,1,0,0,0,0.0,0.0
89,51,3208,0,0,0,0,0.0,0.0
89,52,3425,0,0,0,0,0.0,0.0
89,53,3032,0,1,0,0,0.0,0.0
89,54,2780,0,0,0,0,0.0,0.0
89,55,3049,0,1,0,0,0.0,0.0
89,56,2941,0,1,1,0,1.0,1.0
89,57,3182,0,1,1,0,1.0,1.0
89,58,2765,0,1,1,0,1.0,1.0
89,59,3477,0,1,1,0,1.0,1.0
89,60,2662,0,1,1,0,1.0,1.0
89,61,2659,0,0,0,0,0.0,0.0
89,62,2677,0,0,0,0,0.0,0.0
89,63,2742,0,0,0,0,0.0,0.0
89,64,2646,0,0,0,0,0.0,0.0
90,1,3316,0,0,0,0,0.0,0.0
90,2,3157,0,0,0,0,0.0,0.0
90,3,3545,1,0,0,0,0.0,0.0
90,4,2133,0,1,1,0,1.0,1.0
90,5,3382,0,0,0,0,0.0,0.0
90,6,3253,0,1,0,0,0.0,0.0
90,7,3570,1,0,0,0,0.0,0.0
90,8,3345,0,0,0,0,0.0,0.0
90,9,3100,0,1,1,0,1.0,1.0
90,10,3011,0,1,1,0,0.0,0.0
90,11,3060,0,1,1,0,1.0,1.0
90,12,2984,0,1,1,0,1.0,1.0
90,13,2929,0,1,1,0,1.0,1.0
90,14,2818,0,1,1,0,1.0,1.0
90,15,3002,0,0,0,0,0.0,0.0
90,16,3043,0,1,1,0,1.0,1.0
90,17,3276,0,0,0,0,0.0,0.0
90,18,3348,0,1,0,0,0.0,0.0
90,19,2901,0,1,1,0,1.0,1.0
90,20,3161,0,1,0,0,0.0,0.0
90,21,1554,0,1,1,0,1.0,1.0
90,22,2026,0,1,1,0,1.0,1.0
90,23,1798,0,1,1,0,1.0,1.0
90,24,2465,0,1,1,0,1.0,1.0
90,25,3170,0,1,1,0,1.0,1.0
90,26,3034,0,1,1,0,1.0,1.0
90,27,3156,0,1,1,0,1.0,1.0
90,28,3264,0,1,1,0,1.0,1.0
90,29,2491,0,1,1,0,1.0,1.0
90,30,1927,0,1,1,0,1.0,1.0
90,31,3906,1,0,0,0,0.0,0.0
90,32,2150,0,1,1,0,1.0,1.0
90,33,3378,0,0,0,0,0.0,0.0
90,34,3408,0,0,0,0,0.0,0.0
90,35,3377,0,0,0,0,0.0,0.0
90,36,3362,0,0,0,0,0.0,0.0
90,37,3075,0,1,1,0,1.0,1.0
90,38,3193,0,0,0,0,0.0,0.0
90,39,3017,0,1,1,0,1.0,1.0
90,40,2809,0,0,0,0,0.0,0.0
90,41,2908,0,1,1,0,1.0,1.0
90,42,2877,0,1,0,0,0.0,0.0
90,43,2844,0,1,0,0,0.0,0.0
90,44,2886,0,1,1,0,1.0,1.0
90,45,3800,1,0,0,0,0.0,0.0
90,46,4171,1,0,0,0,0.0,0.0
90,47,4030,1,0,0,0,0.0,0.0
90,48,4022,1,0,0,0,0.0,0.0
90,49,2543,0,0,0,0,0.0,0.0
90,50,2716,0,0,0,0,0.0,0.0
90,51,2745,0,1,0,0,0.0,0.0
90,52,2904,0,0,0,0,0.0,0.0
90,53,3224,0,1,0,0,0.0,0.0
90,54,3224,0,0,0,0,0.0,0.0
90,55,2403,0,1,1,0,1.0,1.0
90,56,3400,0,0,0,0,0.0,0.0
90,57,3727,1,1,1,0,1.0,1.0
90,58,3751,1,0,0,0,0.0,0.0
90,59,3811,1,0,0,0,0.0,0.0
90,60,3480,0,1,1,0,1.0,1.0
90,61,2867,0,1,1,0,1.0,1.0
90,62,2813,0,1,1,0,1.0,1.0
90,63,2877,0,1,0,0,0.0,0.0
90,64,2895,0,1,1,0,1.0,1.0
91,1,3065,0,0,0,0,0.0,0.0
91,2,3208,0,1,0,0,0.0,0.0
91,3,3016,0,0,0,0,0.0,0.0
91,4,2951,0,0,0,0,0.0,0.0
91,5,3728,1,0,0,0,0.0,0.0
91,6,3765,1,0,0,0,0.0,0.0
91,7,3774,1,0,0,0,0.0,0.0
91,8,3661,1,0,0,0,0.0,0.0
91,9,3323,0,1,0,0,0.0,0.0
91,10,3092,0,0,0,0,0.0,0.0
91,11,3325,0,0,0,0,0.0,0.0
91,12,3085,0,0,0,0,0.0,0.0
91,13,3367,0,1,0,0,0.0,0.0
91,14,3220,0,0,0,0,0.0,0.0
91,15,3207,0,1,1,0,1.0,1.0
91,16,3194,0,0,0,0,0.0,0.0
91,17,3325,0,1,0,0,0.0,0.0
91,18,2757,0,1,1,0,1.0,1.0
91,19,2884,0,1,1,0,1.0,1.0
91,20,2647,0,1,1,0,1.0,1.0
91,21,3088,0,0,0,0,0.0,0.0
91,22,3051,0,0,0,0,0.0,0.0
91,23,2939,0,0,0,0,0.0,0.0
91,24,3119,0,0,0,0,0.0,0.0
91,25,2753,0,1,1,0,1.0,1.0
91,26,3035,0,1,0,0,0.0,0.0
91,27,3143,0,1,0,0,0.0,0.0
91,28,3117,0,1,1,0,1.0,1.0
91,29,3288,0,0,0,0,0.0,0.0
91,30,3124,0,1,1,0,1.0,1.0
91,31,3204,0,0,0,0,0.0,0.0
91,32,3037,0,0,0,0,0.0,0.0
91,33,3115,0,0,0,0,0.0,0.0
91,34,3075,0,0,0,0,0.0,0.0
91,35,2868,0,0,0,0,0.0,0.0
91,36,3205,0,1,0,0,0.0,0.0
91,37,3193,0,0,0,0,0.0,0.0
91,38,2507,0,1,1,0,1.0,1.0
91,39,2795,0,1,1,0,1.0,1.0
91,40,3343,0,1,1,0,1.0,1.0
91,41,2611,0,1,1,0,1.0,1.0
91,42,2170,0,1,1,0,1.0,1.0
91,43,3097,0,1,1,0,1.0,1.0
91,44,2667,0,1,1,0,1.0,1.0
91,45,2507,0,1,1,0,1.0,1.0
91,46,2908,0,1,1,0,1.0,1.0
91,47,3070,0,1,1,0,1.0,1.0
91,48,3492,0,0,0,0,0.0,0.0
91,49,3272,0,1,1,0,1.0,1.0
91,50,3611,1,1,1,0,1.0,1.0
91,51,3451,0,1,1,0,1.0,1.0
91,52,3213,0,1,1,0,1.0,1.0
91,53,3934,1,0,0,0,0.0,0.0
91,54,3880,1,0,0,0,0.0,0.0
91,55,3778,1,0,0,0,0.0,0.0
91,56,3954,1,0,0,0,0.0,0.0
91,57,3444,0,0,0,0,0.0,0.0
91,58,3318,0,0,0,0,0.0,0.0
91,59,3335,0,1,1,0,1.0,1.0
91,60,3312,0,0,0,0,0.0,0.0
91,61,2580,0,1,1,0,1.0,1.0
91,62,2959,0,1,1,0,1.0,1.0
91,63,2944,0,1,1,0,1.0,1.0
91,64,3036,0,1,1,0,0.0,0.0
92,1,2323,0,1,1,0,1.0,1.0
92,2,2111,0,1,1,0,1.0,1.0
92,3,3065,0,1,1,0,1.0,1.0
92,4,2773,0,1,1,0,1.0,1.0
92,5,4150,1,0,0,0,0.0,0.0
92,6,3746,1,0,0,0,0.0,0.0
92,7,4062,1,0,0,0,0.0,0.0
92,8,4011,1,0,0,0,0.0,0.0
92,9,2867,0,1,1,0,1.0,1.0
92,10,3291,0,1,1,0,1.0,1.0
92,11,2597,0,1,1,0,1.0,1.0
92,12,3625,1,1,1,0,1.0,1.0
92,13,3577,1,0,0,0,0.0,0.0
92,14,3560,1,1,0,0,0.0,0.0
92,15,3589,1,0,0,0,0.0,0.0
92,16,3684,1,1,1,0,1.0,1.0
92,17,3336,0,1,0,0,0.0,0.0
92,18,3278,0,1,1,0,0.0,0.0
92,19,3336,0,0,0,0,0.0,0.0
92,20,3454,0,1,0,0,0.0,0.0
92,21,3496,0,0,0,0,0.0,0.0
92,22,3618,1,1,0,0,0.0,0.0
92,23,3297,0,1,0,0,0.0,0.0
92,24,3653,1,1,0,0,0.0,0.0
92,25,3028,0,0,0,0,0.0,0.0
92,26,2871,0,0,0,0,0.0,0.0
92,27,3092,0,0,0,0,0.0,0.0
92,28,3089,0,0,0,0,0.0,0.0
92,29,4304,1,0,0,0,0.0,0.0
92,30,4132,1,0,0,0,0.0,0.0
92,31,4338,1,0,0,0,0.0,0.0
92,32,4339,1,0,0,0,0.0,0.0
92,33,3230,0,1,0,0,0.0,0.0
92,34,3206,0,1,1,0,1.0,1.0
92,35,3324,0,1,0,0,0.0,0.0
92,36,2951,0,0,0,0,0.0,0.0
92,37,3614,1,1,0,0,0.0,0.0
92,38,3631,1,1,0,0,0.0,0.0
92,39,3157,0,0,0,0,0.0,0.0
92,40,3040,0,0,0,0,0.0,0.0
92,41,2390,0,1,1,0,1.0,1.0
92,42,1859,0,1,1,0,1.0,1.0
92,43,2466,0,1,1,0,1.0,1.0
92,44,3505,1,0,0,0,0.0,0.0
92,45,3807,1,0,0,0,0.0,0.0
92,46,3731,1,1,1,0,1.0,1.0
92,47,3751,1,0,0,0,0.0,0.0
92,48,3606,1,0,0,0,0.0,0.0
92,49,3813,1,0,0,0,0.0,0.0
92,50,3926,1,0,0,0,0.0,0.0
92,51,3460,0,1,1,0,1.0,1.0
92,52,3732,1,0,0,0,0.0,0.0
92,53,3883,1,1,1,0,1.0,1.0
92,54,3795,1,0,0,0,0.0,0.0
92,55,3588,1,1,0,0,0.0,0.0
92,56,3592,1,0,0,0,0.0,0.0
92,57,3420,0,1,0,0,0.0,0.0
92,58,3134,0,1,1,0,1.0,1.0
92,59,2659,0,1,1,0,1.0,1.0
92,60,3453,0,1,0,0,0.0,0.0
92,61,3064,0,1,0,0,0.0,0.0
92,62,3042,0,1,1,0,1.0,1.0
92,63,2340,0,1,1,0,1.0,1.0
92,64,3065,0,1,0,0,0.0,0.0
93,1,3578,1,0,0,0,0.0,0.0
93,2,3787,1,0,0,0,0.0,0.0
93,3,3749,1,0,0,0,0.0,0.0
93,4,4101,1,0,0,0,0.0,0.0
93,5,3382,0,0,0,0,0.0,0.0
93,6,3389,0,0,0,0,0.0,0.0
93,7,3266,0,0,0,0,0.0,0.0
93,8,3399,0,0,0,0,0.0,0.0
93,9,3965,1,0,0,0,0.0,0.0
93,10,4023,1,0,0,0,0.0,0.0
93,11,3298,0,1,1,0,1.0,1.0
93,12,3821,1,1,0,0,0.0,0.0
93,13,3692,1,1,1,0,1.0,1.0
93,14,3667,1,0,0,0,0.0,0.0
93,15,3631,1,0,0,0,0.0,0.0
93,16,3643,1,0,0,0,0.0,0.0
93,17,3508,1,1,0,0,0.0,0.0
93,18,3274,0,1,0,0,0.0,0.0
93,19,3133,0,1,1,0,0.0,0.0
93,20,2950,0,1,1,0,1.0,1.0
93,21,3482,0,0,0,0,0.0,0.0
93,22,3647,1,0,0,0,0.0,0.0
93,23,3515,1,0,0,0,0.0,0.0
93,24,3489,0,0,0,0,0.0,0.0
93,25,2978,0,0,0,0,0.0,0.0
93,26,2904,0,0,0,0,0.0,0.0
93,27,2962,0,0,0,0,0.0,0.0
93,28,3056,0,0,0,0,0.0,0.0
93,29,3550,1,1,1,0,0.0,0.0
93,30,3541,1,0,0,0,0.0,0.0
93,31,3641,1,1,1,0,1.0,1.0
93,32,3756,1,1,0,0,0.0,0.0
93,33,3755,1,0,0,0,0.0,0.0
93,34,3858,1,0,0,0,0.0,0.0
93,35,3764,1,0,0,0,0.0,0.0
93,36,3877,1,0,0,0,0.0,0.0
93,37,3146,0,1,1,0,1.0,1.0
93,38,3795,1,1,1,0,1.0,1.0
93,39,3871,1,0,0,0,0.0,0.0
93,40,4284,1,0,0,0,0.0,0.0
93,41,3299,0,1,0,0,0.0,0.0
93,42,2669,0,1,1,0,1.0,1.0
93,43,2238,0,1,1,0,1.0,1.0
93,44,2845,0,1,1,0,1.0,1.0
93,45,3542,1,0,0,0,0.0,0.0
93,46,3786,1,0,0,0,0.0,0.0
93,47,3786,1,0,0,0,0.0,0.0
93,48,3766,1,0,0,0,0.0,0.0
93,49,3746,1,1,0,0,0.0,0.0
93,50,3598,1,0,0,0,0.0,0.0
93,51,3574,1,1,1,0,1.0,1.0
93,52,3343,0,1,1,0,1.0,1.0
93,53,3233,0,1,1,0,1.0,1.0
93,54,2476,0,1,1,0,1.0,1.0
93,55,2850,0,1,1,0,1.0,1.0
93,56,3303,0,1,0,0,0.0,0.0
93,57,3084,0,0,0,0,0.0,0.0
93,58,3148,0,0,0,0,0.0,0.0
93,59,2893,0,0,0,0,0.0,0.0
93,60,3033,0,0,0,0,0.0,0.0
93,61,3400,0,0,0,0,0.0,0.0
93,62,3451,0,0,0,0,0.0,0.0
93,63,3681,1,0,0,0,0.0,0.0
93,64,3583,1,1,1,0,1.0,1.0
94,1,3575,1,1,0,0,0.0,0.0
94,2,3204,0,1,1,0,1.0,1.0
94,3,3426,0,0,0,0,0.0,0.0
94,4,3500,1,1,1,0,0.0,0.0
94,5,2352,0,1,1,0,1.0,1.0
94,6,2238,0,1,1,0,1.0,1.0
94,7,3749,1,1,1,0,1.0,1.0
94,8,2725,0,1,1,0,1.0,1.0
94,9,4122,1,0,0,0,0.0,0.0
94,10,4160,1,0,0,0,0.0,0.0
94,11,3909,1,0,0,0,0.0,0.0
94,12,3838,1,0,0,0,0.0,0.0
94,13,2845,0,1,1,0,1.0,1.0
94,14,3277,0,1,0,0,0.0,0.0
94,15,3083,0,0,0,0,0.0,0.0
94,16,3273,0,1,1,0,1.0,1.0
94,17,3850,1,0,0,0,0.0,0.0
94,18,3734,1,0,0,0,0.0,0.0
94,19,3685,1,0,0,0,0.0,0.0
94,20,3315,0,1,1,0,1.0,1.0
94,21,1861,0,1,1,0,1.0,1.0
94,22,2509,0,1,1,0,1.0,1.0
94,23,1723,0,1,1,0,1.0,1.0
94,24,2733,0,1,1,0,1.0,1.0
94,25,3111,0,1,1,0,1.0,1.0
94,26,2567,0,1,1,0,1.0,1.0
94,27,3384,0,1,1,0,1.0,1.0
94,28,3595,1,1,1,0,1.0,1.0
94,29,2788,0,1,1,0,1.0,1.0
94,30,3965,1,0,0,0,0.0,0.0
94,31,3340,0,1,1,0,1.0,1.0
94,32,4155,1,0,0,0,0.0,0.0
94,33,2940,0,0,0,0,0.0,0.0
94,34,3126,0,1,0,0,0.0,0.0
94,35,3261,0,0,0,0,0.0,0.0
94,36,2634,0,1,1,0,1.0,1.0
94,37,2575,0,0,0,0,0.0,0.0
94,38,2520,0,0,0,0,0.0,0.0
94,39,2633,0,0,0,0,0.0,0.0
94,40,2442,0,0,0,0,0.0,0.0
94,41,3602,1,0,0,0,0.0,0.0
94,42,3646,1,0,0,0,0.0,0.0
94,43,3700,1,0,0,0,0.0,0.0
94,44,3742,1,0,0,0,0.0,0.0
94,45,1256,0,1,1,0,1.0,1.0
94,46,1326,0,1,1,0,1.0,1.0
94,47,1099,0,1,1,0,1.0,1.0
94,48,1181,0,1,1,0,1.0,1.0
94,49,2524,0,0,0,0,0.0,0.0
94,50,2732,0,1,1,0,1.0,1.0
94,51,2811,0,1,0,0,0.0,0.0
94,52,2526,0,0,0,0,0.0,0.0
94,53,2756,0,0,0,0,0.0,0.0
94,54,2740,0,0,0,0,0.0,0.0
94,55,2773,0,0,0,0,0.0,0.0
94,56,2628,0,0,0,0,0.0,0.0
94,57,2853,0,1,1,0,1.0,1.0
94,58,3248,0,1,1,0,1.0,1.0
94,59,2728,0,1,1,0,1.0,1.0
94,60,2040,0,1,1,0,1.0,1.0
94,61,3450,0,0,0,0,0.0,0.0
94,62,3594,1,0,0,0,0.0,0.0
94,63,3648,1,0,0,0,0.0,0.0
94,64,3701,1,0,0,0,0.0,0.0
95,1,3434,0,1,0,0,0.0,0.0
95,2,3534,1,1,1,0,1.0,1.0
95,3,3419,0,1,0,0,0.0,0.0
95,4,3431,0,1,1,0,1.0,1.0
95,5,3575,1,0,0,0,0.0,0.0
95,6,3991,1,0,0,0,0.0,0.0
95,7,3641,1,0,0,0,0.0,0.0
95,8,3805,1,0,0,0,0.0,0.0
95,9,3231,0,1,1,0,1.0,1.0
95,10,3176,0,1,1,0,1.0,1.0
95,11,2645,0,1,1,0,1.0,1.0
95,12,3255,0,1,0,0,0.0,0.0
95,13,3137,0,0,0,0,0.0,0.0
95,14,3243,0,0,0,0,0.0,0.0
95,15,3205,0,0,0,0,0.0,0.0
95,16,2281,0,1,1,0,1.0,1.0
95,17,3625,1,0,0,0,0.0,0.0
95,18,3692,1,0,0,0,0.0,0.0
95,19,3500,1,0,0,0,0.0,0.0
95,20,3628,1,0,0,0,0.0,0.0
95,21,2517,0,1,1,0,1.0,1.0
95,22,2530,0,1,1,0,1.0,1.0
95,23,3110,0,1,0,0,0.0,0.0
95,24,2345,0,1,1,0,1.0,1.0
95,25,2126,0,1,1,0,1.0,1.0
95,26,1745,0,1,1,0,1.0,1.0
95,27,1695,0,1,1,0,1.0,1.0
95,28,2593,0,1,1,0,1.0,1.0
95,29,3760,1,0,0,0,0.0,0.0
95,30,3936,1,0,0,0,0.0,0.0
95,31,3830,1,0,0,0,0.0,0.0
95,32,4008,1,0,0,0,0.0,0.0
95,33,3213,0,1,1,0,1.0,1.0
95,34,3186,0,1,1,0,1.0,1.0
95,35,3369,0,1,0,0,0.0,0.0
95,36,3140,0,0,0,0,0.0,0.0
95,37,3188,0,0,0,0,0.0,0.0
95,38,2829,0,1,1,0,1.0,1.0
95,39,3337,0,0,0,0,0.0,0.0
95,40,3283,0,1,1,0,1.0,1.0
95,41,3322,0,1,1,0,0.0,0.0
95,42,3356,0,1,0,0,0.0,0.0
95,43,3322,0,0,0,0,0.0,0.0
95,44,3218,0,1,0,0,0.0,0.0
95,45,2727,0,0,0,0,0.0,0.0
95,46,3546,1,1,1,0,1.0,1.0
95,47,2579,0,1,1,0,1.0,1.0
95,48,3179,0,1,1,0,1.0,1.0
95,49,1260,0,1,1,0,1.0,1.0
95,50,2471,0,1,1,0,1.0,1.0
95,51,1328,0,1,1,0,1.0,1.0
95,52,1375,0,1,1,0,1.0,1.0
95,53,3145,0,1,1,0,1.0,1.0
95,54,2654,0,1,1,0,1.0,1.0
95,55,3487,0,1,0,0,0.0,0.0
95,56,2053,0,1,1,0,1.0,1.0
95,57,4008,1,0,0,0,0.0,0.0
95,58,4022,1,0,0,0,0.0,0.0
95,59,3820,1,0,0,0,0.0,0.0
95,60,3333,0,0,0,0,0.0,0.0
95,61,1861,0,1,1,0,1.0,1.0
95,62,1992,0,1,1,0,1.0,1.0
95,63,2111,0,1,1,0,1.0,1.0
95,64,2206,0,1,1,0,1.0,1.0
96,1,3095,0,0,0,0,0.0,0.0
96,2,2952,0,0,0,0,0.0,0.0
96,3,3211,0,0,0,0,0.0,0.0
96,4,3084,0,0,0,0,0.0,0.0
96,5,3370,0,1,0,0,0.0,0.0
96,6,3264,0,0,0,0,0.0,0.0
96,7,3372,0,0,0,0,0.0,0.0
96,8,3207,0,1,1,0,1.0,1.0
96,9,2790,0,1,1,0,1.0,1.0
96,10,2484,0,1,1,0,1.0,1.0
96,11,1842,0,1,1,0,1.0,1.0
96,12,2579,0,1,1,0,1.0,1.0
96,13,1537,0,1,1,0,1.0,1.0
96,14,1823,0,1,1,0,1.0,1.0
96,15,1593,0,1,1,0,1.0,1.0
96,16,1815,0,1,1,0,1.0,1.0
96,17,2731,0,0,0,0,0.0,0.0
96,18,2918,0,0,0,0,0.0,0.0
96,19,2861,0,0,0,0,0.0,0.0
96,20,2619,0,0,0,0,0.0,0.0
96,21,1763,0,1,1,0,1.0,1.0
96,22,2143,0,1,1,0,1.0,1.0
96,23,2444,0,1,1,0,1.0,1.0
96,24,1845,0,1,1,0,1.0,1.0
96,25,2892,0,0,0,0,0.0,0.0
96,26,2936,0,0,0,0,0.0,0.0
96,27,2794,0,0,0,0,0.0,0.0
96,28,3041,0,1,0,0,0.0,0.0
96,29,3331,0,0,0,0,0.0,0.0
96,30,3289,0,0,0,0,0.0,0.0
96,31,3298,0,1,1,0,1.0,1.0
96,32,3483,0,0,0,0,0.0,0.0
96,33,3186,0,1,1,0,1.0,1.0
96,34,3477,0,1,1,0,1.0,1.0
96,35,2424,0,1,1,0,1.0,1.0
96,36,2884,0,1,1,0,1.0,1.0
96,37,2949,0,0,0,0,0.0,0.0
96,38,3054,0,0,0,0,0.0,0.0
96,39,2753,0,0,0,0,0.0,0.0
96,40,2760,0,0,0,0,0.0,0.0
96,41,2503,0,1,1,0,1.0,1.0
96,42,1754,0,1,1,0,1.0,1.0
96,43,2546,0,1,1,0,1.0,1.0
96,44,1674,0,1,1,0,1.0,1.0
96,45,1845,0,1,1,0,1.0,1.0
96,46,1903,0,1,1,0,1.0,1.0
96,47,1373,0,1,1,0,1.0,1.0
96,48,1693,0,1,1,0,1.0,1.0
96,49,2594,0,1,1,0,1.0,1.0
96,50,2694,0,1,1,0,1.0,1.0
96,51,2118,0,1,1,0,1.0,1.0
96,52,2495,0,1,1,0,1.0,1.0
96,53,2977,0,1,1,0,1.0,1.0
96,54,3149,0,1,1,0,1.0,1.0
96,55,3412,0,1,0,0,0.0,0.0
96,56,3098,0,1,1,0,1.0,1.0
96,57,3799,1,1,0,0,0.0,0.0
96,58,2881,0,1,1,0,1.0,1.0
96,59,3809,1,1,0,0,0.0,0.0
96,60,3534,1,1,1,0,1.0,1.0
96,61,1845,0,1,1,0,1.0,1.0
96,62,2042,0,1,1,0,1.0,1.0
96,63,2394,0,1,1,0,1.0,1.0
96,64,1714,0,1,1,0,1.0,1.0
97,1,3598,1,0,0,0,0.0,0.0
97,2,3388,0,0,0,0,0.0,0.0
97,3,3530,1,0,0,0,0.0,0.0
97,4,3590,1,0,0,0,0.0,0.0
97,5,3393,0,1,0,0,0.0,0.0
97,6,3258,0,0,0,0,0.0,0.0
97,7,3291,0,0,0,0,0.0,0.0
97,8,3058,0,1,1,0,1.0,1.0
97,9,3050,0,1,0,0,0.0,0.0
97,10,3062,0,0,0,0,0.0,0.0
97,11,2820,0,0,0,0,0.0,0.0
97,12,2950,0,1,1,0,1.0,1.0
97,13,3403,0,1,0,0,0.0,0.0
97,14,2540,0,1,1,0,1.0,1.0
97,15,3243,0,1,0,0,0.0,0.0
97,16,3389,0,1,1,0,1.0,1.0
97,17,2240,0,1,1,0,1.0,1.0
97,18,3745,1,0,0,0,0.0,0.0
97,19,2736,0,1,1,0,1.0,1.0
97,20,2032,0,1,1,0,1.0,1.0
97,21,3142,0,0,0,0,0.0,0.0
97,22,3288,0,0,0,0,0.0,0.0
97,23,3515,1,0,0,0,0.0,0.0
97,24,3093,0,0,0,0,0.0,0.0
97,25,2230,0,1,1,0,1.0,1.0
97,26,2194,0,1,1,0,1.0,1.0
97,27,2635,0,1,1,0,1.0,1.0
97,28,2087,0,1,1,0,1.0,1.0
97,29,2197,0,1,1,0,1.0,1.0
97,30,2149,0,1,1,0,1.0,1.0
97,31,3076,0,0,0,0,0.0,0.0
97,32,2054,0,1,1,0,1.0,1.0
97,33,3273,0,1,1,0,1.0,1.0
97,34,2762,0,1,1,0,1.0,1.0
97,35,2103,0,1,1,0,1.0,1.0
97,36,3233,0,1,1,0,1.0,1.0
97,37,3618,1,0,0,0,0.0,0.0
97,38,3603,1,0,0,0,0.0,0.0
97,39,3572,1,0,0,0,0.0,0.0
97,40,3660,1,0,0,0,0.0,0.0
97,41,4402,1,0,0,0,0.0,0.0
97,42,4271,1,0,0,0,0.0,0.0
97,43,4574,1,0,0,0,0.0,0.0
97,44,3967,1,0,0,0,0.0,0.0
97,45,3636,1,0,0,0,0.0,0.0
97,46,3688,1,0,0,0,0.0,0.0
97,47,3501,1,0,0,0,0.0,0.0
97,48,3854,1,0,0,0,0.0,0.0
97,49,3155,0,1,1,0,1.0,1.0
97,50,2995,0,0,0,0,0.0,0.0
97,51,3105,0,0,0,0,0.0,0.0
97,52,2810,0,0,0,0,0.0,0.0
97,53,3281,0,1,0,0,0.0,0.0
97,54,2808,0,1,1,0,1.0,1.0
97,55,3232,0,1,0,0,0.0,0.0
97,56,3256,0,0,0,0,0.0,0.0
97,57,3407,0,1,1,0,1.0,1.0
97,58,3328,0,0,0,0,0.0,0.0
97,59,3239,0,0,0,0,0.0,0.0
97,60,3324,0,1,1,0,1.0,1.0
97,61,2935,0,0,0,0,0.0,0.0
97,62,2385,0,0,0,0,0.0,0.0
97,63,2517,0,0,0,0,0.0,0.0
97,64,2879,0,0,0,0,0.0,0.0
98,1,3610,1,0,0,0,0.0,0.0
98,2,3476,0,0,0,0,0.0,0.0
98,3,3407,0,0,0,0,0.0,0.0
98,4,3794,1,0,0,0,0.0,0.0
98,5,3157,0,1,1,0,1.0,1.0
98,6,3258,0,1,0,0,0.0,0.0
98,7,3203,0,0,0,0,0.0,0.0
98,8,3303,0,0,0,0,0.0,0.0
98,9,3682,1,1,1,0,1.0,1.0
98,10,3270,0,1,1,0,1.0,1.0
98,11,3240,0,1,1,0,1.0,1.0
98,12,2426,0,1,1,0,1.0,1.0
98,13,3692,1,1,0,0,0.0,0.0
98,14,3782,1,1,1,0,1.0,1.0
98,15,3808,1,0,0,0,0.0,0.0
98,16,3955,1,0,0,0,0.0,0.0
98,17,4044,1,0,0,0,0.0,0.0
98,18,3391,0,0,0,0,0.0,0.0
98,19,4067,1,0,0,0,0.0,0.0
98,20,4049,1,0,0,0,0.0,0.0
98,21,3164,0,0,0,0,0.0,0.0
98,22,3072,0,0,0,0,0.0,0.0
98,23,3261,0,0,0,0,0.0,0.0
98,24,3364,0,0,0,0,0.0,0.0
98,25,4003,1,0,0,0,0.0,0.0
98,26,3896,1,0,0,0,0.0,0.0
98,27,4126,1,0,0,0,0.0,0.0
98,28,4011,1,0,0,0,0.0,0.0
98,29,2973,0,0,0,0,0.0,0.0
98,30,2861,0,1,1,0,1.0,1.0
98,31,2903,0,1,1,0,1.0,1.0
98,32,2827,0,1,1,0,1.0,1.0
98,33,3955,1,0,0,0,0.0,0.0
98,34,3824,1,0,0,0,0.0,0.0
98,35,4172,1,0,0,0,0.0,0.0
98,36,2899,0,1,1,0,1.0,1.0
98,37,2951,0,1,0,0,0.0,0.0
98,38,3673,1,0,0,0,0.0,0.0
98,39,3682,1,0,0,0,0.0,0.0
98,40,3833,1,0,0,0,0.0,0.0
98,41,3011,0,1,0,0,0.0,0.0
98,42,3130,0,1,0,0,0.0,0.0
98,43,3148,0,0,0,0,0.0,0.0
98,44,3193,0,1,1,0,1.0,1.0
98,45,3156,0,0,0,0,0.0,0.0
98,46,3280,0,1,0,0,0.0,0.0
98,47,3465,0,0,0,0,0.0,0.0
98,48,3288,0,1,0,0,0.0,0.0
98,49,4449,1,0,0,0,0.0,0.0
98,50,4545,1,0,0,0,0.0,0.0
98,51,4558,1,0,0,0,0.0,0.0
98,52,4527,1,0,0,0,0.0,0.0
98,53,3614,1,0,0,0,0.0,0.0
98,54,3699,1,0,0,0,0.0,0.0
98,55,3570,1,0,0,0,0.0,0.0
98,56,3791,1,0,0,0,0.0,0.0
98,57,2396,0,1,1,0,1.0,1.0
98,58,3053,0,1,0,0,0.0,0.0
98,59,3331,0,0,0,0,0.0,0.0
98,60,3115,0,1,0,0,0.0,0.0
98,61,2731,0,1,1,0,1.0,1.0
98,62,3157,0,1,1,0,1.0,1.0
98,63,2322,0,1,1,0,1.0,1.0
98,64,3260,0,1,1,0,1.0,1.0
99,1,3247,0,0,0,0,0.0,0.0
99,2,3131,0,0,0,0,0.0,0.0
99,3,3157,0,0,0,0,0.0,0.0
99,4,3170,0,0,0,0,0.0,0.0
99,5,3699,1,0,0,0,0.0,0.0
99,6,3578,1,0,0,0,0.0,0.0
99,7,3606,1,0,0,0,0.0,0.0
99,8,3628,1,0,0,0,0.0,0.0
99,9,2796,0,1,1,0,1.0,1.0
99,10,3138,0,1,1,0,1.0,1.0
99,11,3009,0,1,1,0,1.0,1.0
99,12,3140,0,1,1,0,1.0,1.0
99,13,2924,0,1,1,0,1.0,1.0
99,14,3598,1,1,1,0,1.0,1.0
99,15,2592,0,1,1,0,1.0,1.0
99,16,3752,1,0,0,0,0.0,0.0
99,17,3890,1,0,0,0,0.0,0.0
99,18,3757,1,0,0,0,0.0,0.0
99,19,3652,1,0,0,0,0.0,0.0
99,20,3800,1,0,0,0,0.0,0.0
99,21,3929,1,0,0,0,0.0,0.0
99,22,3554,1,0,0,0,0.0,0.0
99,23,3683,1,0,0,0,0.0,0.0
99,24,3543,1,1,1,0,1.0,1.0
99,25,3165,0,0,0,0,0.0,0.0
99,26,3078,0,1,1,0,1.0,1.0
99,27,3107,0,0,0,0,0.0,0.0
99,28,3060,0,0,0,0,0.0,0.0
99,29,3346,0,0,0,0,0.0,0.0
99,30,3287,0,1,1,0,1.0,1.0
99,31,3259,0,0,0,0,0.0,0.0
99,32,3297,0,0,0,0,0.0,0.0
99,33,3178,0,1,1,0,1.0,1.0
99,34,3279,0,0,0,0,0.0,0.0
99,35,3397,0,1,1,0,1.0,1.0
99,36,2571,0,1,1,0,1.0,1.0
99,37,3426,0,0,0,0,0.0,0.0
99,38,3408,0,1,0,0,0.0,0.0
99,39,3439,0,0,0,0,0.0,0.0
99,40,3390,0,1,0,0,0.0,0.0
99,41,3334,0,1,0,0,0.0,0.0
99,42,3583,1,0,0,0,0.0,0.0
99,43,3595,1,1,1,0,1.0,1.0
99,44,3558,1,1,0,0,0.0,0.0
99,45,2995,0,0,0,0,0.0,0.0
99,46,3218,0,0,0,0,0.0,0.0
99,47,3239,0,1,0,0,0.0,0.0
99,48,2939,0,1,0,0,0.0,0.0
99,49,3454,0,0,0,0,0.0,0.0
99,50,3514,1,0,0,0,0.0,0.0
99,51,4280,1,0,0,0,0.0,0.0
99,52,3823,1,0,0,0,0.0,0.0
99,53,3585,1,0,0,0,0.0,0.0
99,54,3839,1,0,0,0,0.0,0.0
99,55,3521,1,0,0,0,0.0,0.0
99,56,3623,1,0,0,0,0.0,0.0
99,57,3066,0,0,0,0,0.0,0.0
99,58,3328,0,0,0,0,0.0,0.0
99,59,3001,0,0,0,0,0.0,0.0
99,60,3416,0,0,0,0,0.0,0.0
99,61,3797,1,0,0,0,0.0,0.0
99,62,3731,1,0,0,0,0.0,0.0
99,63,3773,1,0,0,0,0.0,0.0
99,64,3574,1,0,0,0,0.0,0.0
100,1,2095,0,1,1,0,1.0,1.0
100,2,1919,0,1,1,0,1.0,1.0
100,3,2182,0,1,1,0,1.0,1.0
100,4,2633,0,1,1,0,1.0,1.0
100,5,2405,0,0,0,0,0.0,0.0
100,6,2687,0,1,1,0,1.0,1.0
100,7,2632,0,0,0,0,0.0,0.0
100,8,2486,0,0,0,0,0.0,0.0
100,9,3582,1,0,0,0,0.0,0.0
100,10,3514,1,0,0,0,0.0,0.0
100,11,3551,1,0,0,0,0.0,0.0
100,12,3395,0,0,0,0,0.0,0.0
100,13,3558,1,0,0,0,0.0,0.0
100,14,3547,1,1,0,0,0.0,0.0
100,15,3587,1,1,0,0,0.0,0.0
100,16,3328,0,1,1,0,1.0,1.0
100,17,3241,0,0,0,0,0.0,0.0
100,18,3100,0,1,1,0,1.0,1.0
100,19,3200,0,0,0,0,0.0,0.0
100,20,3275,0,0,0,0,0.0,0.0
100,21,3761,1,0,0,0,0.0,0.0
100,22,3568,1,0,0,0,0.0,0.0
100,23,3691,1,1,1,0,1.0,1.0
100,24,3512,1,0,0,0,0.0,0.0
100,25,2693,0,1,1,0,1.0,1.0
100,26,3018,0,1,1,0,1.0,1.0
100,27,2740,0,1,1,0,1.0,1.0
100,28,3171,0,1,1,0,1.0,1.0
100,29,3466,0,0,0,0,0.0,0.0
100,30,3670,1,0,0,0,0.0,0.0
100,31,3720,1,0,0,0,0.0,0.0
100,32,3471,0,0,0,0,0.0,0.0
100,33,3199,0,0,0,0,0.0,0.0
100,34,3113,0,0,0,0,0.0,0.0
100,35,3263,0,0,0,0,0.0,0.0
100,36,2982,0,0,0,0,0.0,0.0
100,37,1383,0,1,1,0,1.0,1.0
100,38,1330,0,1,1,0,1.0,1.0
100,39,1337,0,1,1,0,1.0,1.0
100,40,1541,0,1,1,0,1.0,1.0
100,41,2600,0,1,1,0,1.0,1.0
100,42,2866,0,1,0,0,0.0,0.0
100,43,2820,0,0,0,0,0.0,0.0
100,44,2936,0,1,0,0,0.0,0.0
100,45,3078,0,0,0,0,0.0,0.0
100,46,3164,0,0,0,0,0.0,0.0
100,47,2861,0,0,0,0,0.0,0.0
100,48,3041,0,0,0,0,0.0,0.0
100,49,2300,0,1,1,0,1.0,1.0
100,50,2835,0,1,1,0,1.0,1.0
100,51,3903,1,1,1,0,1.0,1.0
100,52,2200,0,1,1,0,1.0,1.0
100,53,3701,1,0,0,0,0.0,0.0
100,54,3231,0,0,0,0,0.0,0.0
100,55,3408,0,0,0,0,0.0,0.0
100,56,3491,0,0,0,0,0.0,0.0
100,57,3096,0,1,1,0,1.0,1.0
100,58,3074,0,0,0,0,0.0,0.0
100,59,2864,0,0,0,0,0.0,0.0
100,60,3285,0,0,0,0,0.0,0.0
100,61,3399,0,1,1,0,1.0,1.0
100,62,3655,1,0,0,0,0.0,0.0
100,63,3459,0,0,0,0,0.0,0.0
100,64,3646,1,0,0,0,0.0,0.0
101,1,2760,0,0,0,0,0.0,0.0
101,2,2955,0,0,0,0,0.0,0.0
101,3,2973,0,1,0,0,0.0,0.0
101,4,2805,0,0,0,0,0.0,0.0
101,5,3834,1,0,0,0,0.0,0.0
101,6,3888,1,0,0,0,0.0,0.0
101,7,3706,1,0,0,0,0.0,0.0
101,8,3935,1,0,0,0,0.0,0.0
101,9,3032,0,0,0,0,0.0,0.0
101,10,3008,0,0,0,0,0.0,0.0
101,11,3024,0,0,0,0,0.0,0.0
101,12,3246,0,0,0,0,0.0,0.0
101,13,2950,0,1,1,0,1.0,1.0
101,14,4115,1,0,0,0,0.0,0.0
101,15,4101,1,0,0,0,0.0,0.0
101,16,3556,1,1,1,0,1.0,1.0
101,17,2902,0,1,1,0,1.0,1.0
101,18,2857,0,0,0,0,0.0,0.0
101,19,2781,0,0,0,0,0.0,0.0
101,20,2932,0,0,0,0,0.0,0.0
101,21,2836,0,1,0,0,0.0,0.0
101,22,2886,0,1,0,0,0.0,0.0
101,23,2830,0,0,0,0,0.0,0.0
101,24,2847,0,0,0,0,0.0,0.0
101,25,3237,0,1,1,0,1.0,1.0
101,26,3627,1,0,0,0,0.0,0.0
101,27,3352,0,1,1,0,1.0,1.0
101,28,3261,0,0,0,0,0.0,0.0
101,29,1639,0,1,1,0,1.0,1.0
101,30,1685,0,1,1,0,1.0,1.0
101,31,2485,0,1,1,0,1.0,1.0
101,32,1673,0,1,1,0,1.0,1.0
101,33,1940,0,1,1,0,1.0,1.0
101,34,2712,0,1,1,0,1.0,1.0
101,35,2374,0,1,1,0,1.0,1.0
101,36,2398,0,1,1,0,1.0,1.0
101,37,2967,0,1,1,0,1.0,1.0
101,38,3300,0,0,0,0,0.0,0.0
101,39,2792,0,1,1,0,1.0,1.0
101,40,3235,0,1,0,0,0.0,0.0
101,41,3503,1,1,1,0,1.0,1.0
101,42,3978,1,1,0,0,0.0,0.0
101,43,3953,1,1,0,0,0.0,0.0
101,44,3974,1,1,1,0,1.0,1.0
101,45,3240,0,1,1,0,1.0,1.0
101,46,2965,0,1,1,0,1.0,1.0
101,47,3355,0,0,0,0,0.0,0.0
101,48,3397,0,1,0,0,0.0,0.0
101,49,3256,0,0,0,0,0.0,0.0
101,50,2766,0,1,1,0,1.0,1.0
101,51,2837,0,1,1,0,1.0,1.0
101,52,2277,0,1,1,0,1.0,1.0
101,53,2570,0,0,0,0,0.0,0.0
101,54,2779,0,0,0,0,0.0,0.0
101,55,2843,0,1,1,0,1.0,1.0
101,56,2799,0,1,0,0,0.0,0.0
101,57,2591,0,1,1,0,1.0,1.0
101,58,2656,0,1,1,0,1.0,1.0
101,59,1925,0,1,1,0,1.0,1.0
101,60,2986,0,1,1,0,1.0,1.0
101,61,2708,0,0,0,0,0.0,0.0
101,62,2740,0,1,1,0,0.0,0.0
101,63,2688,0,1,1,0,1.0,1.0
101,64,2870,0,1,1,0,1.0,1.0
102,1,3608,1,0,0,0,0.0,0.0
102,2,3465,0,0,0,0,0.0,0.0
102,3,3480,0,0,0,0,0.0,0.0
102,4,3468,0,0,0,0,0.0,0.0
102,5,3277,0,0,0,0,0.0,0.0
102,6,3409,0,0,0,0,0.0,0.0
102,7,3651,1,0,0,0,0.0,0.0
102,8,3721,1,0,0,0,0.0,0.0
102,9,3388,0,1,1,0,1.0,1.0
102,10,2093,0,1,1,0,1.0,1.0
102,11,3399,0,0,0,0,0.0,0.0
102,12,3541,1,1,0,0,0.0,0.0
102,13,2194,0,1,1,0,1.0,1.0
102,14,2493,0,1,1,0,1.0,1.0
102,15,2172,0,1,1,0,1.0,1.0
102,16,2101,0,1,1,0,1.0,1.0
102,17,2794,0,1,1,0,1.0,1.0
102,18,4025,1,0,0,0,0.0,0.0
102,19,3327,0,1,1,0,1.0,1.0
102,20,3063,0,1,1,0,1.0,1.0
102,21,4050,1,1,1,0,1.0,1.0
102,22,3080,0,1,1,0,1.0,1.0
102,23,3334,0,1,1,0,1.0,1.0
102,24,3740,1,1,1,0,1.0,1.0
102,25,3148,0,1,1,0,1.0,1.0
102,26,3516,1,1,0,0,0.0,0.0
102,27,2618,0,1,1,0,1.0,1.0
102,28,3482,0,1,0,0,0.0,0.0
102,29,4235,1,0,0,0,0.0,0.0
102,30,4342,1,0,0,0,0.0,0.0
102,31,4294,1,0,0,0,0.0,0.0
102,32,4324,1,0,0,0,0.0,0.0
102,33,2647,0,1,1,0,1.0,1.0
102,34,3263,0,1,0,0,0.0,0.0
102,35,2882,0,1,1,0,1.0,1.0
102,36,3278,0,1,1,0,1.0,1.0
102,37,2981,0,1,1,0,1.0,1.0
102,38,3025,0,1,1,0,0.0,0.0
102,39,3366,0,1,0,0,0.0,0.0
102,40,3033,0,1,1,0,1.0,1.0
102,41,3756,1,0,0,0,0.0,0.0
102,42,3229,0,0,0,0,0.0,0.0
102,43,3415,0,1,1,0,1.0,1.0
102,44,3470,0,1,0,0,0.0,0.0
102,45,2527,0,1,1,0,1.0,1.0
102,46,3037,0,1,1,0,1.0,1.0
102,47,2866,0,1,1,0,1.0,1.0
102,48,3615,1,1,0,0,0.0,0.0
102,49,3201,0,0,0,0,0.0,0.0
102,50,3066,0,1,1,0,1.0,1.0
102,51,2209,0,1,1,0,1.0,1.0
102,52,2650,0,1,1,0,1.0,1.0
102,53,3305,0,0,0,0,0.0,0.0
102,54,3269,0,0,0,0,0.0,0.0
102,55,3151,0,0,0,0,0.0,0.0
102,56,3320,0,0,0,0,0.0,0.0
102,57,2538,0,1,1,0,1.0,1.0
102,58,3142,0,1,1,0,1.0,1.0
102,59,2201,0,1,1,0,1.0,1.0
102,60,2870,0,1,1,0,1.0,1.0
102,61,1925,0,1,1,0,1.0,1.0
102,62,2119,0,1,1,0,1.0,1.0
102,63,1892,0,1,1,0,1.0,1.0
102,64,3303,0,1,1,0,1.0,1.0
103,1,3522,1,0,0,0,0.0,0.0
103,2,3396,0,1,0,0,0.0,0.0
103,3,3745,1,1,0,0,0.0,0.0
103,4,3602,1,1,1,0,1.0,1.0
103,5,3479,0,0,0,0,0.0,0.0
103,6,2896,0,0,0,0,0.0,0.0
103,7,3065,0,0,0,0,0.0,0.0
103,8,2888,0,0,0,0,0.0,0.0
103,9,3795,1,0,0,0,0.0,0.0
103,10,4074,1,0,0,0,0.0,0.0
103,11,4087,1,0,0,0,0.0,0.0
103,12,4029,1,0,0,0,0.0,0.0
103,13,3043,0,1,1,0,1.0,1.0
103,14,2906,0,1,1,0,1.0,1.0
103,15,2743,0,1,1,0,1.0,1.0
103,16,2060,0,1,1,0,1.0,1.0
103,17,1931,0,1,1,0,1.0,1.0
103,18,1596,0,1,1,0,1.0,1.0
103,19,1453,0,1,1,0,1.0,1.0
103,20,1728,0,1,1,0,1.0,1.0
103,21,3230,0,0,0,0,0.0,0.0
103,22,2971,0,1,0,0,0.0,0.0
103,23,3153,0,1,1,0,1.0,1.0
103,24,3152,0,0,0,0,0.0,0.0
103,25,2942,0,1,1,0,1.0,1.0
103,26,2958,0,1,1,0,1.0,1.0
103,27,3066,0,0,0,0,0.0,0.0
103,28,3441,0,0,0,0,0.0,0.0
103,29,3636,1,1,0,0,0.0,0.0
103,30,3773,1,1,1,0,1.0,1.0
103,31,3617,1,1,0,0,0.0,0.0
103,32,3704,1,1,0,0,0.0,0.0
103,33,3058,0,1,1,0,1.0,1.0
103,34,2974,0,0,0,0,0.0,0.0
103,35,2776,0,0,0,0,0.0,0.0
103,36,2865,0,0,0,0,0.0,0.0
103,37,2872,0,0,0,0,0.0,0.0
103,38,2691,0,1,1,0,1.0,1.0
103,39,2679,0,1,1,0,1.0,1.0
103,40,2589,0,1,1,0,1.0,1.0
103,41,2699,0,0,0,0,0.0,0.0
103,42,2914,0,1,1,0,1.0,1.0
103,43,3036,0,0,0,0,0.0,0.0
103,44,3171,0,0,0,0,0.0,0.0
103,45,3826,1,0,0,0,0.0,0.0
103,46,3272,0,1,1,0,1.0,1.0
103,47,3265,0,0,0,0,0.0,0.0
103,48,3673,1,1,1,0,1.0,1.0
103,49,3804,1,0,0,0,0.0,0.0
103,50,3663,1,0,0,0,0.0,0.0
103,51,3621,1,0,0,0,0.0,0.0
103,52,3782,1,0,0,0,0.0,0.0
103,53,3638,1,1,1,0,1.0,1.0
103,54,3702,1,1,1,0,1.0,1.0
103,55,3456,0,1,1,0,1.0,1.0
103,56,3548,1,1,0,0,0.0,0.0
103,57,3654,1,0,0,0,0.0,0.0
103,58,3326,0,0,0,0,0.0,0.0
103,59,2914,0,0,0,0,0.0,0.0
103,60,2634,0,1,1,0,1.0,1.0
103,61,3310,0,1,0,0,0.0,0.0
103,62,3339,0,0,0,0,0.0,0.0
103,63,3312,0,0,0,0,0.0,0.0
103,64,3591,1,0,0,0,0.0,0.0
104,1,3529,1,0,0,0,0.0,0.0
104,2,2804,0,1,1,0,1.0,1.0
104,3,2954,0,1,1,0,1.0,1.0
104,4,3196,0,1,0,0,0.0,0.0
104,5,3490,0,1,0,0,0.0,0.0
104,6,3569,1,0,0,0,0.0,0.0
104,7,3483,0,1,1,0,1.0,1.0
104,8,3313,0,1,1,0,1.0,1.0
104,9,2930,0,1,1,0,1.0,1.0
104,10,3047,0,1,1,0,1.0,1.0
104,11,3146,0,1,1,0,1.0,1.0
104,12,3223,0,0,0,0,0.0,0.0
104,13,2943,0,1,1,0,1.0,1.0
104,14,3356,0,1,1,0,1.0,1.0
104,15,3565,1,0,0,0,0.0,0.0
104,16,3434,0,0,0,0,0.0,0.0
104,17,3266,0,0,0,0,0.0,0.0
104,18,3447,0,0,0,0,0.0,0.0
104,19,2685,0,0,0,0,0.0,0.0
104,20,4122,1,0,0,0,0.0,0.0
104,21,3476,0,0,0,0,0.0,0.0
104,22,3803,1,0,0,0,0.0,0.0
104,23,3822,1,0,0,0,0.0,0.0
104,24,3616,1,0,0,0,0.0,0.0
104,25,3645,1,1,1,0,0.0,0.0
104,26,3785,1,1,0,0,0.0,0.0
104,27,3838,1,1,1,0,1.0,1.0
104,28,2704,0,1,1,0,1.0,1.0
104,29,2869,0,1,1,0,1.0,1.0
104,30,2974,0,0,0,0,0.0,0.0
104,31,2978,0,1,0,0,0.0,0.0
104,32,3056,0,1,1,0,1.0,1.0
104,33,2778,0,0,0,0,0.0,0.0
104,34,2801,0,0,0,0,0.0,0.0
104,35,2760,0,0,0,0,0.0,0.0
104,36,2847,0,1,1,0,1.0,1.0
104,37,3396,0,0,0,0,0.0,0.0
104,38,2932,0,0,0,0,0.0,0.0
104,39,3170,0,0,0,0,0.0,0.0
104,40,3262,0,0,0,0,0.0,0.0
104,41,4083,1,0,0,0,0.0,0.0
104,42,4140,1,0,0,0,0.0,0.0
104,43,4006,1,0,0,0,0.0,0.0
104,44,4116,1,0,0,0,0.0,0.0
104,45,3531,1,0,0,0,0.0,0.0
104,46,3642,1,1,1,0,1.0,1.0
104,47,3424,0,0,0,0,0.0,0.0
104,48,2750,0,1,1,0,1.0,1.0
104,49,3572,1,1,0,0,0.0,0.0
104,50,3663,1,1,0,0,0.0,0.0
104,51,3546,1,1,1,0,1.0,1.0
104,52,3522,1,1,0,0,0.0,0.0
104,53,2712,0,1,1,0,1.0,1.0
104,54,3393,0,1,0,0,0.0,0.0
104,55,2052,0,1,1,0,1.0,1.0
104,56,2543,0,1,1,0,1.0,1.0
104,57,2763,0,1,0,0,0.0,0.0
104,58,2886,0,0,0,0,0.0,0.0
104,59,3013,0,1,1,0,1.0,1.0
104,60,2887,0,0,0,0,0.0,0.0
104,61,3431,0,0,0,0,0.0,0.0
104,62,3447,0,1,0,0,0.0,0.0
104,63,3078,0,1,1,0,1.0,1.0
104,64,2306,0,1,1,0,1.0,1.0
105,1,2714,0,1,1,0,1.0,1.0
105,2,3078,0,1,0,0,0.0,0.0
105,3,3077,0,1,0,0,0.0,0.0
105,4,3232,0,1,0,0,0.0,0.0
105,5,2735,0,1,1,0,1.0,1.0
105,6,3678,1,1,0,0,0.0,0.0
105,7,3606,1,1,0,0,0.0,0.0
105,8,3254,0,1,1,0,1.0,1.0
105,9,2646,0,0,0,0,0.0,0.0
105,10,2583,0,0,0,0,0.0,0.0
105,11,2717,0,0,0,0,0.0,0.0
105,12,2637,0,0,0,0,0.0,0.0
105,13,3840,1,1,0,0,0.0,0.0
105,14,4105,1,0,0,0,0.0,0.0
105,15,4221,1,1,1,0,0.0,0.0
105,16,2803,0,1,1,0,1.0,1.0
105,17,2665,0,1,1,0,1.0,1.0
105,18,2772,0,1,1,0,1.0,1.0
105,19,1944,0,1,1,0,1.0,1.0
105,20,3323,0,0,0,0,0.0,0.0
105,21,3999,1,0,0,0,0.0,0.0
105,22,4248,1,0,0,0,0.0,0.0
105,23,4221,1,0,0,0,0.0,0.0
105,24,4013,1,0,0,0,0.0,0.0
105,25,2864,0,0,0,0,0.0,0.0
105,26,2666,0,0,0,0,0.0,0.0
105,27,2646,0,0,0,0,0.0,0.0
105,28,2650,0,0,0,0,0.0,0.0
105,29,3595,1,0,0,0,0.0,0.0
105,30,3495,0,0,0,0,0.0,0.0
105,31,3571,1,0,0,0,0.0,0.0
105,32,3388,0,0,0,0,0.0,0.0
105,33,2334,0,1,1,0,1.0,1.0
105,34,1723,0,1,1,1,1.0,1.0
105,35,2172,0,1,1,0,1.0,1.0
105,36,2063,0,1,1,0,1.0,1.0
105,37,3734,1,0,0,0,0.0,0.0
105,38,3723,1,0,0,0,0.0,0.0
105,39,3753,1,0,0,0,0.0,0.0
105,40,3712,1,0,0,0,0.0,0.0
105,41,3509,1,0,0,0,0.0,0.0
105,42,3382,0,0,0,0,0.0,0.0
105,43,3710,1,0,0,0,0.0,0.0
105,44,3427,0,0,0,0,0.0,0.0
105,45,2809,0,1,1,0,1.0,1.0
105,46,1969,0,1,1,0,1.0,1.0
105,47,2184,0,1,1,0,1.0,1.0
105,48,2931,0,1,1,0,1.0,1.0
105,49,2483,0,0,0,0,0.0,0.0
105,50,2482,0,0,0,0,0.0,0.0
105,51,2550,0,1,1,0,1.0,1.0
105,52,2293,0,0,0,0,0.0,0.0
105,53,3416,0,0,0,0,0.0,0.0
105,54,3402,0,0,0,0,0.0,0.0
105,55,3523,1,0,0,0,0.0,0.0
105,56,3459,0,0,0,0,0.0,0.0
105,57,3527,1,0,0,0,0.0,0.0
105,58,2446,0,1,1,0,1.0,1.0
105,59,2731,0,1,1,0,1.0,1.0
105,60,2232,0,1,1,0,1.0,1.0
105,61,2312,0,1,1,0,1.0,1.0
105,62,2750,0,1,1,0,1.0,1.0
105,63,2587,0,1,1,0,1.0,1.0
105,64,3013,0,1,1,0,1.0,1.0
106,1,3772,1,0,0,0,0.0,0.0
106,2,3934,1,0,0,0,0.0,0.0
106,3,4018,1,0,0,0,0.0,0.0
106,4,3465,0,0,0,0,0.0,0.0
106,5,2866,0,0,0,0,0.0,0.0
106,6,3107,0,1,1,0,1.0,1.0
106,7,2937,0,0,0,0,0.0,0.0
106,8,3035,0,1,0,0,0.0,0.0
106,9,3466,0,1,0,0,0.0,0.0
106,10,3653,1,1,0,0,0.0,0.0
106,11,2249,0,1,1,0,1.0,1.0
106,12,3839,1,0,0,0,0.0,0.0
106,13,2323,0,1,1,0,1.0,1.0
106,14,2153,0,1,1,0,1.0,1.0
106,15,2715,0,1,1,0,1.0,1.0
106,16,1983,0,1,1,0,1.0,1.0
106,17,3265,0,1,0,0,0.0,0.0
106,18,3053,0,1,1,0,1.0,1.0
106,19,2813,0,1,1,0,1.0,1.0
106,20,2696,0,1,1,0,1.0,1.0
106,21,2793,0,1,1,0,1.0,1.0
106,22,2061,0,1,1,0,1.0,1.0
106,23,2555,0,1,1,0,1.0,1.0
106,24,2765,0,1,1,0,1.0,1.0
106,25,2954,0,1,1,0,1.0,1.0
106,26,3082,0,0,0,0,0.0,0.0
106,27,3060,0,0,0,0,0.0,0.0
106,28,3132,0,0,0,0,0.0,0.0
106,29,3234,0,0,0,0,0.0,0.0
106,30,2710,0,0,0,0,0.0,0.0
106,31,2973,0,0,0,0,0.0,0.0
106,32,3077,0,0,0,0,0.0,0.0
106,33,2759,0,1,1,0,1.0,1.0
106,34,2913,0,1,1,0,1.0,1.0
106,35,3262,0,1,1,0,1.0,1.0
106,36,2699,0,1,1,0,1.0,1.0
106,37,1467,0,1,1,0,1.0,1.0
106,38,1879,0,1,1,0,1.0,1.0
106,39,1502,0,1,1,0,1.0,1.0
106,40,1360,0,1,1,0,1.0,1.0
106,41,3762,1,0,0,0,0.0,0.0
106,42,3903,1,0,0,0,0.0,0.0
106,43,3986,1,0,0,0,0.0,0.0
106,44,3684,1,0,0,0,0.0,0.0
106,45,3421,0,0,0,0,0.0,0.0
106,46,3383,0,1,1,0,1.0,1.0
106,47,3332,0,0,0,0,0.0,0.0
106,48,3178,0,0,0,0,0.0,0.0
106,49,3047,0,0,0,0,0.0,0.0
106,50,3159,0,0,0,0,0.0,0.0
106,51,2791,0,0,0,0,0.0,0.0
106,52,2664,0,1,1,0,1.0,1.0
106,53,2870,0,0,0,0,0.0,0.0
106,54,2796,0,1,1,0,1.0,1.0
106,55,2884,0,1,1,0,1.0,1.0
106,56,2773,0,0,0,0,0.0,0.0
106,57,3034,0,0,0,0,0.0,0.0
106,58,3136,0,1,1,0,1.0,1.0
106,59,3369,0,1,0,0,0.0,0.0
106,60,3192,0,1,1,0,1.0,1.0
106,61,4442,1,0,0,0,0.0,0.0
106,62,4287,1,0,0,0,0.0,0.0
106,63,4418,1,0,0,0,0.0,0.0
106,64,4093,1,0,0,0,0.0,0.0
107,1,1781,0,1,1,0,1.0,1.0
107,2,2297,0,1,1,0,1.0,1.0
107,3,1653,0,1,1,0,1.0,1.0
107,4,2692,0,1,1,0,1.0,1.0
107,5,3039,0,1,1,0,1.0,1.0
107,6,2785,0,0,0,0,0.0,0.0
107,7,2992,0,1,0,0,0.0,0.0
107,8,2768,0,0,0,0,0.0,0.0
107,9,2638,0,1,1,0,1.0,1.0
107,10,2868,0,1,1,0,1.0,1.0
107,11,3792,1,1,1,0,1.0,1.0
107,12,2355,0,1,1,0,1.0,1.0
107,13,3371,0,0,0,0,0.0,0.0
107,14,3327,0,0,0,0,0.0,0.0
107,15,3324,0,1,1,0,1.0,1.0
107,16,3278,0,1,1,0,1.0,1.0
107,17,2417,0,0,0,0,0.0,0.0
107,18,2603,0,1,1,0,1.0,1.0
107,19,2826,0,0,0,0,0.0,0.0
107,20,2763,0,0,0,0,0.0,0.0
107,21,3003,0,1,1,0,1.0,1.0
107,22,2002,0,1,1,0,1.0,1.0
107,23,2922,0,1,1,0,1.0,1.0
107,24,3246,0,0,0,0,0.0,0.0
107,25,2591,0,0,0,0,0.0,0.0
107,26,2441,0,0,0,0,0.0,0.0
107,27,2550,0,0,0,0,0.0,0.0
107,28,2623,0,1,1,0,1.0,1.0
107,29,3230,0,1,1,0,1.0,1.0
107,30,3138,0,1,1,0,1.0,1.0
107,31,3056,0,1,0,0,0.0,0.0
107,32,3106,0,1,0,0,0.0,0.0
107,33,3775,1,1,1,0,1.0,1.0
107,34,2031,0,1,1,0,1.0,1.0
107,35,3433,0,1,1,0,1.0,1.0
107,36,3760,1,1,0,0,0.0,0.0
107,37,3033,0,0,0,0,0.0,0.0
107,38,3047,0,0,0,0,0.0,0.0
107,39,3117,0,0,0,0,0.0,0.0
107,40,3089,0,0,0,0,0.0,0.0
107,41,3348,0,0,0,0,0.0,0.0
107,42,3139,0,0,0,0,0.0,0.0
107,43,3176,0,0,0,0,0.0,0.0
107,44,3096,0,0,0,0,0.0,0.0
107,45,2989,0,0,0,0,0.0,0.0
107,46,2818,0,0,0,0,0.0,0.0
107,47,2975,0,0,0,0,0.0,0.0
107,48,2900,0,0,0,0,0.0,0.0
107,49,3582,1,0,0,0,0.0,0.0
107,50,3672,1,0,0,0,0.0,0.0
107,51,4034,1,0,0,0,0.0,0.0
107,52,3869,1,0,0,0,0.0,0.0
107,53,3357,0,0,0,0,0.0,0.0
107,54,3674,1,0,0,0,0.0,0.0
107,55,3943,1,0,0,0,0.0,0.0
107,56,3711,1,0,0,0,0.0,0.0
107,57,3689,1,0,0,0,0.0,0.0
107,58,3847,1,0,0,0,0.0,0.0
107,59,3629,1,0,0,0,0.0,0.0
107,60,3833,1,0,0,0,0.0,0.0
107,61,3610,1,0,0,0,0.0,0.0
107,62,3776,1,0,0,0,0.0,0.0
107,63,3752,1,0,0,0,0.0,0.0
107,64,3431,0,0,0,0,0.0,0.0
108,1,2435,0,0,0,0,0.0,0.0
108,2,2505,0,0,0,0,0.0,0.0
108,3,2590,0,0,0,0,0.0,0.0
108,4,2425,0,0,0,0,0.0,0.0
108,5,3545,1,1,1,0,1.0,1.0
108,6,3545,1,1,1,0,1.0,1.0
108,7,3673,1,1,0,0,0.0,0.0
108,8,2977,0,1,1,0,1.0,1.0
108,9,2804,0,1,0,0,0.0,0.0
108,10,2898,0,1,1,0,1.0,1.0
108,11,3026,0,1,0,0,0.0,0.0
108,12,2201,0,1,1,0,1.0,1.0
108,13,3403,0,1,1,0,1.0,1.0
108,14,2406,0,1,1,0,1.0,1.0
108,15,2367,0,1,1,0,1.0,1.0
108,16,1531,0,1,1,0,1.0,1.0
108,17,3310,0,1,0,0,0.0,0.0
108,18,2818,0,1,1,0,1.0,1.0
108,19,3404,0,1,0,0,0.0,0.0
108,20,2938,0,1,1,0,1.0,1.0
108,21,3848,1,0,0,0,0.0,0.0
108,22,4259,1,0,0,0,0.0,0.0
108,23,3949,1,0,0,0,0.0,0.0
108,24,3900,1,0,0,0,0.0,0.0
108,25,3394,0,1,1,0,1.0,1.0
108,26,3505,1,0,0,0,0.0,0.0
108,27,3673,1,0,0,0,0.0,0.0
108,28,3458,0,0,0,0,0.0,0.0
108,29,3046,0,1,1,0,1.0,1.0
108,30,2973,0,1,1,0,1.0,1.0
108,31,3468,0,1,1,0,1.0,1.0
108,32,2865,0,1,1,0,1.0,1.0
108,33,2988,0,1,1,0,1.0,1.0
108,34,2817,0,1,1,0,1.0,1.0
108,35,2261,0,1,1,0,1.0,1.0
108,36,3255,0,1,0,0,0.0,0.0
108,37,2955,0,1,1,0,1.0,1.0
108,38,2570,0,1,1,0,1.0,1.0
108,39,3081,0,1,1,0,1.0,1.0
108,40,3420,0,0,0,0,0.0,0.0
108,41,3347,0,1,0,0,0.0,0.0
108,42,2457,0,1,1,0,1.0,1.0
108,43,3161,0,1,0,0,0.0,0.0
108,44,3319,0,0,0,0,0.0,0.0
108,45,2729,0,0,0,0,0.0,0.0
108,46,2757,0,0,0,0,0.0,0.0
108,47,3165,0,0,0,0,0.0,0.0
108,48,2968,0,0,0,0,0.0,0.0
108,49,3132,0,0,0,0,0.0,0.0
108,50,3104,0,1,0,0,0.0,0.0
108,51,3062,0,0,0,0,0.0,0.0
108,52,2638,0,1,1,0,1.0,1.0
108,53,4157,1,0,0,0,0.0,0.0
108,54,4018,1,0,0,0,0.0,0.0
108,55,3888,1,0,0,0,0.0,0.0
108,56,3686,1,0,0,0,0.0,0.0
108,57,1560,0,1,1,0,1.0,1.0
108,58,1684,0,1,1,0,1.0,1.0
108,59,1769,0,1,1,0,1.0,1.0
108,60,2061,0,1,1,0,1.0,1.0
108,61,1636,0,1,1,0,1.0,1.0
108,62,1796,0,1,1,0,1.0,1.0
108,63,2960,0,1,1,0,1.0,1.0
108,64,2376,0,1,1,0,1.0,1.0
109,1,2302,0,1,1,0,1.0,1.0
109,2,2597,0,1,0,0,0.0,0.0
109,3,2470,0,0,0,0,0.0,0.0
109,4,2523,0,1,1,0,1.0,1.0
109,5,4269,1,0,0,0,0.0,0.0
109,6,4014,1,0,0,0,0.0,0.0
109,7,4029,1,0,0,0,0.0,0.0
109,8,4319,1,0,0,0,0.0,0.0
109,9,2689,0,1,1,0,1.0,1.0
109,10,3180,0,1,1,0,1.0,1.0
109,11,3676,1,1,1,0,1.0,1.0
109,12,2964,0,1,1,0,1.0,1.0
109,13,3227,0,1,0,0,0.0,0.0
109,14,3684,1,0,0,0,0.0,0.0
109,15,3269,0,1,1,0,1.0,1.0
109,16,3208,0,0,0,0,0.0,0.0
109,17,3621,1,1,0,0,0.0,0.0
109,18,3478,0,0,0,0,0.0,0.0
109,19,3077,0,0,0,0,0.0,0.0
109,20,3685,1,1,0,0,0.0,0.0
109,21,2702,0,1,1,0,1.0,1.0
109,22,3519,1,1,0,0,0.0,0.0
109,23,3386,0,1,0,0,0.0,0.0
109,24,3528,1,1,1,0,1.0,1.0
109,25,3670,1,0,0,0,0.0,0.0
109,26,3899,1,0,0,0,0.0,0.0
109,27,3550,1,0,0,0,0.0,0.0
109,28,2876,0,1,1,0,1.0,1.0
109,29,3059,0,0,0,0,0.0,0.0
109,30,3185,0,1,1,0,1.0,1.0
109,31,2833,0,0,0,0,0.0,0.0
109,32,2925,0,1,0,0,0.0,0.0
109,33,1796,0,1,1,0,1.0,1.0
109,34,2091,0,1,1,0,1.0,1.0
109,35,3323,0,1,0,0,0.0,0.0
109,36,1982,0,1,1,0,1.0,1.0
109,37,4010,1,0,0,0,0.0,0.0
109,38,4306,1,0,0,0,0.0,0.0
109,39,4083,1,0,0,0,0.0,0.0
109,40,4147,1,0,0,0,0.0,0.0
109,41,1759,0,1,1,0,1.0,1.0
109,42,2209,0,1,1,0,1.0,1.0
109,43,1622,0,1,1,0,1.0,1.0
109,44,3712,1,1,1,0,1.0,1.0
109,45,3595,1,0,0,0,0.0,0.0
109,46,3553,1,0,0,0,0.0,0.0
109,47,3707,1,0,0,0,0.0,0.0
109,48,3782,1,0,0,0,0.0,0.0
109,49,4103,1,0,0,0,0.0,0.0
109,50,3986,1,0,0,0,0.0,0.0
109,51,3885,1,0,0,0,0.0,0.0
109,52,4129,1,0,0,0,0.0,0.0
109,53,3283,0,1,1,0,1.0,1.0
109,54,3501,1,1,1,0,1.0,1.0
109,55,3527,1,0,0,0,0.0,0.0
109,56,3358,0,1,1,0,1.0,1.0
109,57,2581,0,0,0,0,0.0,0.0
109,58,2477,0,0,0,0,0.0,0.0
109,59,2769,0,0,0,0,0.0,0.0
109,60,2585,0,0,0,0,0.0,0.0
109,61,4087,1,0,0,0,0.0,0.0
109,62,3969,1,0,0,0,0.0,0.0
109,63,3560,1,1,1,0,1.0,1.0
109,64,4042,1,0,0,0,0.0,0.0
110,1,2193,0,1,1,0,1.0,1.0
110,2,3277,0,1,1,0,1.0,1.0
110,3,2114,0,1,1,0,1.0,1.0
110,4,2507,0,1,1,0,1.0,1.0
110,5,3257,0,0,0,0,0.0,0.0
110,6,3331,0,0,0,0,0.0,0.0
110,7,3290,0,1,1,0,1.0,1.0
110,8,3454,0,0,0,0,0.0,0.0
110,9,3040,0,0,0,0,0.0,0.0
110,10,2806,0,0,0,0,0.0,0.0
110,11,3064,0,0,0,0,0.0,0.0
110,12,2666,0,0,0,0,0.0,0.0
110,13,2329,0,1,1,0,1.0,1.0
110,14,2961,0,0,0,0,0.0,0.0
110,15,2860,0,0,0,0,0.0,0.0
110,16,2737,0,1,1,0,1.0,1.0
110,17,3689,1,0,0,0,0.0,0.0
110,18,3472,0,0,0,0,0.0,0.0
110,19,3770,1,0,0,0,0.0,0.0
110,20,3588,1,1,0,0,0.0,0.0
110,21,2800,0,1,1,0,1.0,1.0
110,22,3096,0,1,0,0,0.0,0.0
110,23,3242,0,0,0,0,0.0,0.0
110,24,3194,0,1,0,0,0.0,0.0
110,25,3032,0,0,0,0,0.0,0.0
110,26,2946,0,1,1,0,1.0,1.0
110,27,2882,0,1,1,0,0.0,0.0
110,28,3192,0,0,0,0,0.0,0.0
110,29,3158,0,0,0,0,0.0,0.0
110,30,2837,0,0,0,0,0.0,0.0
110,31,2664,0,0,0,0,0.0,0.0
110,32,2786,0,0,0,0,0.0,0.0
110,33,3410,0,1,1,0,1.0,1.0
110,34,3458,0,1,1,0,1.0,1.0
110,35,3142,0,0,0,0,0.0,0.0
110,36,3482,0,0,0,0,0.0,0.0
110,37,3572,1,0,0,0,0.0,0.0
110,38,3647,1,0,0,0,0.0,0.0
110,39,3574,1,0,0,0,0.0,0.0
110,40,3854,1,0,0,0,0.0,0.0
110,41,3693,1,0,0,0,0.0,0.0
110,42,3575,1,0,0,0,0.0,0.0
110,43,3505,1,0,0,0,0.0,0.0
110,44,3616,1,0,0,0,0.0,0.0
110,45,2705,0,1,1,0,1.0,1.0
110,46,2207,0,1,1,0,1.0,1.0
110,47,2231,0,1,1,0,1.0,1.0
110,48,2160,0,1,1,0,1.0,1.0
110,49,2652,0,1,1,0,1.0,1.0
110,50,2102,0,1,1,0,1.0,1.0
110,51,2129,0,1,1,0,1.0,1.0
110,52,2373,0,1,1,0,1.0,1.0
110,53,3104,0,0,0,0,0.0,0.0
110,54,3435,0,0,0,0,0.0,0.0
110,55,3295,0,0,0,0,0.0,0.0
110,56,3150,0,0,0,0,0.0,0.0
110,57,3005,0,1,1,0,1.0,1.0
110,58,2869,0,1,1,0,1.0,1.0
110,59,3295,0,1,1,0,1.0,1.0
110,60,2804,0,1,1,0,1.0,1.0
110,61,3522,1,1,1,0,1.0,1.0
110,62,3667,1,0,0,0,0.0,0.0
110,63,3456,0,0,0,0,0.0,0.0
110,64,3410,0,0,0,0,0.0,0.0
111,1,3166,0,1,0,0,0.0,0.0
111,2,3144,0,1,1,0,1.0,1.0
111,3,3400,0,0,0,0,0.0,0.0
111,4,2676,0,1,1,0,1.0,1.0
111,5,4018,1,0,0,0,0.0,0.0
111,6,3872,1,1,1,0,1.0,1.0
111,7,3759,1,0,0,0,0.0,0.0
111,8,3709,1,0,0,0,0.0,0.0
111,9,3954,1,0,0,0,0.0,0.0
111,10,3733,1,0,0,0,0.0,0.0
111,11,4217,1,0,0,0,0.0,0.0
111,12,4122,1,0,0,0,0.0,0.0
111,13,3387,0,0,0,0,0.0,0.0
111,14,3163,0,0,0,0,0.0,0.0
111,15,3316,0,0,0,0,0.0,0.0
111,16,3409,0,0,0,0,0.0,0.0
111,17,3786,1,1,1,0,1.0,1.0
111,18,3712,1,1,1,0,1.0,1.0
111,19,2872,0,1,1,0,1.0,1.0
111,20,3676,1,1,1,0,1.0,1.0
111,21,2673,0,0,0,0,0.0,0.0
111,22,2776,0,1,1,0,1.0,1.0
111,23,2916,0,0,0,0,0.0,0.0
111,24,2805,0,1,1,0,1.0,1.0
111,25,3728,1,0,0,0,0.0,0.0
111,26,3616,1,0,0,0,0.0,0.0
111,27,3616,1,0,0,0,0.0,0.0
111,28,3612,1,0,0,0,0.0,0.0
111,29,2257,0,1,1,0,1.0,1.0
111,30,2442,0,1,1,0,1.0,1.0
111,31,2456,0,1,1,0,1.0,1.0
111,32,2436,0,1,1,0,1.0,1.0
111,33,2259,0,1,1,0,1.0,1.0
111,34,3225,0,1,0,0,0.0,0.0
111,35,3125,0,1,0,0,0.0,0.0
111,36,2730,0,1,1,0,1.0,1.0
111,37,3897,1,0,0,0,0.0,0.0
111,38,3929,1,0,0,0,0.0,0.0
111,39,4040,1,0,0,0,0.0,0.0
111,40,3982,1,0,0,0,0.0,0.0
111,41,2676,0,1,1,0,1.0,1.0
111,42,3065,0,0,0,0,0.0,0.0
111,43,2821,0,0,0,0,0.0,0.0
111,44,2897,0,0,0,0,0.0,0.0
111,45,4102,1,0,0,0,0.0,0.0
111,46,4220,1,0,0,0,0.0,0.0
111,47,4098,1,0,0,0,0.0,0.0
111,48,3891,1,0,0,0,0.0,0.0
111,49,4036,1,0,0,0,0.0,0.0
111,50,3946,1,0,0,0,0.0,0.0
111,51,3594,1,0,0,0,0.0,0.0
111,52,3740,1,0,0,0,0.0,0.0
111,53,2957,0,1,1,0,1.0,1.0
111,54,2973,0,0,0,0,0.0,0.0
111,55,2918,0,1,1,0,1.0,1.0
111,56,2895,0,0,0,0,0.0,0.0
111,57,2128,0,1,1,0,1.0,1.0
111,58,2486,0,1,1,0,1.0,1.0
111,59,2579,0,1,1,0,1.0,1.0
111,60,1920,0,1,1,0,1.0,1.0
111,61,2948,0,0,0,0,0.0,0.0
111,62,2758,0,0,0,0,0.0,0.0
111,63,2973,0,1,1,0,1.0,1.0
111,64,3040,0,0,0,0,0.0,0.0
112,1,3090,0,1,1,0,1.0,1.0
112,2,3138,0,1,1,0,1.0,1.0
112,3,3667,1,0,0,0,0.0,0.0
112,4,3340,0,1,1,0,1.0,1.0
112,5,3618,1,0,0,0,0.0,0.0
112,6,4105,1,0,0,0,0.0,0.0
112,7,4239,1,0,0,0,0.0,0.0
112,8,3915,1,0,0,0,0.0,0.0
112,9,2453,0,0,0,0,0.0,0.0
112,10,2576,0,0,0,0,0.0,0.0
112,11,2927,0,0,0,0,0.0,0.0
112,12,3695,1,0,0,0,0.0,0.0
112,13,3333,0,0,0,0,0.0,0.0
112,14,3180,0,0,0,0,0.0,0.0
112,15,3187,0,0,0,0,0.0,0.0
112,16,2954,0,0,0,0,0.0,0.0
112,17,2870,0,1,1,0,1.0,1.0
112,18,3025,0,0,0,0,0.0,0.0
112,19,2916,0,0,0,0,0.0,0.0
112,20,2937,0,1,1,0,1.0,1.0
112,21,4007,1,0,0,0,0.0,0.0
112,22,3840,1,0,0,0,0.0,0.0
112,23,3862,1,0,0,0,0.0,0.0
112,24,3934,1,0,0,0,0.0,0.0
112,25,4257,1,0,0,0,0.0,0.0
112,26,4017,1,0,0,0,0.0,0.0
112,27,3957,1,0,0,0,0.0,0.0
112,28,3943,1,0,0,0,0.0,0.0
112,29,3468,0,1,1,0,1.0,1.0
112,30,3740,1,1,1,0,1.0,1.0
112,31,3099,0,1,1,0,1.0,1.0
112,32,3666,1,0,0,0,0.0,0.0
112,33,2322,0,1,1,0,1.0,1.0
112,34,1683,0,1,1,0,1.0,1.0
112,35,2648,0,1,1,0,1.0,1.0
112,36,1670,0,1,1,0,1.0,1.0
112,37,2562,0,0,0,0,0.0,0.0
112,38,2692,0,0,0,0,0.0,0.0
112,39,2480,0,0,0,0,0.0,0.0
112,40,2601,0,0,0,0,0.0,0.0
112,41,3779,1,0,0,0,0.0,0.0
112,42,3728,1,0,0,0,0.0,0.0
112,43,3564,1,0,0,0,0.0,0.0
112,44,3582,1,0,0,0,0.0,0.0
112,45,3552,1,0,0,0,0.0,0.0
112,46,3206,0,0,0,0,0.0,0.0
112,47,3442,0,0,0,0,0.0,0.0
112,48,3277,0,0,0,0,0.0,0.0
112,49,1981,0,1,1,0,1.0,1.0
112,50,1755,0,1,1,0,1.0,1.0
112,51,2072,0,1,1,0,1.0,1.0
112,52,1456,0,1,1,0,1.0,1.0
112,53,4292,1,0,0,0,0.0,0.0
112,54,4054,1,0,0,0,0.0,0.0
112,55,4240,1,0,0,0,0.0,0.0
112,56,4168,1,0,0,0,0.0,0.0
112,57,3294,0,1,0,0,0.0,0.0
112,58,3301,0,1,0,0,0.0,0.0
112,59,3438,0,1,1,0,1.0,1.0
112,60,3481,0,1,1,0,1.0,1.0
112,61,2339,0,1,1,0,1.0,1.0
112,62,2526,0,1,1,0,1.0,1.0
112,63,2130,0,1,1,0,1.0,1.0
112,64,2601,0,1,1,0,1.0,1.0
113,1,4300,1,0,0,0,0.0,0.0
113,2,4155,1,0,0,0,0.0,0.0
113,3,4220,1,0,0,0,0.0,0.0
113,4,4083,1,0,0,0,0.0,0.0
113,5,3874,1,1,1,0,1.0,1.0
113,6,3433,0,1,1,0,1.0,1.0
113,7,3469,0,1,1,0,1.0,1.0
113,8,3534,1,1,1,0,1.0,1.0
113,9,3464,0,0,0,0,0.0,0.0
113,10,3606,1,0,0,0,0.0,0.0
113,11,3361,0,1,1,0,1.0,1.0
113,12,2852,0,1,1,0,1.0,1.0
113,13,3327,0,1,1,0,1.0,1.0
113,14,2560,0,1,1,0,1.0,1.0
113,15,3170,0,1,1,0,1.0,1.0
113,16,1932,0,1,1,0,1.0,1.0
113,17,3441,0,0,0,0,0.0,0.0
113,18,3514,1,1,1,0,1.0,1.0
113,19,3464,0,0,0,0,0.0,0.0
113,20,3600,1,0,0,0,0.0,0.0
113,21,3484,0,0,0,0,0.0,0.0
113,22,3701,1,0,0,0,0.0,0.0
113,23,3511,1,0,0,0,0.0,0.0
113,24,3553,1,0,0,0,0.0,0.0
113,25,3149,0,1,0,0,0.0,0.0
113,26,3376,0,1,0,0,0.0,0.0
113,27,3086,0,1,0,0,0.0,0.0
113,28,3192,0,0,0,0,0.0,0.0
113,29,2792,0,1,1,0,1.0,1.0
113,30,2264,0,1,1,0,1.0,1.0
113,31,3093,0,1,1,0,1.0,1.0
113,32,3373,0,1,0,0,0.0,0.0
113,33,1116,0,1,1,0,1.0,1.0
113,34,1271,0,1,1,0,1.0,1.0
113,35,1577,0,1,1,0,1.0,1.0
113,36,1105,0,1,1,0,1.0,1.0
113,37,3549,1,0,0,0,0.0,0.0
113,38,3859,1,0,0,0,0.0,0.0
113,39,3725,1,0,0,0,0.0,0.0
113,40,3387,0,0,0,0,0.0,0.0
113,41,2608,0,1,1,0,1.0,1.0
113,42,2978,0,1,1,0,1.0,1.0
113,43,3544,1,1,0,0,0.0,0.0
113,44,2306,0,1,1,0,1.0,1.0
113,45,2842,0,0,0,0,0.0,0.0
113,46,4332,1,0,0,0,0.0,0.0
113,47,3401,0,0,0,0,0.0,0.0
113,48,3095,0,0,0,0,0.0,0.0
113,49,3918,1,0,0,0,0.0,0.0
113,50,3912,1,0,0,0,0.0,0.0
113,51,3759,1,0,0,1,0.0,0.0
113,52,3963,1,0,0,0,0.0,0.0
113,53,3243,0,1,1,0,1.0,1.0
113,54,2892,0,1,1,0,1.0,1.0
113,55,3735,1,1,1,0,1.0,1.0
113,56,3847,1,1,1,0,1.0,1.0
113,57,3345,0,0,0,0,0.0,0.0
113,58,3374,0,1,1,0,1.0,1.0
113,59,1683,0,1,1,0,1.0,1.0
113,60,3357,0,1,1,0,1.0,1.0
113,61,2158,0,1,1,0,1.0,1.0
113,62,2507,0,1,1,0,1.0,1.0
113,63,1786,0,1,1,0,1.0,1.0
113,64,1703,0,1,1,0,1.0,1.0
114,1,2333,0,1,1,0,1.0,1.0
114,2,2806,0,1,1,0,1.0,1.0
114,3,2718,0,1,1,0,1.0,1.0
114,4,2614,0,1,1,0,1.0,1.0
114,5,2920,0,1,1,0,1.0,1.0
114,6,2661,0,0,0,0,0.0,0.0
114,7,2815,0,0,0,0,0.0,0.0
114,8,2797,0,1,1,0,1.0,1.0
114,9,3264,0,1,1,0,1.0,1.0
114,10,3312,0,1,0,0,0.0,0.0
114,11,3323,0,1,1,0,1.0,1.0
114,12,3168,0,0,0,0,0.0,0.0
114,13,2331,0,1,1,0,1.0,1.0
114,14,2164,0,1,1,0,1.0,1.0
114,15,2937,0,1,1,0,1.0,1.0
114,16,2693,0,0,0,0,0.0,0.0
114,17,3761,1,0,0,0,0.0,0.0
114,18,4115,1,0,0,0,0.0,0.0
114,19,4012,1,0,0,0,0.0,0.0
114,20,3565,1,0,0,0,0.0,0.0
114,21,4243,1,0,0,0,0.0,0.0
114,22,3757,1,0,0,0,0.0,0.0
114,23,3833,1,0,0,0,0.0,0.0
114,24,3856,1,0,0,0,0.0,0.0
114,25,2825,0,1,1,0,1.0,1.0
114,26,3819,1,0,0,0,0.0,0.0
114,27,4030,1,0,0,0,0.0,0.0
114,28,3865,1,1,1,0,1.0,1.0
114,29,3347,0,0,0,0,0.0,0.0
114,30,3645,1,0,0,0,0.0,0.0
114,31,3405,0,1,1,0,1.0,1.0
114,32,3413,0,0,0,0,0.0,0.0
114,33,2525,0,0,0,0,0.0,0.0
114,34,2539,0,0,0,0,0.0,0.0
114,35,2519,0,0,0,0,0.0,0.0
114,36,2560,0,0,0,0,0.0,0.0
114,37,2913,0,0,0,0,0.0,0.0
114,38,2854,0,0,0,0,0.0,0.0
114,39,3060,0,0,0,0,0.0,0.0
114,40,2915,0,0,0,0,0.0,0.0
114,41,3669,1,0,0,0,0.0,0.0
114,42,3548,1,1,0,0,0.0,0.0
114,43,3184,0,1,1,0,1.0,1.0
114,44,3496,0,1,1,0,1.0,1.0
114,45,4162,1,0,0,0,0.0,0.0
114,46,3845,1,0,0,0,0.0,0.0
114,47,3766,1,0,0,0,0.0,0.0
114,48,3982,1,0,0,0,0.0,0.0
114,49,2647,0,1,1,0,1.0,1.0
114,50,2754,0,1,1,0,1.0,1.0
114,51,2759,0,1,1,0,1.0,1.0
114,52,2765,0,0,0,0,0.0,0.0
114,53,2961,0,1,1,0,0.0,0.0
114,54,2914,0,0,0,0,0.0,0.0
114,55,3134,0,0,0,0,0.0,0.0
114,56,2787,0,0,0,0,0.0,0.0
114,57,3315,0,0,0,0,0.0,0.0
114,58,3084,0,1,1,0,1.0,1.0
114,59,3420,0,0,0,0,0.0,0.0
114,60,3433,0,0,0,0,0.0,0.0
114,61,2999,0,1,1,0,1.0,1.0
114,62,2816,0,1,1,0,1.0,1.0
114,63,3884,1,1,1,0,1.0,1.0
114,64,3741,1,1,1,0,1.0,1.0
115,1,3379,0,0,0,0,0.0,0.0
115,2,3321,0,0,0,0,0.0,0.0
115,3,3521,1,0,0,0,0.0,0.0
115,4,3515,1,0,0,0,0.0,0.0
115,5,3232,0,1,1,0,1.0,1.0
115,6,3647,1,0,0,0,0.0,0.0
115,7,3767,1,0,0,0,0.0,0.0
115,8,3821,1,0,0,0,0.0,0.0
115,9,2836,0,0,0,0,0.0,0.0
115,10,2831,0,0,0,0,0.0,0.0
115,11,3121,0,0,0,0,0.0,0.0
115,12,2878,0,0,0,0,0.0,0.0
115,13,2743,0,0,0,0,0.0,0.0
115,14,2566,0,1,1,0,1.0,1.0
115,15,2766,0,0,0,0,0.0,0.0
115,16,2705,0,0,0,0,0.0,0.0
115,17,3748,1,0,0,0,0.0,0.0
115,18,2736,0,1,1,0,1.0,1.0
115,19,3771,1,1,0,0,0.0,0.0
115,20,2715,0,1,1,0,1.0,1.0
115,21,2485,0,1,1,0,1.0,1.0
115,22,2948,0,0,0,0,0.0,0.0
115,23,3459,0,0,0,0,0.0,0.0
115,24,2975,0,0,0,0,0.0,0.0
115,25,3816,1,0,0,0,0.0,0.0
115,26,3852,1,0,0,0,0.0,0.0
115,27,3610,1,1,0,0,0.0,0.0
115,28,3626,1,1,1,0,1.0,1.0
115,29,2968,0,1,1,0,1.0,1.0
115,30,2960,0,0,0,0,0.0,0.0
115,31,2907,0,0,0,0,0.0,0.0
115,32,3070,0,0,0,0,0.0,0.0
115,33,2995,0,0,0,0,0.0,0.0
115,34,3198,0,0,0,0,0.0,0.0
115,35,3710,1,0,0,0,0.0,0.0
115,36,3072,0,0,0,0,0.0,0.0
115,37,3320,0,0,0,0,0.0,0.0
115,38,3354,0,0,0,0,0.0,0.0
115,39,3410,0,0,0,0,0.0,0.0
115,40,3526,1,0,0,0,0.0,0.0
115,41,4208,1,0,0,0,0.0,0.0
115,42,3374,0,1,1,0,1.0,1.0
115,43,3765,1,0,0,0,0.0,0.0
115,44,2989,0,1,1,0,1.0,1.0
115,45,4623,1,0,0,0,0.0,0.0
115,46,4646,1,0,0,0,0.0,0.0
115,47,4730,1,0,0,0,0.0,0.0
115,48,4846,1,0,0,0,0.0,0.0
115,49,3393,0,0,0,0,0.0,0.0
115,50,3307,0,1,0,0,0.0,0.0
115,51,3279,0,0,0,0,0.0,0.0
115,52,2606,0,1,1,0,1.0,1.0
115,53,2543,0,1,1,0,1.0,1.0
115,54,2697,0,1,1,0,1.0,1.0
115,55,2989,0,0,0,0,0.0,0.0
115,56,2583,0,0,0,0,0.0,0.0
115,57,2984,0,0,0,0,0.0,0.0
115,58,3369,0,0,0,0,0.0,0.0
115,59,3193,0,0,0,0,0.0,0.0
115,60,3392,0,1,1,0,1.0,1.0
115,61,3246,0,0,0,0,0.0,0.0
115,62,3378,0,0,0,0,0.0,0.0
115,63,3742,1,0,0,0,0.0,0.0
115,64,3122,0,0,0,0,0.0,0.0
116,1,2772,0,0,0,0,0.0,0.0
116,2,2872,0,1,1,0,1.0,1.0
116,3,2770,0,0,0,0,0.0,0.0
116,4,2746,0,0,0,0,0.0,0.0
116,5,3685,1,0,0,0,0.0,0.0
116,6,3999,1,0,0,0,0.0,0.0
116,7,4037,1,0,0,1,0.0,0.0
116,8,4051,1,0,0,1,0.0,0.0
116,9,1698,0,1,1,0,1.0,1.0
116,10,1560,0,1,1,0,1.0,1.0
116,11,3240,0,1,1,0,1.0,1.0
116,12,2259,0,1,1,0,1.0,1.0
116,13,3447,0,0,0,0,0.0,0.0
116,14,3102,0,0,0,0,0.0,0.0
116,15,3179,0,0,0,0,0.0,0.0
116,16,3236,0,0,0,0,0.0,0.0
116,17,3264,0,1,1,0,1.0,1.0
116,18,3047,0,1,1,0,1.0,1.0
116,19,2267,0,1,1,0,1.0,1.0
116,20,3408,0,1,1,0,1.0,1.0
116,21,3472,0,1,0,0,0.0,0.0
116,22,3658,1,1,1,0,1.0,1.0
116,23,3415,0,1,1,0,1.0,1.0
116,24,3687,1,1,0,0,0.0,0.0
116,25,4196,1,0,0,0,0.0,0.0
116,26,4116,1,0,0,0,0.0,0.0
116,27,4152,1,0,0,0,0.0,0.0
116,28,4176,1,0,0,0,0.0,0.0
116,29,3481,0,1,0,0,0.0,0.0
116,30,2969,0,1,1,0,1.0,1.0
116,31,2979,0,1,1,0,1.0,1.0
116,32,3200,0,1,1,0,1.0,1.0
116,33,2920,0,0,0,0,0.0,0.0
116,34,2681,0,0,0,0,0.0,0.0
116,35,2690,0,1,1,0,1.0,1.0
116,36,2758,0,0,0,0,0.0,0.0
116,37,3584,1,1,0,0,0.0,0.0
116,38,3454,0,0,0,0,0.0,0.0
116,39,3682,1,0,0,0,0.0,0.0
116,40,3437,0,1,1,0,1.0,1.0
116,41,3812,1,0,0,0,0.0,0.0
116,42,3751,1,0,0,0,0.0,0.0
116,43,3639,1,0,0,0,0.0,0.0
116,44,3410,0,0,0,0,0.0,0.0
116,45,4605,1,0,0,0,0.0,0.0
116,46,4729,1,0,0,0,0.0,0.0
116,47,4524,1,0,0,0,0.0,0.0
116,48,4554,1,0,0,0,0.0,0.0
116,49,3280,0,1,1,0,1.0,1.0
116,50,3296,0,1,0,0,0.0,0.0
116,51,3028,0,0,0,0,0.0,0.0
116,52,2715,0,1,1,0,1.0,1.0
116,53,2844,0,1,1,0,1.0,1.0
116,54,3431,0,0,0,0,0.0,0.0
116,55,3393,0,1,1,0,1.0,1.0
116,56,3479,0,1,0,0,0.0,0.0
116,57,3175,0,0,0,0,0.0,0.0
116,58,3184,0,0,0,0,0.0,0.0
116,59,3336,0,0,0,0,0.0,0.0
116,60,3571,1,0,0,0,0.0,0.0
116,61,3261,0,0,0,0,0.0,0.0
116,62,3369,0,1,0,0,0.0,0.0
116,63,3326,0,0,0,0,0.0,0.0
116,64,3254,0,1,0,0,0.0,0.0
117,1,3372,0,1,1,0,1.0,1.0
117,2,3496,0,0,0,0,0.0,0.0
117,3,3435,0,1,1,0,1.0,1.0
117,4,3380,0,1,1,0,1.0,1.0
117,5,2728,0,0,0,0,0.0,0.0
117,6,2872,0,0,0,0,0.0,0.0
117,7,3904,1,0,0,0,0.0,0.0
117,8,3123,0,0,0,0,0.0,0.0
117,9,3804,1,1,1,0,1.0,1.0
117,10,3777,1,1,1,0,1.0,1.0
117,11,3692,1,0,0,0,0.0,0.0
117,12,3576,1,0,0,0,0.0,0.0
117,13,3044,0,1,1,0,1.0,1.0
117,14,2055,0,1,1,0,1.0,1.0
117,15,2206,0,1,1,0,1.0,1.0
117,16,1112,0,1,1,0,1.0,1.0
117,17,3555,1,1,0,0,0.0,0.0
117,18,3334,0,1,1,0,1.0,1.0
117,19,3436,0,1,1,0,1.0,1.0
117,20,2972,0,1,1,0,1.0,1.0
117,21,3082,0,1,0,0,0.0,0.0
117,22,3151,0,0,0,0,0.0,0.0
117,23,2984,0,0,0,0,0.0,0.0
117,24,3227,0,1,1,0,0.0,0.0
117,25,3767,1,0,0,0,0.0,0.0
117,26,3565,1,0,0,0,0.0,0.0
117,27,3684,1,0,0,0,0.0,0.0
117,28,4126,1,0,0,0,0.0,0.0
117,29,3498,0,1,1,0,1.0,1.0
117,30,3744,1,0,0,0,0.0,0.0
117,31,3659,1,0,0,0,0.0,0.0
117,32,3380,0,0,0,0,0.0,0.0
117,33,3533,1,0,0,0,0.0,0.0
117,34,2726,0,1,1,0,1.0,1.0
117,35,3288,0,0,0,0,0.0,0.0
117,36,3716,1,0,0,0,0.0,0.0
117,37,3716,1,1,0,0,0.0,0.0
117,38,3713,1,0,0,0,0.0,0.0
117,39,3545,1,1,0,0,0.0,0.0
117,40,3684,1,1,0,0,0.0,0.0
117,41,3640,1,0,0,0,0.0,0.0
117,42,3394,0,0,0,0,0.0,0.0
117,43,3681,1,0,0,0,0.0,0.0
117,44,3413,0,0,0,0,0.0,0.0
117,45,3290,0,0,0,0,0.0,0.0
117,46,3102,0,0,0,0,0.0,0.0
117,47,3271,0,0,0,0,0.0,0.0
117,48,3285,0,1,1,0,1.0,1.0
117,49,3538,1,0,0,0,0.0,0.0
117,50,3436,0,0,0,0,0.0,0.0
117,51,3441,0,0,0,0,0.0,0.0
117,52,3661,1,0,0,0,0.0,0.0
117,53,3579,1,1,0,0,0.0,0.0
117,54,2964,0,1,1,0,1.0,1.0
117,55,3248,0,1,1,0,0.0,0.0
117,56,3268,0,0,0,0,0.0,0.0
117,57,1803,0,1,1,0,1.0,1.0
117,58,1436,0,1,1,0,1.0,1.0
117,59,1352,0,1,1,0,1.0,1.0
117,60,1635,0,1,1,0,1.0,1.0
117,61,3042,0,1,0,0,0.0,0.0
117,62,2857,0,0,0,0,0.0,0.0
117,63,2728,0,0,0,0,0.0,0.0
117,64,2701,0,0,0,0,0.0,0.0
118,1,1508,0,1,1,0,1.0,1.0
118,2,1665,0,1,1,0,1.0,1.0
118,3,2210,0,1,1,0,1.0,1.0
118,4,1470,0,1,1,0,1.0,1.0
118,5,3706,1,0,0,0,0.0,0.0
118,6,1454,0,1,1,0,1.0,1.0
118,7,1378,0,1,1,0,1.0,1.0
118,8,3509,1,0,0,0,0.0,0.0
118,9,3340,0,0,0,0,0.0,0.0
118,10,3288,0,0,0,0,0.0,0.0
118,11,3582,1,0,0,0,0.0,0.0
118,12,3434,0,0,0,0,0.0,0.0
118,13,3767,1,0,0,0,0.0,0.0
118,14,3596,1,0,0,0,0.0,0.0
118,15,3633,1,0,0,0,0.0,0.0
118,16,3773,1,0,0,0,0.0,0.0
118,17,3668,1,1,0,0,0.0,0.0
118,18,3441,0,1,1,0,1.0,1.0
118,19,3946,1,0,0,0,0.0,0.0
118,20,3608,1,0,0,0,0.0,0.0
118,21,3301,0,1,1,0,1.0,1.0
118,22,2725,0,1,1,0,1.0,1.0
118,23,4033,1,0,0,0,0.0,0.0
118,24,3675,1,0,0,0,0.0,0.0
118,25,3466,0,0,0,0,0.0,0.0
118,26,3151,0,0,0,0,0.0,0.0
118,27,3374,0,0,0,0,0.0,0.0
118,28,3522,1,0,0,0,0.0,0.0
118,29,3511,1,0,0,0,0.0,0.0
118,30,3545,1,0,0,0,0.0,0.0
118,31,3617,1,0,0,0,0.0,0.0
118,32,3782,1,0,0,0,0.0,0.0
118,33,2657,0,1,1,0,1.0,1.0
118,34,2349,0,1,1,0,1.0,1.0
118,35,2504,0,1,1,0,1.0,1.0
118,36,3295,0,1,1,0,1.0,1.0
118,37,3803,1,1,0,0,0.0,0.0
118,38,3994,1,1,1,0,1.0,1.0
118,39,3942,1,1,0,0,0.0,0.0
118,40,3406,0,1,1,0,1.0,1.0
118,41,2700,0,1,0,0,0.0,0.0
118,42,3050,0,0,0,0,0.0,0.0
118,43,2955,0,1,1,0,1.0,1.0
118,44,2802,0,1,1,0,1.0,1.0
118,45,2850,0,1,1,0,1.0,1.0
118,46,2241,0,1,1,0,1.0,1.0
118,47,1997,0,1,1,0,1.0,1.0
118,48,2424,0,1,1,0,1.0,1.0
118,49,3504,1,1,1,0,1.0,1.0
118,50,3684,1,1,1,0,1.0,1.0
118,51,3708,1,1,1,0,1.0,1.0
118,52,3914,1,0,0,0,0.0,0.0
118,53,3021,0,0,0,0,0.0,0.0
118,54,3175,0,0,0,0,0.0,0.0
118,55,3272,0,0,0,0,0.0,0.0
118,56,3309,0,0,0,0,0.0,0.0
118,57,3124,0,0,0,0,0.0,0.0
118,58,3257,0,0,0,0,0.0,0.0
118,59,3284,0,0,0,0,0.0,0.0
118,60,3231,0,0,0,0,0.0,0.0
118,61,2678,0,1,1,0,1.0,1.0
118,62,3721,1,0,0,0,0.0,0.0
118,63,3462,0,1,1,0,1.0,1.0
118,64,2620,0,1,1,0,1.0,1.0
119,1,2833,0,1,1,0,1.0,1.0
119,2,2592,0,0,0,0,0.0,0.0
119,3,2722,0,0,0,0,0.0,0.0
119,4,3033,0,1,0,0,0.0,0.0
119,5,3049,0,0,0,0,0.0,0.0
119,6,2946,0,0,0,0,0.0,0.0
119,7,3117,0,1,1,0,1.0,1.0
119,8,3100,0,0,0,0,0.0,0.0
119,9,3595,1,1,0,0,0.0,0.0
119,10,3768,1,1,0,0,0.0,0.0
119,11,3507,1,1,0,0,0.0,0.0
119,12,3536,1,1,0,0,0.0,0.0
119,13,2195,0,1,1,0,1.0,1.0
119,14,3096,0,1,1,0,1.0,1.0
119,15,2675,0,1,1,0,1.0,1.0
119,16,3433,0,1,1,0,1.0,1.0
119,17,3005,0,1,1,0,1.0,1.0
119,18,3053,0,0,0,0,0.0,0.0
119,19,3128,0,1,0,0,0.0,0.0
119,20,3148,0,0,0,0,0.0,0.0
119,21,3100,0,1,1,0,1.0,1.0
119,22,3463,0,0,0,0,0.0,0.0
119,23,2843,0,1,1,0,1.0,1.0
119,24,3455,0,1,0,0,0.0,0.0
119,25,3275,0,1,1,0,1.0,1.0
119,26,3461,0,0,0,0,0.0,0.0
119,27,3081,0,1,0,0,0.0,0.0
119,28,3210,0,1,0,0,0.0,0.0
119,29,3703,1,0,0,0,0.0,0.0
119,30,3760,1,0,0,0,0.0,0.0
119,31,3915,1,0,0,0,0.0,0.0
119,32,3658,1,0,0,0,0.0,0.0
119,33,2917,0,0,0,0,0.0,0.0
119,34,2833,0,0,0,0,0.0,0.0
119,35,2986,0,1,1,0,1.0,1.0
119,36,2867,0,0,0,0,0.0,0.0
119,37,3043,0,1,1,0,1.0,1.0
119,38,3114,0,1,0,0,0.0,0.0
119,39,3287,0,1,0,0,0.0,0.0
119,40,3139,0,1,1,0,1.0,1.0
119,41,3253,0,0,0,0,0.0,0.0
119,42,3269,0,0,0,0,0.0,0.0
119,43,3332,0,0,0,0,0.0,0.0
119,44,3384,0,1,1,0,1.0,1.0
119,45,2340,0,1,1,0,1.0,1.0
119,46,3907,1,0,0,0,0.0,0.0
119,47,2587,0,1,1,0,1.0,1.0
119,48,2737,0,1,1,0,1.0,1.0
119,49,2600,0,0,0,0,0.0,0.0
119,50,2739,0,0,0,0,0.0,0.0
119,51,2498,0,0,0,0,0.0,0.0
119,52,2536,0,0,0,0,0.0,0.0
119,53,4188,1,0,0,0,0.0,0.0
119,54,4043,1,0,0,0,0.0,0.0
119,55,4305,1,0,0,0,0.0,0.0
119,56,4158,1,0,0,0,0.0,0.0
119,57,2881,0,0,0,0,0.0,0.0
119,58,3049,0,0,0,0,0.0,0.0
119,59,3095,0,0,0,0,0.0,0.0
119,60,2978,0,0,0,0,0.0,0.0
119,61,3666,1,1,1,0,1.0,1.0
119,62,3873,1,0,0,0,0.0,0.0
119,63,1564,0,1,1,0,1.0,1.0
119,64,3451,0,1,1,0,1.0,1.0
120,1,2221,0,1,1,0,1.0,1.0
120,2,2202,0,1,1,0,1.0,1.0
120,3,2352,0,1,1,0,1.0,1.0
120,4,2082,0,1,1,0,1.0,1.0
120,5,3437,0,0,0,0,0.0,0.0
120,6,3519,1,0,0,0,0.0,0.0
120,7,3239,0,1,0,0,0.0,0.0
120,8,3527,1,0,0,0,0.0,0.0
120,9,3073,0,1,0,0,0.0,0.0
120,10,3106,0,1,0,0,0.0,0.0
120,11,3220,0,1,0,0,0.0,0.0
120,12,3156,0,0,0,0,0.0,0.0
120,13,2829,0,0,0,0,0.0,0.0
120,14,2312,0,1,1,0,1.0,1.0
120,15,2908,0,0,0,0,0.0,0.0
120,16,2685,0,0,0,0,0.0,0.0
120,17,3919,1,0,0,0,0.0,0.0
120,18,4039,1,0,0,0,0.0,0.0
120,19,3856,1,0,0,0,0.0,0.0
120,20,3851,1,0,0,0,0.0,0.0
120,21,2216,0,1,1,0,1.0,1.0
120,22,3004,0,1,1,0,1.0,1.0
120,23,3339,0,1,1,0,1.0,1.0
120,24,2879,0,1,1,0,1.0,1.0
120,25,3148,0,1,1,0,1.0,1.0
120,26,3153,0,1,0,0,0.0,0.0
120,27,3649,1,0,0,0,0.0,0.0
120,28,3505,1,0,0,0,0.0,0.0
120,29,2802,0,1,1,0,1.0,1.0
120,30,2254,0,1,1,0,1.0,1.0
120,31,2405,0,1,1,0,1.0,1.0
120,32,3284,0,1,0,0,0.0,0.0
120,33,3087,0,1,0,0,0.0,0.0
120,34,2991,0,0,0,0,0.0,0.0
120,35,3222,0,1,1,0,1.0,1.0
120,36,2902,0,1,1,0,1.0,1.0
120,37,2773,0,1,1,0,1.0,1.0
120,38,2810,0,1,1,0,1.0,1.0
120,39,3294,0,1,0,0,0.0,0.0
120,40,3654,1,1,1,0,1.0,1.0
120,41,2815,0,0,0,0,0.0,0.0
120,42,3175,0,0,0,0,0.0,0.0
120,43,2890,0,0,0,0,0.0,0.0
120,44,2706,0,1,1,0,1.0,1.0
120,45,3381,0,1,1,0,1.0,1.0
120,46,3721,1,0,0,0,0.0,0.0
120,47,3238,0,1,1,0,1.0,1.0
120,48,3690,1,1,1,0,1.0,1.0
120,49,3045,0,1,1,0,1.0,1.0
120,50,2268,0,1,1,0,1.0,1.0
120,51,3411,0,1,1,0,0.0,0.0
120,52,3385,0,1,1,0,1.0,1.0
120,53,1643,0,1,1,0,1.0,1.0
120,54,3335,0,1,1,0,1.0,1.0
120,55,3129,0,0,0,0,0.0,0.0
120,56,3278,0,0,0,0,0.0,0.0
120,57,3751,1,0,0,0,0.0,0.0
120,58,3723,1,0,0,0,0.0,0.0
120,59,3699,1,0,0,0,0.0,0.0
120,60,3685,1,0,0,0,0.0,0.0
120,61,3583,1,1,0,0,0.0,0.0
120,62,3488,0,0,0,0,0.0,0.0
120,63,3634,1,0,0,0,0.0,0.0
120,64,3513,1,0,0,0,0.0,0.0
121,1,3701,1,0,0,0,0.0,0.0
121,2,3332,0,0,0,0,0.0,0.0
121,3,3421,0,0,0,0,0.0,0.0
121,4,3435,0,0,0,0,0.0,0.0
121,5,2430,0,0,0,0,0.0,0.0
121,6,2289,0,0,0,0,0.0,0.0
121,7,2670,0,1,1,0,1.0,1.0
121,8,2556,0,0,0,0,0.0,0.0
121,9,2595,0,1,1,0,1.0,1.0
121,10,2262,0,1,1,0,1.0,1.0
121,11,1716,0,1,1,0,1.0,1.0
121,12,1897,0,1,1,0,1.0,1.0
121,13,2709,0,0,0,0,0.0,0.0
121,14,2722,0,0,0,0,0.0,0.0
121,15,2640,0,0,0,0,0.0,0.0
121,16,2602,0,1,1,0,1.0,1.0
121,17,4389,1,0,0,0,0.0,0.0
121,18,4278,1,0,0,0,0.0,0.0
121,19,4215,1,0,0,0,0.0,0.0
121,20,4411,1,0,0,0,0.0,0.0
121,21,3505,1,0,0,0,0.0,0.0
121,22,3471,0,0,0,0,0.0,0.0
121,23,3581,1,0,0,0,0.0,0.0
121,24,3638,1,0,0,0,0.0,0.0
121,25,3181,0,0,0,0,0.0,0.0
121,26,3486,0,0,0,0,0.0,0.0
121,27,3161,0,0,0,0,0.0,0.0
121,28,3107,0,0,0,0,0.0,0.0
121,29,3369,0,0,0,0,0.0,0.0
121,30,2938,0,0,0,0,0.0,0.0
121,31,3408,0,0,0,0,0.0,0.0
121,32,3303,0,0,0,0,0.0,0.0
121,33,3550,1,0,0,0,0.0,0.0
121,34,3937,1,0,0,0,0.0,0.0
121,35,3653,1,0,0,0,0.0,0.0
121,36,3575,1,0,0,0,0.0,0.0
121,37,3469,0,0,0,0,0.0,0.0
121,38,3218,0,1,1,0,1.0,1.0
121,39,3364,0,1,1,0,1.0,1.0
121,40,3187,0,0,0,0,0.0,0.0
121,41,3298,0,1,0,0,0.0,0.0
121,42,3379,0,0,0,0,0.0,0.0
121,43,3393,0,0,0,0,0.0,0.0
121,44,3306,0,0,0,0,0.0,0.0
121,45,2954,0,1,1,0,1.0,1.0
121,46,2848,0,0,0,0,0.0,0.0
121,47,2133,0,1,1,0,1.0,1.0
121,48,2730,0,1,1,0,1.0,1.0
121,49,2345,0,1,1,0,1.0,1.0
121,50,2692,0,1,1,0,1.0,1.0
121,51,2097,0,1,1,0,1.0,1.0
121,52,2392,0,1,1,0,1.0,1.0
121,53,3609,1,0,0,0,0.0,0.0
121,54,3501,1,0,0,0,0.0,0.0
121,55,3605,1,0,0,0,0.0,0.0
121,56,3539,1,0,0,0,0.0,0.0
121,57,1907,0,1,1,0,1.0,1.0
121,58,1641,0,1,1,0,1.0,1.0
121,59,2312,0,1,1,0,1.0,1.0
121,60,3778,1,0,0,0,0.0,0.0
121,61,2912,0,1,1,0,1.0,1.0
121,62,3255,0,1,0,0,0.0,0.0
121,63,2112,0,1,1,0,1.0,1.0
121,64,2932,0,1,1,0,1.0,1.0
122,1,4039,1,0,0,0,0.0,0.0
122,2,3141,0,1,1,0,1.0,1.0
122,3,3173,0,1,1,0,1.0,1.0
122,4,2812,0,1,1,0,1.0,1.0
122,5,4266,1,0,0,0,0.0,0.0
122,6,4251,1,0,0,0,0.0,0.0
122,7,4326,1,0,0,0,0.0,0.0
122,8,4423,1,0,0,0,0.0,0.0
122,9,1307,0,1,1,0,1.0,1.0
122,10,1314,0,1,1,0,1.0,1.0
122,11,1447,0,1,1,0,1.0,1.0
122,12,1119,0,1,1,0,1.0,1.0
122,13,2433,0,1,1,0,1.0,1.0
122,14,3302,0,1,1,0,1.0,1.0
122,15,3197,0,0,0,0,0.0,0.0
122,16,3215,0,1,1,0,1.0,1.0
122,17,3252,0,1,1,0,1.0,1.0
122,18,3448,0,0,0,0,0.0,0.0
122,19,3555,1,0,0,0,0.0,0.0
122,20,3834,1,1,1,0,1.0,1.0
122,21,2406,0,0,0,0,0.0,0.0
122,22,2630,0,0,0,0,0.0,0.0
122,23,2714,0,0,0,0,0.0,0.0
122,24,2485,0,0,0,0,0.0,0.0
122,25,2303,0,1,1,0,1.0,1.0
122,26,2692,0,1,1,0,1.0,1.0
122,27,2646,0,1,1,0,1.0,1.0
122,28,2825,0,1,1,0,1.0,1.0
122,29,1787,0,1,1,0,1.0,1.0
122,30,1642,0,1,1,0,1.0,1.0
122,31,1620,0,1,1,0,1.0,1.0
122,32,2217,0,1,1,0,1.0,1.0
122,33,3575,1,1,1,0,1.0,1.0
122,34,3731,1,1,1,0,1.0,1.0
122,35,2816,0,1,1,0,1.0,1.0
122,36,3424,0,1,1,0,1.0,1.0
122,37,2441,0,1,1,0,1.0,1.0
122,38,3240,0,0,0,0,0.0,0.0
122,39,3228,0,1,0,0,0.0,0.0
122,40,2561,0,1,1,0,1.0,1.0
122,41,3263,0,1,1,0,1.0,1.0
122,42,3118,0,1,1,0,1.0,1.0
122,43,3427,0,0,0,0,0.0,0.0
122,44,3152,0,1,0,0,0.0,0.0
122,45,4044,1,0,0,0,0.0,0.0
122,46,4029,1,0,0,0,0.0,0.0
122,47,3597,1,0,0,0,0.0,0.0
122,48,4003,1,0,0,0,0.0,0.0
122,49,3560,1,1,1,0,1.0,1.0
122,50,3589,1,1,1,0,1.0,1.0
122,51,3635,1,1,1,0,1.0,1.0
122,52,3416,0,0,0,0,0.0,0.0
122,53,3477,0,1,1,0,1.0,1.0
122,54,3230,0,0,0,0,0.0,0.0
122,55,3067,0,0,0,0,0.0,0.0
122,56,3301,0,1,0,0,0.0,0.0
122,57,3290,0,0,0,0,0.0,0.0
122,58,3654,1,0,0,0,0.0,0.0
122,59,3586,1,0,0,0,0.0,0.0
122,60,3576,1,0,0,0,0.0,0.0
122,61,2148,0,1,1,0,1.0,1.0
122,62,3119,0,1,1,0,1.0,1.0
122,63,3193,0,1,1,0,1.0,1.0
122,64,3197,0,1,0,0,0.0,0.0
123,1,2776,0,1,1,0,1.0,1.0
123,2,3461,0,0,0,0,0.0,0.0
123,3,2325,0,1,1,0,1.0,1.0
123,4,2760,0,1,1,0,1.0,1.0
123,5,1440,0,1,1,0,1.0,1.0
123,6,2003,0,1,1,0,1.0,1.0
123,7,1273,0,1,1,0,1.0,1.0
123,8,2061,0,1,1,0,1.0,1.0
123,9,2860,0,0,0,0,0.0,0.0
123,10,2747,0,0,0,0,0.0,0.0
123,11,3111,0,0,0,0,0.0,0.0
123,12,2670,0,0,0,0,0.0,0.0
123,13,3499,0,1,1,0,1.0,1.0
123,14,3337,0,1,1,0,1.0,1.0
123,15,3225,0,1,1,0,1.0,1.0
123,16,3521,1,0,0,0,0.0,0.0
123,17,3163,0,0,0,0,0.0,0.0
123,18,3260,0,0,0,0,0.0,0.0
123,19,2874,0,0,0,0,0.0,0.0
123,20,3314,0,0,0,0,0.0,0.0
123,21,3743,1,0,0,0,0.0,0.0
123,22,3735,1,0,0,0,0.0,0.0
123,23,3410,0,0,0,0,0.0,0.0
123,24,3892,1,0,0,0,0.0,0.0
123,25,3112,0,0,0,0,0.0,0.0
123,26,3508,1,1,0,0,0.0,0.0
123,27,3201,0,1,1,0,1.0,1.0
123,28,3222,0,1,1,0,1.0,1.0
123,29,3828,1,0,0,0,0.0,0.0
123,30,3675,1,0,0,0,0.0,0.0
123,31,3630,1,0,0,0,0.0,0.0
123,32,3222,0,1,1,0,1.0,1.0
123,33,1777,0,1,1,0,1.0,1.0
123,34,2421,0,0,0,0,0.0,0.0
123,35,2513,0,0,0,0,0.0,0.0
123,36,2435,0,0,0,0,0.0,0.0
123,37,3858,1,1,1,0,1.0,1.0
123,38,3069,0,1,1,0,1.0,1.0
123,39,3464,0,1,1,0,1.0,1.0
123,40,2744,0,1,1,0,1.0,1.0
123,41,3780,1,0,0,0,0.0,0.0
123,42,3813,1,0,0,0,0.0,0.0
123,43,3115,0,1,1,0,1.0,1.0
123,44,2684,0,1,1,0,1.0,1.0
123,45,3387,0,0,0,0,0.0,0.0
123,46,3495,0,0,0,0,0.0,0.0
123,47,3409,0,1,0,0,0.0,0.0
123,48,3413,0,0,0,0,0.0,0.0
123,49,3329,0,1,0,0,0.0,0.0
123,50,3542,1,0,0,0,0.0,0.0
123,51,3443,0,1,1,0,1.0,1.0
123,52,3713,1,0,0,0,0.0,0.0
123,53,3016,0,0,0,0,0.0,0.0
123,54,3112,0,0,0,0,0.0,0.0
123,55,3182,0,0,0,0,0.0,0.0
123,56,3085,0,1,1,0,1.0,1.0
123,57,2290,0,1,1,0,1.0,1.0
123,58,1591,0,1,1,0,1.0,1.0
123,59,1783,0,1,1,0,1.0,1.0
123,60,2470,0,1,1,0,1.0,1.0
123,61,1603,0,1,1,0,1.0,1.0
123,62,1875,0,1,1,0,1.0,1.0
123,63,1657,0,1,1,0,1.0,1.0
123,64,1719,0,1,1,0,1.0,1.0
124,1,3140,0,1,1,0,0.0,0.0
124,2,3913,1,0,0,0,0.0,0.0
124,3,3577,1,1,0,0,0.0,0.0
124,4,3685,1,1,0,0,0.0,0.0
124,5,2648,0,1,1,0,1.0,1.0
124,6,2557,0,1,1,0,1.0,1.0
124,7,2503,0,1,1,0,1.0,1.0
124,8,2715,0,1,1,0,1.0,1.0
124,9,2666,0,1,1,0,1.0,1.0
124,10,1938,0,1,1,0,1.0,1.0
124,11,2296,0,1,1,0,1.0,1.0
124,12,2553,0,1,1,0,1.0,1.0
124,13,3542,1,1,0,0,0.0,0.0
124,14,2013,0,1,1,0,1.0,1.0
124,15,2704,0,1,1,0,1.0,1.0
124,16,2560,0,1,1,0,1.0,1.0
124,17,3055,0,0,0,0,0.0,0.0
124,18,2922,0,0,0,0,0.0,0.0
124,19,3003,0,0,0,0,0.0,0.0
124,20,2952,0,0,0,0,0.0,0.0
124,21,3121,0,1,1,0,1.0,1.0
124,22,3389,0,0,0,0,0.0,0.0
124,23,3248,0,0,0,0,0.0,0.0
124,24,3115,0,1,1,0,1.0,1.0
124,25,3758,1,0,0,0,0.0,0.0
124,26,3651,1,1,0,0,0.0,0.0
124,27,3769,1,0,0,0,0.0,0.0
124,28,3831,1,0,0,0,0.0,0.0
124,29,2852,0,1,1,0,1.0,1.0
124,30,3326,0,1,1,0,1.0,1.0
124,31,3328,0,1,0,0,0.0,0.0
124,32,2101,0,1,1,0,1.0,1.0
124,33,3564,1,0,0,0,0.0,0.0
124,34,2960,0,1,1,0,1.0,1.0
124,35,3779,1,1,1,0,1.0,1.0
124,36,3385,0,1,0,0,0.0,0.0
124,37,1945,0,1,1,0,1.0,1.0
124,38,2390,0,1,1,0,1.0,1.0
124,39,1900,0,1,1,0,1.0,1.0
124,40,2809,0,1,1,0,1.0,1.0
124,41,2391,0,0,0,0,0.0,0.0
124,42,2509,0,0,0,0,0.0,0.0
124,43,2431,0,0,0,0,0.0,0.0
124,44,2882,0,0,0,0,0.0,0.0
124,45,3123,0,1,0,0,0.0,0.0
124,46,3140,0,0,0,0,0.0,0.0
124,47,3534,1,0,0,0,0.0,0.0
124,48,2809,0,1,1,0,1.0,1.0
124,49,2038,0,1,1,0,1.0,1.0
124,50,2169,0,1,1,0,1.0,1.0
124,51,3552,1,1,0,0,0.0,0.0
124,52,2418,0,1,1,0,1.0,1.0
124,53,3833,1,0,0,0,0.0,0.0
124,54,3855,1,0,0,0,0.0,0.0
124,55,3858,1,0,0,0,0.0,0.0
124,56,3960,1,0,0,0,0.0,0.0
124,57,3919,1,0,0,0,0.0,0.0
124,58,4059,1,0,0,0,0.0,0.0
124,59,3599,1,1,1,0,1.0,1.0
124,60,3932,1,1,1,0,1.0,1.0
124,61,3941,1,0,0,0,0.0,0.0
124,62,3698,1,0,0,0,0.0,0.0
124,63,3846,1,0,0,0,0.0,0.0
124,64,3864,1,0,0,0,0.0,0.0
125,1,2962,0,0,0,0,0.0,0.0
125,2,3070,0,0,0,0,0.0,0.0
125,3,3051,0,0,0,0,0.0,0.0
125,4,3048,0,1,0,0,0.0,0.0
125,5,2956,0,0,0,0,0.0,0.0
125,6,3154,0,0,0,0,0.0,0.0
125,7,3075,0,0,0,0,0.0,0.0
125,8,3303,0,0,0,0,0.0,0.0
125,9,2695,0,1,0,0,0.0,0.0
125,10,2277,0,1,1,0,1.0,1.0
125,11,2478,0,1,1,0,1.0,1.0
125,12,2654,0,1,1,0,1.0,1.0
125,13,3765,1,0,0,0,0.0,0.0
125,14,3632,1,0,0,0,0.0,0.0
125,15,3721,1,0,0,0,0.0,0.0
125,16,3617,1,0,0,0,0.0,0.0
125,17,3391,0,0,0,0,0.0,0.0
125,18,3251,0,1,0,0,0.0,0.0
125,19,3534,1,0,0,0,0.0,0.0
125,20,3560,1,0,0,0,0.0,0.0
125,21,3637,1,1,1,0,1.0,1.0
125,22,3354,0,1,0,0,0.0,0.0
125,23,3760,1,1,0,0,0.0,0.0
125,24,3463,0,1,1,0,1.0,1.0
125,25,1877,0,1,1,0,1.0,1.0
125,26,1768,0,1,1,0,1.0,1.0
125,27,2001,0,1,1,0,1.0,1.0
125,28,2065,0,1,1,0,1.0,1.0
125,29,4237,1,1,1,0,1.0,1.0
125,30,4076,1,1,0,0,0.0,0.0
125,31,4107,1,0,0,0,0.0,0.0
125,32,3980,1,0,0,0,0.0,0.0
125,33,3318,0,1,0,0,0.0,0.0
125,34,3371,0,0,0,0,0.0,0.0
125,35,3248,0,0,0,0,0.0,0.0
125,36,3322,0,1,1,0,1.0,1.0
125,37,2905,0,0,0,0,0.0,0.0
125,38,3011,0,0,0,0,0.0,0.0
125,39,3073,0,0,0,0,0.0,0.0
125,40,2934,0,0,0,0,0.0,0.0
125,41,2916,0,1,1,0,1.0,1.0
125,42,3134,0,0,0,0,0.0,0.0
125,43,2929,0,1,1,0,1.0,1.0
125,44,2813,0,1,1,0,1.0,1.0
125,45,4031,1,0,0,0,0.0,0.0
125,46,3905,1,0,0,0,0.0,0.0
125,47,2193,0,1,1,0,1.0,1.0
125,48,4134,1,0,0,1,0.0,0.0
125,49,3325,0,1,1,0,1.0,1.0
125,50,3429,0,0,0,0,0.0,0.0
125,51,3136,0,1,0,0,0.0,0.0
125,52,3524,1,1,1,0,1.0,1.0
125,53,1703,0,1,1,0,1.0,1.0
125,54,1604,0,1,1,0,1.0,1.0
125,55,1623,0,1,1,0,1.0,1.0
125,56,1389,0,1,1,0,1.0,1.0
125,57,2443,0,1,1,0,1.0,1.0
125,58,2608,0,1,1,0,1.0,1.0
125,59,3086,0,0,0,0,0.0,0.0
125,60,3061,0,1,1,0,1.0,1.0
125,61,2940,0,1,1,0,0.0,0.0
125,62,2704,0,1,0,0,0.0,0.0
125,63,2991,0,0,0,0,0.0,0.0
125,64,2830,0,0,0,0,0.0,0.0
